division,candidate,party,votes
01-01,DREW MURRAY,REP,51
01-01,ISAIAH THOMAS,DEM,120
01-01,JIM HARRITY,DEM,66
01-01,JIM HASHER,REP,46
01-01,KATHERINE GILMORE RICHARDSON,DEM,104
01-01,KENDRA BROOKS,WFP,140
01-01,NICOLAS O'ROURKE,WFP,131
01-01,NINA AHMAD,DEM,105
01-01,RUE LANDAU,DEM,122
01-01,WRITE-IN,,1
01-02,DREW MURRAY,REP,38
01-02,ISAIAH THOMAS,DEM,185
01-02,JIM HARRITY,DEM,99
01-02,JIM HASHER,REP,35
01-02,KATHERINE GILMORE RICHARDSON,DEM,175
01-02,KENDRA BROOKS,WFP,168
01-02,NICOLAS O'ROURKE,WFP,159
01-02,NINA AHMAD,DEM,141
01-02,RUE LANDAU,DEM,196
01-02,WRITE-IN,,0
01-03,DREW MURRAY,REP,78
01-03,ISAIAH THOMAS,DEM,183
01-03,JIM HARRITY,DEM,115
01-03,JIM HASHER,REP,73
01-03,KATHERINE GILMORE RICHARDSON,DEM,184
01-03,KENDRA BROOKS,WFP,203
01-03,NICOLAS O'ROURKE,WFP,190
01-03,NINA AHMAD,DEM,178
01-03,RUE LANDAU,DEM,218
01-03,WRITE-IN,,3
01-04,DREW MURRAY,REP,60
01-04,ISAIAH THOMAS,DEM,153
01-04,JIM HARRITY,DEM,85
01-04,JIM HASHER,REP,57
01-04,KATHERINE GILMORE RICHARDSON,DEM,144
01-04,KENDRA BROOKS,WFP,134
01-04,NICOLAS O'ROURKE,WFP,124
01-04,NINA AHMAD,DEM,138
01-04,RUE LANDAU,DEM,170
01-04,WRITE-IN,,4
01-05,DREW MURRAY,REP,16
01-05,ISAIAH THOMAS,DEM,78
01-05,JIM HARRITY,DEM,53
01-05,JIM HASHER,REP,14
01-05,KATHERINE GILMORE RICHARDSON,DEM,85
01-05,KENDRA BROOKS,WFP,76
01-05,NICOLAS O'ROURKE,WFP,69
01-05,NINA AHMAD,DEM,66
01-05,RUE LANDAU,DEM,95
01-05,WRITE-IN,,0
01-06,DREW MURRAY,REP,25
01-06,ISAIAH THOMAS,DEM,106
01-06,JIM HARRITY,DEM,75
01-06,JIM HASHER,REP,24
01-06,KATHERINE GILMORE RICHARDSON,DEM,101
01-06,KENDRA BROOKS,WFP,100
01-06,NICOLAS O'ROURKE,WFP,88
01-06,NINA AHMAD,DEM,97
01-06,RUE LANDAU,DEM,118
01-06,WRITE-IN,,2
01-07,DREW MURRAY,REP,16
01-07,ISAIAH THOMAS,DEM,112
01-07,JIM HARRITY,DEM,60
01-07,JIM HASHER,REP,17
01-07,KATHERINE GILMORE RICHARDSON,DEM,100
01-07,KENDRA BROOKS,WFP,82
01-07,NICOLAS O'ROURKE,WFP,72
01-07,NINA AHMAD,DEM,91
01-07,RUE LANDAU,DEM,109
01-07,WRITE-IN,,3
01-08,DREW MURRAY,REP,30
01-08,ISAIAH THOMAS,DEM,124
01-08,JIM HARRITY,DEM,67
01-08,JIM HASHER,REP,33
01-08,KATHERINE GILMORE RICHARDSON,DEM,138
01-08,KENDRA BROOKS,WFP,122
01-08,NICOLAS O'ROURKE,WFP,109
01-08,NINA AHMAD,DEM,110
01-08,RUE LANDAU,DEM,131
01-08,WRITE-IN,,1
01-09,DREW MURRAY,REP,43
01-09,ISAIAH THOMAS,DEM,124
01-09,JIM HARRITY,DEM,83
01-09,JIM HASHER,REP,43
01-09,KATHERINE GILMORE RICHARDSON,DEM,129
01-09,KENDRA BROOKS,WFP,107
01-09,NICOLAS O'ROURKE,WFP,98
01-09,NINA AHMAD,DEM,119
01-09,RUE LANDAU,DEM,140
01-09,WRITE-IN,,0
01-10,DREW MURRAY,REP,30
01-10,ISAIAH THOMAS,DEM,156
01-10,JIM HARRITY,DEM,99
01-10,JIM HASHER,REP,29
01-10,KATHERINE GILMORE RICHARDSON,DEM,162
01-10,KENDRA BROOKS,WFP,142
01-10,NICOLAS O'ROURKE,WFP,135
01-10,NINA AHMAD,DEM,141
01-10,RUE LANDAU,DEM,177
01-10,WRITE-IN,,1
01-11,DREW MURRAY,REP,66
01-11,ISAIAH THOMAS,DEM,205
01-11,JIM HARRITY,DEM,120
01-11,JIM HASHER,REP,59
01-11,KATHERINE GILMORE RICHARDSON,DEM,218
01-11,KENDRA BROOKS,WFP,187
01-11,NICOLAS O'ROURKE,WFP,162
01-11,NINA AHMAD,DEM,191
01-11,RUE LANDAU,DEM,240
01-11,WRITE-IN,,0
01-12,DREW MURRAY,REP,24
01-12,ISAIAH THOMAS,DEM,85
01-12,JIM HARRITY,DEM,44
01-12,JIM HASHER,REP,22
01-12,KATHERINE GILMORE RICHARDSON,DEM,88
01-12,KENDRA BROOKS,WFP,89
01-12,NICOLAS O'ROURKE,WFP,79
01-12,NINA AHMAD,DEM,92
01-12,RUE LANDAU,DEM,96
01-12,WRITE-IN,,0
01-13,DREW MURRAY,REP,59
01-13,ISAIAH THOMAS,DEM,186
01-13,JIM HARRITY,DEM,127
01-13,JIM HASHER,REP,49
01-13,KATHERINE GILMORE RICHARDSON,DEM,188
01-13,KENDRA BROOKS,WFP,170
01-13,NICOLAS O'ROURKE,WFP,152
01-13,NINA AHMAD,DEM,172
01-13,RUE LANDAU,DEM,179
01-13,WRITE-IN,,0
01-14,DREW MURRAY,REP,21
01-14,ISAIAH THOMAS,DEM,141
01-14,JIM HARRITY,DEM,70
01-14,JIM HASHER,REP,22
01-14,KATHERINE GILMORE RICHARDSON,DEM,122
01-14,KENDRA BROOKS,WFP,133
01-14,NICOLAS O'ROURKE,WFP,123
01-14,NINA AHMAD,DEM,102
01-14,RUE LANDAU,DEM,155
01-14,WRITE-IN,,0
01-15,DREW MURRAY,REP,66
01-15,ISAIAH THOMAS,DEM,220
01-15,JIM HARRITY,DEM,130
01-15,JIM HASHER,REP,60
01-15,KATHERINE GILMORE RICHARDSON,DEM,223
01-15,KENDRA BROOKS,WFP,172
01-15,NICOLAS O'ROURKE,WFP,155
01-15,NINA AHMAD,DEM,188
01-15,RUE LANDAU,DEM,231
01-15,WRITE-IN,,4
01-16,DREW MURRAY,REP,27
01-16,ISAIAH THOMAS,DEM,106
01-16,JIM HARRITY,DEM,57
01-16,JIM HASHER,REP,28
01-16,KATHERINE GILMORE RICHARDSON,DEM,98
01-16,KENDRA BROOKS,WFP,113
01-16,NICOLAS O'ROURKE,WFP,100
01-16,NINA AHMAD,DEM,100
01-16,RUE LANDAU,DEM,118
01-16,WRITE-IN,,2
01-17,DREW MURRAY,REP,90
01-17,ISAIAH THOMAS,DEM,156
01-17,JIM HARRITY,DEM,145
01-17,JIM HASHER,REP,87
01-17,KATHERINE GILMORE RICHARDSON,DEM,167
01-17,KENDRA BROOKS,WFP,77
01-17,NICOLAS O'ROURKE,WFP,69
01-17,NINA AHMAD,DEM,157
01-17,RUE LANDAU,DEM,172
01-17,WRITE-IN,,3
01-18,DREW MURRAY,REP,103
01-18,ISAIAH THOMAS,DEM,94
01-18,JIM HARRITY,DEM,129
01-18,JIM HASHER,REP,105
01-18,KATHERINE GILMORE RICHARDSON,DEM,109
01-18,KENDRA BROOKS,WFP,51
01-18,NICOLAS O'ROURKE,WFP,47
01-18,NINA AHMAD,DEM,83
01-18,RUE LANDAU,DEM,102
01-18,WRITE-IN,,3
01-19,DREW MURRAY,REP,111
01-19,ISAIAH THOMAS,DEM,115
01-19,JIM HARRITY,DEM,106
01-19,JIM HASHER,REP,105
01-19,KATHERINE GILMORE RICHARDSON,DEM,119
01-19,KENDRA BROOKS,WFP,75
01-19,NICOLAS O'ROURKE,WFP,63
01-19,NINA AHMAD,DEM,106
01-19,RUE LANDAU,DEM,121
01-19,WRITE-IN,,0
01-20,DREW MURRAY,REP,65
01-20,ISAIAH THOMAS,DEM,203
01-20,JIM HARRITY,DEM,148
01-20,JIM HASHER,REP,68
01-20,KATHERINE GILMORE RICHARDSON,DEM,208
01-20,KENDRA BROOKS,WFP,155
01-20,NICOLAS O'ROURKE,WFP,135
01-20,NINA AHMAD,DEM,188
01-20,RUE LANDAU,DEM,215
01-20,WRITE-IN,,0
01-21,DREW MURRAY,REP,92
01-21,ISAIAH THOMAS,DEM,149
01-21,JIM HARRITY,DEM,131
01-21,JIM HASHER,REP,95
01-21,KATHERINE GILMORE RICHARDSON,DEM,150
01-21,KENDRA BROOKS,WFP,92
01-21,NICOLAS O'ROURKE,WFP,98
01-21,NINA AHMAD,DEM,121
01-21,RUE LANDAU,DEM,151
01-21,WRITE-IN,,0
02-01,DREW MURRAY,REP,111
02-01,ISAIAH THOMAS,DEM,246
02-01,JIM HARRITY,DEM,192
02-01,JIM HASHER,REP,106
02-01,KATHERINE GILMORE RICHARDSON,DEM,265
02-01,KENDRA BROOKS,WFP,165
02-01,NICOLAS O'ROURKE,WFP,152
02-01,NINA AHMAD,DEM,239
02-01,RUE LANDAU,DEM,278
02-01,WRITE-IN,,1
02-02,DREW MURRAY,REP,39
02-02,ISAIAH THOMAS,DEM,125
02-02,JIM HARRITY,DEM,80
02-02,JIM HASHER,REP,39
02-02,KATHERINE GILMORE RICHARDSON,DEM,131
02-02,KENDRA BROOKS,WFP,93
02-02,NICOLAS O'ROURKE,WFP,92
02-02,NINA AHMAD,DEM,122
02-02,RUE LANDAU,DEM,123
02-02,WRITE-IN,,3
02-03,DREW MURRAY,REP,31
02-03,ISAIAH THOMAS,DEM,124
02-03,JIM HARRITY,DEM,75
02-03,JIM HASHER,REP,24
02-03,KATHERINE GILMORE RICHARDSON,DEM,118
02-03,KENDRA BROOKS,WFP,86
02-03,NICOLAS O'ROURKE,WFP,74
02-03,NINA AHMAD,DEM,112
02-03,RUE LANDAU,DEM,129
02-03,WRITE-IN,,0
02-04,DREW MURRAY,REP,71
02-04,ISAIAH THOMAS,DEM,182
02-04,JIM HARRITY,DEM,125
02-04,JIM HASHER,REP,67
02-04,KATHERINE GILMORE RICHARDSON,DEM,193
02-04,KENDRA BROOKS,WFP,170
02-04,NICOLAS O'ROURKE,WFP,151
02-04,NINA AHMAD,DEM,188
02-04,RUE LANDAU,DEM,219
02-04,WRITE-IN,,6
02-05,DREW MURRAY,REP,33
02-05,ISAIAH THOMAS,DEM,161
02-05,JIM HARRITY,DEM,91
02-05,JIM HASHER,REP,27
02-05,KATHERINE GILMORE RICHARDSON,DEM,167
02-05,KENDRA BROOKS,WFP,127
02-05,NICOLAS O'ROURKE,WFP,118
02-05,NINA AHMAD,DEM,113
02-05,RUE LANDAU,DEM,171
02-05,WRITE-IN,,0
02-06,DREW MURRAY,REP,45
02-06,ISAIAH THOMAS,DEM,217
02-06,JIM HARRITY,DEM,117
02-06,JIM HASHER,REP,35
02-06,KATHERINE GILMORE RICHARDSON,DEM,224
02-06,KENDRA BROOKS,WFP,133
02-06,NICOLAS O'ROURKE,WFP,119
02-06,NINA AHMAD,DEM,164
02-06,RUE LANDAU,DEM,233
02-06,WRITE-IN,,0
02-07,DREW MURRAY,REP,71
02-07,ISAIAH THOMAS,DEM,260
02-07,JIM HARRITY,DEM,160
02-07,JIM HASHER,REP,59
02-07,KATHERINE GILMORE RICHARDSON,DEM,266
02-07,KENDRA BROOKS,WFP,219
02-07,NICOLAS O'ROURKE,WFP,190
02-07,NINA AHMAD,DEM,224
02-07,RUE LANDAU,DEM,275
02-07,WRITE-IN,,0
02-08,DREW MURRAY,REP,33
02-08,ISAIAH THOMAS,DEM,158
02-08,JIM HARRITY,DEM,91
02-08,JIM HASHER,REP,35
02-08,KATHERINE GILMORE RICHARDSON,DEM,157
02-08,KENDRA BROOKS,WFP,131
02-08,NICOLAS O'ROURKE,WFP,122
02-08,NINA AHMAD,DEM,137
02-08,RUE LANDAU,DEM,156
02-08,WRITE-IN,,0
02-09,DREW MURRAY,REP,30
02-09,ISAIAH THOMAS,DEM,194
02-09,JIM HARRITY,DEM,144
02-09,JIM HASHER,REP,30
02-09,KATHERINE GILMORE RICHARDSON,DEM,200
02-09,KENDRA BROOKS,WFP,98
02-09,NICOLAS O'ROURKE,WFP,75
02-09,NINA AHMAD,DEM,192
02-09,RUE LANDAU,DEM,220
02-09,WRITE-IN,,0
02-10,DREW MURRAY,REP,45
02-10,ISAIAH THOMAS,DEM,209
02-10,JIM HARRITY,DEM,99
02-10,JIM HASHER,REP,43
02-10,KATHERINE GILMORE RICHARDSON,DEM,211
02-10,KENDRA BROOKS,WFP,161
02-10,NICOLAS O'ROURKE,WFP,143
02-10,NINA AHMAD,DEM,141
02-10,RUE LANDAU,DEM,223
02-10,WRITE-IN,,0
02-11,DREW MURRAY,REP,77
02-11,ISAIAH THOMAS,DEM,188
02-11,JIM HARRITY,DEM,121
02-11,JIM HASHER,REP,68
02-11,KATHERINE GILMORE RICHARDSON,DEM,197
02-11,KENDRA BROOKS,WFP,132
02-11,NICOLAS O'ROURKE,WFP,122
02-11,NINA AHMAD,DEM,179
02-11,RUE LANDAU,DEM,214
02-11,WRITE-IN,,1
02-12,DREW MURRAY,REP,43
02-12,ISAIAH THOMAS,DEM,237
02-12,JIM HARRITY,DEM,134
02-12,JIM HASHER,REP,39
02-12,KATHERINE GILMORE RICHARDSON,DEM,230
02-12,KENDRA BROOKS,WFP,180
02-12,NICOLAS O'ROURKE,WFP,151
02-12,NINA AHMAD,DEM,205
02-12,RUE LANDAU,DEM,264
02-12,WRITE-IN,,0
02-13,DREW MURRAY,REP,11
02-13,ISAIAH THOMAS,DEM,76
02-13,JIM HARRITY,DEM,39
02-13,JIM HASHER,REP,13
02-13,KATHERINE GILMORE RICHARDSON,DEM,64
02-13,KENDRA BROOKS,WFP,53
02-13,NICOLAS O'ROURKE,WFP,44
02-13,NINA AHMAD,DEM,57
02-13,RUE LANDAU,DEM,64
02-13,WRITE-IN,,0
02-14,DREW MURRAY,REP,38
02-14,ISAIAH THOMAS,DEM,178
02-14,JIM HARRITY,DEM,114
02-14,JIM HASHER,REP,42
02-14,KATHERINE GILMORE RICHARDSON,DEM,175
02-14,KENDRA BROOKS,WFP,93
02-14,NICOLAS O'ROURKE,WFP,80
02-14,NINA AHMAD,DEM,142
02-14,RUE LANDAU,DEM,177
02-14,WRITE-IN,,0
02-15,DREW MURRAY,REP,38
02-15,ISAIAH THOMAS,DEM,222
02-15,JIM HARRITY,DEM,169
02-15,JIM HASHER,REP,39
02-15,KATHERINE GILMORE RICHARDSON,DEM,217
02-15,KENDRA BROOKS,WFP,100
02-15,NICOLAS O'ROURKE,WFP,85
02-15,NINA AHMAD,DEM,195
02-15,RUE LANDAU,DEM,220
02-15,WRITE-IN,,1
02-16,DREW MURRAY,REP,61
02-16,ISAIAH THOMAS,DEM,257
02-16,JIM HARRITY,DEM,165
02-16,JIM HASHER,REP,41
02-16,KATHERINE GILMORE RICHARDSON,DEM,254
02-16,KENDRA BROOKS,WFP,170
02-16,NICOLAS O'ROURKE,WFP,145
02-16,NINA AHMAD,DEM,242
02-16,RUE LANDAU,DEM,301
02-16,WRITE-IN,,0
02-17,DREW MURRAY,REP,58
02-17,ISAIAH THOMAS,DEM,226
02-17,JIM HARRITY,DEM,110
02-17,JIM HASHER,REP,45
02-17,KATHERINE GILMORE RICHARDSON,DEM,197
02-17,KENDRA BROOKS,WFP,192
02-17,NICOLAS O'ROURKE,WFP,176
02-17,NINA AHMAD,DEM,178
02-17,RUE LANDAU,DEM,256
02-17,WRITE-IN,,6
02-18,DREW MURRAY,REP,49
02-18,ISAIAH THOMAS,DEM,204
02-18,JIM HARRITY,DEM,96
02-18,JIM HASHER,REP,36
02-18,KATHERINE GILMORE RICHARDSON,DEM,196
02-18,KENDRA BROOKS,WFP,183
02-18,NICOLAS O'ROURKE,WFP,164
02-18,NINA AHMAD,DEM,165
02-18,RUE LANDAU,DEM,253
02-18,WRITE-IN,,0
02-19,DREW MURRAY,REP,35
02-19,ISAIAH THOMAS,DEM,181
02-19,JIM HARRITY,DEM,110
02-19,JIM HASHER,REP,32
02-19,KATHERINE GILMORE RICHARDSON,DEM,162
02-19,KENDRA BROOKS,WFP,138
02-19,NICOLAS O'ROURKE,WFP,128
02-19,NINA AHMAD,DEM,160
02-19,RUE LANDAU,DEM,191
02-19,WRITE-IN,,1
02-20,DREW MURRAY,REP,30
02-20,ISAIAH THOMAS,DEM,109
02-20,JIM HARRITY,DEM,89
02-20,JIM HASHER,REP,26
02-20,KATHERINE GILMORE RICHARDSON,DEM,121
02-20,KENDRA BROOKS,WFP,58
02-20,NICOLAS O'ROURKE,WFP,46
02-20,NINA AHMAD,DEM,114
02-20,RUE LANDAU,DEM,108
02-20,WRITE-IN,,4
02-21,DREW MURRAY,REP,13
02-21,ISAIAH THOMAS,DEM,139
02-21,JIM HARRITY,DEM,103
02-21,JIM HASHER,REP,16
02-21,KATHERINE GILMORE RICHARDSON,DEM,137
02-21,KENDRA BROOKS,WFP,94
02-21,NICOLAS O'ROURKE,WFP,85
02-21,NINA AHMAD,DEM,131
02-21,RUE LANDAU,DEM,139
02-21,WRITE-IN,,1
02-22,DREW MURRAY,REP,61
02-22,ISAIAH THOMAS,DEM,306
02-22,JIM HARRITY,DEM,190
02-22,JIM HASHER,REP,46
02-22,KATHERINE GILMORE RICHARDSON,DEM,314
02-22,KENDRA BROOKS,WFP,185
02-22,NICOLAS O'ROURKE,WFP,164
02-22,NINA AHMAD,DEM,271
02-22,RUE LANDAU,DEM,343
02-22,WRITE-IN,,1
02-23,DREW MURRAY,REP,55
02-23,ISAIAH THOMAS,DEM,275
02-23,JIM HARRITY,DEM,177
02-23,JIM HASHER,REP,52
02-23,KATHERINE GILMORE RICHARDSON,DEM,278
02-23,KENDRA BROOKS,WFP,175
02-23,NICOLAS O'ROURKE,WFP,150
02-23,NINA AHMAD,DEM,241
02-23,RUE LANDAU,DEM,326
02-23,WRITE-IN,,3
02-24,DREW MURRAY,REP,83
02-24,ISAIAH THOMAS,DEM,246
02-24,JIM HARRITY,DEM,178
02-24,JIM HASHER,REP,70
02-24,KATHERINE GILMORE RICHARDSON,DEM,245
02-24,KENDRA BROOKS,WFP,141
02-24,NICOLAS O'ROURKE,WFP,122
02-24,NINA AHMAD,DEM,217
02-24,RUE LANDAU,DEM,307
02-24,WRITE-IN,,0
02-25,DREW MURRAY,REP,35
02-25,ISAIAH THOMAS,DEM,176
02-25,JIM HARRITY,DEM,117
02-25,JIM HASHER,REP,28
02-25,KATHERINE GILMORE RICHARDSON,DEM,176
02-25,KENDRA BROOKS,WFP,113
02-25,NICOLAS O'ROURKE,WFP,102
02-25,NINA AHMAD,DEM,157
02-25,RUE LANDAU,DEM,190
02-25,WRITE-IN,,1
02-26,DREW MURRAY,REP,43
02-26,ISAIAH THOMAS,DEM,196
02-26,JIM HARRITY,DEM,144
02-26,JIM HASHER,REP,34
02-26,KATHERINE GILMORE RICHARDSON,DEM,191
02-26,KENDRA BROOKS,WFP,128
02-26,NICOLAS O'ROURKE,WFP,107
02-26,NINA AHMAD,DEM,169
02-26,RUE LANDAU,DEM,206
02-26,WRITE-IN,,1
02-27,DREW MURRAY,REP,98
02-27,ISAIAH THOMAS,DEM,221
02-27,JIM HARRITY,DEM,152
02-27,JIM HASHER,REP,90
02-27,KATHERINE GILMORE RICHARDSON,DEM,229
02-27,KENDRA BROOKS,WFP,138
02-27,NICOLAS O'ROURKE,WFP,107
02-27,NINA AHMAD,DEM,230
02-27,RUE LANDAU,DEM,252
02-27,WRITE-IN,,0
02-28,DREW MURRAY,REP,112
02-28,ISAIAH THOMAS,DEM,219
02-28,JIM HARRITY,DEM,184
02-28,JIM HASHER,REP,110
02-28,KATHERINE GILMORE RICHARDSON,DEM,218
02-28,KENDRA BROOKS,WFP,58
02-28,NICOLAS O'ROURKE,WFP,54
02-28,NINA AHMAD,DEM,213
02-28,RUE LANDAU,DEM,230
02-28,WRITE-IN,,1
02-29,DREW MURRAY,REP,89
02-29,ISAIAH THOMAS,DEM,271
02-29,JIM HARRITY,DEM,165
02-29,JIM HASHER,REP,76
02-29,KATHERINE GILMORE RICHARDSON,DEM,274
02-29,KENDRA BROOKS,WFP,162
02-29,NICOLAS O'ROURKE,WFP,141
02-29,NINA AHMAD,DEM,219
02-29,RUE LANDAU,DEM,297
02-29,WRITE-IN,,0
03-01,DREW MURRAY,REP,6
03-01,ISAIAH THOMAS,DEM,115
03-01,JIM HARRITY,DEM,80
03-01,JIM HASHER,REP,8
03-01,KATHERINE GILMORE RICHARDSON,DEM,90
03-01,KENDRA BROOKS,WFP,38
03-01,NICOLAS O'ROURKE,WFP,28
03-01,NINA AHMAD,DEM,101
03-01,RUE LANDAU,DEM,85
03-01,WRITE-IN,,0
03-02,DREW MURRAY,REP,4
03-02,ISAIAH THOMAS,DEM,117
03-02,JIM HARRITY,DEM,85
03-02,JIM HASHER,REP,4
03-02,KATHERINE GILMORE RICHARDSON,DEM,104
03-02,KENDRA BROOKS,WFP,16
03-02,NICOLAS O'ROURKE,WFP,9
03-02,NINA AHMAD,DEM,100
03-02,RUE LANDAU,DEM,93
03-02,WRITE-IN,,0
03-03,DREW MURRAY,REP,4
03-03,ISAIAH THOMAS,DEM,162
03-03,JIM HARRITY,DEM,106
03-03,JIM HASHER,REP,6
03-03,KATHERINE GILMORE RICHARDSON,DEM,134
03-03,KENDRA BROOKS,WFP,38
03-03,NICOLAS O'ROURKE,WFP,24
03-03,NINA AHMAD,DEM,132
03-03,RUE LANDAU,DEM,107
03-03,WRITE-IN,,0
03-04,DREW MURRAY,REP,16
03-04,ISAIAH THOMAS,DEM,205
03-04,JIM HARRITY,DEM,156
03-04,JIM HASHER,REP,11
03-04,KATHERINE GILMORE RICHARDSON,DEM,175
03-04,KENDRA BROOKS,WFP,52
03-04,NICOLAS O'ROURKE,WFP,31
03-04,NINA AHMAD,DEM,177
03-04,RUE LANDAU,DEM,159
03-04,WRITE-IN,,0
03-05,DREW MURRAY,REP,6
03-05,ISAIAH THOMAS,DEM,93
03-05,JIM HARRITY,DEM,73
03-05,JIM HASHER,REP,6
03-05,KATHERINE GILMORE RICHARDSON,DEM,82
03-05,KENDRA BROOKS,WFP,22
03-05,NICOLAS O'ROURKE,WFP,13
03-05,NINA AHMAD,DEM,86
03-05,RUE LANDAU,DEM,72
03-05,WRITE-IN,,0
03-06,DREW MURRAY,REP,4
03-06,ISAIAH THOMAS,DEM,116
03-06,JIM HARRITY,DEM,96
03-06,JIM HASHER,REP,5
03-06,KATHERINE GILMORE RICHARDSON,DEM,103
03-06,KENDRA BROOKS,WFP,24
03-06,NICOLAS O'ROURKE,WFP,16
03-06,NINA AHMAD,DEM,112
03-06,RUE LANDAU,DEM,89
03-06,WRITE-IN,,0
03-07,DREW MURRAY,REP,4
03-07,ISAIAH THOMAS,DEM,117
03-07,JIM HARRITY,DEM,94
03-07,JIM HASHER,REP,5
03-07,KATHERINE GILMORE RICHARDSON,DEM,99
03-07,KENDRA BROOKS,WFP,21
03-07,NICOLAS O'ROURKE,WFP,15
03-07,NINA AHMAD,DEM,112
03-07,RUE LANDAU,DEM,87
03-07,WRITE-IN,,0
03-08,DREW MURRAY,REP,7
03-08,ISAIAH THOMAS,DEM,130
03-08,JIM HARRITY,DEM,108
03-08,JIM HASHER,REP,7
03-08,KATHERINE GILMORE RICHARDSON,DEM,119
03-08,KENDRA BROOKS,WFP,24
03-08,NICOLAS O'ROURKE,WFP,15
03-08,NINA AHMAD,DEM,126
03-08,RUE LANDAU,DEM,107
03-08,WRITE-IN,,0
03-09,DREW MURRAY,REP,14
03-09,ISAIAH THOMAS,DEM,167
03-09,JIM HARRITY,DEM,116
03-09,JIM HASHER,REP,14
03-09,KATHERINE GILMORE RICHARDSON,DEM,149
03-09,KENDRA BROOKS,WFP,56
03-09,NICOLAS O'ROURKE,WFP,44
03-09,NINA AHMAD,DEM,150
03-09,RUE LANDAU,DEM,117
03-09,WRITE-IN,,0
03-10,DREW MURRAY,REP,10
03-10,ISAIAH THOMAS,DEM,151
03-10,JIM HARRITY,DEM,120
03-10,JIM HASHER,REP,7
03-10,KATHERINE GILMORE RICHARDSON,DEM,130
03-10,KENDRA BROOKS,WFP,25
03-10,NICOLAS O'ROURKE,WFP,14
03-10,NINA AHMAD,DEM,136
03-10,RUE LANDAU,DEM,111
03-10,WRITE-IN,,0
03-11,DREW MURRAY,REP,8
03-11,ISAIAH THOMAS,DEM,182
03-11,JIM HARRITY,DEM,143
03-11,JIM HASHER,REP,7
03-11,KATHERINE GILMORE RICHARDSON,DEM,171
03-11,KENDRA BROOKS,WFP,63
03-11,NICOLAS O'ROURKE,WFP,51
03-11,NINA AHMAD,DEM,165
03-11,RUE LANDAU,DEM,135
03-11,WRITE-IN,,2
03-12,DREW MURRAY,REP,5
03-12,ISAIAH THOMAS,DEM,133
03-12,JIM HARRITY,DEM,89
03-12,JIM HASHER,REP,7
03-12,KATHERINE GILMORE RICHARDSON,DEM,113
03-12,KENDRA BROOKS,WFP,51
03-12,NICOLAS O'ROURKE,WFP,39
03-12,NINA AHMAD,DEM,119
03-12,RUE LANDAU,DEM,89
03-12,WRITE-IN,,0
03-13,DREW MURRAY,REP,4
03-13,ISAIAH THOMAS,DEM,98
03-13,JIM HARRITY,DEM,72
03-13,JIM HASHER,REP,4
03-13,KATHERINE GILMORE RICHARDSON,DEM,84
03-13,KENDRA BROOKS,WFP,52
03-13,NICOLAS O'ROURKE,WFP,42
03-13,NINA AHMAD,DEM,89
03-13,RUE LANDAU,DEM,74
03-13,WRITE-IN,,2
03-14,DREW MURRAY,REP,3
03-14,ISAIAH THOMAS,DEM,128
03-14,JIM HARRITY,DEM,102
03-14,JIM HASHER,REP,4
03-14,KATHERINE GILMORE RICHARDSON,DEM,121
03-14,KENDRA BROOKS,WFP,75
03-14,NICOLAS O'ROURKE,WFP,62
03-14,NINA AHMAD,DEM,128
03-14,RUE LANDAU,DEM,107
03-14,WRITE-IN,,0
03-15,DREW MURRAY,REP,6
03-15,ISAIAH THOMAS,DEM,143
03-15,JIM HARRITY,DEM,100
03-15,JIM HASHER,REP,4
03-15,KATHERINE GILMORE RICHARDSON,DEM,125
03-15,KENDRA BROOKS,WFP,66
03-15,NICOLAS O'ROURKE,WFP,54
03-15,NINA AHMAD,DEM,132
03-15,RUE LANDAU,DEM,106
03-15,WRITE-IN,,0
03-16,DREW MURRAY,REP,9
03-16,ISAIAH THOMAS,DEM,142
03-16,JIM HARRITY,DEM,99
03-16,JIM HASHER,REP,9
03-16,KATHERINE GILMORE RICHARDSON,DEM,120
03-16,KENDRA BROOKS,WFP,58
03-16,NICOLAS O'ROURKE,WFP,44
03-16,NINA AHMAD,DEM,121
03-16,RUE LANDAU,DEM,100
03-16,WRITE-IN,,0
03-17,DREW MURRAY,REP,6
03-17,ISAIAH THOMAS,DEM,169
03-17,JIM HARRITY,DEM,117
03-17,JIM HASHER,REP,8
03-17,KATHERINE GILMORE RICHARDSON,DEM,144
03-17,KENDRA BROOKS,WFP,85
03-17,NICOLAS O'ROURKE,WFP,69
03-17,NINA AHMAD,DEM,155
03-17,RUE LANDAU,DEM,122
03-17,WRITE-IN,,0
03-18,DREW MURRAY,REP,10
03-18,ISAIAH THOMAS,DEM,162
03-18,JIM HARRITY,DEM,117
03-18,JIM HASHER,REP,10
03-18,KATHERINE GILMORE RICHARDSON,DEM,147
03-18,KENDRA BROOKS,WFP,68
03-18,NICOLAS O'ROURKE,WFP,60
03-18,NINA AHMAD,DEM,149
03-18,RUE LANDAU,DEM,132
03-18,WRITE-IN,,5
03-19,DREW MURRAY,REP,4
03-19,ISAIAH THOMAS,DEM,151
03-19,JIM HARRITY,DEM,111
03-19,JIM HASHER,REP,5
03-19,KATHERINE GILMORE RICHARDSON,DEM,134
03-19,KENDRA BROOKS,WFP,38
03-19,NICOLAS O'ROURKE,WFP,28
03-19,NINA AHMAD,DEM,137
03-19,RUE LANDAU,DEM,103
03-19,WRITE-IN,,0
03-20,DREW MURRAY,REP,8
03-20,ISAIAH THOMAS,DEM,111
03-20,JIM HARRITY,DEM,93
03-20,JIM HASHER,REP,6
03-20,KATHERINE GILMORE RICHARDSON,DEM,105
03-20,KENDRA BROOKS,WFP,33
03-20,NICOLAS O'ROURKE,WFP,22
03-20,NINA AHMAD,DEM,116
03-20,RUE LANDAU,DEM,94
03-20,WRITE-IN,,0
03-21,DREW MURRAY,REP,1
03-21,ISAIAH THOMAS,DEM,79
03-21,JIM HARRITY,DEM,65
03-21,JIM HASHER,REP,1
03-21,KATHERINE GILMORE RICHARDSON,DEM,67
03-21,KENDRA BROOKS,WFP,18
03-21,NICOLAS O'ROURKE,WFP,11
03-21,NINA AHMAD,DEM,72
03-21,RUE LANDAU,DEM,63
03-21,WRITE-IN,,0
03-22,DREW MURRAY,REP,4
03-22,ISAIAH THOMAS,DEM,113
03-22,JIM HARRITY,DEM,86
03-22,JIM HASHER,REP,4
03-22,KATHERINE GILMORE RICHARDSON,DEM,97
03-22,KENDRA BROOKS,WFP,46
03-22,NICOLAS O'ROURKE,WFP,35
03-22,NINA AHMAD,DEM,77
03-22,RUE LANDAU,DEM,66
03-22,WRITE-IN,,0
04-01,DREW MURRAY,REP,5
04-01,ISAIAH THOMAS,DEM,100
04-01,JIM HARRITY,DEM,75
04-01,JIM HASHER,REP,6
04-01,KATHERINE GILMORE RICHARDSON,DEM,93
04-01,KENDRA BROOKS,WFP,36
04-01,NICOLAS O'ROURKE,WFP,28
04-01,NINA AHMAD,DEM,97
04-01,RUE LANDAU,DEM,81
04-01,WRITE-IN,,0
04-02,DREW MURRAY,REP,5
04-02,ISAIAH THOMAS,DEM,142
04-02,JIM HARRITY,DEM,105
04-02,JIM HASHER,REP,5
04-02,KATHERINE GILMORE RICHARDSON,DEM,130
04-02,KENDRA BROOKS,WFP,29
04-02,NICOLAS O'ROURKE,WFP,23
04-02,NINA AHMAD,DEM,127
04-02,RUE LANDAU,DEM,106
04-02,WRITE-IN,,0
04-03,DREW MURRAY,REP,10
04-03,ISAIAH THOMAS,DEM,128
04-03,JIM HARRITY,DEM,85
04-03,JIM HASHER,REP,12
04-03,KATHERINE GILMORE RICHARDSON,DEM,113
04-03,KENDRA BROOKS,WFP,30
04-03,NICOLAS O'ROURKE,WFP,25
04-03,NINA AHMAD,DEM,116
04-03,RUE LANDAU,DEM,87
04-03,WRITE-IN,,3
04-04,DREW MURRAY,REP,3
04-04,ISAIAH THOMAS,DEM,76
04-04,JIM HARRITY,DEM,54
04-04,JIM HASHER,REP,3
04-04,KATHERINE GILMORE RICHARDSON,DEM,71
04-04,KENDRA BROOKS,WFP,34
04-04,NICOLAS O'ROURKE,WFP,24
04-04,NINA AHMAD,DEM,75
04-04,RUE LANDAU,DEM,54
04-04,WRITE-IN,,1
04-05,DREW MURRAY,REP,6
04-05,ISAIAH THOMAS,DEM,137
04-05,JIM HARRITY,DEM,96
04-05,JIM HASHER,REP,5
04-05,KATHERINE GILMORE RICHARDSON,DEM,113
04-05,KENDRA BROOKS,WFP,36
04-05,NICOLAS O'ROURKE,WFP,21
04-05,NINA AHMAD,DEM,128
04-05,RUE LANDAU,DEM,98
04-05,WRITE-IN,,0
04-06,DREW MURRAY,REP,6
04-06,ISAIAH THOMAS,DEM,118
04-06,JIM HARRITY,DEM,97
04-06,JIM HASHER,REP,4
04-06,KATHERINE GILMORE RICHARDSON,DEM,107
04-06,KENDRA BROOKS,WFP,29
04-06,NICOLAS O'ROURKE,WFP,23
04-06,NINA AHMAD,DEM,115
04-06,RUE LANDAU,DEM,95
04-06,WRITE-IN,,0
04-07,DREW MURRAY,REP,4
04-07,ISAIAH THOMAS,DEM,143
04-07,JIM HARRITY,DEM,108
04-07,JIM HASHER,REP,3
04-07,KATHERINE GILMORE RICHARDSON,DEM,122
04-07,KENDRA BROOKS,WFP,28
04-07,NICOLAS O'ROURKE,WFP,17
04-07,NINA AHMAD,DEM,122
04-07,RUE LANDAU,DEM,102
04-07,WRITE-IN,,0
04-08,DREW MURRAY,REP,5
04-08,ISAIAH THOMAS,DEM,129
04-08,JIM HARRITY,DEM,101
04-08,JIM HASHER,REP,1
04-08,KATHERINE GILMORE RICHARDSON,DEM,110
04-08,KENDRA BROOKS,WFP,21
04-08,NICOLAS O'ROURKE,WFP,14
04-08,NINA AHMAD,DEM,113
04-08,RUE LANDAU,DEM,95
04-08,WRITE-IN,,0
04-09,DREW MURRAY,REP,8
04-09,ISAIAH THOMAS,DEM,147
04-09,JIM HARRITY,DEM,106
04-09,JIM HASHER,REP,5
04-09,KATHERINE GILMORE RICHARDSON,DEM,123
04-09,KENDRA BROOKS,WFP,37
04-09,NICOLAS O'ROURKE,WFP,25
04-09,NINA AHMAD,DEM,136
04-09,RUE LANDAU,DEM,100
04-09,WRITE-IN,,0
04-10,DREW MURRAY,REP,4
04-10,ISAIAH THOMAS,DEM,134
04-10,JIM HARRITY,DEM,108
04-10,JIM HASHER,REP,5
04-10,KATHERINE GILMORE RICHARDSON,DEM,122
04-10,KENDRA BROOKS,WFP,41
04-10,NICOLAS O'ROURKE,WFP,37
04-10,NINA AHMAD,DEM,129
04-10,RUE LANDAU,DEM,111
04-10,WRITE-IN,,0
04-11,DREW MURRAY,REP,6
04-11,ISAIAH THOMAS,DEM,127
04-11,JIM HARRITY,DEM,82
04-11,JIM HASHER,REP,6
04-11,KATHERINE GILMORE RICHARDSON,DEM,112
04-11,KENDRA BROOKS,WFP,37
04-11,NICOLAS O'ROURKE,WFP,25
04-11,NINA AHMAD,DEM,112
04-11,RUE LANDAU,DEM,79
04-11,WRITE-IN,,0
04-12,DREW MURRAY,REP,4
04-12,ISAIAH THOMAS,DEM,89
04-12,JIM HARRITY,DEM,67
04-12,JIM HASHER,REP,4
04-12,KATHERINE GILMORE RICHARDSON,DEM,74
04-12,KENDRA BROOKS,WFP,28
04-12,NICOLAS O'ROURKE,WFP,21
04-12,NINA AHMAD,DEM,90
04-12,RUE LANDAU,DEM,68
04-12,WRITE-IN,,1
04-13,DREW MURRAY,REP,5
04-13,ISAIAH THOMAS,DEM,120
04-13,JIM HARRITY,DEM,88
04-13,JIM HASHER,REP,6
04-13,KATHERINE GILMORE RICHARDSON,DEM,99
04-13,KENDRA BROOKS,WFP,34
04-13,NICOLAS O'ROURKE,WFP,24
04-13,NINA AHMAD,DEM,107
04-13,RUE LANDAU,DEM,80
04-13,WRITE-IN,,0
04-14,DREW MURRAY,REP,6
04-14,ISAIAH THOMAS,DEM,111
04-14,JIM HARRITY,DEM,85
04-14,JIM HASHER,REP,6
04-14,KATHERINE GILMORE RICHARDSON,DEM,93
04-14,KENDRA BROOKS,WFP,28
04-14,NICOLAS O'ROURKE,WFP,10
04-14,NINA AHMAD,DEM,97
04-14,RUE LANDAU,DEM,82
04-14,WRITE-IN,,0
04-15,DREW MURRAY,REP,10
04-15,ISAIAH THOMAS,DEM,141
04-15,JIM HARRITY,DEM,91
04-15,JIM HASHER,REP,6
04-15,KATHERINE GILMORE RICHARDSON,DEM,129
04-15,KENDRA BROOKS,WFP,38
04-15,NICOLAS O'ROURKE,WFP,21
04-15,NINA AHMAD,DEM,128
04-15,RUE LANDAU,DEM,99
04-15,WRITE-IN,,0
04-16,DREW MURRAY,REP,7
04-16,ISAIAH THOMAS,DEM,128
04-16,JIM HARRITY,DEM,103
04-16,JIM HASHER,REP,2
04-16,KATHERINE GILMORE RICHARDSON,DEM,123
04-16,KENDRA BROOKS,WFP,32
04-16,NICOLAS O'ROURKE,WFP,22
04-16,NINA AHMAD,DEM,124
04-16,RUE LANDAU,DEM,106
04-16,WRITE-IN,,0
04-17,DREW MURRAY,REP,4
04-17,ISAIAH THOMAS,DEM,143
04-17,JIM HARRITY,DEM,113
04-17,JIM HASHER,REP,4
04-17,KATHERINE GILMORE RICHARDSON,DEM,120
04-17,KENDRA BROOKS,WFP,46
04-17,NICOLAS O'ROURKE,WFP,32
04-17,NINA AHMAD,DEM,132
04-17,RUE LANDAU,DEM,111
04-17,WRITE-IN,,0
04-18,DREW MURRAY,REP,4
04-18,ISAIAH THOMAS,DEM,138
04-18,JIM HARRITY,DEM,94
04-18,JIM HASHER,REP,5
04-18,KATHERINE GILMORE RICHARDSON,DEM,125
04-18,KENDRA BROOKS,WFP,43
04-18,NICOLAS O'ROURKE,WFP,30
04-18,NINA AHMAD,DEM,126
04-18,RUE LANDAU,DEM,95
04-18,WRITE-IN,,0
04-19,DREW MURRAY,REP,5
04-19,ISAIAH THOMAS,DEM,89
04-19,JIM HARRITY,DEM,66
04-19,JIM HASHER,REP,1
04-19,KATHERINE GILMORE RICHARDSON,DEM,76
04-19,KENDRA BROOKS,WFP,27
04-19,NICOLAS O'ROURKE,WFP,17
04-19,NINA AHMAD,DEM,83
04-19,RUE LANDAU,DEM,69
04-19,WRITE-IN,,0
04-20,DREW MURRAY,REP,7
04-20,ISAIAH THOMAS,DEM,102
04-20,JIM HARRITY,DEM,74
04-20,JIM HASHER,REP,6
04-20,KATHERINE GILMORE RICHARDSON,DEM,85
04-20,KENDRA BROOKS,WFP,22
04-20,NICOLAS O'ROURKE,WFP,14
04-20,NINA AHMAD,DEM,98
04-20,RUE LANDAU,DEM,79
04-20,WRITE-IN,,0
04-21,DREW MURRAY,REP,8
04-21,ISAIAH THOMAS,DEM,209
04-21,JIM HARRITY,DEM,151
04-21,JIM HASHER,REP,5
04-21,KATHERINE GILMORE RICHARDSON,DEM,178
04-21,KENDRA BROOKS,WFP,56
04-21,NICOLAS O'ROURKE,WFP,32
04-21,NINA AHMAD,DEM,181
04-21,RUE LANDAU,DEM,150
04-21,WRITE-IN,,0
05-01,DREW MURRAY,REP,117
05-01,ISAIAH THOMAS,DEM,253
05-01,JIM HARRITY,DEM,216
05-01,JIM HASHER,REP,88
05-01,KATHERINE GILMORE RICHARDSON,DEM,132
05-01,KENDRA BROOKS,WFP,122
05-01,NICOLAS O'ROURKE,WFP,108
05-01,NINA AHMAD,DEM,270
05-01,RUE LANDAU,DEM,279
05-01,WRITE-IN,,7
05-02,DREW MURRAY,REP,116
05-02,ISAIAH THOMAS,DEM,278
05-02,JIM HARRITY,DEM,214
05-02,JIM HASHER,REP,98
05-02,KATHERINE GILMORE RICHARDSON,DEM,290
05-02,KENDRA BROOKS,WFP,129
05-02,NICOLAS O'ROURKE,WFP,111
05-02,NINA AHMAD,DEM,284
05-02,RUE LANDAU,DEM,280
05-02,WRITE-IN,,7
05-03,DREW MURRAY,REP,137
05-03,ISAIAH THOMAS,DEM,365
05-03,JIM HARRITY,DEM,309
05-03,JIM HASHER,REP,104
05-03,KATHERINE GILMORE RICHARDSON,DEM,350
05-03,KENDRA BROOKS,WFP,111
05-03,NICOLAS O'ROURKE,WFP,100
05-03,NINA AHMAD,DEM,371
05-03,RUE LANDAU,DEM,391
05-03,WRITE-IN,,0
05-04,DREW MURRAY,REP,127
05-04,ISAIAH THOMAS,DEM,308
05-04,JIM HARRITY,DEM,228
05-04,JIM HASHER,REP,105
05-04,KATHERINE GILMORE RICHARDSON,DEM,338
05-04,KENDRA BROOKS,WFP,172
05-04,NICOLAS O'ROURKE,WFP,156
05-04,NINA AHMAD,DEM,293
05-04,RUE LANDAU,DEM,352
05-04,WRITE-IN,,8
05-05,DREW MURRAY,REP,71
05-05,ISAIAH THOMAS,DEM,234
05-05,JIM HARRITY,DEM,179
05-05,JIM HASHER,REP,65
05-05,KATHERINE GILMORE RICHARDSON,DEM,251
05-05,KENDRA BROOKS,WFP,140
05-05,NICOLAS O'ROURKE,WFP,126
05-05,NINA AHMAD,DEM,240
05-05,RUE LANDAU,DEM,262
05-05,WRITE-IN,,0
05-06,DREW MURRAY,REP,71
05-06,ISAIAH THOMAS,DEM,263
05-06,JIM HARRITY,DEM,190
05-06,JIM HASHER,REP,56
05-06,KATHERINE GILMORE RICHARDSON,DEM,285
05-06,KENDRA BROOKS,WFP,164
05-06,NICOLAS O'ROURKE,WFP,143
05-06,NINA AHMAD,DEM,252
05-06,RUE LANDAU,DEM,290
05-06,WRITE-IN,,1
05-07,DREW MURRAY,REP,40
05-07,ISAIAH THOMAS,DEM,225
05-07,JIM HARRITY,DEM,167
05-07,JIM HASHER,REP,33
05-07,KATHERINE GILMORE RICHARDSON,DEM,226
05-07,KENDRA BROOKS,WFP,105
05-07,NICOLAS O'ROURKE,WFP,93
05-07,NINA AHMAD,DEM,213
05-07,RUE LANDAU,DEM,234
05-07,WRITE-IN,,1
05-08,DREW MURRAY,REP,74
05-08,ISAIAH THOMAS,DEM,321
05-08,JIM HARRITY,DEM,255
05-08,JIM HASHER,REP,69
05-08,KATHERINE GILMORE RICHARDSON,DEM,324
05-08,KENDRA BROOKS,WFP,140
05-08,NICOLAS O'ROURKE,WFP,117
05-08,NINA AHMAD,DEM,312
05-08,RUE LANDAU,DEM,352
05-08,WRITE-IN,,3
05-09,DREW MURRAY,REP,97
05-09,ISAIAH THOMAS,DEM,280
05-09,JIM HARRITY,DEM,218
05-09,JIM HASHER,REP,73
05-09,KATHERINE GILMORE RICHARDSON,DEM,274
05-09,KENDRA BROOKS,WFP,150
05-09,NICOLAS O'ROURKE,WFP,119
05-09,NINA AHMAD,DEM,275
05-09,RUE LANDAU,DEM,302
05-09,WRITE-IN,,6
05-10,DREW MURRAY,REP,124
05-10,ISAIAH THOMAS,DEM,304
05-10,JIM HARRITY,DEM,259
05-10,JIM HASHER,REP,115
05-10,KATHERINE GILMORE RICHARDSON,DEM,314
05-10,KENDRA BROOKS,WFP,121
05-10,NICOLAS O'ROURKE,WFP,99
05-10,NINA AHMAD,DEM,286
05-10,RUE LANDAU,DEM,308
05-10,WRITE-IN,,7
05-11,DREW MURRAY,REP,65
05-11,ISAIAH THOMAS,DEM,279
05-11,JIM HARRITY,DEM,226
05-11,JIM HASHER,REP,49
05-11,KATHERINE GILMORE RICHARDSON,DEM,302
05-11,KENDRA BROOKS,WFP,120
05-11,NICOLAS O'ROURKE,WFP,105
05-11,NINA AHMAD,DEM,290
05-11,RUE LANDAU,DEM,307
05-11,WRITE-IN,,1
05-12,DREW MURRAY,REP,63
05-12,ISAIAH THOMAS,DEM,226
05-12,JIM HARRITY,DEM,187
05-12,JIM HASHER,REP,52
05-12,KATHERINE GILMORE RICHARDSON,DEM,222
05-12,KENDRA BROOKS,WFP,58
05-12,NICOLAS O'ROURKE,WFP,43
05-12,NINA AHMAD,DEM,220
05-12,RUE LANDAU,DEM,228
05-12,WRITE-IN,,0
05-13,DREW MURRAY,REP,17
05-13,ISAIAH THOMAS,DEM,65
05-13,JIM HARRITY,DEM,56
05-13,JIM HASHER,REP,17
05-13,KATHERINE GILMORE RICHARDSON,DEM,79
05-13,KENDRA BROOKS,WFP,63
05-13,NICOLAS O'ROURKE,WFP,54
05-13,NINA AHMAD,DEM,99
05-13,RUE LANDAU,DEM,92
05-13,WRITE-IN,,0
05-14,DREW MURRAY,REP,38
05-14,ISAIAH THOMAS,DEM,227
05-14,JIM HARRITY,DEM,169
05-14,JIM HASHER,REP,33
05-14,KATHERINE GILMORE RICHARDSON,DEM,242
05-14,KENDRA BROOKS,WFP,119
05-14,NICOLAS O'ROURKE,WFP,103
05-14,NINA AHMAD,DEM,219
05-14,RUE LANDAU,DEM,246
05-14,WRITE-IN,,4
05-15,DREW MURRAY,REP,39
05-15,ISAIAH THOMAS,DEM,176
05-15,JIM HARRITY,DEM,122
05-15,JIM HASHER,REP,35
05-15,KATHERINE GILMORE RICHARDSON,DEM,181
05-15,KENDRA BROOKS,WFP,74
05-15,NICOLAS O'ROURKE,WFP,62
05-15,NINA AHMAD,DEM,147
05-15,RUE LANDAU,DEM,184
05-15,WRITE-IN,,2
05-16,DREW MURRAY,REP,43
05-16,ISAIAH THOMAS,DEM,173
05-16,JIM HARRITY,DEM,121
05-16,JIM HASHER,REP,33
05-16,KATHERINE GILMORE RICHARDSON,DEM,175
05-16,KENDRA BROOKS,WFP,96
05-16,NICOLAS O'ROURKE,WFP,79
05-16,NINA AHMAD,DEM,176
05-16,RUE LANDAU,DEM,196
05-16,WRITE-IN,,0
05-17,DREW MURRAY,REP,64
05-17,ISAIAH THOMAS,DEM,240
05-17,JIM HARRITY,DEM,169
05-17,JIM HASHER,REP,59
05-17,KATHERINE GILMORE RICHARDSON,DEM,252
05-17,KENDRA BROOKS,WFP,122
05-17,NICOLAS O'ROURKE,WFP,94
05-17,NINA AHMAD,DEM,220
05-17,RUE LANDAU,DEM,257
05-17,WRITE-IN,,0
05-18,DREW MURRAY,REP,179
05-18,ISAIAH THOMAS,DEM,437
05-18,JIM HARRITY,DEM,355
05-18,JIM HASHER,REP,159
05-18,KATHERINE GILMORE RICHARDSON,DEM,453
05-18,KENDRA BROOKS,WFP,172
05-18,NICOLAS O'ROURKE,WFP,148
05-18,NINA AHMAD,DEM,404
05-18,RUE LANDAU,DEM,459
05-18,WRITE-IN,,0
05-19,DREW MURRAY,REP,132
05-19,ISAIAH THOMAS,DEM,437
05-19,JIM HARRITY,DEM,376
05-19,JIM HASHER,REP,106
05-19,KATHERINE GILMORE RICHARDSON,DEM,450
05-19,KENDRA BROOKS,WFP,119
05-19,NICOLAS O'ROURKE,WFP,86
05-19,NINA AHMAD,DEM,442
05-19,RUE LANDAU,DEM,472
05-19,WRITE-IN,,0
05-20,DREW MURRAY,REP,23
05-20,ISAIAH THOMAS,DEM,145
05-20,JIM HARRITY,DEM,105
05-20,JIM HASHER,REP,20
05-20,KATHERINE GILMORE RICHARDSON,DEM,145
05-20,KENDRA BROOKS,WFP,69
05-20,NICOLAS O'ROURKE,WFP,55
05-20,NINA AHMAD,DEM,132
05-20,RUE LANDAU,DEM,153
05-20,WRITE-IN,,0
05-21,DREW MURRAY,REP,50
05-21,ISAIAH THOMAS,DEM,208
05-21,JIM HARRITY,DEM,173
05-21,JIM HASHER,REP,40
05-21,KATHERINE GILMORE RICHARDSON,DEM,227
05-21,KENDRA BROOKS,WFP,102
05-21,NICOLAS O'ROURKE,WFP,79
05-21,NINA AHMAD,DEM,210
05-21,RUE LANDAU,DEM,224
05-21,WRITE-IN,,1
05-22,DREW MURRAY,REP,57
05-22,ISAIAH THOMAS,DEM,222
05-22,JIM HARRITY,DEM,185
05-22,JIM HASHER,REP,49
05-22,KATHERINE GILMORE RICHARDSON,DEM,229
05-22,KENDRA BROOKS,WFP,73
05-22,NICOLAS O'ROURKE,WFP,66
05-22,NINA AHMAD,DEM,204
05-22,RUE LANDAU,DEM,227
05-22,WRITE-IN,,0
05-23,DREW MURRAY,REP,82
05-23,ISAIAH THOMAS,DEM,392
05-23,JIM HARRITY,DEM,286
05-23,JIM HASHER,REP,71
05-23,KATHERINE GILMORE RICHARDSON,DEM,376
05-23,KENDRA BROOKS,WFP,162
05-23,NICOLAS O'ROURKE,WFP,129
05-23,NINA AHMAD,DEM,349
05-23,RUE LANDAU,DEM,374
05-23,WRITE-IN,,2
05-24,DREW MURRAY,REP,36
05-24,ISAIAH THOMAS,DEM,78
05-24,JIM HARRITY,DEM,56
05-24,JIM HASHER,REP,32
05-24,KATHERINE GILMORE RICHARDSON,DEM,77
05-24,KENDRA BROOKS,WFP,99
05-24,NICOLAS O'ROURKE,WFP,93
05-24,NINA AHMAD,DEM,134
05-24,RUE LANDAU,DEM,143
05-24,WRITE-IN,,1
05-25,DREW MURRAY,REP,37
05-25,ISAIAH THOMAS,DEM,185
05-25,JIM HARRITY,DEM,132
05-25,JIM HASHER,REP,37
05-25,KATHERINE GILMORE RICHARDSON,DEM,190
05-25,KENDRA BROOKS,WFP,99
05-25,NICOLAS O'ROURKE,WFP,81
05-25,NINA AHMAD,DEM,184
05-25,RUE LANDAU,DEM,205
05-25,WRITE-IN,,0
05-26,DREW MURRAY,REP,51
05-26,ISAIAH THOMAS,DEM,245
05-26,JIM HARRITY,DEM,193
05-26,JIM HASHER,REP,43
05-26,KATHERINE GILMORE RICHARDSON,DEM,239
05-26,KENDRA BROOKS,WFP,139
05-26,NICOLAS O'ROURKE,WFP,129
05-26,NINA AHMAD,DEM,246
05-26,RUE LANDAU,DEM,267
05-26,WRITE-IN,,0
05-27,DREW MURRAY,REP,80
05-27,ISAIAH THOMAS,DEM,254
05-27,JIM HARRITY,DEM,231
05-27,JIM HASHER,REP,66
05-27,KATHERINE GILMORE RICHARDSON,DEM,273
05-27,KENDRA BROOKS,WFP,138
05-27,NICOLAS O'ROURKE,WFP,128
05-27,NINA AHMAD,DEM,257
05-27,RUE LANDAU,DEM,286
05-27,WRITE-IN,,6
05-28,DREW MURRAY,REP,60
05-28,ISAIAH THOMAS,DEM,247
05-28,JIM HARRITY,DEM,208
05-28,JIM HASHER,REP,49
05-28,KATHERINE GILMORE RICHARDSON,DEM,256
05-28,KENDRA BROOKS,WFP,101
05-28,NICOLAS O'ROURKE,WFP,92
05-28,NINA AHMAD,DEM,248
05-28,RUE LANDAU,DEM,271
05-28,WRITE-IN,,1
05-29,DREW MURRAY,REP,19
05-29,ISAIAH THOMAS,DEM,79
05-29,JIM HARRITY,DEM,61
05-29,JIM HASHER,REP,17
05-29,KATHERINE GILMORE RICHARDSON,DEM,74
05-29,KENDRA BROOKS,WFP,37
05-29,NICOLAS O'ROURKE,WFP,30
05-29,NINA AHMAD,DEM,74
05-29,RUE LANDAU,DEM,79
05-29,WRITE-IN,,0
05-30,DREW MURRAY,REP,41
05-30,ISAIAH THOMAS,DEM,145
05-30,JIM HARRITY,DEM,122
05-30,JIM HASHER,REP,34
05-30,KATHERINE GILMORE RICHARDSON,DEM,154
05-30,KENDRA BROOKS,WFP,91
05-30,NICOLAS O'ROURKE,WFP,77
05-30,NINA AHMAD,DEM,174
05-30,RUE LANDAU,DEM,172
05-30,WRITE-IN,,3
05-31,DREW MURRAY,REP,29
05-31,ISAIAH THOMAS,DEM,94
05-31,JIM HARRITY,DEM,71
05-31,JIM HASHER,REP,25
05-31,KATHERINE GILMORE RICHARDSON,DEM,89
05-31,KENDRA BROOKS,WFP,67
05-31,NICOLAS O'ROURKE,WFP,61
05-31,NINA AHMAD,DEM,112
05-31,RUE LANDAU,DEM,114
05-31,WRITE-IN,,0
05-32,DREW MURRAY,REP,62
05-32,ISAIAH THOMAS,DEM,291
05-32,JIM HARRITY,DEM,245
05-32,JIM HASHER,REP,43
05-32,KATHERINE GILMORE RICHARDSON,DEM,299
05-32,KENDRA BROOKS,WFP,130
05-32,NICOLAS O'ROURKE,WFP,106
05-32,NINA AHMAD,DEM,293
05-32,RUE LANDAU,DEM,308
05-32,WRITE-IN,,2
05-33,DREW MURRAY,REP,46
05-33,ISAIAH THOMAS,DEM,139
05-33,JIM HARRITY,DEM,106
05-33,JIM HASHER,REP,45
05-33,KATHERINE GILMORE RICHARDSON,DEM,144
05-33,KENDRA BROOKS,WFP,69
05-33,NICOLAS O'ROURKE,WFP,60
05-33,NINA AHMAD,DEM,125
05-33,RUE LANDAU,DEM,143
05-33,WRITE-IN,,5
05-34,DREW MURRAY,REP,61
05-34,ISAIAH THOMAS,DEM,149
05-34,JIM HARRITY,DEM,126
05-34,JIM HASHER,REP,59
05-34,KATHERINE GILMORE RICHARDSON,DEM,152
05-34,KENDRA BROOKS,WFP,61
05-34,NICOLAS O'ROURKE,WFP,51
05-34,NINA AHMAD,DEM,138
05-34,RUE LANDAU,DEM,146
05-34,WRITE-IN,,0
05-35,DREW MURRAY,REP,38
05-35,ISAIAH THOMAS,DEM,94
05-35,JIM HARRITY,DEM,71
05-35,JIM HASHER,REP,33
05-35,KATHERINE GILMORE RICHARDSON,DEM,93
05-35,KENDRA BROOKS,WFP,62
05-35,NICOLAS O'ROURKE,WFP,56
05-35,NINA AHMAD,DEM,104
05-35,RUE LANDAU,DEM,103
05-35,WRITE-IN,,1
05-36,DREW MURRAY,REP,40
05-36,ISAIAH THOMAS,DEM,107
05-36,JIM HARRITY,DEM,89
05-36,JIM HASHER,REP,35
05-36,KATHERINE GILMORE RICHARDSON,DEM,105
05-36,KENDRA BROOKS,WFP,48
05-36,NICOLAS O'ROURKE,WFP,44
05-36,NINA AHMAD,DEM,99
05-36,RUE LANDAU,DEM,111
05-36,WRITE-IN,,0
05-37,DREW MURRAY,REP,57
05-37,ISAIAH THOMAS,DEM,167
05-37,JIM HARRITY,DEM,134
05-37,JIM HASHER,REP,48
05-37,KATHERINE GILMORE RICHARDSON,DEM,167
05-37,KENDRA BROOKS,WFP,79
05-37,NICOLAS O'ROURKE,WFP,76
05-37,NINA AHMAD,DEM,161
05-37,RUE LANDAU,DEM,183
05-37,WRITE-IN,,0
06-01,DREW MURRAY,REP,18
06-01,ISAIAH THOMAS,DEM,177
06-01,JIM HARRITY,DEM,101
06-01,JIM HASHER,REP,12
06-01,KATHERINE GILMORE RICHARDSON,DEM,171
06-01,KENDRA BROOKS,WFP,123
06-01,NICOLAS O'ROURKE,WFP,111
06-01,NINA AHMAD,DEM,154
06-01,RUE LANDAU,DEM,164
06-01,WRITE-IN,,0
06-02,DREW MURRAY,REP,2
06-02,ISAIAH THOMAS,DEM,115
06-02,JIM HARRITY,DEM,64
06-02,JIM HASHER,REP,2
06-02,KATHERINE GILMORE RICHARDSON,DEM,90
06-02,KENDRA BROOKS,WFP,49
06-02,NICOLAS O'ROURKE,WFP,44
06-02,NINA AHMAD,DEM,84
06-02,RUE LANDAU,DEM,67
06-02,WRITE-IN,,0
06-03,DREW MURRAY,REP,19
06-03,ISAIAH THOMAS,DEM,180
06-03,JIM HARRITY,DEM,111
06-03,JIM HASHER,REP,12
06-03,KATHERINE GILMORE RICHARDSON,DEM,182
06-03,KENDRA BROOKS,WFP,135
06-03,NICOLAS O'ROURKE,WFP,126
06-03,NINA AHMAD,DEM,154
06-03,RUE LANDAU,DEM,165
06-03,WRITE-IN,,2
06-04,DREW MURRAY,REP,4
06-04,ISAIAH THOMAS,DEM,69
06-04,JIM HARRITY,DEM,52
06-04,JIM HASHER,REP,6
06-04,KATHERINE GILMORE RICHARDSON,DEM,58
06-04,KENDRA BROOKS,WFP,26
06-04,NICOLAS O'ROURKE,WFP,15
06-04,NINA AHMAD,DEM,72
06-04,RUE LANDAU,DEM,48
06-04,WRITE-IN,,7
06-05,DREW MURRAY,REP,3
06-05,ISAIAH THOMAS,DEM,61
06-05,JIM HARRITY,DEM,51
06-05,JIM HASHER,REP,4
06-05,KATHERINE GILMORE RICHARDSON,DEM,50
06-05,KENDRA BROOKS,WFP,36
06-05,NICOLAS O'ROURKE,WFP,33
06-05,NINA AHMAD,DEM,62
06-05,RUE LANDAU,DEM,57
06-05,WRITE-IN,,0
06-06,DREW MURRAY,REP,2
06-06,ISAIAH THOMAS,DEM,124
06-06,JIM HARRITY,DEM,108
06-06,JIM HASHER,REP,2
06-06,KATHERINE GILMORE RICHARDSON,DEM,117
06-06,KENDRA BROOKS,WFP,37
06-06,NICOLAS O'ROURKE,WFP,32
06-06,NINA AHMAD,DEM,127
06-06,RUE LANDAU,DEM,109
06-06,WRITE-IN,,0
06-07,DREW MURRAY,REP,4
06-07,ISAIAH THOMAS,DEM,113
06-07,JIM HARRITY,DEM,80
06-07,JIM HASHER,REP,4
06-07,KATHERINE GILMORE RICHARDSON,DEM,99
06-07,KENDRA BROOKS,WFP,52
06-07,NICOLAS O'ROURKE,WFP,46
06-07,NINA AHMAD,DEM,108
06-07,RUE LANDAU,DEM,88
06-07,WRITE-IN,,0
06-08,DREW MURRAY,REP,6
06-08,ISAIAH THOMAS,DEM,70
06-08,JIM HARRITY,DEM,41
06-08,JIM HASHER,REP,5
06-08,KATHERINE GILMORE RICHARDSON,DEM,56
06-08,KENDRA BROOKS,WFP,30
06-08,NICOLAS O'ROURKE,WFP,26
06-08,NINA AHMAD,DEM,59
06-08,RUE LANDAU,DEM,41
06-08,WRITE-IN,,0
06-09,DREW MURRAY,REP,4
06-09,ISAIAH THOMAS,DEM,82
06-09,JIM HARRITY,DEM,54
06-09,JIM HASHER,REP,3
06-09,KATHERINE GILMORE RICHARDSON,DEM,68
06-09,KENDRA BROOKS,WFP,31
06-09,NICOLAS O'ROURKE,WFP,18
06-09,NINA AHMAD,DEM,70
06-09,RUE LANDAU,DEM,62
06-09,WRITE-IN,,2
06-10,DREW MURRAY,REP,7
06-10,ISAIAH THOMAS,DEM,62
06-10,JIM HARRITY,DEM,42
06-10,JIM HASHER,REP,1
06-10,KATHERINE GILMORE RICHARDSON,DEM,53
06-10,KENDRA BROOKS,WFP,22
06-10,NICOLAS O'ROURKE,WFP,17
06-10,NINA AHMAD,DEM,54
06-10,RUE LANDAU,DEM,44
06-10,WRITE-IN,,0
06-11,DREW MURRAY,REP,8
06-11,ISAIAH THOMAS,DEM,119
06-11,JIM HARRITY,DEM,92
06-11,JIM HASHER,REP,8
06-11,KATHERINE GILMORE RICHARDSON,DEM,104
06-11,KENDRA BROOKS,WFP,21
06-11,NICOLAS O'ROURKE,WFP,17
06-11,NINA AHMAD,DEM,108
06-11,RUE LANDAU,DEM,89
06-11,WRITE-IN,,0
06-12,DREW MURRAY,REP,2
06-12,ISAIAH THOMAS,DEM,44
06-12,JIM HARRITY,DEM,35
06-12,JIM HASHER,REP,3
06-12,KATHERINE GILMORE RICHARDSON,DEM,38
06-12,KENDRA BROOKS,WFP,11
06-12,NICOLAS O'ROURKE,WFP,5
06-12,NINA AHMAD,DEM,46
06-12,RUE LANDAU,DEM,38
06-12,WRITE-IN,,0
06-13,DREW MURRAY,REP,6
06-13,ISAIAH THOMAS,DEM,67
06-13,JIM HARRITY,DEM,53
06-13,JIM HASHER,REP,6
06-13,KATHERINE GILMORE RICHARDSON,DEM,60
06-13,KENDRA BROOKS,WFP,28
06-13,NICOLAS O'ROURKE,WFP,17
06-13,NINA AHMAD,DEM,62
06-13,RUE LANDAU,DEM,53
06-13,WRITE-IN,,0
06-14,DREW MURRAY,REP,3
06-14,ISAIAH THOMAS,DEM,64
06-14,JIM HARRITY,DEM,50
06-14,JIM HASHER,REP,1
06-14,KATHERINE GILMORE RICHARDSON,DEM,56
06-14,KENDRA BROOKS,WFP,16
06-14,NICOLAS O'ROURKE,WFP,12
06-14,NINA AHMAD,DEM,58
06-14,RUE LANDAU,DEM,46
06-14,WRITE-IN,,0
06-15,DREW MURRAY,REP,8
06-15,ISAIAH THOMAS,DEM,102
06-15,JIM HARRITY,DEM,68
06-15,JIM HASHER,REP,8
06-15,KATHERINE GILMORE RICHARDSON,DEM,94
06-15,KENDRA BROOKS,WFP,32
06-15,NICOLAS O'ROURKE,WFP,25
06-15,NINA AHMAD,DEM,86
06-15,RUE LANDAU,DEM,77
06-15,WRITE-IN,,0
06-16,DREW MURRAY,REP,8
06-16,ISAIAH THOMAS,DEM,69
06-16,JIM HARRITY,DEM,42
06-16,JIM HASHER,REP,7
06-16,KATHERINE GILMORE RICHARDSON,DEM,63
06-16,KENDRA BROOKS,WFP,38
06-16,NICOLAS O'ROURKE,WFP,30
06-16,NINA AHMAD,DEM,58
06-16,RUE LANDAU,DEM,49
06-16,WRITE-IN,,1
06-17,DREW MURRAY,REP,6
06-17,ISAIAH THOMAS,DEM,130
06-17,JIM HARRITY,DEM,98
06-17,JIM HASHER,REP,8
06-17,KATHERINE GILMORE RICHARDSON,DEM,106
06-17,KENDRA BROOKS,WFP,42
06-17,NICOLAS O'ROURKE,WFP,25
06-17,NINA AHMAD,DEM,117
06-17,RUE LANDAU,DEM,100
06-17,WRITE-IN,,0
06-18,DREW MURRAY,REP,5
06-18,ISAIAH THOMAS,DEM,119
06-18,JIM HARRITY,DEM,74
06-18,JIM HASHER,REP,5
06-18,KATHERINE GILMORE RICHARDSON,DEM,83
06-18,KENDRA BROOKS,WFP,29
06-18,NICOLAS O'ROURKE,WFP,19
06-18,NINA AHMAD,DEM,92
06-18,RUE LANDAU,DEM,75
06-18,WRITE-IN,,0
07-01,DREW MURRAY,REP,4
07-01,ISAIAH THOMAS,DEM,40
07-01,JIM HARRITY,DEM,34
07-01,JIM HASHER,REP,4
07-01,KATHERINE GILMORE RICHARDSON,DEM,40
07-01,KENDRA BROOKS,WFP,4
07-01,NICOLAS O'ROURKE,WFP,3
07-01,NINA AHMAD,DEM,37
07-01,RUE LANDAU,DEM,39
07-01,WRITE-IN,,0
07-02,DREW MURRAY,REP,6
07-02,ISAIAH THOMAS,DEM,22
07-02,JIM HARRITY,DEM,21
07-02,JIM HASHER,REP,4
07-02,KATHERINE GILMORE RICHARDSON,DEM,20
07-02,KENDRA BROOKS,WFP,2
07-02,NICOLAS O'ROURKE,WFP,2
07-02,NINA AHMAD,DEM,20
07-02,RUE LANDAU,DEM,19
07-02,WRITE-IN,,0
07-03,DREW MURRAY,REP,4
07-03,ISAIAH THOMAS,DEM,35
07-03,JIM HARRITY,DEM,31
07-03,JIM HASHER,REP,5
07-03,KATHERINE GILMORE RICHARDSON,DEM,36
07-03,KENDRA BROOKS,WFP,3
07-03,NICOLAS O'ROURKE,WFP,2
07-03,NINA AHMAD,DEM,34
07-03,RUE LANDAU,DEM,34
07-03,WRITE-IN,,0
07-04,DREW MURRAY,REP,8
07-04,ISAIAH THOMAS,DEM,25
07-04,JIM HARRITY,DEM,23
07-04,JIM HASHER,REP,7
07-04,KATHERINE GILMORE RICHARDSON,DEM,31
07-04,KENDRA BROOKS,WFP,4
07-04,NICOLAS O'ROURKE,WFP,4
07-04,NINA AHMAD,DEM,31
07-04,RUE LANDAU,DEM,23
07-04,WRITE-IN,,0
07-05,DREW MURRAY,REP,7
07-05,ISAIAH THOMAS,DEM,67
07-05,JIM HARRITY,DEM,61
07-05,JIM HASHER,REP,6
07-05,KATHERINE GILMORE RICHARDSON,DEM,64
07-05,KENDRA BROOKS,WFP,10
07-05,NICOLAS O'ROURKE,WFP,6
07-05,NINA AHMAD,DEM,71
07-05,RUE LANDAU,DEM,58
07-05,WRITE-IN,,1
07-06,DREW MURRAY,REP,6
07-06,ISAIAH THOMAS,DEM,40
07-06,JIM HARRITY,DEM,36
07-06,JIM HASHER,REP,13
07-06,KATHERINE GILMORE RICHARDSON,DEM,42
07-06,KENDRA BROOKS,WFP,14
07-06,NICOLAS O'ROURKE,WFP,10
07-06,NINA AHMAD,DEM,45
07-06,RUE LANDAU,DEM,31
07-06,WRITE-IN,,3
07-07,DREW MURRAY,REP,10
07-07,ISAIAH THOMAS,DEM,45
07-07,JIM HARRITY,DEM,42
07-07,JIM HASHER,REP,8
07-07,KATHERINE GILMORE RICHARDSON,DEM,47
07-07,KENDRA BROOKS,WFP,7
07-07,NICOLAS O'ROURKE,WFP,6
07-07,NINA AHMAD,DEM,43
07-07,RUE LANDAU,DEM,39
07-07,WRITE-IN,,0
07-08,DREW MURRAY,REP,10
07-08,ISAIAH THOMAS,DEM,67
07-08,JIM HARRITY,DEM,58
07-08,JIM HASHER,REP,7
07-08,KATHERINE GILMORE RICHARDSON,DEM,62
07-08,KENDRA BROOKS,WFP,13
07-08,NICOLAS O'ROURKE,WFP,12
07-08,NINA AHMAD,DEM,61
07-08,RUE LANDAU,DEM,59
07-08,WRITE-IN,,0
07-09,DREW MURRAY,REP,7
07-09,ISAIAH THOMAS,DEM,37
07-09,JIM HARRITY,DEM,37
07-09,JIM HASHER,REP,5
07-09,KATHERINE GILMORE RICHARDSON,DEM,45
07-09,KENDRA BROOKS,WFP,7
07-09,NICOLAS O'ROURKE,WFP,4
07-09,NINA AHMAD,DEM,43
07-09,RUE LANDAU,DEM,34
07-09,WRITE-IN,,0
07-10,DREW MURRAY,REP,12
07-10,ISAIAH THOMAS,DEM,35
07-10,JIM HARRITY,DEM,39
07-10,JIM HASHER,REP,14
07-10,KATHERINE GILMORE RICHARDSON,DEM,37
07-10,KENDRA BROOKS,WFP,6
07-10,NICOLAS O'ROURKE,WFP,6
07-10,NINA AHMAD,DEM,41
07-10,RUE LANDAU,DEM,37
07-10,WRITE-IN,,0
07-11,DREW MURRAY,REP,10
07-11,ISAIAH THOMAS,DEM,28
07-11,JIM HARRITY,DEM,29
07-11,JIM HASHER,REP,6
07-11,KATHERINE GILMORE RICHARDSON,DEM,25
07-11,KENDRA BROOKS,WFP,11
07-11,NICOLAS O'ROURKE,WFP,10
07-11,NINA AHMAD,DEM,23
07-11,RUE LANDAU,DEM,14
07-11,WRITE-IN,,0
07-12,DREW MURRAY,REP,16
07-12,ISAIAH THOMAS,DEM,39
07-12,JIM HARRITY,DEM,36
07-12,JIM HASHER,REP,15
07-12,KATHERINE GILMORE RICHARDSON,DEM,37
07-12,KENDRA BROOKS,WFP,7
07-12,NICOLAS O'ROURKE,WFP,5
07-12,NINA AHMAD,DEM,42
07-12,RUE LANDAU,DEM,33
07-12,WRITE-IN,,0
07-13,DREW MURRAY,REP,4
07-13,ISAIAH THOMAS,DEM,11
07-13,JIM HARRITY,DEM,14
07-13,JIM HASHER,REP,4
07-13,KATHERINE GILMORE RICHARDSON,DEM,9
07-13,KENDRA BROOKS,WFP,1
07-13,NICOLAS O'ROURKE,WFP,2
07-13,NINA AHMAD,DEM,13
07-13,RUE LANDAU,DEM,11
07-13,WRITE-IN,,0
07-14,DREW MURRAY,REP,8
07-14,ISAIAH THOMAS,DEM,30
07-14,JIM HARRITY,DEM,30
07-14,JIM HASHER,REP,10
07-14,KATHERINE GILMORE RICHARDSON,DEM,29
07-14,KENDRA BROOKS,WFP,5
07-14,NICOLAS O'ROURKE,WFP,4
07-14,NINA AHMAD,DEM,28
07-14,RUE LANDAU,DEM,29
07-14,WRITE-IN,,0
07-15,DREW MURRAY,REP,7
07-15,ISAIAH THOMAS,DEM,29
07-15,JIM HARRITY,DEM,32
07-15,JIM HASHER,REP,8
07-15,KATHERINE GILMORE RICHARDSON,DEM,33
07-15,KENDRA BROOKS,WFP,8
07-15,NICOLAS O'ROURKE,WFP,6
07-15,NINA AHMAD,DEM,27
07-15,RUE LANDAU,DEM,23
07-15,WRITE-IN,,4
07-16,DREW MURRAY,REP,12
07-16,ISAIAH THOMAS,DEM,17
07-16,JIM HARRITY,DEM,14
07-16,JIM HASHER,REP,12
07-16,KATHERINE GILMORE RICHARDSON,DEM,16
07-16,KENDRA BROOKS,WFP,9
07-16,NICOLAS O'ROURKE,WFP,3
07-16,NINA AHMAD,DEM,16
07-16,RUE LANDAU,DEM,13
07-16,WRITE-IN,,0
07-17,DREW MURRAY,REP,6
07-17,ISAIAH THOMAS,DEM,30
07-17,JIM HARRITY,DEM,17
07-17,JIM HASHER,REP,6
07-17,KATHERINE GILMORE RICHARDSON,DEM,18
07-17,KENDRA BROOKS,WFP,5
07-17,NICOLAS O'ROURKE,WFP,2
07-17,NINA AHMAD,DEM,35
07-17,RUE LANDAU,DEM,14
07-17,WRITE-IN,,0
07-18,DREW MURRAY,REP,5
07-18,ISAIAH THOMAS,DEM,29
07-18,JIM HARRITY,DEM,29
07-18,JIM HASHER,REP,3
07-18,KATHERINE GILMORE RICHARDSON,DEM,25
07-18,KENDRA BROOKS,WFP,2
07-18,NICOLAS O'ROURKE,WFP,2
07-18,NINA AHMAD,DEM,24
07-18,RUE LANDAU,DEM,22
07-18,WRITE-IN,,0
07-19,DREW MURRAY,REP,4
07-19,ISAIAH THOMAS,DEM,14
07-19,JIM HARRITY,DEM,18
07-19,JIM HASHER,REP,2
07-19,KATHERINE GILMORE RICHARDSON,DEM,15
07-19,KENDRA BROOKS,WFP,2
07-19,NICOLAS O'ROURKE,WFP,2
07-19,NINA AHMAD,DEM,16
07-19,RUE LANDAU,DEM,12
07-19,WRITE-IN,,0
07-20,DREW MURRAY,REP,11
07-20,ISAIAH THOMAS,DEM,16
07-20,JIM HARRITY,DEM,16
07-20,JIM HASHER,REP,9
07-20,KATHERINE GILMORE RICHARDSON,DEM,12
07-20,KENDRA BROOKS,WFP,5
07-20,NICOLAS O'ROURKE,WFP,3
07-20,NINA AHMAD,DEM,16
07-20,RUE LANDAU,DEM,15
07-20,WRITE-IN,,0
07-21,DREW MURRAY,REP,6
07-21,ISAIAH THOMAS,DEM,32
07-21,JIM HARRITY,DEM,29
07-21,JIM HASHER,REP,6
07-21,KATHERINE GILMORE RICHARDSON,DEM,32
07-21,KENDRA BROOKS,WFP,4
07-21,NICOLAS O'ROURKE,WFP,4
07-21,NINA AHMAD,DEM,32
07-21,RUE LANDAU,DEM,29
07-21,WRITE-IN,,0
07-22,DREW MURRAY,REP,6
07-22,ISAIAH THOMAS,DEM,29
07-22,JIM HARRITY,DEM,27
07-22,JIM HASHER,REP,7
07-22,KATHERINE GILMORE RICHARDSON,DEM,24
07-22,KENDRA BROOKS,WFP,7
07-22,NICOLAS O'ROURKE,WFP,5
07-22,NINA AHMAD,DEM,27
07-22,RUE LANDAU,DEM,23
07-22,WRITE-IN,,0
07-23,DREW MURRAY,REP,5
07-23,ISAIAH THOMAS,DEM,18
07-23,JIM HARRITY,DEM,18
07-23,JIM HASHER,REP,6
07-23,KATHERINE GILMORE RICHARDSON,DEM,18
07-23,KENDRA BROOKS,WFP,5
07-23,NICOLAS O'ROURKE,WFP,3
07-23,NINA AHMAD,DEM,20
07-23,RUE LANDAU,DEM,15
07-23,WRITE-IN,,0
08-01,DREW MURRAY,REP,66
08-01,ISAIAH THOMAS,DEM,236
08-01,JIM HARRITY,DEM,192
08-01,JIM HASHER,REP,66
08-01,KATHERINE GILMORE RICHARDSON,DEM,255
08-01,KENDRA BROOKS,WFP,95
08-01,NICOLAS O'ROURKE,WFP,85
08-01,NINA AHMAD,DEM,223
08-01,RUE LANDAU,DEM,259
08-01,WRITE-IN,,4
08-02,DREW MURRAY,REP,86
08-02,ISAIAH THOMAS,DEM,236
08-02,JIM HARRITY,DEM,179
08-02,JIM HASHER,REP,55
08-02,KATHERINE GILMORE RICHARDSON,DEM,249
08-02,KENDRA BROOKS,WFP,81
08-02,NICOLAS O'ROURKE,WFP,58
08-02,NINA AHMAD,DEM,225
08-02,RUE LANDAU,DEM,253
08-02,WRITE-IN,,0
08-03,DREW MURRAY,REP,84
08-03,ISAIAH THOMAS,DEM,306
08-03,JIM HARRITY,DEM,241
08-03,JIM HASHER,REP,76
08-03,KATHERINE GILMORE RICHARDSON,DEM,325
08-03,KENDRA BROOKS,WFP,146
08-03,NICOLAS O'ROURKE,WFP,127
08-03,NINA AHMAD,DEM,300
08-03,RUE LANDAU,DEM,346
08-03,WRITE-IN,,0
08-04,DREW MURRAY,REP,79
08-04,ISAIAH THOMAS,DEM,237
08-04,JIM HARRITY,DEM,195
08-04,JIM HASHER,REP,75
08-04,KATHERINE GILMORE RICHARDSON,DEM,234
08-04,KENDRA BROOKS,WFP,104
08-04,NICOLAS O'ROURKE,WFP,95
08-04,NINA AHMAD,DEM,243
08-04,RUE LANDAU,DEM,256
08-04,WRITE-IN,,0
08-05,DREW MURRAY,REP,39
08-05,ISAIAH THOMAS,DEM,159
08-05,JIM HARRITY,DEM,126
08-05,JIM HASHER,REP,29
08-05,KATHERINE GILMORE RICHARDSON,DEM,168
08-05,KENDRA BROOKS,WFP,67
08-05,NICOLAS O'ROURKE,WFP,56
08-05,NINA AHMAD,DEM,167
08-05,RUE LANDAU,DEM,161
08-05,WRITE-IN,,1
08-06,DREW MURRAY,REP,90
08-06,ISAIAH THOMAS,DEM,231
08-06,JIM HARRITY,DEM,210
08-06,JIM HASHER,REP,75
08-06,KATHERINE GILMORE RICHARDSON,DEM,252
08-06,KENDRA BROOKS,WFP,71
08-06,NICOLAS O'ROURKE,WFP,63
08-06,NINA AHMAD,DEM,250
08-06,RUE LANDAU,DEM,250
08-06,WRITE-IN,,8
08-07,DREW MURRAY,REP,82
08-07,ISAIAH THOMAS,DEM,287
08-07,JIM HARRITY,DEM,255
08-07,JIM HASHER,REP,75
08-07,KATHERINE GILMORE RICHARDSON,DEM,294
08-07,KENDRA BROOKS,WFP,80
08-07,NICOLAS O'ROURKE,WFP,73
08-07,NINA AHMAD,DEM,274
08-07,RUE LANDAU,DEM,287
08-07,WRITE-IN,,3
08-08,DREW MURRAY,REP,85
08-08,ISAIAH THOMAS,DEM,296
08-08,JIM HARRITY,DEM,259
08-08,JIM HASHER,REP,66
08-08,KATHERINE GILMORE RICHARDSON,DEM,308
08-08,KENDRA BROOKS,WFP,105
08-08,NICOLAS O'ROURKE,WFP,84
08-08,NINA AHMAD,DEM,287
08-08,RUE LANDAU,DEM,311
08-08,WRITE-IN,,3
08-09,DREW MURRAY,REP,101
08-09,ISAIAH THOMAS,DEM,326
08-09,JIM HARRITY,DEM,272
08-09,JIM HASHER,REP,86
08-09,KATHERINE GILMORE RICHARDSON,DEM,348
08-09,KENDRA BROOKS,WFP,130
08-09,NICOLAS O'ROURKE,WFP,109
08-09,NINA AHMAD,DEM,315
08-09,RUE LANDAU,DEM,341
08-09,WRITE-IN,,1
08-10,DREW MURRAY,REP,147
08-10,ISAIAH THOMAS,DEM,349
08-10,JIM HARRITY,DEM,288
08-10,JIM HASHER,REP,119
08-10,KATHERINE GILMORE RICHARDSON,DEM,370
08-10,KENDRA BROOKS,WFP,114
08-10,NICOLAS O'ROURKE,WFP,88
08-10,NINA AHMAD,DEM,338
08-10,RUE LANDAU,DEM,378
08-10,WRITE-IN,,1
08-11,DREW MURRAY,REP,75
08-11,ISAIAH THOMAS,DEM,213
08-11,JIM HARRITY,DEM,181
08-11,JIM HASHER,REP,60
08-11,KATHERINE GILMORE RICHARDSON,DEM,217
08-11,KENDRA BROOKS,WFP,60
08-11,NICOLAS O'ROURKE,WFP,57
08-11,NINA AHMAD,DEM,204
08-11,RUE LANDAU,DEM,236
08-11,WRITE-IN,,5
08-12,DREW MURRAY,REP,91
08-12,ISAIAH THOMAS,DEM,227
08-12,JIM HARRITY,DEM,175
08-12,JIM HASHER,REP,73
08-12,KATHERINE GILMORE RICHARDSON,DEM,239
08-12,KENDRA BROOKS,WFP,129
08-12,NICOLAS O'ROURKE,WFP,107
08-12,NINA AHMAD,DEM,228
08-12,RUE LANDAU,DEM,263
08-12,WRITE-IN,,5
08-13,DREW MURRAY,REP,39
08-13,ISAIAH THOMAS,DEM,200
08-13,JIM HARRITY,DEM,160
08-13,JIM HASHER,REP,30
08-13,KATHERINE GILMORE RICHARDSON,DEM,209
08-13,KENDRA BROOKS,WFP,72
08-13,NICOLAS O'ROURKE,WFP,59
08-13,NINA AHMAD,DEM,198
08-13,RUE LANDAU,DEM,212
08-13,WRITE-IN,,0
08-14,DREW MURRAY,REP,44
08-14,ISAIAH THOMAS,DEM,186
08-14,JIM HARRITY,DEM,148
08-14,JIM HASHER,REP,40
08-14,KATHERINE GILMORE RICHARDSON,DEM,195
08-14,KENDRA BROOKS,WFP,87
08-14,NICOLAS O'ROURKE,WFP,75
08-14,NINA AHMAD,DEM,176
08-14,RUE LANDAU,DEM,204
08-14,WRITE-IN,,2
08-15,DREW MURRAY,REP,104
08-15,ISAIAH THOMAS,DEM,226
08-15,JIM HARRITY,DEM,178
08-15,JIM HASHER,REP,76
08-15,KATHERINE GILMORE RICHARDSON,DEM,221
08-15,KENDRA BROOKS,WFP,63
08-15,NICOLAS O'ROURKE,WFP,55
08-15,NINA AHMAD,DEM,221
08-15,RUE LANDAU,DEM,224
08-15,WRITE-IN,,2
08-16,DREW MURRAY,REP,89
08-16,ISAIAH THOMAS,DEM,271
08-16,JIM HARRITY,DEM,236
08-16,JIM HASHER,REP,66
08-16,KATHERINE GILMORE RICHARDSON,DEM,270
08-16,KENDRA BROOKS,WFP,72
08-16,NICOLAS O'ROURKE,WFP,59
08-16,NINA AHMAD,DEM,257
08-16,RUE LANDAU,DEM,278
08-16,WRITE-IN,,0
08-17,DREW MURRAY,REP,94
08-17,ISAIAH THOMAS,DEM,221
08-17,JIM HARRITY,DEM,195
08-17,JIM HASHER,REP,70
08-17,KATHERINE GILMORE RICHARDSON,DEM,231
08-17,KENDRA BROOKS,WFP,86
08-17,NICOLAS O'ROURKE,WFP,78
08-17,NINA AHMAD,DEM,232
08-17,RUE LANDAU,DEM,249
08-17,WRITE-IN,,3
08-18,DREW MURRAY,REP,122
08-18,ISAIAH THOMAS,DEM,288
08-18,JIM HARRITY,DEM,274
08-18,JIM HASHER,REP,104
08-18,KATHERINE GILMORE RICHARDSON,DEM,316
08-18,KENDRA BROOKS,WFP,96
08-18,NICOLAS O'ROURKE,WFP,83
08-18,NINA AHMAD,DEM,319
08-18,RUE LANDAU,DEM,318
08-18,WRITE-IN,,0
08-19,DREW MURRAY,REP,120
08-19,ISAIAH THOMAS,DEM,278
08-19,JIM HARRITY,DEM,223
08-19,JIM HASHER,REP,62
08-19,KATHERINE GILMORE RICHARDSON,DEM,292
08-19,KENDRA BROOKS,WFP,100
08-19,NICOLAS O'ROURKE,WFP,82
08-19,NINA AHMAD,DEM,265
08-19,RUE LANDAU,DEM,293
08-19,WRITE-IN,,2
08-20,DREW MURRAY,REP,38
08-20,ISAIAH THOMAS,DEM,129
08-20,JIM HARRITY,DEM,105
08-20,JIM HASHER,REP,30
08-20,KATHERINE GILMORE RICHARDSON,DEM,134
08-20,KENDRA BROOKS,WFP,39
08-20,NICOLAS O'ROURKE,WFP,39
08-20,NINA AHMAD,DEM,125
08-20,RUE LANDAU,DEM,125
08-20,WRITE-IN,,0
08-21,DREW MURRAY,REP,106
08-21,ISAIAH THOMAS,DEM,258
08-21,JIM HARRITY,DEM,220
08-21,JIM HASHER,REP,76
08-21,KATHERINE GILMORE RICHARDSON,DEM,259
08-21,KENDRA BROOKS,WFP,90
08-21,NICOLAS O'ROURKE,WFP,71
08-21,NINA AHMAD,DEM,260
08-21,RUE LANDAU,DEM,290
08-21,WRITE-IN,,1
08-22,DREW MURRAY,REP,53
08-22,ISAIAH THOMAS,DEM,173
08-22,JIM HARRITY,DEM,155
08-22,JIM HASHER,REP,47
08-22,KATHERINE GILMORE RICHARDSON,DEM,176
08-22,KENDRA BROOKS,WFP,44
08-22,NICOLAS O'ROURKE,WFP,40
08-22,NINA AHMAD,DEM,163
08-22,RUE LANDAU,DEM,168
08-22,WRITE-IN,,0
08-23,DREW MURRAY,REP,133
08-23,ISAIAH THOMAS,DEM,361
08-23,JIM HARRITY,DEM,307
08-23,JIM HASHER,REP,100
08-23,KATHERINE GILMORE RICHARDSON,DEM,372
08-23,KENDRA BROOKS,WFP,118
08-23,NICOLAS O'ROURKE,WFP,82
08-23,NINA AHMAD,DEM,360
08-23,RUE LANDAU,DEM,361
08-23,WRITE-IN,,1
08-24,DREW MURRAY,REP,92
08-24,ISAIAH THOMAS,DEM,256
08-24,JIM HARRITY,DEM,199
08-24,JIM HASHER,REP,70
08-24,KATHERINE GILMORE RICHARDSON,DEM,253
08-24,KENDRA BROOKS,WFP,115
08-24,NICOLAS O'ROURKE,WFP,100
08-24,NINA AHMAD,DEM,254
08-24,RUE LANDAU,DEM,261
08-24,WRITE-IN,,1
08-25,DREW MURRAY,REP,98
08-25,ISAIAH THOMAS,DEM,343
08-25,JIM HARRITY,DEM,310
08-25,JIM HASHER,REP,72
08-25,KATHERINE GILMORE RICHARDSON,DEM,342
08-25,KENDRA BROOKS,WFP,117
08-25,NICOLAS O'ROURKE,WFP,105
08-25,NINA AHMAD,DEM,339
08-25,RUE LANDAU,DEM,339
08-25,WRITE-IN,,6
08-26,DREW MURRAY,REP,36
08-26,ISAIAH THOMAS,DEM,218
08-26,JIM HARRITY,DEM,183
08-26,JIM HASHER,REP,34
08-26,KATHERINE GILMORE RICHARDSON,DEM,222
08-26,KENDRA BROOKS,WFP,120
08-26,NICOLAS O'ROURKE,WFP,97
08-26,NINA AHMAD,DEM,232
08-26,RUE LANDAU,DEM,228
08-26,WRITE-IN,,6
08-27,DREW MURRAY,REP,40
08-27,ISAIAH THOMAS,DEM,171
08-27,JIM HARRITY,DEM,130
08-27,JIM HASHER,REP,31
08-27,KATHERINE GILMORE RICHARDSON,DEM,178
08-27,KENDRA BROOKS,WFP,80
08-27,NICOLAS O'ROURKE,WFP,66
08-27,NINA AHMAD,DEM,162
08-27,RUE LANDAU,DEM,177
08-27,WRITE-IN,,2
08-28,DREW MURRAY,REP,79
08-28,ISAIAH THOMAS,DEM,315
08-28,JIM HARRITY,DEM,237
08-28,JIM HASHER,REP,66
08-28,KATHERINE GILMORE RICHARDSON,DEM,344
08-28,KENDRA BROOKS,WFP,111
08-28,NICOLAS O'ROURKE,WFP,83
08-28,NINA AHMAD,DEM,302
08-28,RUE LANDAU,DEM,324
08-28,WRITE-IN,,0
08-29,DREW MURRAY,REP,162
08-29,ISAIAH THOMAS,DEM,400
08-29,JIM HARRITY,DEM,365
08-29,JIM HASHER,REP,136
08-29,KATHERINE GILMORE RICHARDSON,DEM,431
08-29,KENDRA BROOKS,WFP,117
08-29,NICOLAS O'ROURKE,WFP,103
08-29,NINA AHMAD,DEM,416
08-29,RUE LANDAU,DEM,453
08-29,WRITE-IN,,3
08-30,DREW MURRAY,REP,83
08-30,ISAIAH THOMAS,DEM,358
08-30,JIM HARRITY,DEM,304
08-30,JIM HASHER,REP,60
08-30,KATHERINE GILMORE RICHARDSON,DEM,369
08-30,KENDRA BROOKS,WFP,108
08-30,NICOLAS O'ROURKE,WFP,95
08-30,NINA AHMAD,DEM,349
08-30,RUE LANDAU,DEM,359
08-30,WRITE-IN,,2
08-31,DREW MURRAY,REP,100
08-31,ISAIAH THOMAS,DEM,296
08-31,JIM HARRITY,DEM,235
08-31,JIM HASHER,REP,74
08-31,KATHERINE GILMORE RICHARDSON,DEM,306
08-31,KENDRA BROOKS,WFP,110
08-31,NICOLAS O'ROURKE,WFP,91
08-31,NINA AHMAD,DEM,288
08-31,RUE LANDAU,DEM,309
08-31,WRITE-IN,,5
08-32,DREW MURRAY,REP,27
08-32,ISAIAH THOMAS,DEM,185
08-32,JIM HARRITY,DEM,139
08-32,JIM HASHER,REP,26
08-32,KATHERINE GILMORE RICHARDSON,DEM,199
08-32,KENDRA BROOKS,WFP,105
08-32,NICOLAS O'ROURKE,WFP,86
08-32,NINA AHMAD,DEM,179
08-32,RUE LANDAU,DEM,188
08-32,WRITE-IN,,0
08-33,DREW MURRAY,REP,36
08-33,ISAIAH THOMAS,DEM,131
08-33,JIM HARRITY,DEM,98
08-33,JIM HASHER,REP,28
08-33,KATHERINE GILMORE RICHARDSON,DEM,137
08-33,KENDRA BROOKS,WFP,70
08-33,NICOLAS O'ROURKE,WFP,66
08-33,NINA AHMAD,DEM,118
08-33,RUE LANDAU,DEM,139
08-33,WRITE-IN,,4
08-34,DREW MURRAY,REP,37
08-34,ISAIAH THOMAS,DEM,141
08-34,JIM HARRITY,DEM,122
08-34,JIM HASHER,REP,33
08-34,KATHERINE GILMORE RICHARDSON,DEM,150
08-34,KENDRA BROOKS,WFP,48
08-34,NICOLAS O'ROURKE,WFP,40
08-34,NINA AHMAD,DEM,144
08-34,RUE LANDAU,DEM,151
08-34,WRITE-IN,,0
08-35,DREW MURRAY,REP,69
08-35,ISAIAH THOMAS,DEM,201
08-35,JIM HARRITY,DEM,153
08-35,JIM HASHER,REP,42
08-35,KATHERINE GILMORE RICHARDSON,DEM,205
08-35,KENDRA BROOKS,WFP,70
08-35,NICOLAS O'ROURKE,WFP,53
08-35,NINA AHMAD,DEM,191
08-35,RUE LANDAU,DEM,199
08-35,WRITE-IN,,1
09-01,DREW MURRAY,REP,37
09-01,ISAIAH THOMAS,DEM,278
09-01,JIM HARRITY,DEM,188
09-01,JIM HASHER,REP,29
09-01,KATHERINE GILMORE RICHARDSON,DEM,265
09-01,KENDRA BROOKS,WFP,162
09-01,NICOLAS O'ROURKE,WFP,136
09-01,NINA AHMAD,DEM,299
09-01,RUE LANDAU,DEM,243
09-01,WRITE-IN,,0
09-02,DREW MURRAY,REP,44
09-02,ISAIAH THOMAS,DEM,295
09-02,JIM HARRITY,DEM,183
09-02,JIM HASHER,REP,32
09-02,KATHERINE GILMORE RICHARDSON,DEM,287
09-02,KENDRA BROOKS,WFP,165
09-02,NICOLAS O'ROURKE,WFP,142
09-02,NINA AHMAD,DEM,306
09-02,RUE LANDAU,DEM,253
09-02,WRITE-IN,,5
09-03,DREW MURRAY,REP,39
09-03,ISAIAH THOMAS,DEM,355
09-03,JIM HARRITY,DEM,214
09-03,JIM HASHER,REP,36
09-03,KATHERINE GILMORE RICHARDSON,DEM,332
09-03,KENDRA BROOKS,WFP,223
09-03,NICOLAS O'ROURKE,WFP,198
09-03,NINA AHMAD,DEM,328
09-03,RUE LANDAU,DEM,322
09-03,WRITE-IN,,4
09-04,DREW MURRAY,REP,61
09-04,ISAIAH THOMAS,DEM,274
09-04,JIM HARRITY,DEM,215
09-04,JIM HASHER,REP,55
09-04,KATHERINE GILMORE RICHARDSON,DEM,269
09-04,KENDRA BROOKS,WFP,142
09-04,NICOLAS O'ROURKE,WFP,125
09-04,NINA AHMAD,DEM,261
09-04,RUE LANDAU,DEM,275
09-04,WRITE-IN,,0
09-05,DREW MURRAY,REP,61
09-05,ISAIAH THOMAS,DEM,287
09-05,JIM HARRITY,DEM,206
09-05,JIM HASHER,REP,53
09-05,KATHERINE GILMORE RICHARDSON,DEM,294
09-05,KENDRA BROOKS,WFP,151
09-05,NICOLAS O'ROURKE,WFP,139
09-05,NINA AHMAD,DEM,289
09-05,RUE LANDAU,DEM,269
09-05,WRITE-IN,,1
09-06,DREW MURRAY,REP,86
09-06,ISAIAH THOMAS,DEM,262
09-06,JIM HARRITY,DEM,201
09-06,JIM HASHER,REP,77
09-06,KATHERINE GILMORE RICHARDSON,DEM,263
09-06,KENDRA BROOKS,WFP,133
09-06,NICOLAS O'ROURKE,WFP,113
09-06,NINA AHMAD,DEM,285
09-06,RUE LANDAU,DEM,273
09-06,WRITE-IN,,0
09-07,DREW MURRAY,REP,94
09-07,ISAIAH THOMAS,DEM,220
09-07,JIM HARRITY,DEM,221
09-07,JIM HASHER,REP,85
09-07,KATHERINE GILMORE RICHARDSON,DEM,242
09-07,KENDRA BROOKS,WFP,52
09-07,NICOLAS O'ROURKE,WFP,48
09-07,NINA AHMAD,DEM,230
09-07,RUE LANDAU,DEM,226
09-07,WRITE-IN,,3
09-08,DREW MURRAY,REP,77
09-08,ISAIAH THOMAS,DEM,154
09-08,JIM HARRITY,DEM,122
09-08,JIM HASHER,REP,53
09-08,KATHERINE GILMORE RICHARDSON,DEM,166
09-08,KENDRA BROOKS,WFP,59
09-08,NICOLAS O'ROURKE,WFP,54
09-08,NINA AHMAD,DEM,154
09-08,RUE LANDAU,DEM,166
09-08,WRITE-IN,,0
09-09,DREW MURRAY,REP,94
09-09,ISAIAH THOMAS,DEM,361
09-09,JIM HARRITY,DEM,272
09-09,JIM HASHER,REP,83
09-09,KATHERINE GILMORE RICHARDSON,DEM,368
09-09,KENDRA BROOKS,WFP,171
09-09,NICOLAS O'ROURKE,WFP,143
09-09,NINA AHMAD,DEM,375
09-09,RUE LANDAU,DEM,371
09-09,WRITE-IN,,3
09-10,DREW MURRAY,REP,124
09-10,ISAIAH THOMAS,DEM,338
09-10,JIM HARRITY,DEM,278
09-10,JIM HASHER,REP,110
09-10,KATHERINE GILMORE RICHARDSON,DEM,356
09-10,KENDRA BROOKS,WFP,133
09-10,NICOLAS O'ROURKE,WFP,120
09-10,NINA AHMAD,DEM,343
09-10,RUE LANDAU,DEM,337
09-10,WRITE-IN,,0
09-11,DREW MURRAY,REP,112
09-11,ISAIAH THOMAS,DEM,359
09-11,JIM HARRITY,DEM,266
09-11,JIM HASHER,REP,101
09-11,KATHERINE GILMORE RICHARDSON,DEM,369
09-11,KENDRA BROOKS,WFP,202
09-11,NICOLAS O'ROURKE,WFP,182
09-11,NINA AHMAD,DEM,343
09-11,RUE LANDAU,DEM,371
09-11,WRITE-IN,,2
09-12,DREW MURRAY,REP,51
09-12,ISAIAH THOMAS,DEM,328
09-12,JIM HARRITY,DEM,223
09-12,JIM HASHER,REP,44
09-12,KATHERINE GILMORE RICHARDSON,DEM,343
09-12,KENDRA BROOKS,WFP,218
09-12,NICOLAS O'ROURKE,WFP,186
09-12,NINA AHMAD,DEM,331
09-12,RUE LANDAU,DEM,331
09-12,WRITE-IN,,1
09-13,DREW MURRAY,REP,21
09-13,ISAIAH THOMAS,DEM,301
09-13,JIM HARRITY,DEM,117
09-13,JIM HASHER,REP,13
09-13,KATHERINE GILMORE RICHARDSON,DEM,299
09-13,KENDRA BROOKS,WFP,269
09-13,NICOLAS O'ROURKE,WFP,236
09-13,NINA AHMAD,DEM,213
09-13,RUE LANDAU,DEM,311
09-13,WRITE-IN,,3
09-14,DREW MURRAY,REP,12
09-14,ISAIAH THOMAS,DEM,253
09-14,JIM HARRITY,DEM,129
09-14,JIM HASHER,REP,11
09-14,KATHERINE GILMORE RICHARDSON,DEM,236
09-14,KENDRA BROOKS,WFP,146
09-14,NICOLAS O'ROURKE,WFP,124
09-14,NINA AHMAD,DEM,206
09-14,RUE LANDAU,DEM,237
09-14,WRITE-IN,,1
09-15,DREW MURRAY,REP,39
09-15,ISAIAH THOMAS,DEM,308
09-15,JIM HARRITY,DEM,214
09-15,JIM HASHER,REP,27
09-15,KATHERINE GILMORE RICHARDSON,DEM,314
09-15,KENDRA BROOKS,WFP,163
09-15,NICOLAS O'ROURKE,WFP,138
09-15,NINA AHMAD,DEM,308
09-15,RUE LANDAU,DEM,341
09-15,WRITE-IN,,3
09-16,DREW MURRAY,REP,23
09-16,ISAIAH THOMAS,DEM,178
09-16,JIM HARRITY,DEM,118
09-16,JIM HASHER,REP,20
09-16,KATHERINE GILMORE RICHARDSON,DEM,172
09-16,KENDRA BROOKS,WFP,62
09-16,NICOLAS O'ROURKE,WFP,50
09-16,NINA AHMAD,DEM,174
09-16,RUE LANDAU,DEM,144
09-16,WRITE-IN,,1
09-17,DREW MURRAY,REP,14
09-17,ISAIAH THOMAS,DEM,160
09-17,JIM HARRITY,DEM,111
09-17,JIM HASHER,REP,14
09-17,KATHERINE GILMORE RICHARDSON,DEM,142
09-17,KENDRA BROOKS,WFP,46
09-17,NICOLAS O'ROURKE,WFP,35
09-17,NINA AHMAD,DEM,148
09-17,RUE LANDAU,DEM,125
09-17,WRITE-IN,,0
10-01,DREW MURRAY,REP,9
10-01,ISAIAH THOMAS,DEM,187
10-01,JIM HARRITY,DEM,152
10-01,JIM HASHER,REP,3
10-01,KATHERINE GILMORE RICHARDSON,DEM,162
10-01,KENDRA BROOKS,WFP,35
10-01,NICOLAS O'ROURKE,WFP,26
10-01,NINA AHMAD,DEM,169
10-01,RUE LANDAU,DEM,148
10-01,WRITE-IN,,0
10-02,DREW MURRAY,REP,5
10-02,ISAIAH THOMAS,DEM,216
10-02,JIM HARRITY,DEM,180
10-02,JIM HASHER,REP,5
10-02,KATHERINE GILMORE RICHARDSON,DEM,192
10-02,KENDRA BROOKS,WFP,31
10-02,NICOLAS O'ROURKE,WFP,18
10-02,NINA AHMAD,DEM,202
10-02,RUE LANDAU,DEM,168
10-02,WRITE-IN,,0
10-03,DREW MURRAY,REP,8
10-03,ISAIAH THOMAS,DEM,203
10-03,JIM HARRITY,DEM,156
10-03,JIM HASHER,REP,5
10-03,KATHERINE GILMORE RICHARDSON,DEM,177
10-03,KENDRA BROOKS,WFP,41
10-03,NICOLAS O'ROURKE,WFP,33
10-03,NINA AHMAD,DEM,182
10-03,RUE LANDAU,DEM,152
10-03,WRITE-IN,,0
10-04,DREW MURRAY,REP,4
10-04,ISAIAH THOMAS,DEM,163
10-04,JIM HARRITY,DEM,127
10-04,JIM HASHER,REP,3
10-04,KATHERINE GILMORE RICHARDSON,DEM,144
10-04,KENDRA BROOKS,WFP,38
10-04,NICOLAS O'ROURKE,WFP,33
10-04,NINA AHMAD,DEM,147
10-04,RUE LANDAU,DEM,129
10-04,WRITE-IN,,2
10-05,DREW MURRAY,REP,7
10-05,ISAIAH THOMAS,DEM,153
10-05,JIM HARRITY,DEM,102
10-05,JIM HASHER,REP,5
10-05,KATHERINE GILMORE RICHARDSON,DEM,134
10-05,KENDRA BROOKS,WFP,51
10-05,NICOLAS O'ROURKE,WFP,41
10-05,NINA AHMAD,DEM,135
10-05,RUE LANDAU,DEM,110
10-05,WRITE-IN,,0
10-06,DREW MURRAY,REP,7
10-06,ISAIAH THOMAS,DEM,180
10-06,JIM HARRITY,DEM,157
10-06,JIM HASHER,REP,7
10-06,KATHERINE GILMORE RICHARDSON,DEM,169
10-06,KENDRA BROOKS,WFP,47
10-06,NICOLAS O'ROURKE,WFP,28
10-06,NINA AHMAD,DEM,183
10-06,RUE LANDAU,DEM,155
10-06,WRITE-IN,,0
10-07,DREW MURRAY,REP,3
10-07,ISAIAH THOMAS,DEM,146
10-07,JIM HARRITY,DEM,110
10-07,JIM HASHER,REP,4
10-07,KATHERINE GILMORE RICHARDSON,DEM,121
10-07,KENDRA BROOKS,WFP,64
10-07,NICOLAS O'ROURKE,WFP,45
10-07,NINA AHMAD,DEM,125
10-07,RUE LANDAU,DEM,113
10-07,WRITE-IN,,0
10-08,DREW MURRAY,REP,7
10-08,ISAIAH THOMAS,DEM,124
10-08,JIM HARRITY,DEM,101
10-08,JIM HASHER,REP,4
10-08,KATHERINE GILMORE RICHARDSON,DEM,104
10-08,KENDRA BROOKS,WFP,32
10-08,NICOLAS O'ROURKE,WFP,25
10-08,NINA AHMAD,DEM,121
10-08,RUE LANDAU,DEM,101
10-08,WRITE-IN,,0
10-09,DREW MURRAY,REP,7
10-09,ISAIAH THOMAS,DEM,164
10-09,JIM HARRITY,DEM,124
10-09,JIM HASHER,REP,3
10-09,KATHERINE GILMORE RICHARDSON,DEM,146
10-09,KENDRA BROOKS,WFP,35
10-09,NICOLAS O'ROURKE,WFP,23
10-09,NINA AHMAD,DEM,145
10-09,RUE LANDAU,DEM,128
10-09,WRITE-IN,,1
10-10,DREW MURRAY,REP,6
10-10,ISAIAH THOMAS,DEM,127
10-10,JIM HARRITY,DEM,89
10-10,JIM HASHER,REP,3
10-10,KATHERINE GILMORE RICHARDSON,DEM,107
10-10,KENDRA BROOKS,WFP,46
10-10,NICOLAS O'ROURKE,WFP,37
10-10,NINA AHMAD,DEM,110
10-10,RUE LANDAU,DEM,95
10-10,WRITE-IN,,1
10-11,DREW MURRAY,REP,10
10-11,ISAIAH THOMAS,DEM,130
10-11,JIM HARRITY,DEM,70
10-11,JIM HASHER,REP,7
10-11,KATHERINE GILMORE RICHARDSON,DEM,90
10-11,KENDRA BROOKS,WFP,73
10-11,NICOLAS O'ROURKE,WFP,58
10-11,NINA AHMAD,DEM,116
10-11,RUE LANDAU,DEM,94
10-11,WRITE-IN,,0
10-12,DREW MURRAY,REP,9
10-12,ISAIAH THOMAS,DEM,211
10-12,JIM HARRITY,DEM,170
10-12,JIM HASHER,REP,9
10-12,KATHERINE GILMORE RICHARDSON,DEM,188
10-12,KENDRA BROOKS,WFP,44
10-12,NICOLAS O'ROURKE,WFP,26
10-12,NINA AHMAD,DEM,205
10-12,RUE LANDAU,DEM,170
10-12,WRITE-IN,,0
10-13,DREW MURRAY,REP,7
10-13,ISAIAH THOMAS,DEM,228
10-13,JIM HARRITY,DEM,164
10-13,JIM HASHER,REP,3
10-13,KATHERINE GILMORE RICHARDSON,DEM,202
10-13,KENDRA BROOKS,WFP,57
10-13,NICOLAS O'ROURKE,WFP,42
10-13,NINA AHMAD,DEM,221
10-13,RUE LANDAU,DEM,172
10-13,WRITE-IN,,1
10-14,DREW MURRAY,REP,12
10-14,ISAIAH THOMAS,DEM,213
10-14,JIM HARRITY,DEM,149
10-14,JIM HASHER,REP,10
10-14,KATHERINE GILMORE RICHARDSON,DEM,183
10-14,KENDRA BROOKS,WFP,53
10-14,NICOLAS O'ROURKE,WFP,36
10-14,NINA AHMAD,DEM,187
10-14,RUE LANDAU,DEM,148
10-14,WRITE-IN,,5
10-15,DREW MURRAY,REP,4
10-15,ISAIAH THOMAS,DEM,174
10-15,JIM HARRITY,DEM,133
10-15,JIM HASHER,REP,4
10-15,KATHERINE GILMORE RICHARDSON,DEM,146
10-15,KENDRA BROOKS,WFP,26
10-15,NICOLAS O'ROURKE,WFP,18
10-15,NINA AHMAD,DEM,162
10-15,RUE LANDAU,DEM,127
10-15,WRITE-IN,,1
10-16,DREW MURRAY,REP,7
10-16,ISAIAH THOMAS,DEM,159
10-16,JIM HARRITY,DEM,112
10-16,JIM HASHER,REP,9
10-16,KATHERINE GILMORE RICHARDSON,DEM,142
10-16,KENDRA BROOKS,WFP,46
10-16,NICOLAS O'ROURKE,WFP,26
10-16,NINA AHMAD,DEM,146
10-16,RUE LANDAU,DEM,119
10-16,WRITE-IN,,2
10-17,DREW MURRAY,REP,7
10-17,ISAIAH THOMAS,DEM,163
10-17,JIM HARRITY,DEM,127
10-17,JIM HASHER,REP,5
10-17,KATHERINE GILMORE RICHARDSON,DEM,144
10-17,KENDRA BROOKS,WFP,35
10-17,NICOLAS O'ROURKE,WFP,24
10-17,NINA AHMAD,DEM,155
10-17,RUE LANDAU,DEM,129
10-17,WRITE-IN,,0
10-18,DREW MURRAY,REP,10
10-18,ISAIAH THOMAS,DEM,157
10-18,JIM HARRITY,DEM,113
10-18,JIM HASHER,REP,3
10-18,KATHERINE GILMORE RICHARDSON,DEM,139
10-18,KENDRA BROOKS,WFP,34
10-18,NICOLAS O'ROURKE,WFP,29
10-18,NINA AHMAD,DEM,139
10-18,RUE LANDAU,DEM,117
10-18,WRITE-IN,,0
10-19,DREW MURRAY,REP,4
10-19,ISAIAH THOMAS,DEM,184
10-19,JIM HARRITY,DEM,136
10-19,JIM HASHER,REP,4
10-19,KATHERINE GILMORE RICHARDSON,DEM,168
10-19,KENDRA BROOKS,WFP,36
10-19,NICOLAS O'ROURKE,WFP,26
10-19,NINA AHMAD,DEM,163
10-19,RUE LANDAU,DEM,141
10-19,WRITE-IN,,0
10-20,DREW MURRAY,REP,6
10-20,ISAIAH THOMAS,DEM,179
10-20,JIM HARRITY,DEM,120
10-20,JIM HASHER,REP,6
10-20,KATHERINE GILMORE RICHARDSON,DEM,149
10-20,KENDRA BROOKS,WFP,42
10-20,NICOLAS O'ROURKE,WFP,28
10-20,NINA AHMAD,DEM,163
10-20,RUE LANDAU,DEM,128
10-20,WRITE-IN,,3
10-21,DREW MURRAY,REP,4
10-21,ISAIAH THOMAS,DEM,217
10-21,JIM HARRITY,DEM,157
10-21,JIM HASHER,REP,1
10-21,KATHERINE GILMORE RICHARDSON,DEM,196
10-21,KENDRA BROOKS,WFP,64
10-21,NICOLAS O'ROURKE,WFP,45
10-21,NINA AHMAD,DEM,195
10-21,RUE LANDAU,DEM,157
10-21,WRITE-IN,,0
10-22,DREW MURRAY,REP,4
10-22,ISAIAH THOMAS,DEM,119
10-22,JIM HARRITY,DEM,84
10-22,JIM HASHER,REP,6
10-22,KATHERINE GILMORE RICHARDSON,DEM,106
10-22,KENDRA BROOKS,WFP,30
10-22,NICOLAS O'ROURKE,WFP,16
10-22,NINA AHMAD,DEM,106
10-22,RUE LANDAU,DEM,80
10-22,WRITE-IN,,0
10-23,DREW MURRAY,REP,5
10-23,ISAIAH THOMAS,DEM,193
10-23,JIM HARRITY,DEM,143
10-23,JIM HASHER,REP,5
10-23,KATHERINE GILMORE RICHARDSON,DEM,170
10-23,KENDRA BROOKS,WFP,33
10-23,NICOLAS O'ROURKE,WFP,23
10-23,NINA AHMAD,DEM,177
10-23,RUE LANDAU,DEM,149
10-23,WRITE-IN,,0
10-24,DREW MURRAY,REP,4
10-24,ISAIAH THOMAS,DEM,175
10-24,JIM HARRITY,DEM,132
10-24,JIM HASHER,REP,8
10-24,KATHERINE GILMORE RICHARDSON,DEM,148
10-24,KENDRA BROOKS,WFP,45
10-24,NICOLAS O'ROURKE,WFP,32
10-24,NINA AHMAD,DEM,156
10-24,RUE LANDAU,DEM,133
10-24,WRITE-IN,,0
10-25,DREW MURRAY,REP,7
10-25,ISAIAH THOMAS,DEM,185
10-25,JIM HARRITY,DEM,125
10-25,JIM HASHER,REP,6
10-25,KATHERINE GILMORE RICHARDSON,DEM,162
10-25,KENDRA BROOKS,WFP,44
10-25,NICOLAS O'ROURKE,WFP,27
10-25,NINA AHMAD,DEM,174
10-25,RUE LANDAU,DEM,123
10-25,WRITE-IN,,0
10-26,DREW MURRAY,REP,6
10-26,ISAIAH THOMAS,DEM,191
10-26,JIM HARRITY,DEM,147
10-26,JIM HASHER,REP,4
10-26,KATHERINE GILMORE RICHARDSON,DEM,162
10-26,KENDRA BROOKS,WFP,40
10-26,NICOLAS O'ROURKE,WFP,21
10-26,NINA AHMAD,DEM,177
10-26,RUE LANDAU,DEM,138
10-26,WRITE-IN,,0
10-27,DREW MURRAY,REP,6
10-27,ISAIAH THOMAS,DEM,165
10-27,JIM HARRITY,DEM,109
10-27,JIM HASHER,REP,7
10-27,KATHERINE GILMORE RICHARDSON,DEM,119
10-27,KENDRA BROOKS,WFP,44
10-27,NICOLAS O'ROURKE,WFP,26
10-27,NINA AHMAD,DEM,132
10-27,RUE LANDAU,DEM,111
10-27,WRITE-IN,,0
10-28,DREW MURRAY,REP,4
10-28,ISAIAH THOMAS,DEM,177
10-28,JIM HARRITY,DEM,132
10-28,JIM HASHER,REP,6
10-28,KATHERINE GILMORE RICHARDSON,DEM,159
10-28,KENDRA BROOKS,WFP,33
10-28,NICOLAS O'ROURKE,WFP,21
10-28,NINA AHMAD,DEM,167
10-28,RUE LANDAU,DEM,143
10-28,WRITE-IN,,0
10-29,DREW MURRAY,REP,9
10-29,ISAIAH THOMAS,DEM,250
10-29,JIM HARRITY,DEM,191
10-29,JIM HASHER,REP,7
10-29,KATHERINE GILMORE RICHARDSON,DEM,231
10-29,KENDRA BROOKS,WFP,76
10-29,NICOLAS O'ROURKE,WFP,48
10-29,NINA AHMAD,DEM,233
10-29,RUE LANDAU,DEM,196
10-29,WRITE-IN,,1
11-01,DREW MURRAY,REP,4
11-01,ISAIAH THOMAS,DEM,45
11-01,JIM HARRITY,DEM,21
11-01,JIM HASHER,REP,4
11-01,KATHERINE GILMORE RICHARDSON,DEM,37
11-01,KENDRA BROOKS,WFP,16
11-01,NICOLAS O'ROURKE,WFP,10
11-01,NINA AHMAD,DEM,33
11-01,RUE LANDAU,DEM,19
11-01,WRITE-IN,,0
11-02,DREW MURRAY,REP,2
11-02,ISAIAH THOMAS,DEM,117
11-02,JIM HARRITY,DEM,99
11-02,JIM HASHER,REP,4
11-02,KATHERINE GILMORE RICHARDSON,DEM,102
11-02,KENDRA BROOKS,WFP,27
11-02,NICOLAS O'ROURKE,WFP,19
11-02,NINA AHMAD,DEM,111
11-02,RUE LANDAU,DEM,94
11-02,WRITE-IN,,0
11-03,DREW MURRAY,REP,1
11-03,ISAIAH THOMAS,DEM,86
11-03,JIM HARRITY,DEM,76
11-03,JIM HASHER,REP,0
11-03,KATHERINE GILMORE RICHARDSON,DEM,80
11-03,KENDRA BROOKS,WFP,10
11-03,NICOLAS O'ROURKE,WFP,6
11-03,NINA AHMAD,DEM,78
11-03,RUE LANDAU,DEM,78
11-03,WRITE-IN,,0
11-04,DREW MURRAY,REP,3
11-04,ISAIAH THOMAS,DEM,27
11-04,JIM HARRITY,DEM,18
11-04,JIM HASHER,REP,2
11-04,KATHERINE GILMORE RICHARDSON,DEM,25
11-04,KENDRA BROOKS,WFP,10
11-04,NICOLAS O'ROURKE,WFP,7
11-04,NINA AHMAD,DEM,27
11-04,RUE LANDAU,DEM,18
11-04,WRITE-IN,,0
11-05,DREW MURRAY,REP,1
11-05,ISAIAH THOMAS,DEM,61
11-05,JIM HARRITY,DEM,42
11-05,JIM HASHER,REP,0
11-05,KATHERINE GILMORE RICHARDSON,DEM,54
11-05,KENDRA BROOKS,WFP,12
11-05,NICOLAS O'ROURKE,WFP,4
11-05,NINA AHMAD,DEM,46
11-05,RUE LANDAU,DEM,43
11-05,WRITE-IN,,0
11-06,DREW MURRAY,REP,0
11-06,ISAIAH THOMAS,DEM,51
11-06,JIM HARRITY,DEM,35
11-06,JIM HASHER,REP,0
11-06,KATHERINE GILMORE RICHARDSON,DEM,39
11-06,KENDRA BROOKS,WFP,24
11-06,NICOLAS O'ROURKE,WFP,21
11-06,NINA AHMAD,DEM,51
11-06,RUE LANDAU,DEM,31
11-06,WRITE-IN,,0
11-07,DREW MURRAY,REP,2
11-07,ISAIAH THOMAS,DEM,91
11-07,JIM HARRITY,DEM,67
11-07,JIM HASHER,REP,3
11-07,KATHERINE GILMORE RICHARDSON,DEM,77
11-07,KENDRA BROOKS,WFP,25
11-07,NICOLAS O'ROURKE,WFP,15
11-07,NINA AHMAD,DEM,77
11-07,RUE LANDAU,DEM,62
11-07,WRITE-IN,,2
11-08,DREW MURRAY,REP,6
11-08,ISAIAH THOMAS,DEM,101
11-08,JIM HARRITY,DEM,81
11-08,JIM HASHER,REP,7
11-08,KATHERINE GILMORE RICHARDSON,DEM,93
11-08,KENDRA BROOKS,WFP,25
11-08,NICOLAS O'ROURKE,WFP,13
11-08,NINA AHMAD,DEM,92
11-08,RUE LANDAU,DEM,74
11-08,WRITE-IN,,0
11-09,DREW MURRAY,REP,8
11-09,ISAIAH THOMAS,DEM,121
11-09,JIM HARRITY,DEM,89
11-09,JIM HASHER,REP,7
11-09,KATHERINE GILMORE RICHARDSON,DEM,108
11-09,KENDRA BROOKS,WFP,23
11-09,NICOLAS O'ROURKE,WFP,16
11-09,NINA AHMAD,DEM,114
11-09,RUE LANDAU,DEM,90
11-09,WRITE-IN,,0
11-10,DREW MURRAY,REP,2
11-10,ISAIAH THOMAS,DEM,38
11-10,JIM HARRITY,DEM,27
11-10,JIM HASHER,REP,1
11-10,KATHERINE GILMORE RICHARDSON,DEM,31
11-10,KENDRA BROOKS,WFP,11
11-10,NICOLAS O'ROURKE,WFP,7
11-10,NINA AHMAD,DEM,36
11-10,RUE LANDAU,DEM,28
11-10,WRITE-IN,,0
11-11,DREW MURRAY,REP,9
11-11,ISAIAH THOMAS,DEM,114
11-11,JIM HARRITY,DEM,91
11-11,JIM HASHER,REP,8
11-11,KATHERINE GILMORE RICHARDSON,DEM,103
11-11,KENDRA BROOKS,WFP,17
11-11,NICOLAS O'ROURKE,WFP,11
11-11,NINA AHMAD,DEM,105
11-11,RUE LANDAU,DEM,91
11-11,WRITE-IN,,0
11-12,DREW MURRAY,REP,6
11-12,ISAIAH THOMAS,DEM,66
11-12,JIM HARRITY,DEM,36
11-12,JIM HASHER,REP,5
11-12,KATHERINE GILMORE RICHARDSON,DEM,46
11-12,KENDRA BROOKS,WFP,20
11-12,NICOLAS O'ROURKE,WFP,7
11-12,NINA AHMAD,DEM,54
11-12,RUE LANDAU,DEM,38
11-12,WRITE-IN,,1
11-13,DREW MURRAY,REP,3
11-13,ISAIAH THOMAS,DEM,73
11-13,JIM HARRITY,DEM,46
11-13,JIM HASHER,REP,1
11-13,KATHERINE GILMORE RICHARDSON,DEM,65
11-13,KENDRA BROOKS,WFP,37
11-13,NICOLAS O'ROURKE,WFP,28
11-13,NINA AHMAD,DEM,57
11-13,RUE LANDAU,DEM,54
11-13,WRITE-IN,,0
11-14,DREW MURRAY,REP,5
11-14,ISAIAH THOMAS,DEM,75
11-14,JIM HARRITY,DEM,47
11-14,JIM HASHER,REP,5
11-14,KATHERINE GILMORE RICHARDSON,DEM,61
11-14,KENDRA BROOKS,WFP,19
11-14,NICOLAS O'ROURKE,WFP,12
11-14,NINA AHMAD,DEM,68
11-14,RUE LANDAU,DEM,49
11-14,WRITE-IN,,0
11-15,DREW MURRAY,REP,3
11-15,ISAIAH THOMAS,DEM,51
11-15,JIM HARRITY,DEM,34
11-15,JIM HASHER,REP,3
11-15,KATHERINE GILMORE RICHARDSON,DEM,38
11-15,KENDRA BROOKS,WFP,16
11-15,NICOLAS O'ROURKE,WFP,13
11-15,NINA AHMAD,DEM,40
11-15,RUE LANDAU,DEM,27
11-15,WRITE-IN,,0
11-16,DREW MURRAY,REP,5
11-16,ISAIAH THOMAS,DEM,82
11-16,JIM HARRITY,DEM,63
11-16,JIM HASHER,REP,5
11-16,KATHERINE GILMORE RICHARDSON,DEM,83
11-16,KENDRA BROOKS,WFP,26
11-16,NICOLAS O'ROURKE,WFP,18
11-16,NINA AHMAD,DEM,81
11-16,RUE LANDAU,DEM,65
11-16,WRITE-IN,,0
11-17,DREW MURRAY,REP,7
11-17,ISAIAH THOMAS,DEM,58
11-17,JIM HARRITY,DEM,41
11-17,JIM HASHER,REP,6
11-17,KATHERINE GILMORE RICHARDSON,DEM,45
11-17,KENDRA BROOKS,WFP,12
11-17,NICOLAS O'ROURKE,WFP,7
11-17,NINA AHMAD,DEM,51
11-17,RUE LANDAU,DEM,39
11-17,WRITE-IN,,0
11-18,DREW MURRAY,REP,4
11-18,ISAIAH THOMAS,DEM,69
11-18,JIM HARRITY,DEM,36
11-18,JIM HASHER,REP,2
11-18,KATHERINE GILMORE RICHARDSON,DEM,57
11-18,KENDRA BROOKS,WFP,25
11-18,NICOLAS O'ROURKE,WFP,16
11-18,NINA AHMAD,DEM,55
11-18,RUE LANDAU,DEM,39
11-18,WRITE-IN,,0
11-19,DREW MURRAY,REP,3
11-19,ISAIAH THOMAS,DEM,121
11-19,JIM HARRITY,DEM,92
11-19,JIM HASHER,REP,3
11-19,KATHERINE GILMORE RICHARDSON,DEM,107
11-19,KENDRA BROOKS,WFP,24
11-19,NICOLAS O'ROURKE,WFP,15
11-19,NINA AHMAD,DEM,107
11-19,RUE LANDAU,DEM,96
11-19,WRITE-IN,,0
11-20,DREW MURRAY,REP,7
11-20,ISAIAH THOMAS,DEM,116
11-20,JIM HARRITY,DEM,95
11-20,JIM HASHER,REP,2
11-20,KATHERINE GILMORE RICHARDSON,DEM,102
11-20,KENDRA BROOKS,WFP,20
11-20,NICOLAS O'ROURKE,WFP,17
11-20,NINA AHMAD,DEM,108
11-20,RUE LANDAU,DEM,94
11-20,WRITE-IN,,0
12-01,DREW MURRAY,REP,2
12-01,ISAIAH THOMAS,DEM,130
12-01,JIM HARRITY,DEM,95
12-01,JIM HASHER,REP,4
12-01,KATHERINE GILMORE RICHARDSON,DEM,103
12-01,KENDRA BROOKS,WFP,33
12-01,NICOLAS O'ROURKE,WFP,13
12-01,NINA AHMAD,DEM,114
12-01,RUE LANDAU,DEM,90
12-01,WRITE-IN,,0
12-02,DREW MURRAY,REP,8
12-02,ISAIAH THOMAS,DEM,111
12-02,JIM HARRITY,DEM,92
12-02,JIM HASHER,REP,8
12-02,KATHERINE GILMORE RICHARDSON,DEM,100
12-02,KENDRA BROOKS,WFP,18
12-02,NICOLAS O'ROURKE,WFP,11
12-02,NINA AHMAD,DEM,103
12-02,RUE LANDAU,DEM,89
12-02,WRITE-IN,,0
12-03,DREW MURRAY,REP,5
12-03,ISAIAH THOMAS,DEM,94
12-03,JIM HARRITY,DEM,78
12-03,JIM HASHER,REP,5
12-03,KATHERINE GILMORE RICHARDSON,DEM,84
12-03,KENDRA BROOKS,WFP,14
12-03,NICOLAS O'ROURKE,WFP,9
12-03,NINA AHMAD,DEM,87
12-03,RUE LANDAU,DEM,77
12-03,WRITE-IN,,0
12-04,DREW MURRAY,REP,4
12-04,ISAIAH THOMAS,DEM,41
12-04,JIM HARRITY,DEM,33
12-04,JIM HASHER,REP,5
12-04,KATHERINE GILMORE RICHARDSON,DEM,39
12-04,KENDRA BROOKS,WFP,28
12-04,NICOLAS O'ROURKE,WFP,25
12-04,NINA AHMAD,DEM,38
12-04,RUE LANDAU,DEM,34
12-04,WRITE-IN,,2
12-05,DREW MURRAY,REP,7
12-05,ISAIAH THOMAS,DEM,204
12-05,JIM HARRITY,DEM,134
12-05,JIM HASHER,REP,7
12-05,KATHERINE GILMORE RICHARDSON,DEM,166
12-05,KENDRA BROOKS,WFP,73
12-05,NICOLAS O'ROURKE,WFP,55
12-05,NINA AHMAD,DEM,176
12-05,RUE LANDAU,DEM,145
12-05,WRITE-IN,,1
12-06,DREW MURRAY,REP,12
12-06,ISAIAH THOMAS,DEM,105
12-06,JIM HARRITY,DEM,67
12-06,JIM HASHER,REP,9
12-06,KATHERINE GILMORE RICHARDSON,DEM,87
12-06,KENDRA BROOKS,WFP,56
12-06,NICOLAS O'ROURKE,WFP,47
12-06,NINA AHMAD,DEM,102
12-06,RUE LANDAU,DEM,75
12-06,WRITE-IN,,2
12-07,DREW MURRAY,REP,9
12-07,ISAIAH THOMAS,DEM,116
12-07,JIM HARRITY,DEM,70
12-07,JIM HASHER,REP,8
12-07,KATHERINE GILMORE RICHARDSON,DEM,99
12-07,KENDRA BROOKS,WFP,82
12-07,NICOLAS O'ROURKE,WFP,73
12-07,NINA AHMAD,DEM,114
12-07,RUE LANDAU,DEM,81
12-07,WRITE-IN,,2
12-08,DREW MURRAY,REP,11
12-08,ISAIAH THOMAS,DEM,155
12-08,JIM HARRITY,DEM,87
12-08,JIM HASHER,REP,12
12-08,KATHERINE GILMORE RICHARDSON,DEM,137
12-08,KENDRA BROOKS,WFP,81
12-08,NICOLAS O'ROURKE,WFP,74
12-08,NINA AHMAD,DEM,124
12-08,RUE LANDAU,DEM,109
12-08,WRITE-IN,,0
12-09,DREW MURRAY,REP,10
12-09,ISAIAH THOMAS,DEM,124
12-09,JIM HARRITY,DEM,77
12-09,JIM HASHER,REP,8
12-09,KATHERINE GILMORE RICHARDSON,DEM,103
12-09,KENDRA BROOKS,WFP,66
12-09,NICOLAS O'ROURKE,WFP,56
12-09,NINA AHMAD,DEM,99
12-09,RUE LANDAU,DEM,104
12-09,WRITE-IN,,0
12-10,DREW MURRAY,REP,7
12-10,ISAIAH THOMAS,DEM,93
12-10,JIM HARRITY,DEM,68
12-10,JIM HASHER,REP,10
12-10,KATHERINE GILMORE RICHARDSON,DEM,80
12-10,KENDRA BROOKS,WFP,29
12-10,NICOLAS O'ROURKE,WFP,27
12-10,NINA AHMAD,DEM,81
12-10,RUE LANDAU,DEM,70
12-10,WRITE-IN,,0
12-11,DREW MURRAY,REP,12
12-11,ISAIAH THOMAS,DEM,175
12-11,JIM HARRITY,DEM,133
12-11,JIM HASHER,REP,8
12-11,KATHERINE GILMORE RICHARDSON,DEM,161
12-11,KENDRA BROOKS,WFP,58
12-11,NICOLAS O'ROURKE,WFP,37
12-11,NINA AHMAD,DEM,156
12-11,RUE LANDAU,DEM,152
12-11,WRITE-IN,,0
12-12,DREW MURRAY,REP,3
12-12,ISAIAH THOMAS,DEM,132
12-12,JIM HARRITY,DEM,88
12-12,JIM HASHER,REP,4
12-12,KATHERINE GILMORE RICHARDSON,DEM,119
12-12,KENDRA BROOKS,WFP,65
12-12,NICOLAS O'ROURKE,WFP,51
12-12,NINA AHMAD,DEM,122
12-12,RUE LANDAU,DEM,100
12-12,WRITE-IN,,2
12-13,DREW MURRAY,REP,6
12-13,ISAIAH THOMAS,DEM,101
12-13,JIM HARRITY,DEM,75
12-13,JIM HASHER,REP,5
12-13,KATHERINE GILMORE RICHARDSON,DEM,81
12-13,KENDRA BROOKS,WFP,29
12-13,NICOLAS O'ROURKE,WFP,22
12-13,NINA AHMAD,DEM,82
12-13,RUE LANDAU,DEM,70
12-13,WRITE-IN,,0
12-14,DREW MURRAY,REP,4
12-14,ISAIAH THOMAS,DEM,117
12-14,JIM HARRITY,DEM,74
12-14,JIM HASHER,REP,5
12-14,KATHERINE GILMORE RICHARDSON,DEM,102
12-14,KENDRA BROOKS,WFP,70
12-14,NICOLAS O'ROURKE,WFP,57
12-14,NINA AHMAD,DEM,94
12-14,RUE LANDAU,DEM,83
12-14,WRITE-IN,,0
12-15,DREW MURRAY,REP,23
12-15,ISAIAH THOMAS,DEM,194
12-15,JIM HARRITY,DEM,131
12-15,JIM HASHER,REP,17
12-15,KATHERINE GILMORE RICHARDSON,DEM,188
12-15,KENDRA BROOKS,WFP,89
12-15,NICOLAS O'ROURKE,WFP,78
12-15,NINA AHMAD,DEM,184
12-15,RUE LANDAU,DEM,165
12-15,WRITE-IN,,0
12-16,DREW MURRAY,REP,37
12-16,ISAIAH THOMAS,DEM,216
12-16,JIM HARRITY,DEM,140
12-16,JIM HASHER,REP,21
12-16,KATHERINE GILMORE RICHARDSON,DEM,208
12-16,KENDRA BROOKS,WFP,92
12-16,NICOLAS O'ROURKE,WFP,67
12-16,NINA AHMAD,DEM,206
12-16,RUE LANDAU,DEM,197
12-16,WRITE-IN,,0
12-17,DREW MURRAY,REP,13
12-17,ISAIAH THOMAS,DEM,154
12-17,JIM HARRITY,DEM,103
12-17,JIM HASHER,REP,11
12-17,KATHERINE GILMORE RICHARDSON,DEM,137
12-17,KENDRA BROOKS,WFP,89
12-17,NICOLAS O'ROURKE,WFP,64
12-17,NINA AHMAD,DEM,130
12-17,RUE LANDAU,DEM,123
12-17,WRITE-IN,,0
12-18,DREW MURRAY,REP,3
12-18,ISAIAH THOMAS,DEM,97
12-18,JIM HARRITY,DEM,69
12-18,JIM HASHER,REP,4
12-18,KATHERINE GILMORE RICHARDSON,DEM,99
12-18,KENDRA BROOKS,WFP,66
12-18,NICOLAS O'ROURKE,WFP,53
12-18,NINA AHMAD,DEM,98
12-18,RUE LANDAU,DEM,77
12-18,WRITE-IN,,3
12-19,DREW MURRAY,REP,9
12-19,ISAIAH THOMAS,DEM,72
12-19,JIM HARRITY,DEM,52
12-19,JIM HASHER,REP,6
12-19,KATHERINE GILMORE RICHARDSON,DEM,71
12-19,KENDRA BROOKS,WFP,56
12-19,NICOLAS O'ROURKE,WFP,44
12-19,NINA AHMAD,DEM,77
12-19,RUE LANDAU,DEM,62
12-19,WRITE-IN,,0
12-20,DREW MURRAY,REP,5
12-20,ISAIAH THOMAS,DEM,114
12-20,JIM HARRITY,DEM,66
12-20,JIM HASHER,REP,2
12-20,KATHERINE GILMORE RICHARDSON,DEM,97
12-20,KENDRA BROOKS,WFP,68
12-20,NICOLAS O'ROURKE,WFP,53
12-20,NINA AHMAD,DEM,105
12-20,RUE LANDAU,DEM,94
12-20,WRITE-IN,,3
12-21,DREW MURRAY,REP,3
12-21,ISAIAH THOMAS,DEM,98
12-21,JIM HARRITY,DEM,58
12-21,JIM HASHER,REP,4
12-21,KATHERINE GILMORE RICHARDSON,DEM,76
12-21,KENDRA BROOKS,WFP,44
12-21,NICOLAS O'ROURKE,WFP,36
12-21,NINA AHMAD,DEM,79
12-21,RUE LANDAU,DEM,68
12-21,WRITE-IN,,2
12-22,DREW MURRAY,REP,20
12-22,ISAIAH THOMAS,DEM,217
12-22,JIM HARRITY,DEM,111
12-22,JIM HASHER,REP,19
12-22,KATHERINE GILMORE RICHARDSON,DEM,190
12-22,KENDRA BROOKS,WFP,131
12-22,NICOLAS O'ROURKE,WFP,116
12-22,NINA AHMAD,DEM,184
12-22,RUE LANDAU,DEM,168
12-22,WRITE-IN,,3
12-23,DREW MURRAY,REP,14
12-23,ISAIAH THOMAS,DEM,227
12-23,JIM HARRITY,DEM,112
12-23,JIM HASHER,REP,11
12-23,KATHERINE GILMORE RICHARDSON,DEM,198
12-23,KENDRA BROOKS,WFP,189
12-23,NICOLAS O'ROURKE,WFP,170
12-23,NINA AHMAD,DEM,205
12-23,RUE LANDAU,DEM,197
12-23,WRITE-IN,,0
12-24,DREW MURRAY,REP,7
12-24,ISAIAH THOMAS,DEM,119
12-24,JIM HARRITY,DEM,44
12-24,JIM HASHER,REP,6
12-24,KATHERINE GILMORE RICHARDSON,DEM,109
12-24,KENDRA BROOKS,WFP,83
12-24,NICOLAS O'ROURKE,WFP,75
12-24,NINA AHMAD,DEM,67
12-24,RUE LANDAU,DEM,98
12-24,WRITE-IN,,0
13-01,DREW MURRAY,REP,10
13-01,ISAIAH THOMAS,DEM,150
13-01,JIM HARRITY,DEM,108
13-01,JIM HASHER,REP,7
13-01,KATHERINE GILMORE RICHARDSON,DEM,136
13-01,KENDRA BROOKS,WFP,65
13-01,NICOLAS O'ROURKE,WFP,58
13-01,NINA AHMAD,DEM,144
13-01,RUE LANDAU,DEM,114
13-01,WRITE-IN,,0
13-02,DREW MURRAY,REP,6
13-02,ISAIAH THOMAS,DEM,103
13-02,JIM HARRITY,DEM,63
13-02,JIM HASHER,REP,4
13-02,KATHERINE GILMORE RICHARDSON,DEM,80
13-02,KENDRA BROOKS,WFP,66
13-02,NICOLAS O'ROURKE,WFP,59
13-02,NINA AHMAD,DEM,96
13-02,RUE LANDAU,DEM,77
13-02,WRITE-IN,,0
13-03,DREW MURRAY,REP,4
13-03,ISAIAH THOMAS,DEM,116
13-03,JIM HARRITY,DEM,72
13-03,JIM HASHER,REP,7
13-03,KATHERINE GILMORE RICHARDSON,DEM,104
13-03,KENDRA BROOKS,WFP,66
13-03,NICOLAS O'ROURKE,WFP,56
13-03,NINA AHMAD,DEM,105
13-03,RUE LANDAU,DEM,82
13-03,WRITE-IN,,1
13-04,DREW MURRAY,REP,20
13-04,ISAIAH THOMAS,DEM,218
13-04,JIM HARRITY,DEM,130
13-04,JIM HASHER,REP,16
13-04,KATHERINE GILMORE RICHARDSON,DEM,198
13-04,KENDRA BROOKS,WFP,144
13-04,NICOLAS O'ROURKE,WFP,120
13-04,NINA AHMAD,DEM,208
13-04,RUE LANDAU,DEM,178
13-04,WRITE-IN,,0
13-05,DREW MURRAY,REP,18
13-05,ISAIAH THOMAS,DEM,135
13-05,JIM HARRITY,DEM,69
13-05,JIM HASHER,REP,13
13-05,KATHERINE GILMORE RICHARDSON,DEM,119
13-05,KENDRA BROOKS,WFP,102
13-05,NICOLAS O'ROURKE,WFP,82
13-05,NINA AHMAD,DEM,112
13-05,RUE LANDAU,DEM,102
13-05,WRITE-IN,,1
13-06,DREW MURRAY,REP,5
13-06,ISAIAH THOMAS,DEM,90
13-06,JIM HARRITY,DEM,59
13-06,JIM HASHER,REP,4
13-06,KATHERINE GILMORE RICHARDSON,DEM,68
13-06,KENDRA BROOKS,WFP,44
13-06,NICOLAS O'ROURKE,WFP,31
13-06,NINA AHMAD,DEM,76
13-06,RUE LANDAU,DEM,65
13-06,WRITE-IN,,0
13-07,DREW MURRAY,REP,3
13-07,ISAIAH THOMAS,DEM,53
13-07,JIM HARRITY,DEM,40
13-07,JIM HASHER,REP,2
13-07,KATHERINE GILMORE RICHARDSON,DEM,46
13-07,KENDRA BROOKS,WFP,33
13-07,NICOLAS O'ROURKE,WFP,21
13-07,NINA AHMAD,DEM,51
13-07,RUE LANDAU,DEM,42
13-07,WRITE-IN,,1
13-08,DREW MURRAY,REP,4
13-08,ISAIAH THOMAS,DEM,83
13-08,JIM HARRITY,DEM,59
13-08,JIM HASHER,REP,3
13-08,KATHERINE GILMORE RICHARDSON,DEM,74
13-08,KENDRA BROOKS,WFP,35
13-08,NICOLAS O'ROURKE,WFP,26
13-08,NINA AHMAD,DEM,71
13-08,RUE LANDAU,DEM,58
13-08,WRITE-IN,,0
13-09,DREW MURRAY,REP,5
13-09,ISAIAH THOMAS,DEM,84
13-09,JIM HARRITY,DEM,48
13-09,JIM HASHER,REP,5
13-09,KATHERINE GILMORE RICHARDSON,DEM,73
13-09,KENDRA BROOKS,WFP,66
13-09,NICOLAS O'ROURKE,WFP,54
13-09,NINA AHMAD,DEM,66
13-09,RUE LANDAU,DEM,53
13-09,WRITE-IN,,0
13-10,DREW MURRAY,REP,5
13-10,ISAIAH THOMAS,DEM,84
13-10,JIM HARRITY,DEM,57
13-10,JIM HASHER,REP,7
13-10,KATHERINE GILMORE RICHARDSON,DEM,68
13-10,KENDRA BROOKS,WFP,39
13-10,NICOLAS O'ROURKE,WFP,29
13-10,NINA AHMAD,DEM,68
13-10,RUE LANDAU,DEM,51
13-10,WRITE-IN,,0
13-11,DREW MURRAY,REP,5
13-11,ISAIAH THOMAS,DEM,76
13-11,JIM HARRITY,DEM,42
13-11,JIM HASHER,REP,3
13-11,KATHERINE GILMORE RICHARDSON,DEM,58
13-11,KENDRA BROOKS,WFP,32
13-11,NICOLAS O'ROURKE,WFP,21
13-11,NINA AHMAD,DEM,57
13-11,RUE LANDAU,DEM,44
13-11,WRITE-IN,,0
13-12,DREW MURRAY,REP,8
13-12,ISAIAH THOMAS,DEM,101
13-12,JIM HARRITY,DEM,44
13-12,JIM HASHER,REP,2
13-12,KATHERINE GILMORE RICHARDSON,DEM,62
13-12,KENDRA BROOKS,WFP,79
13-12,NICOLAS O'ROURKE,WFP,71
13-12,NINA AHMAD,DEM,68
13-12,RUE LANDAU,DEM,38
13-12,WRITE-IN,,0
13-13,DREW MURRAY,REP,4
13-13,ISAIAH THOMAS,DEM,96
13-13,JIM HARRITY,DEM,55
13-13,JIM HASHER,REP,5
13-13,KATHERINE GILMORE RICHARDSON,DEM,77
13-13,KENDRA BROOKS,WFP,81
13-13,NICOLAS O'ROURKE,WFP,57
13-13,NINA AHMAD,DEM,71
13-13,RUE LANDAU,DEM,62
13-13,WRITE-IN,,0
13-14,DREW MURRAY,REP,10
13-14,ISAIAH THOMAS,DEM,124
13-14,JIM HARRITY,DEM,85
13-14,JIM HASHER,REP,6
13-14,KATHERINE GILMORE RICHARDSON,DEM,99
13-14,KENDRA BROOKS,WFP,55
13-14,NICOLAS O'ROURKE,WFP,40
13-14,NINA AHMAD,DEM,108
13-14,RUE LANDAU,DEM,85
13-14,WRITE-IN,,0
13-15,DREW MURRAY,REP,6
13-15,ISAIAH THOMAS,DEM,99
13-15,JIM HARRITY,DEM,62
13-15,JIM HASHER,REP,3
13-15,KATHERINE GILMORE RICHARDSON,DEM,87
13-15,KENDRA BROOKS,WFP,53
13-15,NICOLAS O'ROURKE,WFP,36
13-15,NINA AHMAD,DEM,77
13-15,RUE LANDAU,DEM,61
13-15,WRITE-IN,,2
13-16,DREW MURRAY,REP,4
13-16,ISAIAH THOMAS,DEM,117
13-16,JIM HARRITY,DEM,84
13-16,JIM HASHER,REP,6
13-16,KATHERINE GILMORE RICHARDSON,DEM,105
13-16,KENDRA BROOKS,WFP,65
13-16,NICOLAS O'ROURKE,WFP,43
13-16,NINA AHMAD,DEM,103
13-16,RUE LANDAU,DEM,84
13-16,WRITE-IN,,1
13-17,DREW MURRAY,REP,5
13-17,ISAIAH THOMAS,DEM,121
13-17,JIM HARRITY,DEM,75
13-17,JIM HASHER,REP,4
13-17,KATHERINE GILMORE RICHARDSON,DEM,103
13-17,KENDRA BROOKS,WFP,57
13-17,NICOLAS O'ROURKE,WFP,50
13-17,NINA AHMAD,DEM,102
13-17,RUE LANDAU,DEM,74
13-17,WRITE-IN,,0
13-18,DREW MURRAY,REP,7
13-18,ISAIAH THOMAS,DEM,173
13-18,JIM HARRITY,DEM,149
13-18,JIM HASHER,REP,8
13-18,KATHERINE GILMORE RICHARDSON,DEM,166
13-18,KENDRA BROOKS,WFP,22
13-18,NICOLAS O'ROURKE,WFP,18
13-18,NINA AHMAD,DEM,171
13-18,RUE LANDAU,DEM,157
13-18,WRITE-IN,,3
13-19,DREW MURRAY,REP,18
13-19,ISAIAH THOMAS,DEM,121
13-19,JIM HARRITY,DEM,85
13-19,JIM HASHER,REP,21
13-19,KATHERINE GILMORE RICHARDSON,DEM,93
13-19,KENDRA BROOKS,WFP,38
13-19,NICOLAS O'ROURKE,WFP,26
13-19,NINA AHMAD,DEM,103
13-19,RUE LANDAU,DEM,77
13-19,WRITE-IN,,0
13-20,DREW MURRAY,REP,1
13-20,ISAIAH THOMAS,DEM,94
13-20,JIM HARRITY,DEM,75
13-20,JIM HASHER,REP,3
13-20,KATHERINE GILMORE RICHARDSON,DEM,85
13-20,KENDRA BROOKS,WFP,23
13-20,NICOLAS O'ROURKE,WFP,15
13-20,NINA AHMAD,DEM,92
13-20,RUE LANDAU,DEM,77
13-20,WRITE-IN,,2
13-21,DREW MURRAY,REP,6
13-21,ISAIAH THOMAS,DEM,84
13-21,JIM HARRITY,DEM,55
13-21,JIM HASHER,REP,5
13-21,KATHERINE GILMORE RICHARDSON,DEM,70
13-21,KENDRA BROOKS,WFP,30
13-21,NICOLAS O'ROURKE,WFP,18
13-21,NINA AHMAD,DEM,72
13-21,RUE LANDAU,DEM,54
13-21,WRITE-IN,,0
13-22,DREW MURRAY,REP,5
13-22,ISAIAH THOMAS,DEM,142
13-22,JIM HARRITY,DEM,102
13-22,JIM HASHER,REP,7
13-22,KATHERINE GILMORE RICHARDSON,DEM,124
13-22,KENDRA BROOKS,WFP,80
13-22,NICOLAS O'ROURKE,WFP,69
13-22,NINA AHMAD,DEM,129
13-22,RUE LANDAU,DEM,110
13-22,WRITE-IN,,1
13-23,DREW MURRAY,REP,5
13-23,ISAIAH THOMAS,DEM,65
13-23,JIM HARRITY,DEM,51
13-23,JIM HASHER,REP,4
13-23,KATHERINE GILMORE RICHARDSON,DEM,61
13-23,KENDRA BROOKS,WFP,31
13-23,NICOLAS O'ROURKE,WFP,27
13-23,NINA AHMAD,DEM,60
13-23,RUE LANDAU,DEM,50
13-23,WRITE-IN,,0
13-24,DREW MURRAY,REP,5
13-24,ISAIAH THOMAS,DEM,67
13-24,JIM HARRITY,DEM,45
13-24,JIM HASHER,REP,1
13-24,KATHERINE GILMORE RICHARDSON,DEM,59
13-24,KENDRA BROOKS,WFP,31
13-24,NICOLAS O'ROURKE,WFP,20
13-24,NINA AHMAD,DEM,56
13-24,RUE LANDAU,DEM,48
13-24,WRITE-IN,,1
13-25,DREW MURRAY,REP,5
13-25,ISAIAH THOMAS,DEM,69
13-25,JIM HARRITY,DEM,48
13-25,JIM HASHER,REP,4
13-25,KATHERINE GILMORE RICHARDSON,DEM,65
13-25,KENDRA BROOKS,WFP,35
13-25,NICOLAS O'ROURKE,WFP,24
13-25,NINA AHMAD,DEM,68
13-25,RUE LANDAU,DEM,50
13-25,WRITE-IN,,0
14-01,DREW MURRAY,REP,31
14-01,ISAIAH THOMAS,DEM,232
14-01,JIM HARRITY,DEM,157
14-01,JIM HASHER,REP,34
14-01,KATHERINE GILMORE RICHARDSON,DEM,224
14-01,KENDRA BROOKS,WFP,150
14-01,NICOLAS O'ROURKE,WFP,121
14-01,NINA AHMAD,DEM,224
14-01,RUE LANDAU,DEM,241
14-01,WRITE-IN,,0
14-02,DREW MURRAY,REP,8
14-02,ISAIAH THOMAS,DEM,106
14-02,JIM HARRITY,DEM,71
14-02,JIM HASHER,REP,8
14-02,KATHERINE GILMORE RICHARDSON,DEM,85
14-02,KENDRA BROOKS,WFP,27
14-02,NICOLAS O'ROURKE,WFP,19
14-02,NINA AHMAD,DEM,89
14-02,RUE LANDAU,DEM,79
14-02,WRITE-IN,,0
14-03,DREW MURRAY,REP,6
14-03,ISAIAH THOMAS,DEM,131
14-03,JIM HARRITY,DEM,110
14-03,JIM HASHER,REP,4
14-03,KATHERINE GILMORE RICHARDSON,DEM,119
14-03,KENDRA BROOKS,WFP,44
14-03,NICOLAS O'ROURKE,WFP,33
14-03,NINA AHMAD,DEM,124
14-03,RUE LANDAU,DEM,103
14-03,WRITE-IN,,1
14-04,DREW MURRAY,REP,12
14-04,ISAIAH THOMAS,DEM,199
14-04,JIM HARRITY,DEM,156
14-04,JIM HASHER,REP,8
14-04,KATHERINE GILMORE RICHARDSON,DEM,164
14-04,KENDRA BROOKS,WFP,44
14-04,NICOLAS O'ROURKE,WFP,38
14-04,NINA AHMAD,DEM,187
14-04,RUE LANDAU,DEM,159
14-04,WRITE-IN,,0
14-05,DREW MURRAY,REP,6
14-05,ISAIAH THOMAS,DEM,72
14-05,JIM HARRITY,DEM,64
14-05,JIM HASHER,REP,5
14-05,KATHERINE GILMORE RICHARDSON,DEM,70
14-05,KENDRA BROOKS,WFP,21
14-05,NICOLAS O'ROURKE,WFP,15
14-05,NINA AHMAD,DEM,73
14-05,RUE LANDAU,DEM,65
14-05,WRITE-IN,,0
14-06,DREW MURRAY,REP,2
14-06,ISAIAH THOMAS,DEM,71
14-06,JIM HARRITY,DEM,61
14-06,JIM HASHER,REP,3
14-06,KATHERINE GILMORE RICHARDSON,DEM,69
14-06,KENDRA BROOKS,WFP,11
14-06,NICOLAS O'ROURKE,WFP,5
14-06,NINA AHMAD,DEM,70
14-06,RUE LANDAU,DEM,60
14-06,WRITE-IN,,1
14-07,DREW MURRAY,REP,10
14-07,ISAIAH THOMAS,DEM,118
14-07,JIM HARRITY,DEM,80
14-07,JIM HASHER,REP,9
14-07,KATHERINE GILMORE RICHARDSON,DEM,107
14-07,KENDRA BROOKS,WFP,56
14-07,NICOLAS O'ROURKE,WFP,46
14-07,NINA AHMAD,DEM,101
14-07,RUE LANDAU,DEM,100
14-07,WRITE-IN,,0
14-08,DREW MURRAY,REP,1
14-08,ISAIAH THOMAS,DEM,30
14-08,JIM HARRITY,DEM,23
14-08,JIM HASHER,REP,0
14-08,KATHERINE GILMORE RICHARDSON,DEM,26
14-08,KENDRA BROOKS,WFP,8
14-08,NICOLAS O'ROURKE,WFP,4
14-08,NINA AHMAD,DEM,26
14-08,RUE LANDAU,DEM,23
14-08,WRITE-IN,,0
14-09,DREW MURRAY,REP,20
14-09,ISAIAH THOMAS,DEM,115
14-09,JIM HARRITY,DEM,95
14-09,JIM HASHER,REP,20
14-09,KATHERINE GILMORE RICHARDSON,DEM,103
14-09,KENDRA BROOKS,WFP,30
14-09,NICOLAS O'ROURKE,WFP,24
14-09,NINA AHMAD,DEM,112
14-09,RUE LANDAU,DEM,99
14-09,WRITE-IN,,0
14-10,DREW MURRAY,REP,10
14-10,ISAIAH THOMAS,DEM,124
14-10,JIM HARRITY,DEM,81
14-10,JIM HASHER,REP,12
14-10,KATHERINE GILMORE RICHARDSON,DEM,111
14-10,KENDRA BROOKS,WFP,50
14-10,NICOLAS O'ROURKE,WFP,45
14-10,NINA AHMAD,DEM,109
14-10,RUE LANDAU,DEM,104
14-10,WRITE-IN,,0
14-11,DREW MURRAY,REP,5
14-11,ISAIAH THOMAS,DEM,102
14-11,JIM HARRITY,DEM,76
14-11,JIM HASHER,REP,6
14-11,KATHERINE GILMORE RICHARDSON,DEM,92
14-11,KENDRA BROOKS,WFP,16
14-11,NICOLAS O'ROURKE,WFP,12
14-11,NINA AHMAD,DEM,90
14-11,RUE LANDAU,DEM,85
14-11,WRITE-IN,,0
15-01,DREW MURRAY,REP,88
15-01,ISAIAH THOMAS,DEM,290
15-01,JIM HARRITY,DEM,215
15-01,JIM HASHER,REP,72
15-01,KATHERINE GILMORE RICHARDSON,DEM,312
15-01,KENDRA BROOKS,WFP,145
15-01,NICOLAS O'ROURKE,WFP,126
15-01,NINA AHMAD,DEM,281
15-01,RUE LANDAU,DEM,296
15-01,WRITE-IN,,0
15-02,DREW MURRAY,REP,93
15-02,ISAIAH THOMAS,DEM,269
15-02,JIM HARRITY,DEM,165
15-02,JIM HASHER,REP,80
15-02,KATHERINE GILMORE RICHARDSON,DEM,287
15-02,KENDRA BROOKS,WFP,166
15-02,NICOLAS O'ROURKE,WFP,134
15-02,NINA AHMAD,DEM,247
15-02,RUE LANDAU,DEM,263
15-02,WRITE-IN,,0
15-03,DREW MURRAY,REP,45
15-03,ISAIAH THOMAS,DEM,282
15-03,JIM HARRITY,DEM,178
15-03,JIM HASHER,REP,36
15-03,KATHERINE GILMORE RICHARDSON,DEM,293
15-03,KENDRA BROOKS,WFP,166
15-03,NICOLAS O'ROURKE,WFP,138
15-03,NINA AHMAD,DEM,251
15-03,RUE LANDAU,DEM,288
15-03,WRITE-IN,,0
15-04,DREW MURRAY,REP,45
15-04,ISAIAH THOMAS,DEM,204
15-04,JIM HARRITY,DEM,136
15-04,JIM HASHER,REP,44
15-04,KATHERINE GILMORE RICHARDSON,DEM,197
15-04,KENDRA BROOKS,WFP,100
15-04,NICOLAS O'ROURKE,WFP,75
15-04,NINA AHMAD,DEM,214
15-04,RUE LANDAU,DEM,214
15-04,WRITE-IN,,2
15-05,DREW MURRAY,REP,84
15-05,ISAIAH THOMAS,DEM,217
15-05,JIM HARRITY,DEM,152
15-05,JIM HASHER,REP,64
15-05,KATHERINE GILMORE RICHARDSON,DEM,233
15-05,KENDRA BROOKS,WFP,117
15-05,NICOLAS O'ROURKE,WFP,97
15-05,NINA AHMAD,DEM,215
15-05,RUE LANDAU,DEM,245
15-05,WRITE-IN,,0
15-06,DREW MURRAY,REP,170
15-06,ISAIAH THOMAS,DEM,411
15-06,JIM HARRITY,DEM,296
15-06,JIM HASHER,REP,100
15-06,KATHERINE GILMORE RICHARDSON,DEM,349
15-06,KENDRA BROOKS,WFP,198
15-06,NICOLAS O'ROURKE,WFP,174
15-06,NINA AHMAD,DEM,399
15-06,RUE LANDAU,DEM,462
15-06,WRITE-IN,,0
15-07,DREW MURRAY,REP,33
15-07,ISAIAH THOMAS,DEM,247
15-07,JIM HARRITY,DEM,155
15-07,JIM HASHER,REP,30
15-07,KATHERINE GILMORE RICHARDSON,DEM,242
15-07,KENDRA BROOKS,WFP,141
15-07,NICOLAS O'ROURKE,WFP,125
15-07,NINA AHMAD,DEM,242
15-07,RUE LANDAU,DEM,239
15-07,WRITE-IN,,2
15-08,DREW MURRAY,REP,58
15-08,ISAIAH THOMAS,DEM,219
15-08,JIM HARRITY,DEM,145
15-08,JIM HASHER,REP,51
15-08,KATHERINE GILMORE RICHARDSON,DEM,241
15-08,KENDRA BROOKS,WFP,149
15-08,NICOLAS O'ROURKE,WFP,132
15-08,NINA AHMAD,DEM,185
15-08,RUE LANDAU,DEM,244
15-08,WRITE-IN,,2
15-09,DREW MURRAY,REP,89
15-09,ISAIAH THOMAS,DEM,240
15-09,JIM HARRITY,DEM,158
15-09,JIM HASHER,REP,71
15-09,KATHERINE GILMORE RICHARDSON,DEM,253
15-09,KENDRA BROOKS,WFP,112
15-09,NICOLAS O'ROURKE,WFP,100
15-09,NINA AHMAD,DEM,227
15-09,RUE LANDAU,DEM,261
15-09,WRITE-IN,,0
15-10,DREW MURRAY,REP,39
15-10,ISAIAH THOMAS,DEM,242
15-10,JIM HARRITY,DEM,152
15-10,JIM HASHER,REP,29
15-10,KATHERINE GILMORE RICHARDSON,DEM,235
15-10,KENDRA BROOKS,WFP,140
15-10,NICOLAS O'ROURKE,WFP,122
15-10,NINA AHMAD,DEM,211
15-10,RUE LANDAU,DEM,223
15-10,WRITE-IN,,1
15-11,DREW MURRAY,REP,40
15-11,ISAIAH THOMAS,DEM,215
15-11,JIM HARRITY,DEM,138
15-11,JIM HASHER,REP,38
15-11,KATHERINE GILMORE RICHARDSON,DEM,213
15-11,KENDRA BROOKS,WFP,105
15-11,NICOLAS O'ROURKE,WFP,97
15-11,NINA AHMAD,DEM,210
15-11,RUE LANDAU,DEM,205
15-11,WRITE-IN,,4
15-12,DREW MURRAY,REP,57
15-12,ISAIAH THOMAS,DEM,232
15-12,JIM HARRITY,DEM,136
15-12,JIM HASHER,REP,54
15-12,KATHERINE GILMORE RICHARDSON,DEM,253
15-12,KENDRA BROOKS,WFP,143
15-12,NICOLAS O'ROURKE,WFP,114
15-12,NINA AHMAD,DEM,207
15-12,RUE LANDAU,DEM,246
15-12,WRITE-IN,,0
15-13,DREW MURRAY,REP,52
15-13,ISAIAH THOMAS,DEM,238
15-13,JIM HARRITY,DEM,99
15-13,JIM HASHER,REP,44
15-13,KATHERINE GILMORE RICHARDSON,DEM,239
15-13,KENDRA BROOKS,WFP,169
15-13,NICOLAS O'ROURKE,WFP,153
15-13,NINA AHMAD,DEM,134
15-13,RUE LANDAU,DEM,252
15-13,WRITE-IN,,0
15-14,DREW MURRAY,REP,71
15-14,ISAIAH THOMAS,DEM,237
15-14,JIM HARRITY,DEM,144
15-14,JIM HASHER,REP,63
15-14,KATHERINE GILMORE RICHARDSON,DEM,243
15-14,KENDRA BROOKS,WFP,125
15-14,NICOLAS O'ROURKE,WFP,94
15-14,NINA AHMAD,DEM,220
15-14,RUE LANDAU,DEM,265
15-14,WRITE-IN,,3
15-15,DREW MURRAY,REP,36
15-15,ISAIAH THOMAS,DEM,151
15-15,JIM HARRITY,DEM,87
15-15,JIM HASHER,REP,24
15-15,KATHERINE GILMORE RICHARDSON,DEM,150
15-15,KENDRA BROOKS,WFP,71
15-15,NICOLAS O'ROURKE,WFP,59
15-15,NINA AHMAD,DEM,145
15-15,RUE LANDAU,DEM,145
15-15,WRITE-IN,,0
15-16,DREW MURRAY,REP,75
15-16,ISAIAH THOMAS,DEM,248
15-16,JIM HARRITY,DEM,121
15-16,JIM HASHER,REP,63
15-16,KATHERINE GILMORE RICHARDSON,DEM,258
15-16,KENDRA BROOKS,WFP,143
15-16,NICOLAS O'ROURKE,WFP,126
15-16,NINA AHMAD,DEM,166
15-16,RUE LANDAU,DEM,261
15-16,WRITE-IN,,2
15-17,DREW MURRAY,REP,61
15-17,ISAIAH THOMAS,DEM,209
15-17,JIM HARRITY,DEM,136
15-17,JIM HASHER,REP,48
15-17,KATHERINE GILMORE RICHARDSON,DEM,222
15-17,KENDRA BROOKS,WFP,106
15-17,NICOLAS O'ROURKE,WFP,79
15-17,NINA AHMAD,DEM,207
15-17,RUE LANDAU,DEM,226
15-17,WRITE-IN,,0
15-18,DREW MURRAY,REP,77
15-18,ISAIAH THOMAS,DEM,264
15-18,JIM HARRITY,DEM,154
15-18,JIM HASHER,REP,61
15-18,KATHERINE GILMORE RICHARDSON,DEM,263
15-18,KENDRA BROOKS,WFP,116
15-18,NICOLAS O'ROURKE,WFP,103
15-18,NINA AHMAD,DEM,239
15-18,RUE LANDAU,DEM,280
15-18,WRITE-IN,,0
15-19,DREW MURRAY,REP,73
15-19,ISAIAH THOMAS,DEM,224
15-19,JIM HARRITY,DEM,142
15-19,JIM HASHER,REP,49
15-19,KATHERINE GILMORE RICHARDSON,DEM,220
15-19,KENDRA BROOKS,WFP,103
15-19,NICOLAS O'ROURKE,WFP,83
15-19,NINA AHMAD,DEM,230
15-19,RUE LANDAU,DEM,244
15-19,WRITE-IN,,0
16-01,DREW MURRAY,REP,4
16-01,ISAIAH THOMAS,DEM,56
16-01,JIM HARRITY,DEM,41
16-01,JIM HASHER,REP,1
16-01,KATHERINE GILMORE RICHARDSON,DEM,49
16-01,KENDRA BROOKS,WFP,9
16-01,NICOLAS O'ROURKE,WFP,9
16-01,NINA AHMAD,DEM,50
16-01,RUE LANDAU,DEM,43
16-01,WRITE-IN,,0
16-02,DREW MURRAY,REP,5
16-02,ISAIAH THOMAS,DEM,56
16-02,JIM HARRITY,DEM,52
16-02,JIM HASHER,REP,5
16-02,KATHERINE GILMORE RICHARDSON,DEM,57
16-02,KENDRA BROOKS,WFP,11
16-02,NICOLAS O'ROURKE,WFP,7
16-02,NINA AHMAD,DEM,51
16-02,RUE LANDAU,DEM,44
16-02,WRITE-IN,,0
16-03,DREW MURRAY,REP,3
16-03,ISAIAH THOMAS,DEM,81
16-03,JIM HARRITY,DEM,61
16-03,JIM HASHER,REP,3
16-03,KATHERINE GILMORE RICHARDSON,DEM,65
16-03,KENDRA BROOKS,WFP,26
16-03,NICOLAS O'ROURKE,WFP,20
16-03,NINA AHMAD,DEM,71
16-03,RUE LANDAU,DEM,64
16-03,WRITE-IN,,0
16-04,DREW MURRAY,REP,4
16-04,ISAIAH THOMAS,DEM,58
16-04,JIM HARRITY,DEM,52
16-04,JIM HASHER,REP,2
16-04,KATHERINE GILMORE RICHARDSON,DEM,57
16-04,KENDRA BROOKS,WFP,14
16-04,NICOLAS O'ROURKE,WFP,6
16-04,NINA AHMAD,DEM,55
16-04,RUE LANDAU,DEM,50
16-04,WRITE-IN,,0
16-05,DREW MURRAY,REP,2
16-05,ISAIAH THOMAS,DEM,58
16-05,JIM HARRITY,DEM,46
16-05,JIM HASHER,REP,3
16-05,KATHERINE GILMORE RICHARDSON,DEM,52
16-05,KENDRA BROOKS,WFP,12
16-05,NICOLAS O'ROURKE,WFP,3
16-05,NINA AHMAD,DEM,51
16-05,RUE LANDAU,DEM,41
16-05,WRITE-IN,,0
16-06,DREW MURRAY,REP,6
16-06,ISAIAH THOMAS,DEM,68
16-06,JIM HARRITY,DEM,50
16-06,JIM HASHER,REP,4
16-06,KATHERINE GILMORE RICHARDSON,DEM,53
16-06,KENDRA BROOKS,WFP,19
16-06,NICOLAS O'ROURKE,WFP,13
16-06,NINA AHMAD,DEM,61
16-06,RUE LANDAU,DEM,48
16-06,WRITE-IN,,1
16-07,DREW MURRAY,REP,7
16-07,ISAIAH THOMAS,DEM,84
16-07,JIM HARRITY,DEM,66
16-07,JIM HASHER,REP,4
16-07,KATHERINE GILMORE RICHARDSON,DEM,75
16-07,KENDRA BROOKS,WFP,20
16-07,NICOLAS O'ROURKE,WFP,10
16-07,NINA AHMAD,DEM,77
16-07,RUE LANDAU,DEM,66
16-07,WRITE-IN,,0
16-08,DREW MURRAY,REP,3
16-08,ISAIAH THOMAS,DEM,59
16-08,JIM HARRITY,DEM,49
16-08,JIM HASHER,REP,3
16-08,KATHERINE GILMORE RICHARDSON,DEM,51
16-08,KENDRA BROOKS,WFP,11
16-08,NICOLAS O'ROURKE,WFP,7
16-08,NINA AHMAD,DEM,55
16-08,RUE LANDAU,DEM,44
16-08,WRITE-IN,,0
16-09,DREW MURRAY,REP,3
16-09,ISAIAH THOMAS,DEM,69
16-09,JIM HARRITY,DEM,57
16-09,JIM HASHER,REP,5
16-09,KATHERINE GILMORE RICHARDSON,DEM,57
16-09,KENDRA BROOKS,WFP,15
16-09,NICOLAS O'ROURKE,WFP,11
16-09,NINA AHMAD,DEM,64
16-09,RUE LANDAU,DEM,50
16-09,WRITE-IN,,2
16-10,DREW MURRAY,REP,1
16-10,ISAIAH THOMAS,DEM,41
16-10,JIM HARRITY,DEM,31
16-10,JIM HASHER,REP,1
16-10,KATHERINE GILMORE RICHARDSON,DEM,27
16-10,KENDRA BROOKS,WFP,16
16-10,NICOLAS O'ROURKE,WFP,10
16-10,NINA AHMAD,DEM,40
16-10,RUE LANDAU,DEM,29
16-10,WRITE-IN,,0
16-11,DREW MURRAY,REP,3
16-11,ISAIAH THOMAS,DEM,46
16-11,JIM HARRITY,DEM,40
16-11,JIM HASHER,REP,2
16-11,KATHERINE GILMORE RICHARDSON,DEM,41
16-11,KENDRA BROOKS,WFP,13
16-11,NICOLAS O'ROURKE,WFP,10
16-11,NINA AHMAD,DEM,49
16-11,RUE LANDAU,DEM,32
16-11,WRITE-IN,,1
16-12,DREW MURRAY,REP,1
16-12,ISAIAH THOMAS,DEM,59
16-12,JIM HARRITY,DEM,49
16-12,JIM HASHER,REP,2
16-12,KATHERINE GILMORE RICHARDSON,DEM,59
16-12,KENDRA BROOKS,WFP,9
16-12,NICOLAS O'ROURKE,WFP,7
16-12,NINA AHMAD,DEM,63
16-12,RUE LANDAU,DEM,52
16-12,WRITE-IN,,1
16-13,DREW MURRAY,REP,0
16-13,ISAIAH THOMAS,DEM,58
16-13,JIM HARRITY,DEM,40
16-13,JIM HASHER,REP,1
16-13,KATHERINE GILMORE RICHARDSON,DEM,51
16-13,KENDRA BROOKS,WFP,19
16-13,NICOLAS O'ROURKE,WFP,9
16-13,NINA AHMAD,DEM,57
16-13,RUE LANDAU,DEM,39
16-13,WRITE-IN,,0
16-14,DREW MURRAY,REP,2
16-14,ISAIAH THOMAS,DEM,45
16-14,JIM HARRITY,DEM,37
16-14,JIM HASHER,REP,2
16-14,KATHERINE GILMORE RICHARDSON,DEM,38
16-14,KENDRA BROOKS,WFP,10
16-14,NICOLAS O'ROURKE,WFP,7
16-14,NINA AHMAD,DEM,44
16-14,RUE LANDAU,DEM,36
16-14,WRITE-IN,,0
16-15,DREW MURRAY,REP,1
16-15,ISAIAH THOMAS,DEM,32
16-15,JIM HARRITY,DEM,26
16-15,JIM HASHER,REP,0
16-15,KATHERINE GILMORE RICHARDSON,DEM,33
16-15,KENDRA BROOKS,WFP,13
16-15,NICOLAS O'ROURKE,WFP,9
16-15,NINA AHMAD,DEM,31
16-15,RUE LANDAU,DEM,22
16-15,WRITE-IN,,0
16-16,DREW MURRAY,REP,5
16-16,ISAIAH THOMAS,DEM,42
16-16,JIM HARRITY,DEM,29
16-16,JIM HASHER,REP,3
16-16,KATHERINE GILMORE RICHARDSON,DEM,32
16-16,KENDRA BROOKS,WFP,4
16-16,NICOLAS O'ROURKE,WFP,3
16-16,NINA AHMAD,DEM,34
16-16,RUE LANDAU,DEM,33
16-16,WRITE-IN,,0
16-17,DREW MURRAY,REP,2
16-17,ISAIAH THOMAS,DEM,118
16-17,JIM HARRITY,DEM,82
16-17,JIM HASHER,REP,2
16-17,KATHERINE GILMORE RICHARDSON,DEM,97
16-17,KENDRA BROOKS,WFP,30
16-17,NICOLAS O'ROURKE,WFP,20
16-17,NINA AHMAD,DEM,106
16-17,RUE LANDAU,DEM,84
16-17,WRITE-IN,,0
16-18,DREW MURRAY,REP,4
16-18,ISAIAH THOMAS,DEM,103
16-18,JIM HARRITY,DEM,83
16-18,JIM HASHER,REP,4
16-18,KATHERINE GILMORE RICHARDSON,DEM,93
16-18,KENDRA BROOKS,WFP,24
16-18,NICOLAS O'ROURKE,WFP,14
16-18,NINA AHMAD,DEM,88
16-18,RUE LANDAU,DEM,77
16-18,WRITE-IN,,0
17-01,DREW MURRAY,REP,8
17-01,ISAIAH THOMAS,DEM,137
17-01,JIM HARRITY,DEM,105
17-01,JIM HASHER,REP,6
17-01,KATHERINE GILMORE RICHARDSON,DEM,117
17-01,KENDRA BROOKS,WFP,22
17-01,NICOLAS O'ROURKE,WFP,14
17-01,NINA AHMAD,DEM,129
17-01,RUE LANDAU,DEM,100
17-01,WRITE-IN,,0
17-02,DREW MURRAY,REP,10
17-02,ISAIAH THOMAS,DEM,137
17-02,JIM HARRITY,DEM,94
17-02,JIM HASHER,REP,7
17-02,KATHERINE GILMORE RICHARDSON,DEM,115
17-02,KENDRA BROOKS,WFP,36
17-02,NICOLAS O'ROURKE,WFP,27
17-02,NINA AHMAD,DEM,115
17-02,RUE LANDAU,DEM,93
17-02,WRITE-IN,,0
17-03,DREW MURRAY,REP,4
17-03,ISAIAH THOMAS,DEM,162
17-03,JIM HARRITY,DEM,117
17-03,JIM HASHER,REP,7
17-03,KATHERINE GILMORE RICHARDSON,DEM,136
17-03,KENDRA BROOKS,WFP,34
17-03,NICOLAS O'ROURKE,WFP,17
17-03,NINA AHMAD,DEM,146
17-03,RUE LANDAU,DEM,118
17-03,WRITE-IN,,1
17-04,DREW MURRAY,REP,22
17-04,ISAIAH THOMAS,DEM,153
17-04,JIM HARRITY,DEM,104
17-04,JIM HASHER,REP,16
17-04,KATHERINE GILMORE RICHARDSON,DEM,125
17-04,KENDRA BROOKS,WFP,28
17-04,NICOLAS O'ROURKE,WFP,15
17-04,NINA AHMAD,DEM,139
17-04,RUE LANDAU,DEM,107
17-04,WRITE-IN,,1
17-05,DREW MURRAY,REP,5
17-05,ISAIAH THOMAS,DEM,115
17-05,JIM HARRITY,DEM,78
17-05,JIM HASHER,REP,2
17-05,KATHERINE GILMORE RICHARDSON,DEM,101
17-05,KENDRA BROOKS,WFP,30
17-05,NICOLAS O'ROURKE,WFP,20
17-05,NINA AHMAD,DEM,106
17-05,RUE LANDAU,DEM,84
17-05,WRITE-IN,,0
17-06,DREW MURRAY,REP,2
17-06,ISAIAH THOMAS,DEM,92
17-06,JIM HARRITY,DEM,66
17-06,JIM HASHER,REP,3
17-06,KATHERINE GILMORE RICHARDSON,DEM,70
17-06,KENDRA BROOKS,WFP,39
17-06,NICOLAS O'ROURKE,WFP,25
17-06,NINA AHMAD,DEM,82
17-06,RUE LANDAU,DEM,68
17-06,WRITE-IN,,1
17-07,DREW MURRAY,REP,7
17-07,ISAIAH THOMAS,DEM,129
17-07,JIM HARRITY,DEM,88
17-07,JIM HASHER,REP,5
17-07,KATHERINE GILMORE RICHARDSON,DEM,112
17-07,KENDRA BROOKS,WFP,49
17-07,NICOLAS O'ROURKE,WFP,27
17-07,NINA AHMAD,DEM,117
17-07,RUE LANDAU,DEM,89
17-07,WRITE-IN,,0
17-08,DREW MURRAY,REP,4
17-08,ISAIAH THOMAS,DEM,105
17-08,JIM HARRITY,DEM,85
17-08,JIM HASHER,REP,4
17-08,KATHERINE GILMORE RICHARDSON,DEM,87
17-08,KENDRA BROOKS,WFP,38
17-08,NICOLAS O'ROURKE,WFP,27
17-08,NINA AHMAD,DEM,94
17-08,RUE LANDAU,DEM,76
17-08,WRITE-IN,,0
17-09,DREW MURRAY,REP,2
17-09,ISAIAH THOMAS,DEM,119
17-09,JIM HARRITY,DEM,76
17-09,JIM HASHER,REP,4
17-09,KATHERINE GILMORE RICHARDSON,DEM,88
17-09,KENDRA BROOKS,WFP,42
17-09,NICOLAS O'ROURKE,WFP,33
17-09,NINA AHMAD,DEM,100
17-09,RUE LANDAU,DEM,70
17-09,WRITE-IN,,0
17-10,DREW MURRAY,REP,9
17-10,ISAIAH THOMAS,DEM,151
17-10,JIM HARRITY,DEM,109
17-10,JIM HASHER,REP,7
17-10,KATHERINE GILMORE RICHARDSON,DEM,129
17-10,KENDRA BROOKS,WFP,41
17-10,NICOLAS O'ROURKE,WFP,27
17-10,NINA AHMAD,DEM,133
17-10,RUE LANDAU,DEM,112
17-10,WRITE-IN,,0
17-11,DREW MURRAY,REP,10
17-11,ISAIAH THOMAS,DEM,125
17-11,JIM HARRITY,DEM,88
17-11,JIM HASHER,REP,7
17-11,KATHERINE GILMORE RICHARDSON,DEM,106
17-11,KENDRA BROOKS,WFP,46
17-11,NICOLAS O'ROURKE,WFP,37
17-11,NINA AHMAD,DEM,109
17-11,RUE LANDAU,DEM,91
17-11,WRITE-IN,,2
17-12,DREW MURRAY,REP,4
17-12,ISAIAH THOMAS,DEM,182
17-12,JIM HARRITY,DEM,133
17-12,JIM HASHER,REP,8
17-12,KATHERINE GILMORE RICHARDSON,DEM,151
17-12,KENDRA BROOKS,WFP,48
17-12,NICOLAS O'ROURKE,WFP,34
17-12,NINA AHMAD,DEM,164
17-12,RUE LANDAU,DEM,124
17-12,WRITE-IN,,3
17-13,DREW MURRAY,REP,5
17-13,ISAIAH THOMAS,DEM,124
17-13,JIM HARRITY,DEM,86
17-13,JIM HASHER,REP,2
17-13,KATHERINE GILMORE RICHARDSON,DEM,106
17-13,KENDRA BROOKS,WFP,73
17-13,NICOLAS O'ROURKE,WFP,59
17-13,NINA AHMAD,DEM,120
17-13,RUE LANDAU,DEM,97
17-13,WRITE-IN,,0
17-14,DREW MURRAY,REP,9
17-14,ISAIAH THOMAS,DEM,174
17-14,JIM HARRITY,DEM,107
17-14,JIM HASHER,REP,5
17-14,KATHERINE GILMORE RICHARDSON,DEM,141
17-14,KENDRA BROOKS,WFP,67
17-14,NICOLAS O'ROURKE,WFP,52
17-14,NINA AHMAD,DEM,141
17-14,RUE LANDAU,DEM,109
17-14,WRITE-IN,,0
17-15,DREW MURRAY,REP,1
17-15,ISAIAH THOMAS,DEM,124
17-15,JIM HARRITY,DEM,66
17-15,JIM HASHER,REP,2
17-15,KATHERINE GILMORE RICHARDSON,DEM,106
17-15,KENDRA BROOKS,WFP,48
17-15,NICOLAS O'ROURKE,WFP,40
17-15,NINA AHMAD,DEM,119
17-15,RUE LANDAU,DEM,70
17-15,WRITE-IN,,0
17-16,DREW MURRAY,REP,3
17-16,ISAIAH THOMAS,DEM,89
17-16,JIM HARRITY,DEM,53
17-16,JIM HASHER,REP,1
17-16,KATHERINE GILMORE RICHARDSON,DEM,77
17-16,KENDRA BROOKS,WFP,31
17-16,NICOLAS O'ROURKE,WFP,21
17-16,NINA AHMAD,DEM,79
17-16,RUE LANDAU,DEM,56
17-16,WRITE-IN,,1
17-17,DREW MURRAY,REP,8
17-17,ISAIAH THOMAS,DEM,100
17-17,JIM HARRITY,DEM,66
17-17,JIM HASHER,REP,4
17-17,KATHERINE GILMORE RICHARDSON,DEM,84
17-17,KENDRA BROOKS,WFP,32
17-17,NICOLAS O'ROURKE,WFP,26
17-17,NINA AHMAD,DEM,89
17-17,RUE LANDAU,DEM,68
17-17,WRITE-IN,,0
17-18,DREW MURRAY,REP,2
17-18,ISAIAH THOMAS,DEM,150
17-18,JIM HARRITY,DEM,116
17-18,JIM HASHER,REP,4
17-18,KATHERINE GILMORE RICHARDSON,DEM,132
17-18,KENDRA BROOKS,WFP,43
17-18,NICOLAS O'ROURKE,WFP,32
17-18,NINA AHMAD,DEM,137
17-18,RUE LANDAU,DEM,118
17-18,WRITE-IN,,0
17-19,DREW MURRAY,REP,6
17-19,ISAIAH THOMAS,DEM,135
17-19,JIM HARRITY,DEM,94
17-19,JIM HASHER,REP,7
17-19,KATHERINE GILMORE RICHARDSON,DEM,116
17-19,KENDRA BROOKS,WFP,44
17-19,NICOLAS O'ROURKE,WFP,37
17-19,NINA AHMAD,DEM,118
17-19,RUE LANDAU,DEM,96
17-19,WRITE-IN,,0
17-20,DREW MURRAY,REP,6
17-20,ISAIAH THOMAS,DEM,129
17-20,JIM HARRITY,DEM,98
17-20,JIM HASHER,REP,4
17-20,KATHERINE GILMORE RICHARDSON,DEM,122
17-20,KENDRA BROOKS,WFP,43
17-20,NICOLAS O'ROURKE,WFP,31
17-20,NINA AHMAD,DEM,123
17-20,RUE LANDAU,DEM,91
17-20,WRITE-IN,,3
17-21,DREW MURRAY,REP,10
17-21,ISAIAH THOMAS,DEM,187
17-21,JIM HARRITY,DEM,142
17-21,JIM HASHER,REP,7
17-21,KATHERINE GILMORE RICHARDSON,DEM,165
17-21,KENDRA BROOKS,WFP,52
17-21,NICOLAS O'ROURKE,WFP,37
17-21,NINA AHMAD,DEM,169
17-21,RUE LANDAU,DEM,132
17-21,WRITE-IN,,0
17-22,DREW MURRAY,REP,10
17-22,ISAIAH THOMAS,DEM,173
17-22,JIM HARRITY,DEM,117
17-22,JIM HASHER,REP,10
17-22,KATHERINE GILMORE RICHARDSON,DEM,146
17-22,KENDRA BROOKS,WFP,59
17-22,NICOLAS O'ROURKE,WFP,33
17-22,NINA AHMAD,DEM,154
17-22,RUE LANDAU,DEM,122
17-22,WRITE-IN,,0
17-23,DREW MURRAY,REP,11
17-23,ISAIAH THOMAS,DEM,76
17-23,JIM HARRITY,DEM,55
17-23,JIM HASHER,REP,10
17-23,KATHERINE GILMORE RICHARDSON,DEM,71
17-23,KENDRA BROOKS,WFP,25
17-23,NICOLAS O'ROURKE,WFP,24
17-23,NINA AHMAD,DEM,68
17-23,RUE LANDAU,DEM,56
17-23,WRITE-IN,,0
17-24,DREW MURRAY,REP,9
17-24,ISAIAH THOMAS,DEM,141
17-24,JIM HARRITY,DEM,109
17-24,JIM HASHER,REP,3
17-24,KATHERINE GILMORE RICHARDSON,DEM,122
17-24,KENDRA BROOKS,WFP,35
17-24,NICOLAS O'ROURKE,WFP,25
17-24,NINA AHMAD,DEM,130
17-24,RUE LANDAU,DEM,100
17-24,WRITE-IN,,0
17-25,DREW MURRAY,REP,4
17-25,ISAIAH THOMAS,DEM,104
17-25,JIM HARRITY,DEM,71
17-25,JIM HASHER,REP,4
17-25,KATHERINE GILMORE RICHARDSON,DEM,82
17-25,KENDRA BROOKS,WFP,29
17-25,NICOLAS O'ROURKE,WFP,18
17-25,NINA AHMAD,DEM,91
17-25,RUE LANDAU,DEM,71
17-25,WRITE-IN,,4
17-26,DREW MURRAY,REP,2
17-26,ISAIAH THOMAS,DEM,42
17-26,JIM HARRITY,DEM,32
17-26,JIM HASHER,REP,4
17-26,KATHERINE GILMORE RICHARDSON,DEM,35
17-26,KENDRA BROOKS,WFP,7
17-26,NICOLAS O'ROURKE,WFP,5
17-26,NINA AHMAD,DEM,40
17-26,RUE LANDAU,DEM,36
17-26,WRITE-IN,,0
17-27,DREW MURRAY,REP,3
17-27,ISAIAH THOMAS,DEM,117
17-27,JIM HARRITY,DEM,89
17-27,JIM HASHER,REP,6
17-27,KATHERINE GILMORE RICHARDSON,DEM,100
17-27,KENDRA BROOKS,WFP,35
17-27,NICOLAS O'ROURKE,WFP,23
17-27,NINA AHMAD,DEM,114
17-27,RUE LANDAU,DEM,90
17-27,WRITE-IN,,0
17-28,DREW MURRAY,REP,3
17-28,ISAIAH THOMAS,DEM,82
17-28,JIM HARRITY,DEM,62
17-28,JIM HASHER,REP,3
17-28,KATHERINE GILMORE RICHARDSON,DEM,73
17-28,KENDRA BROOKS,WFP,19
17-28,NICOLAS O'ROURKE,WFP,16
17-28,NINA AHMAD,DEM,74
17-28,RUE LANDAU,DEM,64
17-28,WRITE-IN,,2
17-29,DREW MURRAY,REP,5
17-29,ISAIAH THOMAS,DEM,124
17-29,JIM HARRITY,DEM,82
17-29,JIM HASHER,REP,3
17-29,KATHERINE GILMORE RICHARDSON,DEM,94
17-29,KENDRA BROOKS,WFP,43
17-29,NICOLAS O'ROURKE,WFP,29
17-29,NINA AHMAD,DEM,113
17-29,RUE LANDAU,DEM,83
17-29,WRITE-IN,,0
18-01,DREW MURRAY,REP,39
18-01,ISAIAH THOMAS,DEM,200
18-01,JIM HARRITY,DEM,154
18-01,JIM HASHER,REP,30
18-01,KATHERINE GILMORE RICHARDSON,DEM,197
18-01,KENDRA BROOKS,WFP,102
18-01,NICOLAS O'ROURKE,WFP,92
18-01,NINA AHMAD,DEM,189
18-01,RUE LANDAU,DEM,203
18-01,WRITE-IN,,6
18-02,DREW MURRAY,REP,50
18-02,ISAIAH THOMAS,DEM,152
18-02,JIM HARRITY,DEM,107
18-02,JIM HASHER,REP,41
18-02,KATHERINE GILMORE RICHARDSON,DEM,150
18-02,KENDRA BROOKS,WFP,83
18-02,NICOLAS O'ROURKE,WFP,71
18-02,NINA AHMAD,DEM,133
18-02,RUE LANDAU,DEM,162
18-02,WRITE-IN,,0
18-03,DREW MURRAY,REP,5
18-03,ISAIAH THOMAS,DEM,81
18-03,JIM HARRITY,DEM,65
18-03,JIM HASHER,REP,3
18-03,KATHERINE GILMORE RICHARDSON,DEM,76
18-03,KENDRA BROOKS,WFP,20
18-03,NICOLAS O'ROURKE,WFP,17
18-03,NINA AHMAD,DEM,75
18-03,RUE LANDAU,DEM,78
18-03,WRITE-IN,,0
18-04,DREW MURRAY,REP,48
18-04,ISAIAH THOMAS,DEM,135
18-04,JIM HARRITY,DEM,101
18-04,JIM HASHER,REP,52
18-04,KATHERINE GILMORE RICHARDSON,DEM,146
18-04,KENDRA BROOKS,WFP,127
18-04,NICOLAS O'ROURKE,WFP,114
18-04,NINA AHMAD,DEM,139
18-04,RUE LANDAU,DEM,153
18-04,WRITE-IN,,0
18-05,DREW MURRAY,REP,68
18-05,ISAIAH THOMAS,DEM,192
18-05,JIM HARRITY,DEM,153
18-05,JIM HASHER,REP,70
18-05,KATHERINE GILMORE RICHARDSON,DEM,206
18-05,KENDRA BROOKS,WFP,154
18-05,NICOLAS O'ROURKE,WFP,141
18-05,NINA AHMAD,DEM,187
18-05,RUE LANDAU,DEM,212
18-05,WRITE-IN,,0
18-06,DREW MURRAY,REP,63
18-06,ISAIAH THOMAS,DEM,201
18-06,JIM HARRITY,DEM,142
18-06,JIM HASHER,REP,65
18-06,KATHERINE GILMORE RICHARDSON,DEM,208
18-06,KENDRA BROOKS,WFP,153
18-06,NICOLAS O'ROURKE,WFP,138
18-06,NINA AHMAD,DEM,194
18-06,RUE LANDAU,DEM,225
18-06,WRITE-IN,,3
18-07,DREW MURRAY,REP,67
18-07,ISAIAH THOMAS,DEM,202
18-07,JIM HARRITY,DEM,128
18-07,JIM HASHER,REP,60
18-07,KATHERINE GILMORE RICHARDSON,DEM,210
18-07,KENDRA BROOKS,WFP,202
18-07,NICOLAS O'ROURKE,WFP,188
18-07,NINA AHMAD,DEM,196
18-07,RUE LANDAU,DEM,233
18-07,WRITE-IN,,0
18-08,DREW MURRAY,REP,12
18-08,ISAIAH THOMAS,DEM,58
18-08,JIM HARRITY,DEM,44
18-08,JIM HASHER,REP,14
18-08,KATHERINE GILMORE RICHARDSON,DEM,56
18-08,KENDRA BROOKS,WFP,17
18-08,NICOLAS O'ROURKE,WFP,13
18-08,NINA AHMAD,DEM,54
18-08,RUE LANDAU,DEM,48
18-08,WRITE-IN,,0
18-09,DREW MURRAY,REP,35
18-09,ISAIAH THOMAS,DEM,206
18-09,JIM HARRITY,DEM,146
18-09,JIM HASHER,REP,38
18-09,KATHERINE GILMORE RICHARDSON,DEM,203
18-09,KENDRA BROOKS,WFP,117
18-09,NICOLAS O'ROURKE,WFP,99
18-09,NINA AHMAD,DEM,190
18-09,RUE LANDAU,DEM,207
18-09,WRITE-IN,,3
18-10,DREW MURRAY,REP,55
18-10,ISAIAH THOMAS,DEM,199
18-10,JIM HARRITY,DEM,136
18-10,JIM HASHER,REP,50
18-10,KATHERINE GILMORE RICHARDSON,DEM,201
18-10,KENDRA BROOKS,WFP,133
18-10,NICOLAS O'ROURKE,WFP,111
18-10,NINA AHMAD,DEM,174
18-10,RUE LANDAU,DEM,208
18-10,WRITE-IN,,5
18-11,DREW MURRAY,REP,52
18-11,ISAIAH THOMAS,DEM,161
18-11,JIM HARRITY,DEM,110
18-11,JIM HASHER,REP,51
18-11,KATHERINE GILMORE RICHARDSON,DEM,166
18-11,KENDRA BROOKS,WFP,121
18-11,NICOLAS O'ROURKE,WFP,102
18-11,NINA AHMAD,DEM,153
18-11,RUE LANDAU,DEM,164
18-11,WRITE-IN,,5
18-12,DREW MURRAY,REP,60
18-12,ISAIAH THOMAS,DEM,177
18-12,JIM HARRITY,DEM,124
18-12,JIM HASHER,REP,56
18-12,KATHERINE GILMORE RICHARDSON,DEM,176
18-12,KENDRA BROOKS,WFP,132
18-12,NICOLAS O'ROURKE,WFP,123
18-12,NINA AHMAD,DEM,163
18-12,RUE LANDAU,DEM,184
18-12,WRITE-IN,,0
18-13,DREW MURRAY,REP,10
18-13,ISAIAH THOMAS,DEM,86
18-13,JIM HARRITY,DEM,60
18-13,JIM HASHER,REP,8
18-13,KATHERINE GILMORE RICHARDSON,DEM,86
18-13,KENDRA BROOKS,WFP,55
18-13,NICOLAS O'ROURKE,WFP,49
18-13,NINA AHMAD,DEM,76
18-13,RUE LANDAU,DEM,79
18-13,WRITE-IN,,1
18-14,DREW MURRAY,REP,29
18-14,ISAIAH THOMAS,DEM,190
18-14,JIM HARRITY,DEM,125
18-14,JIM HASHER,REP,27
18-14,KATHERINE GILMORE RICHARDSON,DEM,171
18-14,KENDRA BROOKS,WFP,96
18-14,NICOLAS O'ROURKE,WFP,89
18-14,NINA AHMAD,DEM,167
18-14,RUE LANDAU,DEM,175
18-14,WRITE-IN,,0
18-15,DREW MURRAY,REP,26
18-15,ISAIAH THOMAS,DEM,179
18-15,JIM HARRITY,DEM,134
18-15,JIM HASHER,REP,28
18-15,KATHERINE GILMORE RICHARDSON,DEM,169
18-15,KENDRA BROOKS,WFP,71
18-15,NICOLAS O'ROURKE,WFP,65
18-15,NINA AHMAD,DEM,170
18-15,RUE LANDAU,DEM,172
18-15,WRITE-IN,,0
18-16,DREW MURRAY,REP,40
18-16,ISAIAH THOMAS,DEM,180
18-16,JIM HARRITY,DEM,121
18-16,JIM HASHER,REP,39
18-16,KATHERINE GILMORE RICHARDSON,DEM,183
18-16,KENDRA BROOKS,WFP,131
18-16,NICOLAS O'ROURKE,WFP,110
18-16,NINA AHMAD,DEM,170
18-16,RUE LANDAU,DEM,187
18-16,WRITE-IN,,1
18-17,DREW MURRAY,REP,45
18-17,ISAIAH THOMAS,DEM,228
18-17,JIM HARRITY,DEM,160
18-17,JIM HASHER,REP,45
18-17,KATHERINE GILMORE RICHARDSON,DEM,234
18-17,KENDRA BROOKS,WFP,161
18-17,NICOLAS O'ROURKE,WFP,143
18-17,NINA AHMAD,DEM,224
18-17,RUE LANDAU,DEM,236
18-17,WRITE-IN,,4
18-18,DREW MURRAY,REP,76
18-18,ISAIAH THOMAS,DEM,301
18-18,JIM HARRITY,DEM,190
18-18,JIM HASHER,REP,77
18-18,KATHERINE GILMORE RICHARDSON,DEM,303
18-18,KENDRA BROOKS,WFP,215
18-18,NICOLAS O'ROURKE,WFP,187
18-18,NINA AHMAD,DEM,277
18-18,RUE LANDAU,DEM,298
18-18,WRITE-IN,,10
18-19,DREW MURRAY,REP,56
18-19,ISAIAH THOMAS,DEM,175
18-19,JIM HARRITY,DEM,149
18-19,JIM HASHER,REP,61
18-19,KATHERINE GILMORE RICHARDSON,DEM,184
18-19,KENDRA BROOKS,WFP,122
18-19,NICOLAS O'ROURKE,WFP,121
18-19,NINA AHMAD,DEM,173
18-19,RUE LANDAU,DEM,200
18-19,WRITE-IN,,7
19-01,DREW MURRAY,REP,9
19-01,ISAIAH THOMAS,DEM,45
19-01,JIM HARRITY,DEM,38
19-01,JIM HASHER,REP,5
19-01,KATHERINE GILMORE RICHARDSON,DEM,39
19-01,KENDRA BROOKS,WFP,4
19-01,NICOLAS O'ROURKE,WFP,5
19-01,NINA AHMAD,DEM,40
19-01,RUE LANDAU,DEM,41
19-01,WRITE-IN,,0
19-02,DREW MURRAY,REP,4
19-02,ISAIAH THOMAS,DEM,40
19-02,JIM HARRITY,DEM,30
19-02,JIM HASHER,REP,3
19-02,KATHERINE GILMORE RICHARDSON,DEM,38
19-02,KENDRA BROOKS,WFP,4
19-02,NICOLAS O'ROURKE,WFP,4
19-02,NINA AHMAD,DEM,37
19-02,RUE LANDAU,DEM,35
19-02,WRITE-IN,,0
19-03,DREW MURRAY,REP,4
19-03,ISAIAH THOMAS,DEM,21
19-03,JIM HARRITY,DEM,18
19-03,JIM HASHER,REP,4
19-03,KATHERINE GILMORE RICHARDSON,DEM,22
19-03,KENDRA BROOKS,WFP,3
19-03,NICOLAS O'ROURKE,WFP,1
19-03,NINA AHMAD,DEM,19
19-03,RUE LANDAU,DEM,14
19-03,WRITE-IN,,0
19-04,DREW MURRAY,REP,5
19-04,ISAIAH THOMAS,DEM,18
19-04,JIM HARRITY,DEM,17
19-04,JIM HASHER,REP,5
19-04,KATHERINE GILMORE RICHARDSON,DEM,21
19-04,KENDRA BROOKS,WFP,6
19-04,NICOLAS O'ROURKE,WFP,3
19-04,NINA AHMAD,DEM,19
19-04,RUE LANDAU,DEM,14
19-04,WRITE-IN,,0
19-05,DREW MURRAY,REP,11
19-05,ISAIAH THOMAS,DEM,35
19-05,JIM HARRITY,DEM,27
19-05,JIM HASHER,REP,12
19-05,KATHERINE GILMORE RICHARDSON,DEM,31
19-05,KENDRA BROOKS,WFP,7
19-05,NICOLAS O'ROURKE,WFP,0
19-05,NINA AHMAD,DEM,36
19-05,RUE LANDAU,DEM,29
19-05,WRITE-IN,,0
19-06,DREW MURRAY,REP,2
19-06,ISAIAH THOMAS,DEM,18
19-06,JIM HARRITY,DEM,16
19-06,JIM HASHER,REP,1
19-06,KATHERINE GILMORE RICHARDSON,DEM,22
19-06,KENDRA BROOKS,WFP,2
19-06,NICOLAS O'ROURKE,WFP,2
19-06,NINA AHMAD,DEM,21
19-06,RUE LANDAU,DEM,14
19-06,WRITE-IN,,0
19-07,DREW MURRAY,REP,5
19-07,ISAIAH THOMAS,DEM,29
19-07,JIM HARRITY,DEM,25
19-07,JIM HASHER,REP,6
19-07,KATHERINE GILMORE RICHARDSON,DEM,29
19-07,KENDRA BROOKS,WFP,1
19-07,NICOLAS O'ROURKE,WFP,3
19-07,NINA AHMAD,DEM,23
19-07,RUE LANDAU,DEM,23
19-07,WRITE-IN,,0
19-08,DREW MURRAY,REP,5
19-08,ISAIAH THOMAS,DEM,41
19-08,JIM HARRITY,DEM,38
19-08,JIM HASHER,REP,1
19-08,KATHERINE GILMORE RICHARDSON,DEM,44
19-08,KENDRA BROOKS,WFP,13
19-08,NICOLAS O'ROURKE,WFP,11
19-08,NINA AHMAD,DEM,40
19-08,RUE LANDAU,DEM,40
19-08,WRITE-IN,,0
19-09,DREW MURRAY,REP,6
19-09,ISAIAH THOMAS,DEM,48
19-09,JIM HARRITY,DEM,46
19-09,JIM HASHER,REP,6
19-09,KATHERINE GILMORE RICHARDSON,DEM,50
19-09,KENDRA BROOKS,WFP,5
19-09,NICOLAS O'ROURKE,WFP,3
19-09,NINA AHMAD,DEM,49
19-09,RUE LANDAU,DEM,50
19-09,WRITE-IN,,0
19-10,DREW MURRAY,REP,23
19-10,ISAIAH THOMAS,DEM,86
19-10,JIM HARRITY,DEM,58
19-10,JIM HASHER,REP,21
19-10,KATHERINE GILMORE RICHARDSON,DEM,79
19-10,KENDRA BROOKS,WFP,37
19-10,NICOLAS O'ROURKE,WFP,35
19-10,NINA AHMAD,DEM,79
19-10,RUE LANDAU,DEM,82
19-10,WRITE-IN,,0
19-11,DREW MURRAY,REP,9
19-11,ISAIAH THOMAS,DEM,46
19-11,JIM HARRITY,DEM,39
19-11,JIM HASHER,REP,9
19-11,KATHERINE GILMORE RICHARDSON,DEM,49
19-11,KENDRA BROOKS,WFP,15
19-11,NICOLAS O'ROURKE,WFP,12
19-11,NINA AHMAD,DEM,44
19-11,RUE LANDAU,DEM,43
19-11,WRITE-IN,,0
19-12,DREW MURRAY,REP,11
19-12,ISAIAH THOMAS,DEM,87
19-12,JIM HARRITY,DEM,66
19-12,JIM HASHER,REP,13
19-12,KATHERINE GILMORE RICHARDSON,DEM,81
19-12,KENDRA BROOKS,WFP,25
19-12,NICOLAS O'ROURKE,WFP,19
19-12,NINA AHMAD,DEM,78
19-12,RUE LANDAU,DEM,80
19-12,WRITE-IN,,2
19-13,DREW MURRAY,REP,6
19-13,ISAIAH THOMAS,DEM,43
19-13,JIM HARRITY,DEM,40
19-13,JIM HASHER,REP,7
19-13,KATHERINE GILMORE RICHARDSON,DEM,40
19-13,KENDRA BROOKS,WFP,2
19-13,NICOLAS O'ROURKE,WFP,5
19-13,NINA AHMAD,DEM,40
19-13,RUE LANDAU,DEM,36
19-13,WRITE-IN,,0
19-14,DREW MURRAY,REP,5
19-14,ISAIAH THOMAS,DEM,26
19-14,JIM HARRITY,DEM,20
19-14,JIM HASHER,REP,3
19-14,KATHERINE GILMORE RICHARDSON,DEM,27
19-14,KENDRA BROOKS,WFP,8
19-14,NICOLAS O'ROURKE,WFP,6
19-14,NINA AHMAD,DEM,26
19-14,RUE LANDAU,DEM,25
19-14,WRITE-IN,,0
19-15,DREW MURRAY,REP,4
19-15,ISAIAH THOMAS,DEM,35
19-15,JIM HARRITY,DEM,39
19-15,JIM HASHER,REP,2
19-15,KATHERINE GILMORE RICHARDSON,DEM,35
19-15,KENDRA BROOKS,WFP,16
19-15,NICOLAS O'ROURKE,WFP,14
19-15,NINA AHMAD,DEM,38
19-15,RUE LANDAU,DEM,32
19-15,WRITE-IN,,0
19-16,DREW MURRAY,REP,11
19-16,ISAIAH THOMAS,DEM,49
19-16,JIM HARRITY,DEM,38
19-16,JIM HASHER,REP,10
19-16,KATHERINE GILMORE RICHARDSON,DEM,46
19-16,KENDRA BROOKS,WFP,16
19-16,NICOLAS O'ROURKE,WFP,13
19-16,NINA AHMAD,DEM,49
19-16,RUE LANDAU,DEM,46
19-16,WRITE-IN,,0
19-17,DREW MURRAY,REP,1
19-17,ISAIAH THOMAS,DEM,38
19-17,JIM HARRITY,DEM,33
19-17,JIM HASHER,REP,1
19-17,KATHERINE GILMORE RICHARDSON,DEM,39
19-17,KENDRA BROOKS,WFP,11
19-17,NICOLAS O'ROURKE,WFP,12
19-17,NINA AHMAD,DEM,39
19-17,RUE LANDAU,DEM,34
19-17,WRITE-IN,,0
19-18,DREW MURRAY,REP,1
19-18,ISAIAH THOMAS,DEM,39
19-18,JIM HARRITY,DEM,35
19-18,JIM HASHER,REP,1
19-18,KATHERINE GILMORE RICHARDSON,DEM,34
19-18,KENDRA BROOKS,WFP,8
19-18,NICOLAS O'ROURKE,WFP,9
19-18,NINA AHMAD,DEM,36
19-18,RUE LANDAU,DEM,31
19-18,WRITE-IN,,0
19-19,DREW MURRAY,REP,11
19-19,ISAIAH THOMAS,DEM,38
19-19,JIM HARRITY,DEM,34
19-19,JIM HASHER,REP,9
19-19,KATHERINE GILMORE RICHARDSON,DEM,41
19-19,KENDRA BROOKS,WFP,11
19-19,NICOLAS O'ROURKE,WFP,9
19-19,NINA AHMAD,DEM,42
19-19,RUE LANDAU,DEM,35
19-19,WRITE-IN,,0
20-01,DREW MURRAY,REP,8
20-01,ISAIAH THOMAS,DEM,98
20-01,JIM HARRITY,DEM,87
20-01,JIM HASHER,REP,5
20-01,KATHERINE GILMORE RICHARDSON,DEM,94
20-01,KENDRA BROOKS,WFP,37
20-01,NICOLAS O'ROURKE,WFP,29
20-01,NINA AHMAD,DEM,104
20-01,RUE LANDAU,DEM,89
20-01,WRITE-IN,,0
20-02,DREW MURRAY,REP,7
20-02,ISAIAH THOMAS,DEM,71
20-02,JIM HARRITY,DEM,47
20-02,JIM HASHER,REP,3
20-02,KATHERINE GILMORE RICHARDSON,DEM,70
20-02,KENDRA BROOKS,WFP,21
20-02,NICOLAS O'ROURKE,WFP,14
20-02,NINA AHMAD,DEM,66
20-02,RUE LANDAU,DEM,60
20-02,WRITE-IN,,0
20-03,DREW MURRAY,REP,11
20-03,ISAIAH THOMAS,DEM,155
20-03,JIM HARRITY,DEM,113
20-03,JIM HASHER,REP,9
20-03,KATHERINE GILMORE RICHARDSON,DEM,153
20-03,KENDRA BROOKS,WFP,44
20-03,NICOLAS O'ROURKE,WFP,33
20-03,NINA AHMAD,DEM,141
20-03,RUE LANDAU,DEM,109
20-03,WRITE-IN,,0
20-04,DREW MURRAY,REP,7
20-04,ISAIAH THOMAS,DEM,148
20-04,JIM HARRITY,DEM,120
20-04,JIM HASHER,REP,9
20-04,KATHERINE GILMORE RICHARDSON,DEM,126
20-04,KENDRA BROOKS,WFP,27
20-04,NICOLAS O'ROURKE,WFP,16
20-04,NINA AHMAD,DEM,134
20-04,RUE LANDAU,DEM,108
20-04,WRITE-IN,,3
20-05,DREW MURRAY,REP,7
20-05,ISAIAH THOMAS,DEM,39
20-05,JIM HARRITY,DEM,22
20-05,JIM HASHER,REP,6
20-05,KATHERINE GILMORE RICHARDSON,DEM,33
20-05,KENDRA BROOKS,WFP,16
20-05,NICOLAS O'ROURKE,WFP,12
20-05,NINA AHMAD,DEM,27
20-05,RUE LANDAU,DEM,32
20-05,WRITE-IN,,0
20-06,DREW MURRAY,REP,14
20-06,ISAIAH THOMAS,DEM,194
20-06,JIM HARRITY,DEM,149
20-06,JIM HASHER,REP,14
20-06,KATHERINE GILMORE RICHARDSON,DEM,177
20-06,KENDRA BROOKS,WFP,40
20-06,NICOLAS O'ROURKE,WFP,22
20-06,NINA AHMAD,DEM,177
20-06,RUE LANDAU,DEM,153
20-06,WRITE-IN,,2
20-07,DREW MURRAY,REP,3
20-07,ISAIAH THOMAS,DEM,134
20-07,JIM HARRITY,DEM,109
20-07,JIM HASHER,REP,3
20-07,KATHERINE GILMORE RICHARDSON,DEM,118
20-07,KENDRA BROOKS,WFP,44
20-07,NICOLAS O'ROURKE,WFP,30
20-07,NINA AHMAD,DEM,132
20-07,RUE LANDAU,DEM,109
20-07,WRITE-IN,,0
20-08,DREW MURRAY,REP,3
20-08,ISAIAH THOMAS,DEM,67
20-08,JIM HARRITY,DEM,30
20-08,JIM HASHER,REP,3
20-08,KATHERINE GILMORE RICHARDSON,DEM,57
20-08,KENDRA BROOKS,WFP,35
20-08,NICOLAS O'ROURKE,WFP,32
20-08,NINA AHMAD,DEM,38
20-08,RUE LANDAU,DEM,50
20-08,WRITE-IN,,0
20-09,DREW MURRAY,REP,5
20-09,ISAIAH THOMAS,DEM,63
20-09,JIM HARRITY,DEM,51
20-09,JIM HASHER,REP,3
20-09,KATHERINE GILMORE RICHARDSON,DEM,65
20-09,KENDRA BROOKS,WFP,25
20-09,NICOLAS O'ROURKE,WFP,14
20-09,NINA AHMAD,DEM,57
20-09,RUE LANDAU,DEM,56
20-09,WRITE-IN,,0
20-10,DREW MURRAY,REP,2
20-10,ISAIAH THOMAS,DEM,80
20-10,JIM HARRITY,DEM,58
20-10,JIM HASHER,REP,2
20-10,KATHERINE GILMORE RICHARDSON,DEM,72
20-10,KENDRA BROOKS,WFP,27
20-10,NICOLAS O'ROURKE,WFP,21
20-10,NINA AHMAD,DEM,71
20-10,RUE LANDAU,DEM,61
20-10,WRITE-IN,,1
20-11,DREW MURRAY,REP,8
20-11,ISAIAH THOMAS,DEM,139
20-11,JIM HARRITY,DEM,126
20-11,JIM HASHER,REP,9
20-11,KATHERINE GILMORE RICHARDSON,DEM,142
20-11,KENDRA BROOKS,WFP,38
20-11,NICOLAS O'ROURKE,WFP,30
20-11,NINA AHMAD,DEM,145
20-11,RUE LANDAU,DEM,153
20-11,WRITE-IN,,5
21-01,DREW MURRAY,REP,48
21-01,ISAIAH THOMAS,DEM,173
21-01,JIM HARRITY,DEM,127
21-01,JIM HASHER,REP,45
21-01,KATHERINE GILMORE RICHARDSON,DEM,182
21-01,KENDRA BROOKS,WFP,111
21-01,NICOLAS O'ROURKE,WFP,95
21-01,NINA AHMAD,DEM,175
21-01,RUE LANDAU,DEM,173
21-01,WRITE-IN,,3
21-02,DREW MURRAY,REP,84
21-02,ISAIAH THOMAS,DEM,210
21-02,JIM HARRITY,DEM,176
21-02,JIM HASHER,REP,87
21-02,KATHERINE GILMORE RICHARDSON,DEM,215
21-02,KENDRA BROOKS,WFP,105
21-02,NICOLAS O'ROURKE,WFP,95
21-02,NINA AHMAD,DEM,211
21-02,RUE LANDAU,DEM,211
21-02,WRITE-IN,,0
21-03,DREW MURRAY,REP,10
21-03,ISAIAH THOMAS,DEM,94
21-03,JIM HARRITY,DEM,60
21-03,JIM HASHER,REP,4
21-03,KATHERINE GILMORE RICHARDSON,DEM,86
21-03,KENDRA BROOKS,WFP,45
21-03,NICOLAS O'ROURKE,WFP,41
21-03,NINA AHMAD,DEM,89
21-03,RUE LANDAU,DEM,70
21-03,WRITE-IN,,0
21-04,DREW MURRAY,REP,24
21-04,ISAIAH THOMAS,DEM,116
21-04,JIM HARRITY,DEM,89
21-04,JIM HASHER,REP,25
21-04,KATHERINE GILMORE RICHARDSON,DEM,124
21-04,KENDRA BROOKS,WFP,61
21-04,NICOLAS O'ROURKE,WFP,48
21-04,NINA AHMAD,DEM,119
21-04,RUE LANDAU,DEM,119
21-04,WRITE-IN,,0
21-05,DREW MURRAY,REP,182
21-05,ISAIAH THOMAS,DEM,281
21-05,JIM HARRITY,DEM,243
21-05,JIM HASHER,REP,177
21-05,KATHERINE GILMORE RICHARDSON,DEM,282
21-05,KENDRA BROOKS,WFP,119
21-05,NICOLAS O'ROURKE,WFP,111
21-05,NINA AHMAD,DEM,277
21-05,RUE LANDAU,DEM,269
21-05,WRITE-IN,,1
21-06,DREW MURRAY,REP,35
21-06,ISAIAH THOMAS,DEM,156
21-06,JIM HARRITY,DEM,118
21-06,JIM HASHER,REP,31
21-06,KATHERINE GILMORE RICHARDSON,DEM,163
21-06,KENDRA BROOKS,WFP,107
21-06,NICOLAS O'ROURKE,WFP,93
21-06,NINA AHMAD,DEM,154
21-06,RUE LANDAU,DEM,155
21-06,WRITE-IN,,1
21-07,DREW MURRAY,REP,56
21-07,ISAIAH THOMAS,DEM,219
21-07,JIM HARRITY,DEM,186
21-07,JIM HASHER,REP,54
21-07,KATHERINE GILMORE RICHARDSON,DEM,239
21-07,KENDRA BROOKS,WFP,146
21-07,NICOLAS O'ROURKE,WFP,126
21-07,NINA AHMAD,DEM,227
21-07,RUE LANDAU,DEM,232
21-07,WRITE-IN,,0
21-08,DREW MURRAY,REP,35
21-08,ISAIAH THOMAS,DEM,131
21-08,JIM HARRITY,DEM,105
21-08,JIM HASHER,REP,28
21-08,KATHERINE GILMORE RICHARDSON,DEM,132
21-08,KENDRA BROOKS,WFP,39
21-08,NICOLAS O'ROURKE,WFP,33
21-08,NINA AHMAD,DEM,119
21-08,RUE LANDAU,DEM,122
21-08,WRITE-IN,,1
21-09,DREW MURRAY,REP,60
21-09,ISAIAH THOMAS,DEM,236
21-09,JIM HARRITY,DEM,183
21-09,JIM HASHER,REP,59
21-09,KATHERINE GILMORE RICHARDSON,DEM,243
21-09,KENDRA BROOKS,WFP,128
21-09,NICOLAS O'ROURKE,WFP,118
21-09,NINA AHMAD,DEM,226
21-09,RUE LANDAU,DEM,254
21-09,WRITE-IN,,1
21-10,DREW MURRAY,REP,40
21-10,ISAIAH THOMAS,DEM,108
21-10,JIM HARRITY,DEM,91
21-10,JIM HASHER,REP,42
21-10,KATHERINE GILMORE RICHARDSON,DEM,122
21-10,KENDRA BROOKS,WFP,71
21-10,NICOLAS O'ROURKE,WFP,65
21-10,NINA AHMAD,DEM,112
21-10,RUE LANDAU,DEM,119
21-10,WRITE-IN,,0
21-11,DREW MURRAY,REP,36
21-11,ISAIAH THOMAS,DEM,163
21-11,JIM HARRITY,DEM,101
21-11,JIM HASHER,REP,28
21-11,KATHERINE GILMORE RICHARDSON,DEM,158
21-11,KENDRA BROOKS,WFP,110
21-11,NICOLAS O'ROURKE,WFP,95
21-11,NINA AHMAD,DEM,146
21-11,RUE LANDAU,DEM,155
21-11,WRITE-IN,,0
21-12,DREW MURRAY,REP,46
21-12,ISAIAH THOMAS,DEM,163
21-12,JIM HARRITY,DEM,123
21-12,JIM HASHER,REP,44
21-12,KATHERINE GILMORE RICHARDSON,DEM,171
21-12,KENDRA BROOKS,WFP,92
21-12,NICOLAS O'ROURKE,WFP,80
21-12,NINA AHMAD,DEM,166
21-12,RUE LANDAU,DEM,180
21-12,WRITE-IN,,0
21-13,DREW MURRAY,REP,53
21-13,ISAIAH THOMAS,DEM,155
21-13,JIM HARRITY,DEM,136
21-13,JIM HASHER,REP,52
21-13,KATHERINE GILMORE RICHARDSON,DEM,171
21-13,KENDRA BROOKS,WFP,86
21-13,NICOLAS O'ROURKE,WFP,70
21-13,NINA AHMAD,DEM,154
21-13,RUE LANDAU,DEM,171
21-13,WRITE-IN,,0
21-14,DREW MURRAY,REP,70
21-14,ISAIAH THOMAS,DEM,265
21-14,JIM HARRITY,DEM,195
21-14,JIM HASHER,REP,68
21-14,KATHERINE GILMORE RICHARDSON,DEM,259
21-14,KENDRA BROOKS,WFP,150
21-14,NICOLAS O'ROURKE,WFP,113
21-14,NINA AHMAD,DEM,250
21-14,RUE LANDAU,DEM,253
21-14,WRITE-IN,,5
21-15,DREW MURRAY,REP,56
21-15,ISAIAH THOMAS,DEM,215
21-15,JIM HARRITY,DEM,149
21-15,JIM HASHER,REP,49
21-15,KATHERINE GILMORE RICHARDSON,DEM,219
21-15,KENDRA BROOKS,WFP,129
21-15,NICOLAS O'ROURKE,WFP,109
21-15,NINA AHMAD,DEM,200
21-15,RUE LANDAU,DEM,210
21-15,WRITE-IN,,3
21-16,DREW MURRAY,REP,48
21-16,ISAIAH THOMAS,DEM,123
21-16,JIM HARRITY,DEM,102
21-16,JIM HASHER,REP,42
21-16,KATHERINE GILMORE RICHARDSON,DEM,149
21-16,KENDRA BROOKS,WFP,80
21-16,NICOLAS O'ROURKE,WFP,74
21-16,NINA AHMAD,DEM,125
21-16,RUE LANDAU,DEM,141
21-16,WRITE-IN,,0
21-17,DREW MURRAY,REP,61
21-17,ISAIAH THOMAS,DEM,183
21-17,JIM HARRITY,DEM,167
21-17,JIM HASHER,REP,62
21-17,KATHERINE GILMORE RICHARDSON,DEM,192
21-17,KENDRA BROOKS,WFP,118
21-17,NICOLAS O'ROURKE,WFP,104
21-17,NINA AHMAD,DEM,199
21-17,RUE LANDAU,DEM,194
21-17,WRITE-IN,,2
21-18,DREW MURRAY,REP,38
21-18,ISAIAH THOMAS,DEM,138
21-18,JIM HARRITY,DEM,106
21-18,JIM HASHER,REP,35
21-18,KATHERINE GILMORE RICHARDSON,DEM,155
21-18,KENDRA BROOKS,WFP,100
21-18,NICOLAS O'ROURKE,WFP,95
21-18,NINA AHMAD,DEM,146
21-18,RUE LANDAU,DEM,146
21-18,WRITE-IN,,0
21-19,DREW MURRAY,REP,50
21-19,ISAIAH THOMAS,DEM,140
21-19,JIM HARRITY,DEM,102
21-19,JIM HASHER,REP,54
21-19,KATHERINE GILMORE RICHARDSON,DEM,135
21-19,KENDRA BROOKS,WFP,112
21-19,NICOLAS O'ROURKE,WFP,104
21-19,NINA AHMAD,DEM,129
21-19,RUE LANDAU,DEM,118
21-19,WRITE-IN,,3
21-20,DREW MURRAY,REP,44
21-20,ISAIAH THOMAS,DEM,130
21-20,JIM HARRITY,DEM,89
21-20,JIM HASHER,REP,37
21-20,KATHERINE GILMORE RICHARDSON,DEM,135
21-20,KENDRA BROOKS,WFP,98
21-20,NICOLAS O'ROURKE,WFP,89
21-20,NINA AHMAD,DEM,128
21-20,RUE LANDAU,DEM,126
21-20,WRITE-IN,,3
21-21,DREW MURRAY,REP,74
21-21,ISAIAH THOMAS,DEM,136
21-21,JIM HARRITY,DEM,104
21-21,JIM HASHER,REP,64
21-21,KATHERINE GILMORE RICHARDSON,DEM,141
21-21,KENDRA BROOKS,WFP,93
21-21,NICOLAS O'ROURKE,WFP,80
21-21,NINA AHMAD,DEM,129
21-21,RUE LANDAU,DEM,144
21-21,WRITE-IN,,1
21-22,DREW MURRAY,REP,109
21-22,ISAIAH THOMAS,DEM,256
21-22,JIM HARRITY,DEM,206
21-22,JIM HASHER,REP,108
21-22,KATHERINE GILMORE RICHARDSON,DEM,247
21-22,KENDRA BROOKS,WFP,143
21-22,NICOLAS O'ROURKE,WFP,126
21-22,NINA AHMAD,DEM,271
21-22,RUE LANDAU,DEM,259
21-22,WRITE-IN,,0
21-23,DREW MURRAY,REP,35
21-23,ISAIAH THOMAS,DEM,227
21-23,JIM HARRITY,DEM,151
21-23,JIM HASHER,REP,29
21-23,KATHERINE GILMORE RICHARDSON,DEM,226
21-23,KENDRA BROOKS,WFP,142
21-23,NICOLAS O'ROURKE,WFP,138
21-23,NINA AHMAD,DEM,220
21-23,RUE LANDAU,DEM,200
21-23,WRITE-IN,,7
21-24,DREW MURRAY,REP,54
21-24,ISAIAH THOMAS,DEM,366
21-24,JIM HARRITY,DEM,227
21-24,JIM HASHER,REP,41
21-24,KATHERINE GILMORE RICHARDSON,DEM,371
21-24,KENDRA BROOKS,WFP,271
21-24,NICOLAS O'ROURKE,WFP,240
21-24,NINA AHMAD,DEM,377
21-24,RUE LANDAU,DEM,370
21-24,WRITE-IN,,2
21-25,DREW MURRAY,REP,76
21-25,ISAIAH THOMAS,DEM,162
21-25,JIM HARRITY,DEM,127
21-25,JIM HASHER,REP,81
21-25,KATHERINE GILMORE RICHARDSON,DEM,167
21-25,KENDRA BROOKS,WFP,108
21-25,NICOLAS O'ROURKE,WFP,97
21-25,NINA AHMAD,DEM,150
21-25,RUE LANDAU,DEM,180
21-25,WRITE-IN,,0
21-26,DREW MURRAY,REP,80
21-26,ISAIAH THOMAS,DEM,138
21-26,JIM HARRITY,DEM,131
21-26,JIM HASHER,REP,82
21-26,KATHERINE GILMORE RICHARDSON,DEM,146
21-26,KENDRA BROOKS,WFP,77
21-26,NICOLAS O'ROURKE,WFP,72
21-26,NINA AHMAD,DEM,147
21-26,RUE LANDAU,DEM,147
21-26,WRITE-IN,,1
21-27,DREW MURRAY,REP,71
21-27,ISAIAH THOMAS,DEM,179
21-27,JIM HARRITY,DEM,118
21-27,JIM HASHER,REP,64
21-27,KATHERINE GILMORE RICHARDSON,DEM,163
21-27,KENDRA BROOKS,WFP,121
21-27,NICOLAS O'ROURKE,WFP,94
21-27,NINA AHMAD,DEM,170
21-27,RUE LANDAU,DEM,169
21-27,WRITE-IN,,0
21-28,DREW MURRAY,REP,116
21-28,ISAIAH THOMAS,DEM,174
21-28,JIM HARRITY,DEM,150
21-28,JIM HASHER,REP,113
21-28,KATHERINE GILMORE RICHARDSON,DEM,184
21-28,KENDRA BROOKS,WFP,90
21-28,NICOLAS O'ROURKE,WFP,86
21-28,NINA AHMAD,DEM,157
21-28,RUE LANDAU,DEM,171
21-28,WRITE-IN,,3
21-29,DREW MURRAY,REP,118
21-29,ISAIAH THOMAS,DEM,206
21-29,JIM HARRITY,DEM,193
21-29,JIM HASHER,REP,124
21-29,KATHERINE GILMORE RICHARDSON,DEM,216
21-29,KENDRA BROOKS,WFP,105
21-29,NICOLAS O'ROURKE,WFP,85
21-29,NINA AHMAD,DEM,196
21-29,RUE LANDAU,DEM,204
21-29,WRITE-IN,,0
21-30,DREW MURRAY,REP,118
21-30,ISAIAH THOMAS,DEM,186
21-30,JIM HARRITY,DEM,167
21-30,JIM HASHER,REP,121
21-30,KATHERINE GILMORE RICHARDSON,DEM,200
21-30,KENDRA BROOKS,WFP,95
21-30,NICOLAS O'ROURKE,WFP,83
21-30,NINA AHMAD,DEM,209
21-30,RUE LANDAU,DEM,185
21-30,WRITE-IN,,3
21-31,DREW MURRAY,REP,115
21-31,ISAIAH THOMAS,DEM,124
21-31,JIM HARRITY,DEM,116
21-31,JIM HASHER,REP,115
21-31,KATHERINE GILMORE RICHARDSON,DEM,143
21-31,KENDRA BROOKS,WFP,63
21-31,NICOLAS O'ROURKE,WFP,53
21-31,NINA AHMAD,DEM,122
21-31,RUE LANDAU,DEM,119
21-31,WRITE-IN,,2
21-32,DREW MURRAY,REP,98
21-32,ISAIAH THOMAS,DEM,130
21-32,JIM HARRITY,DEM,122
21-32,JIM HASHER,REP,98
21-32,KATHERINE GILMORE RICHARDSON,DEM,137
21-32,KENDRA BROOKS,WFP,60
21-32,NICOLAS O'ROURKE,WFP,48
21-32,NINA AHMAD,DEM,125
21-32,RUE LANDAU,DEM,120
21-32,WRITE-IN,,3
21-33,DREW MURRAY,REP,194
21-33,ISAIAH THOMAS,DEM,256
21-33,JIM HARRITY,DEM,246
21-33,JIM HASHER,REP,187
21-33,KATHERINE GILMORE RICHARDSON,DEM,277
21-33,KENDRA BROOKS,WFP,125
21-33,NICOLAS O'ROURKE,WFP,103
21-33,NINA AHMAD,DEM,256
21-33,RUE LANDAU,DEM,240
21-33,WRITE-IN,,1
21-34,DREW MURRAY,REP,208
21-34,ISAIAH THOMAS,DEM,235
21-34,JIM HARRITY,DEM,231
21-34,JIM HASHER,REP,200
21-34,KATHERINE GILMORE RICHARDSON,DEM,254
21-34,KENDRA BROOKS,WFP,101
21-34,NICOLAS O'ROURKE,WFP,84
21-34,NINA AHMAD,DEM,249
21-34,RUE LANDAU,DEM,234
21-34,WRITE-IN,,2
21-35,DREW MURRAY,REP,89
21-35,ISAIAH THOMAS,DEM,171
21-35,JIM HARRITY,DEM,129
21-35,JIM HASHER,REP,67
21-35,KATHERINE GILMORE RICHARDSON,DEM,189
21-35,KENDRA BROOKS,WFP,118
21-35,NICOLAS O'ROURKE,WFP,104
21-35,NINA AHMAD,DEM,173
21-35,RUE LANDAU,DEM,172
21-35,WRITE-IN,,5
21-36,DREW MURRAY,REP,33
21-36,ISAIAH THOMAS,DEM,109
21-36,JIM HARRITY,DEM,88
21-36,JIM HASHER,REP,34
21-36,KATHERINE GILMORE RICHARDSON,DEM,112
21-36,KENDRA BROOKS,WFP,58
21-36,NICOLAS O'ROURKE,WFP,52
21-36,NINA AHMAD,DEM,114
21-36,RUE LANDAU,DEM,102
21-36,WRITE-IN,,3
21-37,DREW MURRAY,REP,84
21-37,ISAIAH THOMAS,DEM,147
21-37,JIM HARRITY,DEM,125
21-37,JIM HASHER,REP,82
21-37,KATHERINE GILMORE RICHARDSON,DEM,150
21-37,KENDRA BROOKS,WFP,89
21-37,NICOLAS O'ROURKE,WFP,70
21-37,NINA AHMAD,DEM,144
21-37,RUE LANDAU,DEM,151
21-37,WRITE-IN,,3
21-38,DREW MURRAY,REP,152
21-38,ISAIAH THOMAS,DEM,126
21-38,JIM HARRITY,DEM,138
21-38,JIM HASHER,REP,142
21-38,KATHERINE GILMORE RICHARDSON,DEM,140
21-38,KENDRA BROOKS,WFP,71
21-38,NICOLAS O'ROURKE,WFP,73
21-38,NINA AHMAD,DEM,127
21-38,RUE LANDAU,DEM,129
21-38,WRITE-IN,,0
21-39,DREW MURRAY,REP,86
21-39,ISAIAH THOMAS,DEM,252
21-39,JIM HARRITY,DEM,218
21-39,JIM HASHER,REP,82
21-39,KATHERINE GILMORE RICHARDSON,DEM,243
21-39,KENDRA BROOKS,WFP,75
21-39,NICOLAS O'ROURKE,WFP,59
21-39,NINA AHMAD,DEM,235
21-39,RUE LANDAU,DEM,230
21-39,WRITE-IN,,2
21-40,DREW MURRAY,REP,96
21-40,ISAIAH THOMAS,DEM,203
21-40,JIM HARRITY,DEM,179
21-40,JIM HASHER,REP,89
21-40,KATHERINE GILMORE RICHARDSON,DEM,211
21-40,KENDRA BROOKS,WFP,97
21-40,NICOLAS O'ROURKE,WFP,87
21-40,NINA AHMAD,DEM,216
21-40,RUE LANDAU,DEM,208
21-40,WRITE-IN,,0
21-41,DREW MURRAY,REP,122
21-41,ISAIAH THOMAS,DEM,151
21-41,JIM HARRITY,DEM,146
21-41,JIM HASHER,REP,117
21-41,KATHERINE GILMORE RICHARDSON,DEM,180
21-41,KENDRA BROOKS,WFP,58
21-41,NICOLAS O'ROURKE,WFP,49
21-41,NINA AHMAD,DEM,153
21-41,RUE LANDAU,DEM,148
21-41,WRITE-IN,,1
21-42,DREW MURRAY,REP,116
21-42,ISAIAH THOMAS,DEM,100
21-42,JIM HARRITY,DEM,104
21-42,JIM HASHER,REP,113
21-42,KATHERINE GILMORE RICHARDSON,DEM,103
21-42,KENDRA BROOKS,WFP,58
21-42,NICOLAS O'ROURKE,WFP,51
21-42,NINA AHMAD,DEM,97
21-42,RUE LANDAU,DEM,87
21-42,WRITE-IN,,8
21-43,DREW MURRAY,REP,59
21-43,ISAIAH THOMAS,DEM,101
21-43,JIM HARRITY,DEM,93
21-43,JIM HASHER,REP,55
21-43,KATHERINE GILMORE RICHARDSON,DEM,107
21-43,KENDRA BROOKS,WFP,47
21-43,NICOLAS O'ROURKE,WFP,48
21-43,NINA AHMAD,DEM,100
21-43,RUE LANDAU,DEM,95
21-43,WRITE-IN,,5
21-44,DREW MURRAY,REP,180
21-44,ISAIAH THOMAS,DEM,114
21-44,JIM HARRITY,DEM,142
21-44,JIM HASHER,REP,177
21-44,KATHERINE GILMORE RICHARDSON,DEM,137
21-44,KENDRA BROOKS,WFP,67
21-44,NICOLAS O'ROURKE,WFP,55
21-44,NINA AHMAD,DEM,133
21-44,RUE LANDAU,DEM,122
21-44,WRITE-IN,,2
21-45,DREW MURRAY,REP,126
21-45,ISAIAH THOMAS,DEM,212
21-45,JIM HARRITY,DEM,150
21-45,JIM HASHER,REP,112
21-45,KATHERINE GILMORE RICHARDSON,DEM,223
21-45,KENDRA BROOKS,WFP,161
21-45,NICOLAS O'ROURKE,WFP,142
21-45,NINA AHMAD,DEM,209
21-45,RUE LANDAU,DEM,219
21-45,WRITE-IN,,5
22-01,DREW MURRAY,REP,40
22-01,ISAIAH THOMAS,DEM,378
22-01,JIM HARRITY,DEM,186
22-01,JIM HASHER,REP,28
22-01,KATHERINE GILMORE RICHARDSON,DEM,387
22-01,KENDRA BROOKS,WFP,331
22-01,NICOLAS O'ROURKE,WFP,307
22-01,NINA AHMAD,DEM,299
22-01,RUE LANDAU,DEM,413
22-01,WRITE-IN,,3
22-02,DREW MURRAY,REP,56
22-02,ISAIAH THOMAS,DEM,355
22-02,JIM HARRITY,DEM,205
22-02,JIM HASHER,REP,37
22-02,KATHERINE GILMORE RICHARDSON,DEM,365
22-02,KENDRA BROOKS,WFP,273
22-02,NICOLAS O'ROURKE,WFP,245
22-02,NINA AHMAD,DEM,331
22-02,RUE LANDAU,DEM,380
22-02,WRITE-IN,,3
22-03,DREW MURRAY,REP,26
22-03,ISAIAH THOMAS,DEM,180
22-03,JIM HARRITY,DEM,105
22-03,JIM HASHER,REP,17
22-03,KATHERINE GILMORE RICHARDSON,DEM,187
22-03,KENDRA BROOKS,WFP,111
22-03,NICOLAS O'ROURKE,WFP,101
22-03,NINA AHMAD,DEM,154
22-03,RUE LANDAU,DEM,172
22-03,WRITE-IN,,2
22-04,DREW MURRAY,REP,26
22-04,ISAIAH THOMAS,DEM,200
22-04,JIM HARRITY,DEM,133
22-04,JIM HASHER,REP,16
22-04,KATHERINE GILMORE RICHARDSON,DEM,204
22-04,KENDRA BROOKS,WFP,157
22-04,NICOLAS O'ROURKE,WFP,130
22-04,NINA AHMAD,DEM,203
22-04,RUE LANDAU,DEM,180
22-04,WRITE-IN,,2
22-05,DREW MURRAY,REP,34
22-05,ISAIAH THOMAS,DEM,273
22-05,JIM HARRITY,DEM,164
22-05,JIM HASHER,REP,26
22-05,KATHERINE GILMORE RICHARDSON,DEM,267
22-05,KENDRA BROOKS,WFP,147
22-05,NICOLAS O'ROURKE,WFP,133
22-05,NINA AHMAD,DEM,244
22-05,RUE LANDAU,DEM,258
22-05,WRITE-IN,,5
22-06,DREW MURRAY,REP,28
22-06,ISAIAH THOMAS,DEM,357
22-06,JIM HARRITY,DEM,179
22-06,JIM HASHER,REP,21
22-06,KATHERINE GILMORE RICHARDSON,DEM,341
22-06,KENDRA BROOKS,WFP,256
22-06,NICOLAS O'ROURKE,WFP,220
22-06,NINA AHMAD,DEM,304
22-06,RUE LANDAU,DEM,340
22-06,WRITE-IN,,8
22-07,DREW MURRAY,REP,34
22-07,ISAIAH THOMAS,DEM,291
22-07,JIM HARRITY,DEM,166
22-07,JIM HASHER,REP,31
22-07,KATHERINE GILMORE RICHARDSON,DEM,289
22-07,KENDRA BROOKS,WFP,215
22-07,NICOLAS O'ROURKE,WFP,188
22-07,NINA AHMAD,DEM,256
22-07,RUE LANDAU,DEM,259
22-07,WRITE-IN,,3
22-08,DREW MURRAY,REP,11
22-08,ISAIAH THOMAS,DEM,216
22-08,JIM HARRITY,DEM,126
22-08,JIM HASHER,REP,7
22-08,KATHERINE GILMORE RICHARDSON,DEM,192
22-08,KENDRA BROOKS,WFP,117
22-08,NICOLAS O'ROURKE,WFP,87
22-08,NINA AHMAD,DEM,194
22-08,RUE LANDAU,DEM,187
22-08,WRITE-IN,,0
22-09,DREW MURRAY,REP,14
22-09,ISAIAH THOMAS,DEM,204
22-09,JIM HARRITY,DEM,125
22-09,JIM HASHER,REP,12
22-09,KATHERINE GILMORE RICHARDSON,DEM,179
22-09,KENDRA BROOKS,WFP,100
22-09,NICOLAS O'ROURKE,WFP,88
22-09,NINA AHMAD,DEM,177
22-09,RUE LANDAU,DEM,171
22-09,WRITE-IN,,3
22-10,DREW MURRAY,REP,14
22-10,ISAIAH THOMAS,DEM,203
22-10,JIM HARRITY,DEM,129
22-10,JIM HASHER,REP,10
22-10,KATHERINE GILMORE RICHARDSON,DEM,186
22-10,KENDRA BROOKS,WFP,107
22-10,NICOLAS O'ROURKE,WFP,92
22-10,NINA AHMAD,DEM,189
22-10,RUE LANDAU,DEM,174
22-10,WRITE-IN,,3
22-11,DREW MURRAY,REP,17
22-11,ISAIAH THOMAS,DEM,164
22-11,JIM HARRITY,DEM,93
22-11,JIM HASHER,REP,14
22-11,KATHERINE GILMORE RICHARDSON,DEM,144
22-11,KENDRA BROOKS,WFP,101
22-11,NICOLAS O'ROURKE,WFP,78
22-11,NINA AHMAD,DEM,147
22-11,RUE LANDAU,DEM,132
22-11,WRITE-IN,,1
22-12,DREW MURRAY,REP,10
22-12,ISAIAH THOMAS,DEM,156
22-12,JIM HARRITY,DEM,99
22-12,JIM HASHER,REP,5
22-12,KATHERINE GILMORE RICHARDSON,DEM,137
22-12,KENDRA BROOKS,WFP,74
22-12,NICOLAS O'ROURKE,WFP,61
22-12,NINA AHMAD,DEM,143
22-12,RUE LANDAU,DEM,115
22-12,WRITE-IN,,0
22-13,DREW MURRAY,REP,7
22-13,ISAIAH THOMAS,DEM,168
22-13,JIM HARRITY,DEM,97
22-13,JIM HASHER,REP,8
22-13,KATHERINE GILMORE RICHARDSON,DEM,141
22-13,KENDRA BROOKS,WFP,92
22-13,NICOLAS O'ROURKE,WFP,80
22-13,NINA AHMAD,DEM,159
22-13,RUE LANDAU,DEM,127
22-13,WRITE-IN,,2
22-14,DREW MURRAY,REP,13
22-14,ISAIAH THOMAS,DEM,194
22-14,JIM HARRITY,DEM,104
22-14,JIM HASHER,REP,13
22-14,KATHERINE GILMORE RICHARDSON,DEM,174
22-14,KENDRA BROOKS,WFP,94
22-14,NICOLAS O'ROURKE,WFP,77
22-14,NINA AHMAD,DEM,172
22-14,RUE LANDAU,DEM,145
22-14,WRITE-IN,,1
22-15,DREW MURRAY,REP,8
22-15,ISAIAH THOMAS,DEM,205
22-15,JIM HARRITY,DEM,155
22-15,JIM HASHER,REP,7
22-15,KATHERINE GILMORE RICHARDSON,DEM,180
22-15,KENDRA BROOKS,WFP,46
22-15,NICOLAS O'ROURKE,WFP,42
22-15,NINA AHMAD,DEM,186
22-15,RUE LANDAU,DEM,166
22-15,WRITE-IN,,0
22-16,DREW MURRAY,REP,19
22-16,ISAIAH THOMAS,DEM,246
22-16,JIM HARRITY,DEM,142
22-16,JIM HASHER,REP,18
22-16,KATHERINE GILMORE RICHARDSON,DEM,228
22-16,KENDRA BROOKS,WFP,147
22-16,NICOLAS O'ROURKE,WFP,138
22-16,NINA AHMAD,DEM,220
22-16,RUE LANDAU,DEM,205
22-16,WRITE-IN,,0
22-17,DREW MURRAY,REP,29
22-17,ISAIAH THOMAS,DEM,251
22-17,JIM HARRITY,DEM,145
22-17,JIM HASHER,REP,15
22-17,KATHERINE GILMORE RICHARDSON,DEM,237
22-17,KENDRA BROOKS,WFP,149
22-17,NICOLAS O'ROURKE,WFP,129
22-17,NINA AHMAD,DEM,234
22-17,RUE LANDAU,DEM,210
22-17,WRITE-IN,,1
22-18,DREW MURRAY,REP,12
22-18,ISAIAH THOMAS,DEM,209
22-18,JIM HARRITY,DEM,116
22-18,JIM HASHER,REP,11
22-18,KATHERINE GILMORE RICHARDSON,DEM,191
22-18,KENDRA BROOKS,WFP,121
22-18,NICOLAS O'ROURKE,WFP,106
22-18,NINA AHMAD,DEM,193
22-18,RUE LANDAU,DEM,150
22-18,WRITE-IN,,1
22-19,DREW MURRAY,REP,13
22-19,ISAIAH THOMAS,DEM,208
22-19,JIM HARRITY,DEM,126
22-19,JIM HASHER,REP,8
22-19,KATHERINE GILMORE RICHARDSON,DEM,196
22-19,KENDRA BROOKS,WFP,122
22-19,NICOLAS O'ROURKE,WFP,105
22-19,NINA AHMAD,DEM,191
22-19,RUE LANDAU,DEM,163
22-19,WRITE-IN,,5
22-20,DREW MURRAY,REP,7
22-20,ISAIAH THOMAS,DEM,137
22-20,JIM HARRITY,DEM,97
22-20,JIM HASHER,REP,6
22-20,KATHERINE GILMORE RICHARDSON,DEM,129
22-20,KENDRA BROOKS,WFP,61
22-20,NICOLAS O'ROURKE,WFP,51
22-20,NINA AHMAD,DEM,132
22-20,RUE LANDAU,DEM,112
22-20,WRITE-IN,,0
22-21,DREW MURRAY,REP,10
22-21,ISAIAH THOMAS,DEM,168
22-21,JIM HARRITY,DEM,95
22-21,JIM HASHER,REP,10
22-21,KATHERINE GILMORE RICHARDSON,DEM,139
22-21,KENDRA BROOKS,WFP,62
22-21,NICOLAS O'ROURKE,WFP,53
22-21,NINA AHMAD,DEM,142
22-21,RUE LANDAU,DEM,110
22-21,WRITE-IN,,0
22-22,DREW MURRAY,REP,14
22-22,ISAIAH THOMAS,DEM,189
22-22,JIM HARRITY,DEM,124
22-22,JIM HASHER,REP,11
22-22,KATHERINE GILMORE RICHARDSON,DEM,163
22-22,KENDRA BROOKS,WFP,59
22-22,NICOLAS O'ROURKE,WFP,40
22-22,NINA AHMAD,DEM,171
22-22,RUE LANDAU,DEM,133
22-22,WRITE-IN,,0
22-23,DREW MURRAY,REP,23
22-23,ISAIAH THOMAS,DEM,218
22-23,JIM HARRITY,DEM,107
22-23,JIM HASHER,REP,22
22-23,KATHERINE GILMORE RICHARDSON,DEM,202
22-23,KENDRA BROOKS,WFP,156
22-23,NICOLAS O'ROURKE,WFP,139
22-23,NINA AHMAD,DEM,197
22-23,RUE LANDAU,DEM,209
22-23,WRITE-IN,,0
22-24,DREW MURRAY,REP,25
22-24,ISAIAH THOMAS,DEM,232
22-24,JIM HARRITY,DEM,121
22-24,JIM HASHER,REP,15
22-24,KATHERINE GILMORE RICHARDSON,DEM,209
22-24,KENDRA BROOKS,WFP,120
22-24,NICOLAS O'ROURKE,WFP,85
22-24,NINA AHMAD,DEM,209
22-24,RUE LANDAU,DEM,182
22-24,WRITE-IN,,0
22-25,DREW MURRAY,REP,17
22-25,ISAIAH THOMAS,DEM,190
22-25,JIM HARRITY,DEM,134
22-25,JIM HASHER,REP,13
22-25,KATHERINE GILMORE RICHARDSON,DEM,178
22-25,KENDRA BROOKS,WFP,70
22-25,NICOLAS O'ROURKE,WFP,60
22-25,NINA AHMAD,DEM,195
22-25,RUE LANDAU,DEM,151
22-25,WRITE-IN,,0
22-26,DREW MURRAY,REP,19
22-26,ISAIAH THOMAS,DEM,219
22-26,JIM HARRITY,DEM,146
22-26,JIM HASHER,REP,15
22-26,KATHERINE GILMORE RICHARDSON,DEM,187
22-26,KENDRA BROOKS,WFP,77
22-26,NICOLAS O'ROURKE,WFP,58
22-26,NINA AHMAD,DEM,208
22-26,RUE LANDAU,DEM,164
22-26,WRITE-IN,,0
22-27,DREW MURRAY,REP,12
22-27,ISAIAH THOMAS,DEM,256
22-27,JIM HARRITY,DEM,163
22-27,JIM HASHER,REP,7
22-27,KATHERINE GILMORE RICHARDSON,DEM,205
22-27,KENDRA BROOKS,WFP,85
22-27,NICOLAS O'ROURKE,WFP,67
22-27,NINA AHMAD,DEM,222
22-27,RUE LANDAU,DEM,180
22-27,WRITE-IN,,1
22-28,DREW MURRAY,REP,4
22-28,ISAIAH THOMAS,DEM,198
22-28,JIM HARRITY,DEM,127
22-28,JIM HASHER,REP,6
22-28,KATHERINE GILMORE RICHARDSON,DEM,173
22-28,KENDRA BROOKS,WFP,76
22-28,NICOLAS O'ROURKE,WFP,56
22-28,NINA AHMAD,DEM,178
22-28,RUE LANDAU,DEM,128
22-28,WRITE-IN,,0
22-29,DREW MURRAY,REP,19
22-29,ISAIAH THOMAS,DEM,224
22-29,JIM HARRITY,DEM,151
22-29,JIM HASHER,REP,17
22-29,KATHERINE GILMORE RICHARDSON,DEM,196
22-29,KENDRA BROOKS,WFP,88
22-29,NICOLAS O'ROURKE,WFP,66
22-29,NINA AHMAD,DEM,209
22-29,RUE LANDAU,DEM,139
22-29,WRITE-IN,,1
23-01,DREW MURRAY,REP,2
23-01,ISAIAH THOMAS,DEM,37
23-01,JIM HARRITY,DEM,35
23-01,JIM HASHER,REP,0
23-01,KATHERINE GILMORE RICHARDSON,DEM,36
23-01,KENDRA BROOKS,WFP,10
23-01,NICOLAS O'ROURKE,WFP,8
23-01,NINA AHMAD,DEM,36
23-01,RUE LANDAU,DEM,30
23-01,WRITE-IN,,0
23-02,DREW MURRAY,REP,16
23-02,ISAIAH THOMAS,DEM,51
23-02,JIM HARRITY,DEM,48
23-02,JIM HASHER,REP,15
23-02,KATHERINE GILMORE RICHARDSON,DEM,49
23-02,KENDRA BROOKS,WFP,10
23-02,NICOLAS O'ROURKE,WFP,10
23-02,NINA AHMAD,DEM,51
23-02,RUE LANDAU,DEM,44
23-02,WRITE-IN,,0
23-03,DREW MURRAY,REP,7
23-03,ISAIAH THOMAS,DEM,31
23-03,JIM HARRITY,DEM,27
23-03,JIM HASHER,REP,7
23-03,KATHERINE GILMORE RICHARDSON,DEM,26
23-03,KENDRA BROOKS,WFP,8
23-03,NICOLAS O'ROURKE,WFP,7
23-03,NINA AHMAD,DEM,29
23-03,RUE LANDAU,DEM,21
23-03,WRITE-IN,,0
23-04,DREW MURRAY,REP,31
23-04,ISAIAH THOMAS,DEM,76
23-04,JIM HARRITY,DEM,70
23-04,JIM HASHER,REP,29
23-04,KATHERINE GILMORE RICHARDSON,DEM,72
23-04,KENDRA BROOKS,WFP,18
23-04,NICOLAS O'ROURKE,WFP,11
23-04,NINA AHMAD,DEM,76
23-04,RUE LANDAU,DEM,63
23-04,WRITE-IN,,4
23-05,DREW MURRAY,REP,16
23-05,ISAIAH THOMAS,DEM,51
23-05,JIM HARRITY,DEM,34
23-05,JIM HASHER,REP,14
23-05,KATHERINE GILMORE RICHARDSON,DEM,49
23-05,KENDRA BROOKS,WFP,16
23-05,NICOLAS O'ROURKE,WFP,10
23-05,NINA AHMAD,DEM,53
23-05,RUE LANDAU,DEM,40
23-05,WRITE-IN,,3
23-06,DREW MURRAY,REP,14
23-06,ISAIAH THOMAS,DEM,75
23-06,JIM HARRITY,DEM,64
23-06,JIM HASHER,REP,14
23-06,KATHERINE GILMORE RICHARDSON,DEM,67
23-06,KENDRA BROOKS,WFP,19
23-06,NICOLAS O'ROURKE,WFP,18
23-06,NINA AHMAD,DEM,68
23-06,RUE LANDAU,DEM,67
23-06,WRITE-IN,,0
23-07,DREW MURRAY,REP,16
23-07,ISAIAH THOMAS,DEM,81
23-07,JIM HARRITY,DEM,69
23-07,JIM HASHER,REP,17
23-07,KATHERINE GILMORE RICHARDSON,DEM,79
23-07,KENDRA BROOKS,WFP,14
23-07,NICOLAS O'ROURKE,WFP,7
23-07,NINA AHMAD,DEM,78
23-07,RUE LANDAU,DEM,71
23-07,WRITE-IN,,7
23-08,DREW MURRAY,REP,25
23-08,ISAIAH THOMAS,DEM,87
23-08,JIM HARRITY,DEM,77
23-08,JIM HASHER,REP,28
23-08,KATHERINE GILMORE RICHARDSON,DEM,89
23-08,KENDRA BROOKS,WFP,13
23-08,NICOLAS O'ROURKE,WFP,7
23-08,NINA AHMAD,DEM,86
23-08,RUE LANDAU,DEM,77
23-08,WRITE-IN,,0
23-09,DREW MURRAY,REP,45
23-09,ISAIAH THOMAS,DEM,109
23-09,JIM HARRITY,DEM,92
23-09,JIM HASHER,REP,43
23-09,KATHERINE GILMORE RICHARDSON,DEM,105
23-09,KENDRA BROOKS,WFP,42
23-09,NICOLAS O'ROURKE,WFP,26
23-09,NINA AHMAD,DEM,102
23-09,RUE LANDAU,DEM,79
23-09,WRITE-IN,,1
23-10,DREW MURRAY,REP,67
23-10,ISAIAH THOMAS,DEM,178
23-10,JIM HARRITY,DEM,153
23-10,JIM HASHER,REP,63
23-10,KATHERINE GILMORE RICHARDSON,DEM,162
23-10,KENDRA BROOKS,WFP,51
23-10,NICOLAS O'ROURKE,WFP,41
23-10,NINA AHMAD,DEM,161
23-10,RUE LANDAU,DEM,154
23-10,WRITE-IN,,1
23-11,DREW MURRAY,REP,13
23-11,ISAIAH THOMAS,DEM,77
23-11,JIM HARRITY,DEM,59
23-11,JIM HASHER,REP,16
23-11,KATHERINE GILMORE RICHARDSON,DEM,73
23-11,KENDRA BROOKS,WFP,18
23-11,NICOLAS O'ROURKE,WFP,16
23-11,NINA AHMAD,DEM,72
23-11,RUE LANDAU,DEM,59
23-11,WRITE-IN,,0
23-12,DREW MURRAY,REP,3
23-12,ISAIAH THOMAS,DEM,55
23-12,JIM HARRITY,DEM,48
23-12,JIM HASHER,REP,5
23-12,KATHERINE GILMORE RICHARDSON,DEM,53
23-12,KENDRA BROOKS,WFP,11
23-12,NICOLAS O'ROURKE,WFP,8
23-12,NINA AHMAD,DEM,54
23-12,RUE LANDAU,DEM,49
23-12,WRITE-IN,,0
23-13,DREW MURRAY,REP,54
23-13,ISAIAH THOMAS,DEM,173
23-13,JIM HARRITY,DEM,146
23-13,JIM HASHER,REP,56
23-13,KATHERINE GILMORE RICHARDSON,DEM,163
23-13,KENDRA BROOKS,WFP,51
23-13,NICOLAS O'ROURKE,WFP,39
23-13,NINA AHMAD,DEM,172
23-13,RUE LANDAU,DEM,135
23-13,WRITE-IN,,11
23-14,DREW MURRAY,REP,59
23-14,ISAIAH THOMAS,DEM,53
23-14,JIM HARRITY,DEM,57
23-14,JIM HASHER,REP,51
23-14,KATHERINE GILMORE RICHARDSON,DEM,56
23-14,KENDRA BROOKS,WFP,15
23-14,NICOLAS O'ROURKE,WFP,18
23-14,NINA AHMAD,DEM,49
23-14,RUE LANDAU,DEM,45
23-14,WRITE-IN,,0
23-15,DREW MURRAY,REP,13
23-15,ISAIAH THOMAS,DEM,51
23-15,JIM HARRITY,DEM,49
23-15,JIM HASHER,REP,17
23-15,KATHERINE GILMORE RICHARDSON,DEM,49
23-15,KENDRA BROOKS,WFP,13
23-15,NICOLAS O'ROURKE,WFP,10
23-15,NINA AHMAD,DEM,52
23-15,RUE LANDAU,DEM,52
23-15,WRITE-IN,,5
23-16,DREW MURRAY,REP,8
23-16,ISAIAH THOMAS,DEM,91
23-16,JIM HARRITY,DEM,73
23-16,JIM HASHER,REP,7
23-16,KATHERINE GILMORE RICHARDSON,DEM,80
23-16,KENDRA BROOKS,WFP,16
23-16,NICOLAS O'ROURKE,WFP,11
23-16,NINA AHMAD,DEM,86
23-16,RUE LANDAU,DEM,72
23-16,WRITE-IN,,1
23-17,DREW MURRAY,REP,8
23-17,ISAIAH THOMAS,DEM,78
23-17,JIM HARRITY,DEM,60
23-17,JIM HASHER,REP,6
23-17,KATHERINE GILMORE RICHARDSON,DEM,68
23-17,KENDRA BROOKS,WFP,19
23-17,NICOLAS O'ROURKE,WFP,12
23-17,NINA AHMAD,DEM,78
23-17,RUE LANDAU,DEM,60
23-17,WRITE-IN,,0
23-18,DREW MURRAY,REP,1
23-18,ISAIAH THOMAS,DEM,57
23-18,JIM HARRITY,DEM,29
23-18,JIM HASHER,REP,2
23-18,KATHERINE GILMORE RICHARDSON,DEM,48
23-18,KENDRA BROOKS,WFP,24
23-18,NICOLAS O'ROURKE,WFP,18
23-18,NINA AHMAD,DEM,38
23-18,RUE LANDAU,DEM,28
23-18,WRITE-IN,,0
23-19,DREW MURRAY,REP,4
23-19,ISAIAH THOMAS,DEM,75
23-19,JIM HARRITY,DEM,62
23-19,JIM HASHER,REP,6
23-19,KATHERINE GILMORE RICHARDSON,DEM,65
23-19,KENDRA BROOKS,WFP,11
23-19,NICOLAS O'ROURKE,WFP,10
23-19,NINA AHMAD,DEM,69
23-19,RUE LANDAU,DEM,56
23-19,WRITE-IN,,0
23-20,DREW MURRAY,REP,12
23-20,ISAIAH THOMAS,DEM,77
23-20,JIM HARRITY,DEM,53
23-20,JIM HASHER,REP,11
23-20,KATHERINE GILMORE RICHARDSON,DEM,63
23-20,KENDRA BROOKS,WFP,23
23-20,NICOLAS O'ROURKE,WFP,22
23-20,NINA AHMAD,DEM,64
23-20,RUE LANDAU,DEM,48
23-20,WRITE-IN,,0
23-21,DREW MURRAY,REP,9
23-21,ISAIAH THOMAS,DEM,120
23-21,JIM HARRITY,DEM,76
23-21,JIM HASHER,REP,8
23-21,KATHERINE GILMORE RICHARDSON,DEM,96
23-21,KENDRA BROOKS,WFP,29
23-21,NICOLAS O'ROURKE,WFP,24
23-21,NINA AHMAD,DEM,91
23-21,RUE LANDAU,DEM,78
23-21,WRITE-IN,,0
23-22,DREW MURRAY,REP,22
23-22,ISAIAH THOMAS,DEM,32
23-22,JIM HARRITY,DEM,31
23-22,JIM HASHER,REP,18
23-22,KATHERINE GILMORE RICHARDSON,DEM,35
23-22,KENDRA BROOKS,WFP,15
23-22,NICOLAS O'ROURKE,WFP,11
23-22,NINA AHMAD,DEM,32
23-22,RUE LANDAU,DEM,32
23-22,WRITE-IN,,1
23-23,DREW MURRAY,REP,14
23-23,ISAIAH THOMAS,DEM,34
23-23,JIM HARRITY,DEM,29
23-23,JIM HASHER,REP,13
23-23,KATHERINE GILMORE RICHARDSON,DEM,35
23-23,KENDRA BROOKS,WFP,9
23-23,NICOLAS O'ROURKE,WFP,7
23-23,NINA AHMAD,DEM,31
23-23,RUE LANDAU,DEM,35
23-23,WRITE-IN,,0
24-01,DREW MURRAY,REP,14
24-01,ISAIAH THOMAS,DEM,121
24-01,JIM HARRITY,DEM,58
24-01,JIM HASHER,REP,11
24-01,KATHERINE GILMORE RICHARDSON,DEM,137
24-01,KENDRA BROOKS,WFP,113
24-01,NICOLAS O'ROURKE,WFP,106
24-01,NINA AHMAD,DEM,98
24-01,RUE LANDAU,DEM,127
24-01,WRITE-IN,,0
24-02,DREW MURRAY,REP,6
24-02,ISAIAH THOMAS,DEM,87
24-02,JIM HARRITY,DEM,55
24-02,JIM HASHER,REP,6
24-02,KATHERINE GILMORE RICHARDSON,DEM,88
24-02,KENDRA BROOKS,WFP,64
24-02,NICOLAS O'ROURKE,WFP,57
24-02,NINA AHMAD,DEM,73
24-02,RUE LANDAU,DEM,78
24-02,WRITE-IN,,0
24-03,DREW MURRAY,REP,13
24-03,ISAIAH THOMAS,DEM,113
24-03,JIM HARRITY,DEM,67
24-03,JIM HASHER,REP,7
24-03,KATHERINE GILMORE RICHARDSON,DEM,108
24-03,KENDRA BROOKS,WFP,80
24-03,NICOLAS O'ROURKE,WFP,66
24-03,NINA AHMAD,DEM,103
24-03,RUE LANDAU,DEM,95
24-03,WRITE-IN,,0
24-04,DREW MURRAY,REP,3
24-04,ISAIAH THOMAS,DEM,107
24-04,JIM HARRITY,DEM,62
24-04,JIM HASHER,REP,3
24-04,KATHERINE GILMORE RICHARDSON,DEM,84
24-04,KENDRA BROOKS,WFP,39
24-04,NICOLAS O'ROURKE,WFP,34
24-04,NINA AHMAD,DEM,80
24-04,RUE LANDAU,DEM,80
24-04,WRITE-IN,,0
24-05,DREW MURRAY,REP,25
24-05,ISAIAH THOMAS,DEM,173
24-05,JIM HARRITY,DEM,79
24-05,JIM HASHER,REP,20
24-05,KATHERINE GILMORE RICHARDSON,DEM,149
24-05,KENDRA BROOKS,WFP,149
24-05,NICOLAS O'ROURKE,WFP,139
24-05,NINA AHMAD,DEM,150
24-05,RUE LANDAU,DEM,166
24-05,WRITE-IN,,8
24-06,DREW MURRAY,REP,18
24-06,ISAIAH THOMAS,DEM,215
24-06,JIM HARRITY,DEM,175
24-06,JIM HASHER,REP,25
24-06,KATHERINE GILMORE RICHARDSON,DEM,197
24-06,KENDRA BROOKS,WFP,59
24-06,NICOLAS O'ROURKE,WFP,48
24-06,NINA AHMAD,DEM,209
24-06,RUE LANDAU,DEM,186
24-06,WRITE-IN,,0
24-07,DREW MURRAY,REP,4
24-07,ISAIAH THOMAS,DEM,91
24-07,JIM HARRITY,DEM,68
24-07,JIM HASHER,REP,5
24-07,KATHERINE GILMORE RICHARDSON,DEM,81
24-07,KENDRA BROOKS,WFP,44
24-07,NICOLAS O'ROURKE,WFP,39
24-07,NINA AHMAD,DEM,84
24-07,RUE LANDAU,DEM,78
24-07,WRITE-IN,,0
24-08,DREW MURRAY,REP,13
24-08,ISAIAH THOMAS,DEM,182
24-08,JIM HARRITY,DEM,114
24-08,JIM HASHER,REP,14
24-08,KATHERINE GILMORE RICHARDSON,DEM,159
24-08,KENDRA BROOKS,WFP,120
24-08,NICOLAS O'ROURKE,WFP,110
24-08,NINA AHMAD,DEM,158
24-08,RUE LANDAU,DEM,170
24-08,WRITE-IN,,4
24-09,DREW MURRAY,REP,4
24-09,ISAIAH THOMAS,DEM,79
24-09,JIM HARRITY,DEM,61
24-09,JIM HASHER,REP,6
24-09,KATHERINE GILMORE RICHARDSON,DEM,70
24-09,KENDRA BROOKS,WFP,20
24-09,NICOLAS O'ROURKE,WFP,11
24-09,NINA AHMAD,DEM,76
24-09,RUE LANDAU,DEM,62
24-09,WRITE-IN,,0
24-10,DREW MURRAY,REP,4
24-10,ISAIAH THOMAS,DEM,64
24-10,JIM HARRITY,DEM,67
24-10,JIM HASHER,REP,6
24-10,KATHERINE GILMORE RICHARDSON,DEM,70
24-10,KENDRA BROOKS,WFP,35
24-10,NICOLAS O'ROURKE,WFP,28
24-10,NINA AHMAD,DEM,80
24-10,RUE LANDAU,DEM,75
24-10,WRITE-IN,,3
24-11,DREW MURRAY,REP,11
24-11,ISAIAH THOMAS,DEM,98
24-11,JIM HARRITY,DEM,59
24-11,JIM HASHER,REP,13
24-11,KATHERINE GILMORE RICHARDSON,DEM,91
24-11,KENDRA BROOKS,WFP,77
24-11,NICOLAS O'ROURKE,WFP,67
24-11,NINA AHMAD,DEM,83
24-11,RUE LANDAU,DEM,83
24-11,WRITE-IN,,0
24-12,DREW MURRAY,REP,7
24-12,ISAIAH THOMAS,DEM,95
24-12,JIM HARRITY,DEM,65
24-12,JIM HASHER,REP,2
24-12,KATHERINE GILMORE RICHARDSON,DEM,85
24-12,KENDRA BROOKS,WFP,40
24-12,NICOLAS O'ROURKE,WFP,29
24-12,NINA AHMAD,DEM,89
24-12,RUE LANDAU,DEM,75
24-12,WRITE-IN,,0
24-13,DREW MURRAY,REP,7
24-13,ISAIAH THOMAS,DEM,86
24-13,JIM HARRITY,DEM,67
24-13,JIM HASHER,REP,5
24-13,KATHERINE GILMORE RICHARDSON,DEM,88
24-13,KENDRA BROOKS,WFP,30
24-13,NICOLAS O'ROURKE,WFP,22
24-13,NINA AHMAD,DEM,77
24-13,RUE LANDAU,DEM,65
24-13,WRITE-IN,,0
24-14,DREW MURRAY,REP,8
24-14,ISAIAH THOMAS,DEM,95
24-14,JIM HARRITY,DEM,70
24-14,JIM HASHER,REP,2
24-14,KATHERINE GILMORE RICHARDSON,DEM,88
24-14,KENDRA BROOKS,WFP,26
24-14,NICOLAS O'ROURKE,WFP,12
24-14,NINA AHMAD,DEM,86
24-14,RUE LANDAU,DEM,71
24-14,WRITE-IN,,0
24-15,DREW MURRAY,REP,6
24-15,ISAIAH THOMAS,DEM,37
24-15,JIM HARRITY,DEM,26
24-15,JIM HASHER,REP,7
24-15,KATHERINE GILMORE RICHARDSON,DEM,30
24-15,KENDRA BROOKS,WFP,12
24-15,NICOLAS O'ROURKE,WFP,9
24-15,NINA AHMAD,DEM,41
24-15,RUE LANDAU,DEM,24
24-15,WRITE-IN,,0
24-16,DREW MURRAY,REP,2
24-16,ISAIAH THOMAS,DEM,48
24-16,JIM HARRITY,DEM,26
24-16,JIM HASHER,REP,0
24-16,KATHERINE GILMORE RICHARDSON,DEM,43
24-16,KENDRA BROOKS,WFP,16
24-16,NICOLAS O'ROURKE,WFP,11
24-16,NINA AHMAD,DEM,44
24-16,RUE LANDAU,DEM,34
24-16,WRITE-IN,,0
24-17,DREW MURRAY,REP,7
24-17,ISAIAH THOMAS,DEM,41
24-17,JIM HARRITY,DEM,20
24-17,JIM HASHER,REP,8
24-17,KATHERINE GILMORE RICHARDSON,DEM,39
24-17,KENDRA BROOKS,WFP,34
24-17,NICOLAS O'ROURKE,WFP,30
24-17,NINA AHMAD,DEM,33
24-17,RUE LANDAU,DEM,29
24-17,WRITE-IN,,0
24-18,DREW MURRAY,REP,4
24-18,ISAIAH THOMAS,DEM,43
24-18,JIM HARRITY,DEM,36
24-18,JIM HASHER,REP,4
24-18,KATHERINE GILMORE RICHARDSON,DEM,48
24-18,KENDRA BROOKS,WFP,16
24-18,NICOLAS O'ROURKE,WFP,15
24-18,NINA AHMAD,DEM,43
24-18,RUE LANDAU,DEM,43
24-18,WRITE-IN,,0
24-19,DREW MURRAY,REP,6
24-19,ISAIAH THOMAS,DEM,77
24-19,JIM HARRITY,DEM,62
24-19,JIM HASHER,REP,3
24-19,KATHERINE GILMORE RICHARDSON,DEM,68
24-19,KENDRA BROOKS,WFP,28
24-19,NICOLAS O'ROURKE,WFP,24
24-19,NINA AHMAD,DEM,67
24-19,RUE LANDAU,DEM,72
24-19,WRITE-IN,,0
25-01,DREW MURRAY,REP,70
25-01,ISAIAH THOMAS,DEM,68
25-01,JIM HARRITY,DEM,75
25-01,JIM HASHER,REP,75
25-01,KATHERINE GILMORE RICHARDSON,DEM,68
25-01,KENDRA BROOKS,WFP,32
25-01,NICOLAS O'ROURKE,WFP,29
25-01,NINA AHMAD,DEM,66
25-01,RUE LANDAU,DEM,75
25-01,WRITE-IN,,1
25-02,DREW MURRAY,REP,21
25-02,ISAIAH THOMAS,DEM,35
25-02,JIM HARRITY,DEM,33
25-02,JIM HASHER,REP,23
25-02,KATHERINE GILMORE RICHARDSON,DEM,37
25-02,KENDRA BROOKS,WFP,19
25-02,NICOLAS O'ROURKE,WFP,13
25-02,NINA AHMAD,DEM,38
25-02,RUE LANDAU,DEM,36
25-02,WRITE-IN,,0
25-03,DREW MURRAY,REP,77
25-03,ISAIAH THOMAS,DEM,68
25-03,JIM HARRITY,DEM,69
25-03,JIM HASHER,REP,78
25-03,KATHERINE GILMORE RICHARDSON,DEM,73
25-03,KENDRA BROOKS,WFP,30
25-03,NICOLAS O'ROURKE,WFP,30
25-03,NINA AHMAD,DEM,64
25-03,RUE LANDAU,DEM,73
25-03,WRITE-IN,,2
25-04,DREW MURRAY,REP,84
25-04,ISAIAH THOMAS,DEM,68
25-04,JIM HARRITY,DEM,78
25-04,JIM HASHER,REP,89
25-04,KATHERINE GILMORE RICHARDSON,DEM,75
25-04,KENDRA BROOKS,WFP,32
25-04,NICOLAS O'ROURKE,WFP,35
25-04,NINA AHMAD,DEM,69
25-04,RUE LANDAU,DEM,68
25-04,WRITE-IN,,0
25-05,DREW MURRAY,REP,102
25-05,ISAIAH THOMAS,DEM,68
25-05,JIM HARRITY,DEM,69
25-05,JIM HASHER,REP,110
25-05,KATHERINE GILMORE RICHARDSON,DEM,77
25-05,KENDRA BROOKS,WFP,36
25-05,NICOLAS O'ROURKE,WFP,36
25-05,NINA AHMAD,DEM,70
25-05,RUE LANDAU,DEM,71
25-05,WRITE-IN,,0
25-06,DREW MURRAY,REP,56
25-06,ISAIAH THOMAS,DEM,51
25-06,JIM HARRITY,DEM,51
25-06,JIM HASHER,REP,61
25-06,KATHERINE GILMORE RICHARDSON,DEM,53
25-06,KENDRA BROOKS,WFP,34
25-06,NICOLAS O'ROURKE,WFP,32
25-06,NINA AHMAD,DEM,44
25-06,RUE LANDAU,DEM,56
25-06,WRITE-IN,,5
25-07,DREW MURRAY,REP,99
25-07,ISAIAH THOMAS,DEM,63
25-07,JIM HARRITY,DEM,71
25-07,JIM HASHER,REP,103
25-07,KATHERINE GILMORE RICHARDSON,DEM,73
25-07,KENDRA BROOKS,WFP,24
25-07,NICOLAS O'ROURKE,WFP,23
25-07,NINA AHMAD,DEM,59
25-07,RUE LANDAU,DEM,64
25-07,WRITE-IN,,1
25-08,DREW MURRAY,REP,44
25-08,ISAIAH THOMAS,DEM,72
25-08,JIM HARRITY,DEM,77
25-08,JIM HASHER,REP,51
25-08,KATHERINE GILMORE RICHARDSON,DEM,78
25-08,KENDRA BROOKS,WFP,39
25-08,NICOLAS O'ROURKE,WFP,37
25-08,NINA AHMAD,DEM,73
25-08,RUE LANDAU,DEM,71
25-08,WRITE-IN,,0
25-09,DREW MURRAY,REP,13
25-09,ISAIAH THOMAS,DEM,30
25-09,JIM HARRITY,DEM,28
25-09,JIM HASHER,REP,16
25-09,KATHERINE GILMORE RICHARDSON,DEM,32
25-09,KENDRA BROOKS,WFP,14
25-09,NICOLAS O'ROURKE,WFP,12
25-09,NINA AHMAD,DEM,23
25-09,RUE LANDAU,DEM,29
25-09,WRITE-IN,,0
25-10,DREW MURRAY,REP,60
25-10,ISAIAH THOMAS,DEM,74
25-10,JIM HARRITY,DEM,71
25-10,JIM HASHER,REP,67
25-10,KATHERINE GILMORE RICHARDSON,DEM,76
25-10,KENDRA BROOKS,WFP,41
25-10,NICOLAS O'ROURKE,WFP,42
25-10,NINA AHMAD,DEM,68
25-10,RUE LANDAU,DEM,73
25-10,WRITE-IN,,1
25-11,DREW MURRAY,REP,47
25-11,ISAIAH THOMAS,DEM,57
25-11,JIM HARRITY,DEM,63
25-11,JIM HASHER,REP,46
25-11,KATHERINE GILMORE RICHARDSON,DEM,66
25-11,KENDRA BROOKS,WFP,30
25-11,NICOLAS O'ROURKE,WFP,25
25-11,NINA AHMAD,DEM,55
25-11,RUE LANDAU,DEM,60
25-11,WRITE-IN,,0
25-12,DREW MURRAY,REP,46
25-12,ISAIAH THOMAS,DEM,67
25-12,JIM HARRITY,DEM,72
25-12,JIM HASHER,REP,55
25-12,KATHERINE GILMORE RICHARDSON,DEM,94
25-12,KENDRA BROOKS,WFP,34
25-12,NICOLAS O'ROURKE,WFP,34
25-12,NINA AHMAD,DEM,75
25-12,RUE LANDAU,DEM,76
25-12,WRITE-IN,,1
25-13,DREW MURRAY,REP,12
25-13,ISAIAH THOMAS,DEM,31
25-13,JIM HARRITY,DEM,27
25-13,JIM HASHER,REP,9
25-13,KATHERINE GILMORE RICHARDSON,DEM,33
25-13,KENDRA BROOKS,WFP,7
25-13,NICOLAS O'ROURKE,WFP,6
25-13,NINA AHMAD,DEM,29
25-13,RUE LANDAU,DEM,23
25-13,WRITE-IN,,0
25-14,DREW MURRAY,REP,10
25-14,ISAIAH THOMAS,DEM,35
25-14,JIM HARRITY,DEM,32
25-14,JIM HASHER,REP,11
25-14,KATHERINE GILMORE RICHARDSON,DEM,31
25-14,KENDRA BROOKS,WFP,7
25-14,NICOLAS O'ROURKE,WFP,6
25-14,NINA AHMAD,DEM,31
25-14,RUE LANDAU,DEM,31
25-14,WRITE-IN,,0
25-15,DREW MURRAY,REP,13
25-15,ISAIAH THOMAS,DEM,26
25-15,JIM HARRITY,DEM,28
25-15,JIM HASHER,REP,14
25-15,KATHERINE GILMORE RICHARDSON,DEM,31
25-15,KENDRA BROOKS,WFP,8
25-15,NICOLAS O'ROURKE,WFP,6
25-15,NINA AHMAD,DEM,29
25-15,RUE LANDAU,DEM,27
25-15,WRITE-IN,,1
25-16,DREW MURRAY,REP,10
25-16,ISAIAH THOMAS,DEM,16
25-16,JIM HARRITY,DEM,11
25-16,JIM HASHER,REP,9
25-16,KATHERINE GILMORE RICHARDSON,DEM,15
25-16,KENDRA BROOKS,WFP,9
25-16,NICOLAS O'ROURKE,WFP,6
25-16,NINA AHMAD,DEM,12
25-16,RUE LANDAU,DEM,12
25-16,WRITE-IN,,3
25-17,DREW MURRAY,REP,6
25-17,ISAIAH THOMAS,DEM,22
25-17,JIM HARRITY,DEM,19
25-17,JIM HASHER,REP,8
25-17,KATHERINE GILMORE RICHARDSON,DEM,21
25-17,KENDRA BROOKS,WFP,9
25-17,NICOLAS O'ROURKE,WFP,9
25-17,NINA AHMAD,DEM,18
25-17,RUE LANDAU,DEM,19
25-17,WRITE-IN,,0
25-18,DREW MURRAY,REP,12
25-18,ISAIAH THOMAS,DEM,32
25-18,JIM HARRITY,DEM,26
25-18,JIM HASHER,REP,13
25-18,KATHERINE GILMORE RICHARDSON,DEM,28
25-18,KENDRA BROOKS,WFP,16
25-18,NICOLAS O'ROURKE,WFP,13
25-18,NINA AHMAD,DEM,27
25-18,RUE LANDAU,DEM,29
25-18,WRITE-IN,,0
25-19,DREW MURRAY,REP,19
25-19,ISAIAH THOMAS,DEM,28
25-19,JIM HARRITY,DEM,24
25-19,JIM HASHER,REP,20
25-19,KATHERINE GILMORE RICHARDSON,DEM,29
25-19,KENDRA BROOKS,WFP,14
25-19,NICOLAS O'ROURKE,WFP,13
25-19,NINA AHMAD,DEM,24
25-19,RUE LANDAU,DEM,23
25-19,WRITE-IN,,1
25-20,DREW MURRAY,REP,1
25-20,ISAIAH THOMAS,DEM,29
25-20,JIM HARRITY,DEM,23
25-20,JIM HASHER,REP,2
25-20,KATHERINE GILMORE RICHARDSON,DEM,25
25-20,KENDRA BROOKS,WFP,7
25-20,NICOLAS O'ROURKE,WFP,5
25-20,NINA AHMAD,DEM,27
25-20,RUE LANDAU,DEM,23
25-20,WRITE-IN,,0
25-21,DREW MURRAY,REP,15
25-21,ISAIAH THOMAS,DEM,40
25-21,JIM HARRITY,DEM,32
25-21,JIM HASHER,REP,15
25-21,KATHERINE GILMORE RICHARDSON,DEM,29
25-21,KENDRA BROOKS,WFP,11
25-21,NICOLAS O'ROURKE,WFP,13
25-21,NINA AHMAD,DEM,35
25-21,RUE LANDAU,DEM,33
25-21,WRITE-IN,,0
25-22,DREW MURRAY,REP,70
25-22,ISAIAH THOMAS,DEM,57
25-22,JIM HARRITY,DEM,62
25-22,JIM HASHER,REP,70
25-22,KATHERINE GILMORE RICHARDSON,DEM,71
25-22,KENDRA BROOKS,WFP,33
25-22,NICOLAS O'ROURKE,WFP,27
25-22,NINA AHMAD,DEM,56
25-22,RUE LANDAU,DEM,66
25-22,WRITE-IN,,1
25-23,DREW MURRAY,REP,34
25-23,ISAIAH THOMAS,DEM,46
25-23,JIM HARRITY,DEM,42
25-23,JIM HASHER,REP,37
25-23,KATHERINE GILMORE RICHARDSON,DEM,50
25-23,KENDRA BROOKS,WFP,30
25-23,NICOLAS O'ROURKE,WFP,30
25-23,NINA AHMAD,DEM,50
25-23,RUE LANDAU,DEM,53
25-23,WRITE-IN,,0
25-24,DREW MURRAY,REP,39
25-24,ISAIAH THOMAS,DEM,35
25-24,JIM HARRITY,DEM,34
25-24,JIM HASHER,REP,39
25-24,KATHERINE GILMORE RICHARDSON,DEM,39
25-24,KENDRA BROOKS,WFP,24
25-24,NICOLAS O'ROURKE,WFP,21
25-24,NINA AHMAD,DEM,38
25-24,RUE LANDAU,DEM,32
25-24,WRITE-IN,,0
26-01,DREW MURRAY,REP,145
26-01,ISAIAH THOMAS,DEM,42
26-01,JIM HARRITY,DEM,70
26-01,JIM HASHER,REP,137
26-01,KATHERINE GILMORE RICHARDSON,DEM,52
26-01,KENDRA BROOKS,WFP,14
26-01,NICOLAS O'ROURKE,WFP,16
26-01,NINA AHMAD,DEM,40
26-01,RUE LANDAU,DEM,42
26-01,WRITE-IN,,9
26-02,DREW MURRAY,REP,203
26-02,ISAIAH THOMAS,DEM,59
26-02,JIM HARRITY,DEM,95
26-02,JIM HASHER,REP,199
26-02,KATHERINE GILMORE RICHARDSON,DEM,72
26-02,KENDRA BROOKS,WFP,15
26-02,NICOLAS O'ROURKE,WFP,18
26-02,NINA AHMAD,DEM,57
26-02,RUE LANDAU,DEM,57
26-02,WRITE-IN,,3
26-03,DREW MURRAY,REP,174
26-03,ISAIAH THOMAS,DEM,52
26-03,JIM HARRITY,DEM,91
26-03,JIM HASHER,REP,174
26-03,KATHERINE GILMORE RICHARDSON,DEM,53
26-03,KENDRA BROOKS,WFP,16
26-03,NICOLAS O'ROURKE,WFP,20
26-03,NINA AHMAD,DEM,57
26-03,RUE LANDAU,DEM,50
26-03,WRITE-IN,,1
26-04,DREW MURRAY,REP,167
26-04,ISAIAH THOMAS,DEM,34
26-04,JIM HARRITY,DEM,56
26-04,JIM HASHER,REP,167
26-04,KATHERINE GILMORE RICHARDSON,DEM,37
26-04,KENDRA BROOKS,WFP,11
26-04,NICOLAS O'ROURKE,WFP,10
26-04,NINA AHMAD,DEM,38
26-04,RUE LANDAU,DEM,37
26-04,WRITE-IN,,3
26-05,DREW MURRAY,REP,150
26-05,ISAIAH THOMAS,DEM,59
26-05,JIM HARRITY,DEM,74
26-05,JIM HASHER,REP,154
26-05,KATHERINE GILMORE RICHARDSON,DEM,58
26-05,KENDRA BROOKS,WFP,16
26-05,NICOLAS O'ROURKE,WFP,17
26-05,NINA AHMAD,DEM,58
26-05,RUE LANDAU,DEM,59
26-05,WRITE-IN,,0
26-06,DREW MURRAY,REP,195
26-06,ISAIAH THOMAS,DEM,67
26-06,JIM HARRITY,DEM,98
26-06,JIM HASHER,REP,197
26-06,KATHERINE GILMORE RICHARDSON,DEM,80
26-06,KENDRA BROOKS,WFP,19
26-06,NICOLAS O'ROURKE,WFP,25
26-06,NINA AHMAD,DEM,60
26-06,RUE LANDAU,DEM,56
26-06,WRITE-IN,,0
26-07,DREW MURRAY,REP,133
26-07,ISAIAH THOMAS,DEM,64
26-07,JIM HARRITY,DEM,76
26-07,JIM HASHER,REP,127
26-07,KATHERINE GILMORE RICHARDSON,DEM,72
26-07,KENDRA BROOKS,WFP,29
26-07,NICOLAS O'ROURKE,WFP,30
26-07,NINA AHMAD,DEM,67
26-07,RUE LANDAU,DEM,73
26-07,WRITE-IN,,0
26-08,DREW MURRAY,REP,120
26-08,ISAIAH THOMAS,DEM,68
26-08,JIM HARRITY,DEM,71
26-08,JIM HASHER,REP,112
26-08,KATHERINE GILMORE RICHARDSON,DEM,84
26-08,KENDRA BROOKS,WFP,38
26-08,NICOLAS O'ROURKE,WFP,43
26-08,NINA AHMAD,DEM,69
26-08,RUE LANDAU,DEM,81
26-08,WRITE-IN,,3
26-09,DREW MURRAY,REP,163
26-09,ISAIAH THOMAS,DEM,61
26-09,JIM HARRITY,DEM,74
26-09,JIM HASHER,REP,158
26-09,KATHERINE GILMORE RICHARDSON,DEM,68
26-09,KENDRA BROOKS,WFP,26
26-09,NICOLAS O'ROURKE,WFP,27
26-09,NINA AHMAD,DEM,62
26-09,RUE LANDAU,DEM,62
26-09,WRITE-IN,,0
26-10,DREW MURRAY,REP,53
26-10,ISAIAH THOMAS,DEM,83
26-10,JIM HARRITY,DEM,57
26-10,JIM HASHER,REP,48
26-10,KATHERINE GILMORE RICHARDSON,DEM,84
26-10,KENDRA BROOKS,WFP,50
26-10,NICOLAS O'ROURKE,WFP,48
26-10,NINA AHMAD,DEM,70
26-10,RUE LANDAU,DEM,73
26-10,WRITE-IN,,0
26-11,DREW MURRAY,REP,104
26-11,ISAIAH THOMAS,DEM,79
26-11,JIM HARRITY,DEM,69
26-11,JIM HASHER,REP,97
26-11,KATHERINE GILMORE RICHARDSON,DEM,88
26-11,KENDRA BROOKS,WFP,56
26-11,NICOLAS O'ROURKE,WFP,53
26-11,NINA AHMAD,DEM,70
26-11,RUE LANDAU,DEM,86
26-11,WRITE-IN,,1
26-12,DREW MURRAY,REP,89
26-12,ISAIAH THOMAS,DEM,93
26-12,JIM HARRITY,DEM,84
26-12,JIM HASHER,REP,88
26-12,KATHERINE GILMORE RICHARDSON,DEM,100
26-12,KENDRA BROOKS,WFP,45
26-12,NICOLAS O'ROURKE,WFP,42
26-12,NINA AHMAD,DEM,92
26-12,RUE LANDAU,DEM,95
26-12,WRITE-IN,,1
26-13,DREW MURRAY,REP,110
26-13,ISAIAH THOMAS,DEM,61
26-13,JIM HARRITY,DEM,90
26-13,JIM HASHER,REP,100
26-13,KATHERINE GILMORE RICHARDSON,DEM,65
26-13,KENDRA BROOKS,WFP,27
26-13,NICOLAS O'ROURKE,WFP,34
26-13,NINA AHMAD,DEM,46
26-13,RUE LANDAU,DEM,58
26-13,WRITE-IN,,3
26-14,DREW MURRAY,REP,96
26-14,ISAIAH THOMAS,DEM,87
26-14,JIM HARRITY,DEM,101
26-14,JIM HASHER,REP,95
26-14,KATHERINE GILMORE RICHARDSON,DEM,91
26-14,KENDRA BROOKS,WFP,37
26-14,NICOLAS O'ROURKE,WFP,36
26-14,NINA AHMAD,DEM,74
26-14,RUE LANDAU,DEM,86
26-14,WRITE-IN,,1
26-15,DREW MURRAY,REP,128
26-15,ISAIAH THOMAS,DEM,67
26-15,JIM HARRITY,DEM,92
26-15,JIM HASHER,REP,125
26-15,KATHERINE GILMORE RICHARDSON,DEM,80
26-15,KENDRA BROOKS,WFP,32
26-15,NICOLAS O'ROURKE,WFP,30
26-15,NINA AHMAD,DEM,68
26-15,RUE LANDAU,DEM,73
26-15,WRITE-IN,,1
26-16,DREW MURRAY,REP,45
26-16,ISAIAH THOMAS,DEM,101
26-16,JIM HARRITY,DEM,81
26-16,JIM HASHER,REP,44
26-16,KATHERINE GILMORE RICHARDSON,DEM,102
26-16,KENDRA BROOKS,WFP,56
26-16,NICOLAS O'ROURKE,WFP,50
26-16,NINA AHMAD,DEM,87
26-16,RUE LANDAU,DEM,99
26-16,WRITE-IN,,0
26-17,DREW MURRAY,REP,48
26-17,ISAIAH THOMAS,DEM,90
26-17,JIM HARRITY,DEM,65
26-17,JIM HASHER,REP,47
26-17,KATHERINE GILMORE RICHARDSON,DEM,98
26-17,KENDRA BROOKS,WFP,54
26-17,NICOLAS O'ROURKE,WFP,51
26-17,NINA AHMAD,DEM,87
26-17,RUE LANDAU,DEM,101
26-17,WRITE-IN,,1
26-18,DREW MURRAY,REP,89
26-18,ISAIAH THOMAS,DEM,77
26-18,JIM HARRITY,DEM,95
26-18,JIM HASHER,REP,89
26-18,KATHERINE GILMORE RICHARDSON,DEM,84
26-18,KENDRA BROOKS,WFP,28
26-18,NICOLAS O'ROURKE,WFP,28
26-18,NINA AHMAD,DEM,80
26-18,RUE LANDAU,DEM,83
26-18,WRITE-IN,,2
26-19,DREW MURRAY,REP,88
26-19,ISAIAH THOMAS,DEM,105
26-19,JIM HARRITY,DEM,82
26-19,JIM HASHER,REP,86
26-19,KATHERINE GILMORE RICHARDSON,DEM,115
26-19,KENDRA BROOKS,WFP,58
26-19,NICOLAS O'ROURKE,WFP,51
26-19,NINA AHMAD,DEM,97
26-19,RUE LANDAU,DEM,109
26-19,WRITE-IN,,0
26-20,DREW MURRAY,REP,82
26-20,ISAIAH THOMAS,DEM,39
26-20,JIM HARRITY,DEM,49
26-20,JIM HASHER,REP,81
26-20,KATHERINE GILMORE RICHARDSON,DEM,35
26-20,KENDRA BROOKS,WFP,7
26-20,NICOLAS O'ROURKE,WFP,11
26-20,NINA AHMAD,DEM,44
26-20,RUE LANDAU,DEM,32
26-20,WRITE-IN,,0
26-21,DREW MURRAY,REP,88
26-21,ISAIAH THOMAS,DEM,70
26-21,JIM HARRITY,DEM,61
26-21,JIM HASHER,REP,80
26-21,KATHERINE GILMORE RICHARDSON,DEM,75
26-21,KENDRA BROOKS,WFP,43
26-21,NICOLAS O'ROURKE,WFP,43
26-21,NINA AHMAD,DEM,61
26-21,RUE LANDAU,DEM,69
26-21,WRITE-IN,,0
26-22,DREW MURRAY,REP,42
26-22,ISAIAH THOMAS,DEM,97
26-22,JIM HARRITY,DEM,64
26-22,JIM HASHER,REP,40
26-22,KATHERINE GILMORE RICHARDSON,DEM,94
26-22,KENDRA BROOKS,WFP,58
26-22,NICOLAS O'ROURKE,WFP,54
26-22,NINA AHMAD,DEM,80
26-22,RUE LANDAU,DEM,102
26-22,WRITE-IN,,0
26-23,DREW MURRAY,REP,225
26-23,ISAIAH THOMAS,DEM,154
26-23,JIM HARRITY,DEM,202
26-23,JIM HASHER,REP,218
26-23,KATHERINE GILMORE RICHARDSON,DEM,172
26-23,KENDRA BROOKS,WFP,34
26-23,NICOLAS O'ROURKE,WFP,36
26-23,NINA AHMAD,DEM,161
26-23,RUE LANDAU,DEM,149
26-23,WRITE-IN,,4
27-01,DREW MURRAY,REP,11
27-01,ISAIAH THOMAS,DEM,95
27-01,JIM HARRITY,DEM,83
27-01,JIM HASHER,REP,11
27-01,KATHERINE GILMORE RICHARDSON,DEM,111
27-01,KENDRA BROOKS,WFP,69
27-01,NICOLAS O'ROURKE,WFP,69
27-01,NINA AHMAD,DEM,116
27-01,RUE LANDAU,DEM,112
27-01,WRITE-IN,,2
27-02,DREW MURRAY,REP,24
27-02,ISAIAH THOMAS,DEM,198
27-02,JIM HARRITY,DEM,114
27-02,JIM HASHER,REP,20
27-02,KATHERINE GILMORE RICHARDSON,DEM,213
27-02,KENDRA BROOKS,WFP,159
27-02,NICOLAS O'ROURKE,WFP,133
27-02,NINA AHMAD,DEM,164
27-02,RUE LANDAU,DEM,214
27-02,WRITE-IN,,0
27-03,DREW MURRAY,REP,18
27-03,ISAIAH THOMAS,DEM,54
27-03,JIM HARRITY,DEM,40
27-03,JIM HASHER,REP,14
27-03,KATHERINE GILMORE RICHARDSON,DEM,53
27-03,KENDRA BROOKS,WFP,23
27-03,NICOLAS O'ROURKE,WFP,24
27-03,NINA AHMAD,DEM,49
27-03,RUE LANDAU,DEM,54
27-03,WRITE-IN,,5
27-04,DREW MURRAY,REP,7
27-04,ISAIAH THOMAS,DEM,80
27-04,JIM HARRITY,DEM,54
27-04,JIM HASHER,REP,4
27-04,KATHERINE GILMORE RICHARDSON,DEM,80
27-04,KENDRA BROOKS,WFP,37
27-04,NICOLAS O'ROURKE,WFP,29
27-04,NINA AHMAD,DEM,67
27-04,RUE LANDAU,DEM,61
27-04,WRITE-IN,,0
27-05,DREW MURRAY,REP,13
27-05,ISAIAH THOMAS,DEM,131
27-05,JIM HARRITY,DEM,72
27-05,JIM HASHER,REP,13
27-05,KATHERINE GILMORE RICHARDSON,DEM,125
27-05,KENDRA BROOKS,WFP,90
27-05,NICOLAS O'ROURKE,WFP,85
27-05,NINA AHMAD,DEM,99
27-05,RUE LANDAU,DEM,131
27-05,WRITE-IN,,3
27-06,DREW MURRAY,REP,9
27-06,ISAIAH THOMAS,DEM,129
27-06,JIM HARRITY,DEM,86
27-06,JIM HASHER,REP,11
27-06,KATHERINE GILMORE RICHARDSON,DEM,115
27-06,KENDRA BROOKS,WFP,78
27-06,NICOLAS O'ROURKE,WFP,73
27-06,NINA AHMAD,DEM,119
27-06,RUE LANDAU,DEM,126
27-06,WRITE-IN,,5
27-07,DREW MURRAY,REP,20
27-07,ISAIAH THOMAS,DEM,151
27-07,JIM HARRITY,DEM,78
27-07,JIM HASHER,REP,19
27-07,KATHERINE GILMORE RICHARDSON,DEM,153
27-07,KENDRA BROOKS,WFP,131
27-07,NICOLAS O'ROURKE,WFP,117
27-07,NINA AHMAD,DEM,118
27-07,RUE LANDAU,DEM,168
27-07,WRITE-IN,,0
27-08,DREW MURRAY,REP,4
27-08,ISAIAH THOMAS,DEM,48
27-08,JIM HARRITY,DEM,24
27-08,JIM HASHER,REP,3
27-08,KATHERINE GILMORE RICHARDSON,DEM,44
27-08,KENDRA BROOKS,WFP,30
27-08,NICOLAS O'ROURKE,WFP,24
27-08,NINA AHMAD,DEM,33
27-08,RUE LANDAU,DEM,48
27-08,WRITE-IN,,1
27-09,DREW MURRAY,REP,8
27-09,ISAIAH THOMAS,DEM,86
27-09,JIM HARRITY,DEM,53
27-09,JIM HASHER,REP,7
27-09,KATHERINE GILMORE RICHARDSON,DEM,84
27-09,KENDRA BROOKS,WFP,48
27-09,NICOLAS O'ROURKE,WFP,39
27-09,NINA AHMAD,DEM,60
27-09,RUE LANDAU,DEM,85
27-09,WRITE-IN,,0
27-10,DREW MURRAY,REP,10
27-10,ISAIAH THOMAS,DEM,97
27-10,JIM HARRITY,DEM,50
27-10,JIM HASHER,REP,14
27-10,KATHERINE GILMORE RICHARDSON,DEM,99
27-10,KENDRA BROOKS,WFP,80
27-10,NICOLAS O'ROURKE,WFP,70
27-10,NINA AHMAD,DEM,88
27-10,RUE LANDAU,DEM,105
27-10,WRITE-IN,,1
27-11,DREW MURRAY,REP,21
27-11,ISAIAH THOMAS,DEM,91
27-11,JIM HARRITY,DEM,73
27-11,JIM HASHER,REP,22
27-11,KATHERINE GILMORE RICHARDSON,DEM,96
27-11,KENDRA BROOKS,WFP,44
27-11,NICOLAS O'ROURKE,WFP,35
27-11,NINA AHMAD,DEM,88
27-11,RUE LANDAU,DEM,98
27-11,WRITE-IN,,0
27-12,DREW MURRAY,REP,5
27-12,ISAIAH THOMAS,DEM,104
27-12,JIM HARRITY,DEM,60
27-12,JIM HASHER,REP,3
27-12,KATHERINE GILMORE RICHARDSON,DEM,96
27-12,KENDRA BROOKS,WFP,66
27-12,NICOLAS O'ROURKE,WFP,55
27-12,NINA AHMAD,DEM,76
27-12,RUE LANDAU,DEM,92
27-12,WRITE-IN,,1
27-13,DREW MURRAY,REP,15
27-13,ISAIAH THOMAS,DEM,118
27-13,JIM HARRITY,DEM,76
27-13,JIM HASHER,REP,12
27-13,KATHERINE GILMORE RICHARDSON,DEM,125
27-13,KENDRA BROOKS,WFP,98
27-13,NICOLAS O'ROURKE,WFP,86
27-13,NINA AHMAD,DEM,127
27-13,RUE LANDAU,DEM,124
27-13,WRITE-IN,,13
27-14,DREW MURRAY,REP,16
27-14,ISAIAH THOMAS,DEM,169
27-14,JIM HARRITY,DEM,86
27-14,JIM HASHER,REP,15
27-14,KATHERINE GILMORE RICHARDSON,DEM,171
27-14,KENDRA BROOKS,WFP,153
27-14,NICOLAS O'ROURKE,WFP,135
27-14,NINA AHMAD,DEM,133
27-14,RUE LANDAU,DEM,179
27-14,WRITE-IN,,6
27-15,DREW MURRAY,REP,14
27-15,ISAIAH THOMAS,DEM,161
27-15,JIM HARRITY,DEM,87
27-15,JIM HASHER,REP,15
27-15,KATHERINE GILMORE RICHARDSON,DEM,157
27-15,KENDRA BROOKS,WFP,110
27-15,NICOLAS O'ROURKE,WFP,101
27-15,NINA AHMAD,DEM,133
27-15,RUE LANDAU,DEM,150
27-15,WRITE-IN,,0
27-16,DREW MURRAY,REP,7
27-16,ISAIAH THOMAS,DEM,66
27-16,JIM HARRITY,DEM,36
27-16,JIM HASHER,REP,7
27-16,KATHERINE GILMORE RICHARDSON,DEM,64
27-16,KENDRA BROOKS,WFP,51
27-16,NICOLAS O'ROURKE,WFP,47
27-16,NINA AHMAD,DEM,52
27-16,RUE LANDAU,DEM,58
27-16,WRITE-IN,,0
27-17,DREW MURRAY,REP,8
27-17,ISAIAH THOMAS,DEM,97
27-17,JIM HARRITY,DEM,63
27-17,JIM HASHER,REP,8
27-17,KATHERINE GILMORE RICHARDSON,DEM,79
27-17,KENDRA BROOKS,WFP,40
27-17,NICOLAS O'ROURKE,WFP,33
27-17,NINA AHMAD,DEM,76
27-17,RUE LANDAU,DEM,68
27-17,WRITE-IN,,2
27-18,DREW MURRAY,REP,10
27-18,ISAIAH THOMAS,DEM,87
27-18,JIM HARRITY,DEM,57
27-18,JIM HASHER,REP,8
27-18,KATHERINE GILMORE RICHARDSON,DEM,94
27-18,KENDRA BROOKS,WFP,60
27-18,NICOLAS O'ROURKE,WFP,52
27-18,NINA AHMAD,DEM,81
27-18,RUE LANDAU,DEM,104
27-18,WRITE-IN,,0
27-19,DREW MURRAY,REP,27
27-19,ISAIAH THOMAS,DEM,173
27-19,JIM HARRITY,DEM,137
27-19,JIM HASHER,REP,24
27-19,KATHERINE GILMORE RICHARDSON,DEM,177
27-19,KENDRA BROOKS,WFP,87
27-19,NICOLAS O'ROURKE,WFP,70
27-19,NINA AHMAD,DEM,168
27-19,RUE LANDAU,DEM,194
27-19,WRITE-IN,,3
27-20,DREW MURRAY,REP,10
27-20,ISAIAH THOMAS,DEM,55
27-20,JIM HARRITY,DEM,42
27-20,JIM HASHER,REP,11
27-20,KATHERINE GILMORE RICHARDSON,DEM,59
27-20,KENDRA BROOKS,WFP,44
27-20,NICOLAS O'ROURKE,WFP,40
27-20,NINA AHMAD,DEM,56
27-20,RUE LANDAU,DEM,74
27-20,WRITE-IN,,7
27-21,DREW MURRAY,REP,26
27-21,ISAIAH THOMAS,DEM,145
27-21,JIM HARRITY,DEM,108
27-21,JIM HASHER,REP,22
27-21,KATHERINE GILMORE RICHARDSON,DEM,149
27-21,KENDRA BROOKS,WFP,59
27-21,NICOLAS O'ROURKE,WFP,57
27-21,NINA AHMAD,DEM,140
27-21,RUE LANDAU,DEM,157
27-21,WRITE-IN,,0
27-22,DREW MURRAY,REP,32
27-22,ISAIAH THOMAS,DEM,200
27-22,JIM HARRITY,DEM,150
27-22,JIM HASHER,REP,31
27-22,KATHERINE GILMORE RICHARDSON,DEM,200
27-22,KENDRA BROOKS,WFP,87
27-22,NICOLAS O'ROURKE,WFP,76
27-22,NINA AHMAD,DEM,176
27-22,RUE LANDAU,DEM,220
27-22,WRITE-IN,,3
27-23,DREW MURRAY,REP,31
27-23,ISAIAH THOMAS,DEM,208
27-23,JIM HARRITY,DEM,124
27-23,JIM HASHER,REP,32
27-23,KATHERINE GILMORE RICHARDSON,DEM,216
27-23,KENDRA BROOKS,WFP,201
27-23,NICOLAS O'ROURKE,WFP,180
27-23,NINA AHMAD,DEM,202
27-23,RUE LANDAU,DEM,257
27-23,WRITE-IN,,5
28-01,DREW MURRAY,REP,4
28-01,ISAIAH THOMAS,DEM,45
28-01,JIM HARRITY,DEM,30
28-01,JIM HASHER,REP,4
28-01,KATHERINE GILMORE RICHARDSON,DEM,38
28-01,KENDRA BROOKS,WFP,8
28-01,NICOLAS O'ROURKE,WFP,7
28-01,NINA AHMAD,DEM,37
28-01,RUE LANDAU,DEM,24
28-01,WRITE-IN,,0
28-02,DREW MURRAY,REP,1
28-02,ISAIAH THOMAS,DEM,86
28-02,JIM HARRITY,DEM,71
28-02,JIM HASHER,REP,1
28-02,KATHERINE GILMORE RICHARDSON,DEM,83
28-02,KENDRA BROOKS,WFP,14
28-02,NICOLAS O'ROURKE,WFP,10
28-02,NINA AHMAD,DEM,81
28-02,RUE LANDAU,DEM,75
28-02,WRITE-IN,,0
28-03,DREW MURRAY,REP,2
28-03,ISAIAH THOMAS,DEM,120
28-03,JIM HARRITY,DEM,99
28-03,JIM HASHER,REP,1
28-03,KATHERINE GILMORE RICHARDSON,DEM,110
28-03,KENDRA BROOKS,WFP,13
28-03,NICOLAS O'ROURKE,WFP,6
28-03,NINA AHMAD,DEM,111
28-03,RUE LANDAU,DEM,98
28-03,WRITE-IN,,0
28-04,DREW MURRAY,REP,0
28-04,ISAIAH THOMAS,DEM,91
28-04,JIM HARRITY,DEM,52
28-04,JIM HASHER,REP,1
28-04,KATHERINE GILMORE RICHARDSON,DEM,74
28-04,KENDRA BROOKS,WFP,37
28-04,NICOLAS O'ROURKE,WFP,20
28-04,NINA AHMAD,DEM,68
28-04,RUE LANDAU,DEM,51
28-04,WRITE-IN,,1
28-05,DREW MURRAY,REP,5
28-05,ISAIAH THOMAS,DEM,101
28-05,JIM HARRITY,DEM,71
28-05,JIM HASHER,REP,3
28-05,KATHERINE GILMORE RICHARDSON,DEM,89
28-05,KENDRA BROOKS,WFP,26
28-05,NICOLAS O'ROURKE,WFP,16
28-05,NINA AHMAD,DEM,89
28-05,RUE LANDAU,DEM,68
28-05,WRITE-IN,,0
28-06,DREW MURRAY,REP,3
28-06,ISAIAH THOMAS,DEM,78
28-06,JIM HARRITY,DEM,62
28-06,JIM HASHER,REP,3
28-06,KATHERINE GILMORE RICHARDSON,DEM,75
28-06,KENDRA BROOKS,WFP,19
28-06,NICOLAS O'ROURKE,WFP,16
28-06,NINA AHMAD,DEM,76
28-06,RUE LANDAU,DEM,66
28-06,WRITE-IN,,0
28-07,DREW MURRAY,REP,1
28-07,ISAIAH THOMAS,DEM,48
28-07,JIM HARRITY,DEM,40
28-07,JIM HASHER,REP,0
28-07,KATHERINE GILMORE RICHARDSON,DEM,45
28-07,KENDRA BROOKS,WFP,12
28-07,NICOLAS O'ROURKE,WFP,7
28-07,NINA AHMAD,DEM,50
28-07,RUE LANDAU,DEM,45
28-07,WRITE-IN,,0
28-08,DREW MURRAY,REP,2
28-08,ISAIAH THOMAS,DEM,111
28-08,JIM HARRITY,DEM,83
28-08,JIM HASHER,REP,4
28-08,KATHERINE GILMORE RICHARDSON,DEM,101
28-08,KENDRA BROOKS,WFP,17
28-08,NICOLAS O'ROURKE,WFP,13
28-08,NINA AHMAD,DEM,102
28-08,RUE LANDAU,DEM,80
28-08,WRITE-IN,,2
28-09,DREW MURRAY,REP,5
28-09,ISAIAH THOMAS,DEM,120
28-09,JIM HARRITY,DEM,83
28-09,JIM HASHER,REP,4
28-09,KATHERINE GILMORE RICHARDSON,DEM,100
28-09,KENDRA BROOKS,WFP,27
28-09,NICOLAS O'ROURKE,WFP,14
28-09,NINA AHMAD,DEM,108
28-09,RUE LANDAU,DEM,81
28-09,WRITE-IN,,0
28-10,DREW MURRAY,REP,1
28-10,ISAIAH THOMAS,DEM,61
28-10,JIM HARRITY,DEM,44
28-10,JIM HASHER,REP,2
28-10,KATHERINE GILMORE RICHARDSON,DEM,56
28-10,KENDRA BROOKS,WFP,16
28-10,NICOLAS O'ROURKE,WFP,12
28-10,NINA AHMAD,DEM,56
28-10,RUE LANDAU,DEM,42
28-10,WRITE-IN,,0
28-11,DREW MURRAY,REP,4
28-11,ISAIAH THOMAS,DEM,56
28-11,JIM HARRITY,DEM,40
28-11,JIM HASHER,REP,3
28-11,KATHERINE GILMORE RICHARDSON,DEM,49
28-11,KENDRA BROOKS,WFP,15
28-11,NICOLAS O'ROURKE,WFP,6
28-11,NINA AHMAD,DEM,53
28-11,RUE LANDAU,DEM,47
28-11,WRITE-IN,,0
28-12,DREW MURRAY,REP,2
28-12,ISAIAH THOMAS,DEM,74
28-12,JIM HARRITY,DEM,52
28-12,JIM HASHER,REP,6
28-12,KATHERINE GILMORE RICHARDSON,DEM,73
28-12,KENDRA BROOKS,WFP,27
28-12,NICOLAS O'ROURKE,WFP,20
28-12,NINA AHMAD,DEM,75
28-12,RUE LANDAU,DEM,51
28-12,WRITE-IN,,0
28-13,DREW MURRAY,REP,4
28-13,ISAIAH THOMAS,DEM,82
28-13,JIM HARRITY,DEM,62
28-13,JIM HASHER,REP,4
28-13,KATHERINE GILMORE RICHARDSON,DEM,62
28-13,KENDRA BROOKS,WFP,20
28-13,NICOLAS O'ROURKE,WFP,13
28-13,NINA AHMAD,DEM,71
28-13,RUE LANDAU,DEM,58
28-13,WRITE-IN,,0
28-14,DREW MURRAY,REP,4
28-14,ISAIAH THOMAS,DEM,66
28-14,JIM HARRITY,DEM,41
28-14,JIM HASHER,REP,6
28-14,KATHERINE GILMORE RICHARDSON,DEM,52
28-14,KENDRA BROOKS,WFP,11
28-14,NICOLAS O'ROURKE,WFP,7
28-14,NINA AHMAD,DEM,51
28-14,RUE LANDAU,DEM,40
28-14,WRITE-IN,,0
28-15,DREW MURRAY,REP,1
28-15,ISAIAH THOMAS,DEM,67
28-15,JIM HARRITY,DEM,40
28-15,JIM HASHER,REP,1
28-15,KATHERINE GILMORE RICHARDSON,DEM,58
28-15,KENDRA BROOKS,WFP,9
28-15,NICOLAS O'ROURKE,WFP,5
28-15,NINA AHMAD,DEM,56
28-15,RUE LANDAU,DEM,44
28-15,WRITE-IN,,0
28-16,DREW MURRAY,REP,1
28-16,ISAIAH THOMAS,DEM,84
28-16,JIM HARRITY,DEM,49
28-16,JIM HASHER,REP,1
28-16,KATHERINE GILMORE RICHARDSON,DEM,58
28-16,KENDRA BROOKS,WFP,28
28-16,NICOLAS O'ROURKE,WFP,24
28-16,NINA AHMAD,DEM,70
28-16,RUE LANDAU,DEM,58
28-16,WRITE-IN,,0
28-17,DREW MURRAY,REP,2
28-17,ISAIAH THOMAS,DEM,70
28-17,JIM HARRITY,DEM,41
28-17,JIM HASHER,REP,2
28-17,KATHERINE GILMORE RICHARDSON,DEM,55
28-17,KENDRA BROOKS,WFP,39
28-17,NICOLAS O'ROURKE,WFP,35
28-17,NINA AHMAD,DEM,52
28-17,RUE LANDAU,DEM,46
28-17,WRITE-IN,,0
28-18,DREW MURRAY,REP,5
28-18,ISAIAH THOMAS,DEM,66
28-18,JIM HARRITY,DEM,52
28-18,JIM HASHER,REP,3
28-18,KATHERINE GILMORE RICHARDSON,DEM,63
28-18,KENDRA BROOKS,WFP,15
28-18,NICOLAS O'ROURKE,WFP,7
28-18,NINA AHMAD,DEM,58
28-18,RUE LANDAU,DEM,52
28-18,WRITE-IN,,0
29-01,DREW MURRAY,REP,14
29-01,ISAIAH THOMAS,DEM,126
29-01,JIM HARRITY,DEM,80
29-01,JIM HASHER,REP,11
29-01,KATHERINE GILMORE RICHARDSON,DEM,121
29-01,KENDRA BROOKS,WFP,64
29-01,NICOLAS O'ROURKE,WFP,50
29-01,NINA AHMAD,DEM,109
29-01,RUE LANDAU,DEM,115
29-01,WRITE-IN,,0
29-02,DREW MURRAY,REP,3
29-02,ISAIAH THOMAS,DEM,42
29-02,JIM HARRITY,DEM,33
29-02,JIM HASHER,REP,4
29-02,KATHERINE GILMORE RICHARDSON,DEM,40
29-02,KENDRA BROOKS,WFP,8
29-02,NICOLAS O'ROURKE,WFP,6
29-02,NINA AHMAD,DEM,40
29-02,RUE LANDAU,DEM,37
29-02,WRITE-IN,,0
29-03,DREW MURRAY,REP,37
29-03,ISAIAH THOMAS,DEM,212
29-03,JIM HARRITY,DEM,137
29-03,JIM HASHER,REP,21
29-03,KATHERINE GILMORE RICHARDSON,DEM,203
29-03,KENDRA BROOKS,WFP,120
29-03,NICOLAS O'ROURKE,WFP,106
29-03,NINA AHMAD,DEM,180
29-03,RUE LANDAU,DEM,208
29-03,WRITE-IN,,3
29-04,DREW MURRAY,REP,4
29-04,ISAIAH THOMAS,DEM,45
29-04,JIM HARRITY,DEM,29
29-04,JIM HASHER,REP,2
29-04,KATHERINE GILMORE RICHARDSON,DEM,40
29-04,KENDRA BROOKS,WFP,9
29-04,NICOLAS O'ROURKE,WFP,5
29-04,NINA AHMAD,DEM,40
29-04,RUE LANDAU,DEM,33
29-04,WRITE-IN,,0
29-05,DREW MURRAY,REP,4
29-05,ISAIAH THOMAS,DEM,42
29-05,JIM HARRITY,DEM,30
29-05,JIM HASHER,REP,3
29-05,KATHERINE GILMORE RICHARDSON,DEM,33
29-05,KENDRA BROOKS,WFP,6
29-05,NICOLAS O'ROURKE,WFP,9
29-05,NINA AHMAD,DEM,37
29-05,RUE LANDAU,DEM,30
29-05,WRITE-IN,,0
29-06,DREW MURRAY,REP,0
29-06,ISAIAH THOMAS,DEM,27
29-06,JIM HARRITY,DEM,19
29-06,JIM HASHER,REP,1
29-06,KATHERINE GILMORE RICHARDSON,DEM,21
29-06,KENDRA BROOKS,WFP,7
29-06,NICOLAS O'ROURKE,WFP,3
29-06,NINA AHMAD,DEM,24
29-06,RUE LANDAU,DEM,20
29-06,WRITE-IN,,0
29-07,DREW MURRAY,REP,1
29-07,ISAIAH THOMAS,DEM,41
29-07,JIM HARRITY,DEM,35
29-07,JIM HASHER,REP,1
29-07,KATHERINE GILMORE RICHARDSON,DEM,38
29-07,KENDRA BROOKS,WFP,6
29-07,NICOLAS O'ROURKE,WFP,5
29-07,NINA AHMAD,DEM,40
29-07,RUE LANDAU,DEM,36
29-07,WRITE-IN,,0
29-08,DREW MURRAY,REP,2
29-08,ISAIAH THOMAS,DEM,37
29-08,JIM HARRITY,DEM,29
29-08,JIM HASHER,REP,2
29-08,KATHERINE GILMORE RICHARDSON,DEM,32
29-08,KENDRA BROOKS,WFP,8
29-08,NICOLAS O'ROURKE,WFP,5
29-08,NINA AHMAD,DEM,31
29-08,RUE LANDAU,DEM,27
29-08,WRITE-IN,,0
29-09,DREW MURRAY,REP,5
29-09,ISAIAH THOMAS,DEM,50
29-09,JIM HARRITY,DEM,34
29-09,JIM HASHER,REP,4
29-09,KATHERINE GILMORE RICHARDSON,DEM,45
29-09,KENDRA BROOKS,WFP,14
29-09,NICOLAS O'ROURKE,WFP,8
29-09,NINA AHMAD,DEM,45
29-09,RUE LANDAU,DEM,39
29-09,WRITE-IN,,0
29-10,DREW MURRAY,REP,41
29-10,ISAIAH THOMAS,DEM,307
29-10,JIM HARRITY,DEM,191
29-10,JIM HASHER,REP,32
29-10,KATHERINE GILMORE RICHARDSON,DEM,279
29-10,KENDRA BROOKS,WFP,129
29-10,NICOLAS O'ROURKE,WFP,110
29-10,NINA AHMAD,DEM,252
29-10,RUE LANDAU,DEM,279
29-10,WRITE-IN,,1
29-11,DREW MURRAY,REP,16
29-11,ISAIAH THOMAS,DEM,163
29-11,JIM HARRITY,DEM,116
29-11,JIM HASHER,REP,22
29-11,KATHERINE GILMORE RICHARDSON,DEM,163
29-11,KENDRA BROOKS,WFP,85
29-11,NICOLAS O'ROURKE,WFP,68
29-11,NINA AHMAD,DEM,153
29-11,RUE LANDAU,DEM,161
29-11,WRITE-IN,,0
29-12,DREW MURRAY,REP,21
29-12,ISAIAH THOMAS,DEM,179
29-12,JIM HARRITY,DEM,118
29-12,JIM HASHER,REP,17
29-12,KATHERINE GILMORE RICHARDSON,DEM,169
29-12,KENDRA BROOKS,WFP,70
29-12,NICOLAS O'ROURKE,WFP,64
29-12,NINA AHMAD,DEM,135
29-12,RUE LANDAU,DEM,160
29-12,WRITE-IN,,0
29-13,DREW MURRAY,REP,21
29-13,ISAIAH THOMAS,DEM,180
29-13,JIM HARRITY,DEM,132
29-13,JIM HASHER,REP,17
29-13,KATHERINE GILMORE RICHARDSON,DEM,154
29-13,KENDRA BROOKS,WFP,73
29-13,NICOLAS O'ROURKE,WFP,53
29-13,NINA AHMAD,DEM,160
29-13,RUE LANDAU,DEM,165
29-13,WRITE-IN,,1
29-14,DREW MURRAY,REP,11
29-14,ISAIAH THOMAS,DEM,99
29-14,JIM HARRITY,DEM,63
29-14,JIM HASHER,REP,5
29-14,KATHERINE GILMORE RICHARDSON,DEM,89
29-14,KENDRA BROOKS,WFP,28
29-14,NICOLAS O'ROURKE,WFP,20
29-14,NINA AHMAD,DEM,82
29-14,RUE LANDAU,DEM,80
29-14,WRITE-IN,,0
29-15,DREW MURRAY,REP,5
29-15,ISAIAH THOMAS,DEM,100
29-15,JIM HARRITY,DEM,54
29-15,JIM HASHER,REP,4
29-15,KATHERINE GILMORE RICHARDSON,DEM,76
29-15,KENDRA BROOKS,WFP,47
29-15,NICOLAS O'ROURKE,WFP,38
29-15,NINA AHMAD,DEM,79
29-15,RUE LANDAU,DEM,77
29-15,WRITE-IN,,0
29-16,DREW MURRAY,REP,15
29-16,ISAIAH THOMAS,DEM,123
29-16,JIM HARRITY,DEM,85
29-16,JIM HASHER,REP,10
29-16,KATHERINE GILMORE RICHARDSON,DEM,110
29-16,KENDRA BROOKS,WFP,58
29-16,NICOLAS O'ROURKE,WFP,52
29-16,NINA AHMAD,DEM,113
29-16,RUE LANDAU,DEM,104
29-16,WRITE-IN,,0
29-17,DREW MURRAY,REP,12
29-17,ISAIAH THOMAS,DEM,108
29-17,JIM HARRITY,DEM,81
29-17,JIM HASHER,REP,13
29-17,KATHERINE GILMORE RICHARDSON,DEM,117
29-17,KENDRA BROOKS,WFP,64
29-17,NICOLAS O'ROURKE,WFP,49
29-17,NINA AHMAD,DEM,103
29-17,RUE LANDAU,DEM,106
29-17,WRITE-IN,,0
29-18,DREW MURRAY,REP,16
29-18,ISAIAH THOMAS,DEM,129
29-18,JIM HARRITY,DEM,91
29-18,JIM HASHER,REP,15
29-18,KATHERINE GILMORE RICHARDSON,DEM,122
29-18,KENDRA BROOKS,WFP,52
29-18,NICOLAS O'ROURKE,WFP,37
29-18,NINA AHMAD,DEM,119
29-18,RUE LANDAU,DEM,112
29-18,WRITE-IN,,0
30-01,DREW MURRAY,REP,66
30-01,ISAIAH THOMAS,DEM,327
30-01,JIM HARRITY,DEM,250
30-01,JIM HASHER,REP,61
30-01,KATHERINE GILMORE RICHARDSON,DEM,319
30-01,KENDRA BROOKS,WFP,139
30-01,NICOLAS O'ROURKE,WFP,124
30-01,NINA AHMAD,DEM,316
30-01,RUE LANDAU,DEM,325
30-01,WRITE-IN,,0
30-02,DREW MURRAY,REP,37
30-02,ISAIAH THOMAS,DEM,215
30-02,JIM HARRITY,DEM,167
30-02,JIM HASHER,REP,32
30-02,KATHERINE GILMORE RICHARDSON,DEM,203
30-02,KENDRA BROOKS,WFP,72
30-02,NICOLAS O'ROURKE,WFP,50
30-02,NINA AHMAD,DEM,207
30-02,RUE LANDAU,DEM,208
30-02,WRITE-IN,,0
30-03,DREW MURRAY,REP,26
30-03,ISAIAH THOMAS,DEM,192
30-03,JIM HARRITY,DEM,146
30-03,JIM HASHER,REP,23
30-03,KATHERINE GILMORE RICHARDSON,DEM,199
30-03,KENDRA BROOKS,WFP,91
30-03,NICOLAS O'ROURKE,WFP,77
30-03,NINA AHMAD,DEM,181
30-03,RUE LANDAU,DEM,195
30-03,WRITE-IN,,5
30-04,DREW MURRAY,REP,28
30-04,ISAIAH THOMAS,DEM,166
30-04,JIM HARRITY,DEM,143
30-04,JIM HASHER,REP,28
30-04,KATHERINE GILMORE RICHARDSON,DEM,165
30-04,KENDRA BROOKS,WFP,54
30-04,NICOLAS O'ROURKE,WFP,51
30-04,NINA AHMAD,DEM,172
30-04,RUE LANDAU,DEM,176
30-04,WRITE-IN,,3
30-05,DREW MURRAY,REP,35
30-05,ISAIAH THOMAS,DEM,187
30-05,JIM HARRITY,DEM,123
30-05,JIM HASHER,REP,28
30-05,KATHERINE GILMORE RICHARDSON,DEM,182
30-05,KENDRA BROOKS,WFP,101
30-05,NICOLAS O'ROURKE,WFP,83
30-05,NINA AHMAD,DEM,179
30-05,RUE LANDAU,DEM,185
30-05,WRITE-IN,,3
30-06,DREW MURRAY,REP,47
30-06,ISAIAH THOMAS,DEM,236
30-06,JIM HARRITY,DEM,160
30-06,JIM HASHER,REP,35
30-06,KATHERINE GILMORE RICHARDSON,DEM,244
30-06,KENDRA BROOKS,WFP,145
30-06,NICOLAS O'ROURKE,WFP,115
30-06,NINA AHMAD,DEM,230
30-06,RUE LANDAU,DEM,249
30-06,WRITE-IN,,4
30-07,DREW MURRAY,REP,68
30-07,ISAIAH THOMAS,DEM,375
30-07,JIM HARRITY,DEM,257
30-07,JIM HASHER,REP,54
30-07,KATHERINE GILMORE RICHARDSON,DEM,371
30-07,KENDRA BROOKS,WFP,191
30-07,NICOLAS O'ROURKE,WFP,159
30-07,NINA AHMAD,DEM,349
30-07,RUE LANDAU,DEM,397
30-07,WRITE-IN,,0
30-08,DREW MURRAY,REP,70
30-08,ISAIAH THOMAS,DEM,281
30-08,JIM HARRITY,DEM,228
30-08,JIM HASHER,REP,62
30-08,KATHERINE GILMORE RICHARDSON,DEM,282
30-08,KENDRA BROOKS,WFP,105
30-08,NICOLAS O'ROURKE,WFP,87
30-08,NINA AHMAD,DEM,263
30-08,RUE LANDAU,DEM,284
30-08,WRITE-IN,,0
30-09,DREW MURRAY,REP,66
30-09,ISAIAH THOMAS,DEM,248
30-09,JIM HARRITY,DEM,168
30-09,JIM HASHER,REP,61
30-09,KATHERINE GILMORE RICHARDSON,DEM,273
30-09,KENDRA BROOKS,WFP,188
30-09,NICOLAS O'ROURKE,WFP,146
30-09,NINA AHMAD,DEM,244
30-09,RUE LANDAU,DEM,283
30-09,WRITE-IN,,0
30-10,DREW MURRAY,REP,47
30-10,ISAIAH THOMAS,DEM,186
30-10,JIM HARRITY,DEM,136
30-10,JIM HASHER,REP,40
30-10,KATHERINE GILMORE RICHARDSON,DEM,195
30-10,KENDRA BROOKS,WFP,119
30-10,NICOLAS O'ROURKE,WFP,105
30-10,NINA AHMAD,DEM,200
30-10,RUE LANDAU,DEM,202
30-10,WRITE-IN,,0
30-11,DREW MURRAY,REP,43
30-11,ISAIAH THOMAS,DEM,203
30-11,JIM HARRITY,DEM,144
30-11,JIM HASHER,REP,41
30-11,KATHERINE GILMORE RICHARDSON,DEM,209
30-11,KENDRA BROOKS,WFP,141
30-11,NICOLAS O'ROURKE,WFP,129
30-11,NINA AHMAD,DEM,195
30-11,RUE LANDAU,DEM,201
30-11,WRITE-IN,,1
30-12,DREW MURRAY,REP,39
30-12,ISAIAH THOMAS,DEM,243
30-12,JIM HARRITY,DEM,185
30-12,JIM HASHER,REP,38
30-12,KATHERINE GILMORE RICHARDSON,DEM,252
30-12,KENDRA BROOKS,WFP,119
30-12,NICOLAS O'ROURKE,WFP,91
30-12,NINA AHMAD,DEM,232
30-12,RUE LANDAU,DEM,248
30-12,WRITE-IN,,4
30-13,DREW MURRAY,REP,45
30-13,ISAIAH THOMAS,DEM,237
30-13,JIM HARRITY,DEM,173
30-13,JIM HASHER,REP,34
30-13,KATHERINE GILMORE RICHARDSON,DEM,243
30-13,KENDRA BROOKS,WFP,137
30-13,NICOLAS O'ROURKE,WFP,106
30-13,NINA AHMAD,DEM,209
30-13,RUE LANDAU,DEM,237
30-13,WRITE-IN,,0
30-14,DREW MURRAY,REP,37
30-14,ISAIAH THOMAS,DEM,212
30-14,JIM HARRITY,DEM,135
30-14,JIM HASHER,REP,30
30-14,KATHERINE GILMORE RICHARDSON,DEM,217
30-14,KENDRA BROOKS,WFP,122
30-14,NICOLAS O'ROURKE,WFP,109
30-14,NINA AHMAD,DEM,189
30-14,RUE LANDAU,DEM,214
30-14,WRITE-IN,,0
30-15,DREW MURRAY,REP,47
30-15,ISAIAH THOMAS,DEM,250
30-15,JIM HARRITY,DEM,187
30-15,JIM HASHER,REP,37
30-15,KATHERINE GILMORE RICHARDSON,DEM,247
30-15,KENDRA BROOKS,WFP,146
30-15,NICOLAS O'ROURKE,WFP,125
30-15,NINA AHMAD,DEM,238
30-15,RUE LANDAU,DEM,239
30-15,WRITE-IN,,0
30-16,DREW MURRAY,REP,80
30-16,ISAIAH THOMAS,DEM,266
30-16,JIM HARRITY,DEM,205
30-16,JIM HASHER,REP,72
30-16,KATHERINE GILMORE RICHARDSON,DEM,267
30-16,KENDRA BROOKS,WFP,125
30-16,NICOLAS O'ROURKE,WFP,99
30-16,NINA AHMAD,DEM,263
30-16,RUE LANDAU,DEM,288
30-16,WRITE-IN,,0
30-17,DREW MURRAY,REP,113
30-17,ISAIAH THOMAS,DEM,505
30-17,JIM HARRITY,DEM,422
30-17,JIM HASHER,REP,89
30-17,KATHERINE GILMORE RICHARDSON,DEM,517
30-17,KENDRA BROOKS,WFP,194
30-17,NICOLAS O'ROURKE,WFP,160
30-17,NINA AHMAD,DEM,506
30-17,RUE LANDAU,DEM,524
30-17,WRITE-IN,,0
31-01,DREW MURRAY,REP,27
31-01,ISAIAH THOMAS,DEM,248
31-01,JIM HARRITY,DEM,169
31-01,JIM HASHER,REP,25
31-01,KATHERINE GILMORE RICHARDSON,DEM,252
31-01,KENDRA BROOKS,WFP,145
31-01,NICOLAS O'ROURKE,WFP,118
31-01,NINA AHMAD,DEM,215
31-01,RUE LANDAU,DEM,268
31-01,WRITE-IN,,0
31-02,DREW MURRAY,REP,10
31-02,ISAIAH THOMAS,DEM,36
31-02,JIM HARRITY,DEM,32
31-02,JIM HASHER,REP,8
31-02,KATHERINE GILMORE RICHARDSON,DEM,35
31-02,KENDRA BROOKS,WFP,13
31-02,NICOLAS O'ROURKE,WFP,10
31-02,NINA AHMAD,DEM,39
31-02,RUE LANDAU,DEM,34
31-02,WRITE-IN,,0
31-03,DREW MURRAY,REP,42
31-03,ISAIAH THOMAS,DEM,207
31-03,JIM HARRITY,DEM,142
31-03,JIM HASHER,REP,42
31-03,KATHERINE GILMORE RICHARDSON,DEM,223
31-03,KENDRA BROOKS,WFP,133
31-03,NICOLAS O'ROURKE,WFP,115
31-03,NINA AHMAD,DEM,182
31-03,RUE LANDAU,DEM,227
31-03,WRITE-IN,,6
31-04,DREW MURRAY,REP,66
31-04,ISAIAH THOMAS,DEM,200
31-04,JIM HARRITY,DEM,148
31-04,JIM HASHER,REP,69
31-04,KATHERINE GILMORE RICHARDSON,DEM,204
31-04,KENDRA BROOKS,WFP,132
31-04,NICOLAS O'ROURKE,WFP,115
31-04,NINA AHMAD,DEM,192
31-04,RUE LANDAU,DEM,220
31-04,WRITE-IN,,0
31-05,DREW MURRAY,REP,48
31-05,ISAIAH THOMAS,DEM,145
31-05,JIM HARRITY,DEM,106
31-05,JIM HASHER,REP,49
31-05,KATHERINE GILMORE RICHARDSON,DEM,158
31-05,KENDRA BROOKS,WFP,94
31-05,NICOLAS O'ROURKE,WFP,82
31-05,NINA AHMAD,DEM,125
31-05,RUE LANDAU,DEM,156
31-05,WRITE-IN,,0
31-06,DREW MURRAY,REP,30
31-06,ISAIAH THOMAS,DEM,132
31-06,JIM HARRITY,DEM,83
31-06,JIM HASHER,REP,35
31-06,KATHERINE GILMORE RICHARDSON,DEM,118
31-06,KENDRA BROOKS,WFP,76
31-06,NICOLAS O'ROURKE,WFP,67
31-06,NINA AHMAD,DEM,101
31-06,RUE LANDAU,DEM,138
31-06,WRITE-IN,,0
31-07,DREW MURRAY,REP,108
31-07,ISAIAH THOMAS,DEM,234
31-07,JIM HARRITY,DEM,205
31-07,JIM HASHER,REP,111
31-07,KATHERINE GILMORE RICHARDSON,DEM,239
31-07,KENDRA BROOKS,WFP,93
31-07,NICOLAS O'ROURKE,WFP,74
31-07,NINA AHMAD,DEM,232
31-07,RUE LANDAU,DEM,232
31-07,WRITE-IN,,5
31-08,DREW MURRAY,REP,37
31-08,ISAIAH THOMAS,DEM,205
31-08,JIM HARRITY,DEM,139
31-08,JIM HASHER,REP,34
31-08,KATHERINE GILMORE RICHARDSON,DEM,194
31-08,KENDRA BROOKS,WFP,146
31-08,NICOLAS O'ROURKE,WFP,135
31-08,NINA AHMAD,DEM,205
31-08,RUE LANDAU,DEM,217
31-08,WRITE-IN,,1
31-09,DREW MURRAY,REP,33
31-09,ISAIAH THOMAS,DEM,186
31-09,JIM HARRITY,DEM,107
31-09,JIM HASHER,REP,32
31-09,KATHERINE GILMORE RICHARDSON,DEM,177
31-09,KENDRA BROOKS,WFP,129
31-09,NICOLAS O'ROURKE,WFP,113
31-09,NINA AHMAD,DEM,152
31-09,RUE LANDAU,DEM,197
31-09,WRITE-IN,,0
31-10,DREW MURRAY,REP,32
31-10,ISAIAH THOMAS,DEM,153
31-10,JIM HARRITY,DEM,96
31-10,JIM HASHER,REP,30
31-10,KATHERINE GILMORE RICHARDSON,DEM,149
31-10,KENDRA BROOKS,WFP,105
31-10,NICOLAS O'ROURKE,WFP,91
31-10,NINA AHMAD,DEM,146
31-10,RUE LANDAU,DEM,154
31-10,WRITE-IN,,3
31-11,DREW MURRAY,REP,38
31-11,ISAIAH THOMAS,DEM,139
31-11,JIM HARRITY,DEM,89
31-11,JIM HASHER,REP,30
31-11,KATHERINE GILMORE RICHARDSON,DEM,141
31-11,KENDRA BROOKS,WFP,103
31-11,NICOLAS O'ROURKE,WFP,88
31-11,NINA AHMAD,DEM,127
31-11,RUE LANDAU,DEM,139
31-11,WRITE-IN,,0
31-12,DREW MURRAY,REP,20
31-12,ISAIAH THOMAS,DEM,90
31-12,JIM HARRITY,DEM,60
31-12,JIM HASHER,REP,26
31-12,KATHERINE GILMORE RICHARDSON,DEM,90
31-12,KENDRA BROOKS,WFP,54
31-12,NICOLAS O'ROURKE,WFP,49
31-12,NINA AHMAD,DEM,72
31-12,RUE LANDAU,DEM,90
31-12,WRITE-IN,,2
31-13,DREW MURRAY,REP,51
31-13,ISAIAH THOMAS,DEM,162
31-13,JIM HARRITY,DEM,105
31-13,JIM HASHER,REP,54
31-13,KATHERINE GILMORE RICHARDSON,DEM,153
31-13,KENDRA BROOKS,WFP,107
31-13,NICOLAS O'ROURKE,WFP,101
31-13,NINA AHMAD,DEM,129
31-13,RUE LANDAU,DEM,167
31-13,WRITE-IN,,0
31-14,DREW MURRAY,REP,47
31-14,ISAIAH THOMAS,DEM,144
31-14,JIM HARRITY,DEM,104
31-14,JIM HASHER,REP,46
31-14,KATHERINE GILMORE RICHARDSON,DEM,137
31-14,KENDRA BROOKS,WFP,91
31-14,NICOLAS O'ROURKE,WFP,80
31-14,NINA AHMAD,DEM,131
31-14,RUE LANDAU,DEM,155
31-14,WRITE-IN,,0
31-15,DREW MURRAY,REP,50
31-15,ISAIAH THOMAS,DEM,147
31-15,JIM HARRITY,DEM,95
31-15,JIM HASHER,REP,54
31-15,KATHERINE GILMORE RICHARDSON,DEM,149
31-15,KENDRA BROOKS,WFP,100
31-15,NICOLAS O'ROURKE,WFP,88
31-15,NINA AHMAD,DEM,135
31-15,RUE LANDAU,DEM,158
31-15,WRITE-IN,,1
31-16,DREW MURRAY,REP,71
31-16,ISAIAH THOMAS,DEM,123
31-16,JIM HARRITY,DEM,115
31-16,JIM HASHER,REP,72
31-16,KATHERINE GILMORE RICHARDSON,DEM,135
31-16,KENDRA BROOKS,WFP,69
31-16,NICOLAS O'ROURKE,WFP,63
31-16,NINA AHMAD,DEM,130
31-16,RUE LANDAU,DEM,141
31-16,WRITE-IN,,3
31-17,DREW MURRAY,REP,42
31-17,ISAIAH THOMAS,DEM,93
31-17,JIM HARRITY,DEM,85
31-17,JIM HASHER,REP,46
31-17,KATHERINE GILMORE RICHARDSON,DEM,103
31-17,KENDRA BROOKS,WFP,49
31-17,NICOLAS O'ROURKE,WFP,37
31-17,NINA AHMAD,DEM,89
31-17,RUE LANDAU,DEM,90
31-17,WRITE-IN,,0
31-18,DREW MURRAY,REP,24
31-18,ISAIAH THOMAS,DEM,93
31-18,JIM HARRITY,DEM,97
31-18,JIM HASHER,REP,25
31-18,KATHERINE GILMORE RICHARDSON,DEM,96
31-18,KENDRA BROOKS,WFP,53
31-18,NICOLAS O'ROURKE,WFP,45
31-18,NINA AHMAD,DEM,94
31-18,RUE LANDAU,DEM,106
31-18,WRITE-IN,,1
31-19,DREW MURRAY,REP,49
31-19,ISAIAH THOMAS,DEM,108
31-19,JIM HARRITY,DEM,102
31-19,JIM HASHER,REP,53
31-19,KATHERINE GILMORE RICHARDSON,DEM,121
31-19,KENDRA BROOKS,WFP,61
31-19,NICOLAS O'ROURKE,WFP,55
31-19,NINA AHMAD,DEM,113
31-19,RUE LANDAU,DEM,111
31-19,WRITE-IN,,1
32-01,DREW MURRAY,REP,4
32-01,ISAIAH THOMAS,DEM,51
32-01,JIM HARRITY,DEM,36
32-01,JIM HASHER,REP,3
32-01,KATHERINE GILMORE RICHARDSON,DEM,43
32-01,KENDRA BROOKS,WFP,23
32-01,NICOLAS O'ROURKE,WFP,19
32-01,NINA AHMAD,DEM,46
32-01,RUE LANDAU,DEM,38
32-01,WRITE-IN,,0
32-02,DREW MURRAY,REP,0
32-02,ISAIAH THOMAS,DEM,28
32-02,JIM HARRITY,DEM,22
32-02,JIM HASHER,REP,1
32-02,KATHERINE GILMORE RICHARDSON,DEM,24
32-02,KENDRA BROOKS,WFP,14
32-02,NICOLAS O'ROURKE,WFP,12
32-02,NINA AHMAD,DEM,23
32-02,RUE LANDAU,DEM,20
32-02,WRITE-IN,,0
32-03,DREW MURRAY,REP,5
32-03,ISAIAH THOMAS,DEM,76
32-03,JIM HARRITY,DEM,53
32-03,JIM HASHER,REP,5
32-03,KATHERINE GILMORE RICHARDSON,DEM,63
32-03,KENDRA BROOKS,WFP,35
32-03,NICOLAS O'ROURKE,WFP,30
32-03,NINA AHMAD,DEM,65
32-03,RUE LANDAU,DEM,51
32-03,WRITE-IN,,0
32-04,DREW MURRAY,REP,8
32-04,ISAIAH THOMAS,DEM,67
32-04,JIM HARRITY,DEM,56
32-04,JIM HASHER,REP,7
32-04,KATHERINE GILMORE RICHARDSON,DEM,72
32-04,KENDRA BROOKS,WFP,44
32-04,NICOLAS O'ROURKE,WFP,40
32-04,NINA AHMAD,DEM,72
32-04,RUE LANDAU,DEM,67
32-04,WRITE-IN,,2
32-05,DREW MURRAY,REP,2
32-05,ISAIAH THOMAS,DEM,26
32-05,JIM HARRITY,DEM,22
32-05,JIM HASHER,REP,2
32-05,KATHERINE GILMORE RICHARDSON,DEM,28
32-05,KENDRA BROOKS,WFP,6
32-05,NICOLAS O'ROURKE,WFP,8
32-05,NINA AHMAD,DEM,24
32-05,RUE LANDAU,DEM,24
32-05,WRITE-IN,,0
32-06,DREW MURRAY,REP,4
32-06,ISAIAH THOMAS,DEM,63
32-06,JIM HARRITY,DEM,45
32-06,JIM HASHER,REP,2
32-06,KATHERINE GILMORE RICHARDSON,DEM,61
32-06,KENDRA BROOKS,WFP,22
32-06,NICOLAS O'ROURKE,WFP,17
32-06,NINA AHMAD,DEM,62
32-06,RUE LANDAU,DEM,57
32-06,WRITE-IN,,0
32-07,DREW MURRAY,REP,3
32-07,ISAIAH THOMAS,DEM,60
32-07,JIM HARRITY,DEM,48
32-07,JIM HASHER,REP,3
32-07,KATHERINE GILMORE RICHARDSON,DEM,59
32-07,KENDRA BROOKS,WFP,10
32-07,NICOLAS O'ROURKE,WFP,9
32-07,NINA AHMAD,DEM,57
32-07,RUE LANDAU,DEM,56
32-07,WRITE-IN,,0
32-08,DREW MURRAY,REP,4
32-08,ISAIAH THOMAS,DEM,45
32-08,JIM HARRITY,DEM,29
32-08,JIM HASHER,REP,3
32-08,KATHERINE GILMORE RICHARDSON,DEM,42
32-08,KENDRA BROOKS,WFP,17
32-08,NICOLAS O'ROURKE,WFP,13
32-08,NINA AHMAD,DEM,42
32-08,RUE LANDAU,DEM,40
32-08,WRITE-IN,,0
32-09,DREW MURRAY,REP,6
32-09,ISAIAH THOMAS,DEM,79
32-09,JIM HARRITY,DEM,54
32-09,JIM HASHER,REP,5
32-09,KATHERINE GILMORE RICHARDSON,DEM,74
32-09,KENDRA BROOKS,WFP,31
32-09,NICOLAS O'ROURKE,WFP,22
32-09,NINA AHMAD,DEM,62
32-09,RUE LANDAU,DEM,62
32-09,WRITE-IN,,0
32-10,DREW MURRAY,REP,10
32-10,ISAIAH THOMAS,DEM,86
32-10,JIM HARRITY,DEM,56
32-10,JIM HASHER,REP,5
32-10,KATHERINE GILMORE RICHARDSON,DEM,81
32-10,KENDRA BROOKS,WFP,40
32-10,NICOLAS O'ROURKE,WFP,31
32-10,NINA AHMAD,DEM,80
32-10,RUE LANDAU,DEM,68
32-10,WRITE-IN,,2
32-11,DREW MURRAY,REP,7
32-11,ISAIAH THOMAS,DEM,78
32-11,JIM HARRITY,DEM,60
32-11,JIM HASHER,REP,2
32-11,KATHERINE GILMORE RICHARDSON,DEM,73
32-11,KENDRA BROOKS,WFP,28
32-11,NICOLAS O'ROURKE,WFP,20
32-11,NINA AHMAD,DEM,76
32-11,RUE LANDAU,DEM,61
32-11,WRITE-IN,,1
32-12,DREW MURRAY,REP,1
32-12,ISAIAH THOMAS,DEM,48
32-12,JIM HARRITY,DEM,38
32-12,JIM HASHER,REP,1
32-12,KATHERINE GILMORE RICHARDSON,DEM,43
32-12,KENDRA BROOKS,WFP,15
32-12,NICOLAS O'ROURKE,WFP,16
32-12,NINA AHMAD,DEM,47
32-12,RUE LANDAU,DEM,36
32-12,WRITE-IN,,0
32-13,DREW MURRAY,REP,2
32-13,ISAIAH THOMAS,DEM,28
32-13,JIM HARRITY,DEM,20
32-13,JIM HASHER,REP,1
32-13,KATHERINE GILMORE RICHARDSON,DEM,28
32-13,KENDRA BROOKS,WFP,13
32-13,NICOLAS O'ROURKE,WFP,8
32-13,NINA AHMAD,DEM,20
32-13,RUE LANDAU,DEM,18
32-13,WRITE-IN,,0
32-14,DREW MURRAY,REP,0
32-14,ISAIAH THOMAS,DEM,29
32-14,JIM HARRITY,DEM,19
32-14,JIM HASHER,REP,1
32-14,KATHERINE GILMORE RICHARDSON,DEM,22
32-14,KENDRA BROOKS,WFP,8
32-14,NICOLAS O'ROURKE,WFP,5
32-14,NINA AHMAD,DEM,26
32-14,RUE LANDAU,DEM,20
32-14,WRITE-IN,,0
32-15,DREW MURRAY,REP,4
32-15,ISAIAH THOMAS,DEM,47
32-15,JIM HARRITY,DEM,32
32-15,JIM HASHER,REP,1
32-15,KATHERINE GILMORE RICHARDSON,DEM,38
32-15,KENDRA BROOKS,WFP,14
32-15,NICOLAS O'ROURKE,WFP,13
32-15,NINA AHMAD,DEM,42
32-15,RUE LANDAU,DEM,37
32-15,WRITE-IN,,0
32-16,DREW MURRAY,REP,1
32-16,ISAIAH THOMAS,DEM,66
32-16,JIM HARRITY,DEM,42
32-16,JIM HASHER,REP,3
32-16,KATHERINE GILMORE RICHARDSON,DEM,56
32-16,KENDRA BROOKS,WFP,22
32-16,NICOLAS O'ROURKE,WFP,17
32-16,NINA AHMAD,DEM,56
32-16,RUE LANDAU,DEM,52
32-16,WRITE-IN,,1
32-17,DREW MURRAY,REP,3
32-17,ISAIAH THOMAS,DEM,58
32-17,JIM HARRITY,DEM,45
32-17,JIM HASHER,REP,1
32-17,KATHERINE GILMORE RICHARDSON,DEM,52
32-17,KENDRA BROOKS,WFP,11
32-17,NICOLAS O'ROURKE,WFP,9
32-17,NINA AHMAD,DEM,53
32-17,RUE LANDAU,DEM,46
32-17,WRITE-IN,,0
32-18,DREW MURRAY,REP,3
32-18,ISAIAH THOMAS,DEM,73
32-18,JIM HARRITY,DEM,53
32-18,JIM HASHER,REP,4
32-18,KATHERINE GILMORE RICHARDSON,DEM,66
32-18,KENDRA BROOKS,WFP,24
32-18,NICOLAS O'ROURKE,WFP,16
32-18,NINA AHMAD,DEM,61
32-18,RUE LANDAU,DEM,54
32-18,WRITE-IN,,1
32-19,DREW MURRAY,REP,3
32-19,ISAIAH THOMAS,DEM,75
32-19,JIM HARRITY,DEM,62
32-19,JIM HASHER,REP,1
32-19,KATHERINE GILMORE RICHARDSON,DEM,65
32-19,KENDRA BROOKS,WFP,15
32-19,NICOLAS O'ROURKE,WFP,12
32-19,NINA AHMAD,DEM,68
32-19,RUE LANDAU,DEM,58
32-19,WRITE-IN,,0
32-20,DREW MURRAY,REP,3
32-20,ISAIAH THOMAS,DEM,90
32-20,JIM HARRITY,DEM,78
32-20,JIM HASHER,REP,2
32-20,KATHERINE GILMORE RICHARDSON,DEM,88
32-20,KENDRA BROOKS,WFP,15
32-20,NICOLAS O'ROURKE,WFP,13
32-20,NINA AHMAD,DEM,83
32-20,RUE LANDAU,DEM,80
32-20,WRITE-IN,,0
32-21,DREW MURRAY,REP,1
32-21,ISAIAH THOMAS,DEM,80
32-21,JIM HARRITY,DEM,57
32-21,JIM HASHER,REP,1
32-21,KATHERINE GILMORE RICHARDSON,DEM,69
32-21,KENDRA BROOKS,WFP,20
32-21,NICOLAS O'ROURKE,WFP,14
32-21,NINA AHMAD,DEM,69
32-21,RUE LANDAU,DEM,57
32-21,WRITE-IN,,0
32-22,DREW MURRAY,REP,1
32-22,ISAIAH THOMAS,DEM,66
32-22,JIM HARRITY,DEM,55
32-22,JIM HASHER,REP,1
32-22,KATHERINE GILMORE RICHARDSON,DEM,63
32-22,KENDRA BROOKS,WFP,20
32-22,NICOLAS O'ROURKE,WFP,9
32-22,NINA AHMAD,DEM,57
32-22,RUE LANDAU,DEM,45
32-22,WRITE-IN,,0
32-23,DREW MURRAY,REP,3
32-23,ISAIAH THOMAS,DEM,89
32-23,JIM HARRITY,DEM,68
32-23,JIM HASHER,REP,1
32-23,KATHERINE GILMORE RICHARDSON,DEM,79
32-23,KENDRA BROOKS,WFP,29
32-23,NICOLAS O'ROURKE,WFP,20
32-23,NINA AHMAD,DEM,79
32-23,RUE LANDAU,DEM,66
32-23,WRITE-IN,,1
32-24,DREW MURRAY,REP,2
32-24,ISAIAH THOMAS,DEM,58
32-24,JIM HARRITY,DEM,45
32-24,JIM HASHER,REP,5
32-24,KATHERINE GILMORE RICHARDSON,DEM,49
32-24,KENDRA BROOKS,WFP,31
32-24,NICOLAS O'ROURKE,WFP,24
32-24,NINA AHMAD,DEM,50
32-24,RUE LANDAU,DEM,47
32-24,WRITE-IN,,3
32-25,DREW MURRAY,REP,3
32-25,ISAIAH THOMAS,DEM,89
32-25,JIM HARRITY,DEM,52
32-25,JIM HASHER,REP,4
32-25,KATHERINE GILMORE RICHARDSON,DEM,78
32-25,KENDRA BROOKS,WFP,23
32-25,NICOLAS O'ROURKE,WFP,16
32-25,NINA AHMAD,DEM,81
32-25,RUE LANDAU,DEM,64
32-25,WRITE-IN,,0
32-26,DREW MURRAY,REP,5
32-26,ISAIAH THOMAS,DEM,61
32-26,JIM HARRITY,DEM,47
32-26,JIM HASHER,REP,0
32-26,KATHERINE GILMORE RICHARDSON,DEM,56
32-26,KENDRA BROOKS,WFP,16
32-26,NICOLAS O'ROURKE,WFP,7
32-26,NINA AHMAD,DEM,59
32-26,RUE LANDAU,DEM,45
32-26,WRITE-IN,,1
32-27,DREW MURRAY,REP,7
32-27,ISAIAH THOMAS,DEM,66
32-27,JIM HARRITY,DEM,44
32-27,JIM HASHER,REP,5
32-27,KATHERINE GILMORE RICHARDSON,DEM,56
32-27,KENDRA BROOKS,WFP,17
32-27,NICOLAS O'ROURKE,WFP,9
32-27,NINA AHMAD,DEM,58
32-27,RUE LANDAU,DEM,46
32-27,WRITE-IN,,0
32-28,DREW MURRAY,REP,6
32-28,ISAIAH THOMAS,DEM,95
32-28,JIM HARRITY,DEM,72
32-28,JIM HASHER,REP,2
32-28,KATHERINE GILMORE RICHARDSON,DEM,82
32-28,KENDRA BROOKS,WFP,26
32-28,NICOLAS O'ROURKE,WFP,12
32-28,NINA AHMAD,DEM,78
32-28,RUE LANDAU,DEM,69
32-28,WRITE-IN,,1
32-29,DREW MURRAY,REP,2
32-29,ISAIAH THOMAS,DEM,50
32-29,JIM HARRITY,DEM,24
32-29,JIM HASHER,REP,2
32-29,KATHERINE GILMORE RICHARDSON,DEM,44
32-29,KENDRA BROOKS,WFP,24
32-29,NICOLAS O'ROURKE,WFP,22
32-29,NINA AHMAD,DEM,46
32-29,RUE LANDAU,DEM,24
32-29,WRITE-IN,,0
32-30,DREW MURRAY,REP,5
32-30,ISAIAH THOMAS,DEM,99
32-30,JIM HARRITY,DEM,67
32-30,JIM HASHER,REP,5
32-30,KATHERINE GILMORE RICHARDSON,DEM,90
32-30,KENDRA BROOKS,WFP,24
32-30,NICOLAS O'ROURKE,WFP,21
32-30,NINA AHMAD,DEM,78
32-30,RUE LANDAU,DEM,74
32-30,WRITE-IN,,0
32-31,DREW MURRAY,REP,8
32-31,ISAIAH THOMAS,DEM,111
32-31,JIM HARRITY,DEM,94
32-31,JIM HASHER,REP,6
32-31,KATHERINE GILMORE RICHARDSON,DEM,112
32-31,KENDRA BROOKS,WFP,38
32-31,NICOLAS O'ROURKE,WFP,29
32-31,NINA AHMAD,DEM,102
32-31,RUE LANDAU,DEM,100
32-31,WRITE-IN,,1
33-01,DREW MURRAY,REP,25
33-01,ISAIAH THOMAS,DEM,50
33-01,JIM HARRITY,DEM,44
33-01,JIM HASHER,REP,28
33-01,KATHERINE GILMORE RICHARDSON,DEM,47
33-01,KENDRA BROOKS,WFP,9
33-01,NICOLAS O'ROURKE,WFP,5
33-01,NINA AHMAD,DEM,45
33-01,RUE LANDAU,DEM,37
33-01,WRITE-IN,,1
33-02,DREW MURRAY,REP,25
33-02,ISAIAH THOMAS,DEM,53
33-02,JIM HARRITY,DEM,53
33-02,JIM HASHER,REP,28
33-02,KATHERINE GILMORE RICHARDSON,DEM,55
33-02,KENDRA BROOKS,WFP,13
33-02,NICOLAS O'ROURKE,WFP,14
33-02,NINA AHMAD,DEM,49
33-02,RUE LANDAU,DEM,48
33-02,WRITE-IN,,0
33-03,DREW MURRAY,REP,27
33-03,ISAIAH THOMAS,DEM,35
33-03,JIM HARRITY,DEM,45
33-03,JIM HASHER,REP,32
33-03,KATHERINE GILMORE RICHARDSON,DEM,37
33-03,KENDRA BROOKS,WFP,9
33-03,NICOLAS O'ROURKE,WFP,7
33-03,NINA AHMAD,DEM,36
33-03,RUE LANDAU,DEM,32
33-03,WRITE-IN,,0
33-04,DREW MURRAY,REP,25
33-04,ISAIAH THOMAS,DEM,53
33-04,JIM HARRITY,DEM,51
33-04,JIM HASHER,REP,30
33-04,KATHERINE GILMORE RICHARDSON,DEM,50
33-04,KENDRA BROOKS,WFP,19
33-04,NICOLAS O'ROURKE,WFP,9
33-04,NINA AHMAD,DEM,50
33-04,RUE LANDAU,DEM,36
33-04,WRITE-IN,,1
33-05,DREW MURRAY,REP,15
33-05,ISAIAH THOMAS,DEM,51
33-05,JIM HARRITY,DEM,45
33-05,JIM HASHER,REP,17
33-05,KATHERINE GILMORE RICHARDSON,DEM,46
33-05,KENDRA BROOKS,WFP,10
33-05,NICOLAS O'ROURKE,WFP,5
33-05,NINA AHMAD,DEM,46
33-05,RUE LANDAU,DEM,36
33-05,WRITE-IN,,0
33-06,DREW MURRAY,REP,29
33-06,ISAIAH THOMAS,DEM,39
33-06,JIM HARRITY,DEM,37
33-06,JIM HASHER,REP,28
33-06,KATHERINE GILMORE RICHARDSON,DEM,38
33-06,KENDRA BROOKS,WFP,10
33-06,NICOLAS O'ROURKE,WFP,11
33-06,NINA AHMAD,DEM,42
33-06,RUE LANDAU,DEM,36
33-06,WRITE-IN,,0
33-07,DREW MURRAY,REP,20
33-07,ISAIAH THOMAS,DEM,44
33-07,JIM HARRITY,DEM,43
33-07,JIM HASHER,REP,17
33-07,KATHERINE GILMORE RICHARDSON,DEM,43
33-07,KENDRA BROOKS,WFP,6
33-07,NICOLAS O'ROURKE,WFP,6
33-07,NINA AHMAD,DEM,50
33-07,RUE LANDAU,DEM,39
33-07,WRITE-IN,,0
33-08,DREW MURRAY,REP,13
33-08,ISAIAH THOMAS,DEM,59
33-08,JIM HARRITY,DEM,52
33-08,JIM HASHER,REP,13
33-08,KATHERINE GILMORE RICHARDSON,DEM,53
33-08,KENDRA BROOKS,WFP,8
33-08,NICOLAS O'ROURKE,WFP,9
33-08,NINA AHMAD,DEM,57
33-08,RUE LANDAU,DEM,52
33-08,WRITE-IN,,0
33-09,DREW MURRAY,REP,17
33-09,ISAIAH THOMAS,DEM,44
33-09,JIM HARRITY,DEM,48
33-09,JIM HASHER,REP,17
33-09,KATHERINE GILMORE RICHARDSON,DEM,45
33-09,KENDRA BROOKS,WFP,14
33-09,NICOLAS O'ROURKE,WFP,10
33-09,NINA AHMAD,DEM,42
33-09,RUE LANDAU,DEM,39
33-09,WRITE-IN,,0
33-10,DREW MURRAY,REP,19
33-10,ISAIAH THOMAS,DEM,36
33-10,JIM HARRITY,DEM,39
33-10,JIM HASHER,REP,22
33-10,KATHERINE GILMORE RICHARDSON,DEM,36
33-10,KENDRA BROOKS,WFP,6
33-10,NICOLAS O'ROURKE,WFP,5
33-10,NINA AHMAD,DEM,36
33-10,RUE LANDAU,DEM,29
33-10,WRITE-IN,,0
33-11,DREW MURRAY,REP,17
33-11,ISAIAH THOMAS,DEM,63
33-11,JIM HARRITY,DEM,57
33-11,JIM HASHER,REP,17
33-11,KATHERINE GILMORE RICHARDSON,DEM,55
33-11,KENDRA BROOKS,WFP,12
33-11,NICOLAS O'ROURKE,WFP,5
33-11,NINA AHMAD,DEM,59
33-11,RUE LANDAU,DEM,52
33-11,WRITE-IN,,0
33-12,DREW MURRAY,REP,11
33-12,ISAIAH THOMAS,DEM,55
33-12,JIM HARRITY,DEM,53
33-12,JIM HASHER,REP,15
33-12,KATHERINE GILMORE RICHARDSON,DEM,49
33-12,KENDRA BROOKS,WFP,18
33-12,NICOLAS O'ROURKE,WFP,15
33-12,NINA AHMAD,DEM,52
33-12,RUE LANDAU,DEM,51
33-12,WRITE-IN,,1
33-13,DREW MURRAY,REP,18
33-13,ISAIAH THOMAS,DEM,57
33-13,JIM HARRITY,DEM,56
33-13,JIM HASHER,REP,13
33-13,KATHERINE GILMORE RICHARDSON,DEM,50
33-13,KENDRA BROOKS,WFP,12
33-13,NICOLAS O'ROURKE,WFP,9
33-13,NINA AHMAD,DEM,52
33-13,RUE LANDAU,DEM,46
33-13,WRITE-IN,,0
33-14,DREW MURRAY,REP,10
33-14,ISAIAH THOMAS,DEM,38
33-14,JIM HARRITY,DEM,33
33-14,JIM HASHER,REP,8
33-14,KATHERINE GILMORE RICHARDSON,DEM,36
33-14,KENDRA BROOKS,WFP,10
33-14,NICOLAS O'ROURKE,WFP,9
33-14,NINA AHMAD,DEM,27
33-14,RUE LANDAU,DEM,26
33-14,WRITE-IN,,0
33-15,DREW MURRAY,REP,9
33-15,ISAIAH THOMAS,DEM,20
33-15,JIM HARRITY,DEM,20
33-15,JIM HASHER,REP,8
33-15,KATHERINE GILMORE RICHARDSON,DEM,24
33-15,KENDRA BROOKS,WFP,7
33-15,NICOLAS O'ROURKE,WFP,4
33-15,NINA AHMAD,DEM,17
33-15,RUE LANDAU,DEM,14
33-15,WRITE-IN,,0
33-16,DREW MURRAY,REP,9
33-16,ISAIAH THOMAS,DEM,29
33-16,JIM HARRITY,DEM,30
33-16,JIM HASHER,REP,8
33-16,KATHERINE GILMORE RICHARDSON,DEM,33
33-16,KENDRA BROOKS,WFP,7
33-16,NICOLAS O'ROURKE,WFP,3
33-16,NINA AHMAD,DEM,27
33-16,RUE LANDAU,DEM,24
33-16,WRITE-IN,,0
33-17,DREW MURRAY,REP,3
33-17,ISAIAH THOMAS,DEM,8
33-17,JIM HARRITY,DEM,5
33-17,JIM HASHER,REP,3
33-17,KATHERINE GILMORE RICHARDSON,DEM,7
33-17,KENDRA BROOKS,WFP,4
33-17,NICOLAS O'ROURKE,WFP,1
33-17,NINA AHMAD,DEM,8
33-17,RUE LANDAU,DEM,4
33-17,WRITE-IN,,0
33-18,DREW MURRAY,REP,8
33-18,ISAIAH THOMAS,DEM,13
33-18,JIM HARRITY,DEM,8
33-18,JIM HASHER,REP,8
33-18,KATHERINE GILMORE RICHARDSON,DEM,9
33-18,KENDRA BROOKS,WFP,3
33-18,NICOLAS O'ROURKE,WFP,3
33-18,NINA AHMAD,DEM,9
33-18,RUE LANDAU,DEM,5
33-18,WRITE-IN,,0
33-19,DREW MURRAY,REP,4
33-19,ISAIAH THOMAS,DEM,32
33-19,JIM HARRITY,DEM,33
33-19,JIM HASHER,REP,1
33-19,KATHERINE GILMORE RICHARDSON,DEM,26
33-19,KENDRA BROOKS,WFP,9
33-19,NICOLAS O'ROURKE,WFP,5
33-19,NINA AHMAD,DEM,31
33-19,RUE LANDAU,DEM,28
33-19,WRITE-IN,,0
33-20,DREW MURRAY,REP,6
33-20,ISAIAH THOMAS,DEM,30
33-20,JIM HARRITY,DEM,25
33-20,JIM HASHER,REP,9
33-20,KATHERINE GILMORE RICHARDSON,DEM,22
33-20,KENDRA BROOKS,WFP,10
33-20,NICOLAS O'ROURKE,WFP,6
33-20,NINA AHMAD,DEM,26
33-20,RUE LANDAU,DEM,23
33-20,WRITE-IN,,0
33-21,DREW MURRAY,REP,5
33-21,ISAIAH THOMAS,DEM,16
33-21,JIM HARRITY,DEM,22
33-21,JIM HASHER,REP,4
33-21,KATHERINE GILMORE RICHARDSON,DEM,17
33-21,KENDRA BROOKS,WFP,2
33-21,NICOLAS O'ROURKE,WFP,1
33-21,NINA AHMAD,DEM,19
33-21,RUE LANDAU,DEM,16
33-21,WRITE-IN,,0
33-22,DREW MURRAY,REP,9
33-22,ISAIAH THOMAS,DEM,34
33-22,JIM HARRITY,DEM,28
33-22,JIM HASHER,REP,5
33-22,KATHERINE GILMORE RICHARDSON,DEM,31
33-22,KENDRA BROOKS,WFP,6
33-22,NICOLAS O'ROURKE,WFP,5
33-22,NINA AHMAD,DEM,35
33-22,RUE LANDAU,DEM,25
33-22,WRITE-IN,,0
33-23,DREW MURRAY,REP,10
33-23,ISAIAH THOMAS,DEM,20
33-23,JIM HARRITY,DEM,18
33-23,JIM HASHER,REP,9
33-23,KATHERINE GILMORE RICHARDSON,DEM,21
33-23,KENDRA BROOKS,WFP,4
33-23,NICOLAS O'ROURKE,WFP,3
33-23,NINA AHMAD,DEM,14
33-23,RUE LANDAU,DEM,18
33-23,WRITE-IN,,0
33-24,DREW MURRAY,REP,10
33-24,ISAIAH THOMAS,DEM,17
33-24,JIM HARRITY,DEM,16
33-24,JIM HASHER,REP,8
33-24,KATHERINE GILMORE RICHARDSON,DEM,14
33-24,KENDRA BROOKS,WFP,6
33-24,NICOLAS O'ROURKE,WFP,8
33-24,NINA AHMAD,DEM,17
33-24,RUE LANDAU,DEM,15
33-24,WRITE-IN,,0
34-01,DREW MURRAY,REP,7
34-01,ISAIAH THOMAS,DEM,66
34-01,JIM HARRITY,DEM,57
34-01,JIM HASHER,REP,6
34-01,KATHERINE GILMORE RICHARDSON,DEM,59
34-01,KENDRA BROOKS,WFP,21
34-01,NICOLAS O'ROURKE,WFP,18
34-01,NINA AHMAD,DEM,65
34-01,RUE LANDAU,DEM,56
34-01,WRITE-IN,,6
34-02,DREW MURRAY,REP,6
34-02,ISAIAH THOMAS,DEM,111
34-02,JIM HARRITY,DEM,80
34-02,JIM HASHER,REP,5
34-02,KATHERINE GILMORE RICHARDSON,DEM,87
34-02,KENDRA BROOKS,WFP,30
34-02,NICOLAS O'ROURKE,WFP,21
34-02,NINA AHMAD,DEM,111
34-02,RUE LANDAU,DEM,76
34-02,WRITE-IN,,4
34-03,DREW MURRAY,REP,6
34-03,ISAIAH THOMAS,DEM,73
34-03,JIM HARRITY,DEM,60
34-03,JIM HASHER,REP,5
34-03,KATHERINE GILMORE RICHARDSON,DEM,75
34-03,KENDRA BROOKS,WFP,28
34-03,NICOLAS O'ROURKE,WFP,21
34-03,NINA AHMAD,DEM,75
34-03,RUE LANDAU,DEM,58
34-03,WRITE-IN,,7
34-04,DREW MURRAY,REP,3
34-04,ISAIAH THOMAS,DEM,80
34-04,JIM HARRITY,DEM,59
34-04,JIM HASHER,REP,1
34-04,KATHERINE GILMORE RICHARDSON,DEM,67
34-04,KENDRA BROOKS,WFP,17
34-04,NICOLAS O'ROURKE,WFP,16
34-04,NINA AHMAD,DEM,73
34-04,RUE LANDAU,DEM,66
34-04,WRITE-IN,,0
34-05,DREW MURRAY,REP,5
34-05,ISAIAH THOMAS,DEM,95
34-05,JIM HARRITY,DEM,74
34-05,JIM HASHER,REP,6
34-05,KATHERINE GILMORE RICHARDSON,DEM,87
34-05,KENDRA BROOKS,WFP,27
34-05,NICOLAS O'ROURKE,WFP,17
34-05,NINA AHMAD,DEM,84
34-05,RUE LANDAU,DEM,76
34-05,WRITE-IN,,0
34-06,DREW MURRAY,REP,6
34-06,ISAIAH THOMAS,DEM,138
34-06,JIM HARRITY,DEM,105
34-06,JIM HASHER,REP,3
34-06,KATHERINE GILMORE RICHARDSON,DEM,132
34-06,KENDRA BROOKS,WFP,41
34-06,NICOLAS O'ROURKE,WFP,34
34-06,NINA AHMAD,DEM,132
34-06,RUE LANDAU,DEM,103
34-06,WRITE-IN,,0
34-07,DREW MURRAY,REP,9
34-07,ISAIAH THOMAS,DEM,150
34-07,JIM HARRITY,DEM,95
34-07,JIM HASHER,REP,6
34-07,KATHERINE GILMORE RICHARDSON,DEM,120
34-07,KENDRA BROOKS,WFP,56
34-07,NICOLAS O'ROURKE,WFP,46
34-07,NINA AHMAD,DEM,121
34-07,RUE LANDAU,DEM,100
34-07,WRITE-IN,,0
34-08,DREW MURRAY,REP,7
34-08,ISAIAH THOMAS,DEM,193
34-08,JIM HARRITY,DEM,127
34-08,JIM HASHER,REP,7
34-08,KATHERINE GILMORE RICHARDSON,DEM,176
34-08,KENDRA BROOKS,WFP,69
34-08,NICOLAS O'ROURKE,WFP,53
34-08,NINA AHMAD,DEM,179
34-08,RUE LANDAU,DEM,122
34-08,WRITE-IN,,1
34-09,DREW MURRAY,REP,5
34-09,ISAIAH THOMAS,DEM,92
34-09,JIM HARRITY,DEM,76
34-09,JIM HASHER,REP,5
34-09,KATHERINE GILMORE RICHARDSON,DEM,88
34-09,KENDRA BROOKS,WFP,36
34-09,NICOLAS O'ROURKE,WFP,26
34-09,NINA AHMAD,DEM,90
34-09,RUE LANDAU,DEM,71
34-09,WRITE-IN,,0
34-10,DREW MURRAY,REP,3
34-10,ISAIAH THOMAS,DEM,146
34-10,JIM HARRITY,DEM,105
34-10,JIM HASHER,REP,3
34-10,KATHERINE GILMORE RICHARDSON,DEM,128
34-10,KENDRA BROOKS,WFP,32
34-10,NICOLAS O'ROURKE,WFP,25
34-10,NINA AHMAD,DEM,126
34-10,RUE LANDAU,DEM,94
34-10,WRITE-IN,,0
34-11,DREW MURRAY,REP,9
34-11,ISAIAH THOMAS,DEM,162
34-11,JIM HARRITY,DEM,109
34-11,JIM HASHER,REP,6
34-11,KATHERINE GILMORE RICHARDSON,DEM,143
34-11,KENDRA BROOKS,WFP,43
34-11,NICOLAS O'ROURKE,WFP,29
34-11,NINA AHMAD,DEM,145
34-11,RUE LANDAU,DEM,120
34-11,WRITE-IN,,0
34-12,DREW MURRAY,REP,18
34-12,ISAIAH THOMAS,DEM,222
34-12,JIM HARRITY,DEM,188
34-12,JIM HASHER,REP,11
34-12,KATHERINE GILMORE RICHARDSON,DEM,211
34-12,KENDRA BROOKS,WFP,44
34-12,NICOLAS O'ROURKE,WFP,24
34-12,NINA AHMAD,DEM,213
34-12,RUE LANDAU,DEM,180
34-12,WRITE-IN,,1
34-13,DREW MURRAY,REP,17
34-13,ISAIAH THOMAS,DEM,164
34-13,JIM HARRITY,DEM,118
34-13,JIM HASHER,REP,11
34-13,KATHERINE GILMORE RICHARDSON,DEM,144
34-13,KENDRA BROOKS,WFP,83
34-13,NICOLAS O'ROURKE,WFP,61
34-13,NINA AHMAD,DEM,153
34-13,RUE LANDAU,DEM,134
34-13,WRITE-IN,,4
34-14,DREW MURRAY,REP,18
34-14,ISAIAH THOMAS,DEM,175
34-14,JIM HARRITY,DEM,127
34-14,JIM HASHER,REP,14
34-14,KATHERINE GILMORE RICHARDSON,DEM,152
34-14,KENDRA BROOKS,WFP,57
34-14,NICOLAS O'ROURKE,WFP,36
34-14,NINA AHMAD,DEM,171
34-14,RUE LANDAU,DEM,128
34-14,WRITE-IN,,2
34-15,DREW MURRAY,REP,6
34-15,ISAIAH THOMAS,DEM,159
34-15,JIM HARRITY,DEM,123
34-15,JIM HASHER,REP,5
34-15,KATHERINE GILMORE RICHARDSON,DEM,158
34-15,KENDRA BROOKS,WFP,49
34-15,NICOLAS O'ROURKE,WFP,33
34-15,NINA AHMAD,DEM,152
34-15,RUE LANDAU,DEM,125
34-15,WRITE-IN,,3
34-16,DREW MURRAY,REP,8
34-16,ISAIAH THOMAS,DEM,105
34-16,JIM HARRITY,DEM,75
34-16,JIM HASHER,REP,7
34-16,KATHERINE GILMORE RICHARDSON,DEM,92
34-16,KENDRA BROOKS,WFP,31
34-16,NICOLAS O'ROURKE,WFP,29
34-16,NINA AHMAD,DEM,99
34-16,RUE LANDAU,DEM,79
34-16,WRITE-IN,,0
34-17,DREW MURRAY,REP,12
34-17,ISAIAH THOMAS,DEM,114
34-17,JIM HARRITY,DEM,92
34-17,JIM HASHER,REP,11
34-17,KATHERINE GILMORE RICHARDSON,DEM,106
34-17,KENDRA BROOKS,WFP,26
34-17,NICOLAS O'ROURKE,WFP,17
34-17,NINA AHMAD,DEM,107
34-17,RUE LANDAU,DEM,91
34-17,WRITE-IN,,0
34-18,DREW MURRAY,REP,9
34-18,ISAIAH THOMAS,DEM,160
34-18,JIM HARRITY,DEM,129
34-18,JIM HASHER,REP,8
34-18,KATHERINE GILMORE RICHARDSON,DEM,151
34-18,KENDRA BROOKS,WFP,95
34-18,NICOLAS O'ROURKE,WFP,83
34-18,NINA AHMAD,DEM,161
34-18,RUE LANDAU,DEM,133
34-18,WRITE-IN,,0
34-19,DREW MURRAY,REP,17
34-19,ISAIAH THOMAS,DEM,222
34-19,JIM HARRITY,DEM,152
34-19,JIM HASHER,REP,12
34-19,KATHERINE GILMORE RICHARDSON,DEM,202
34-19,KENDRA BROOKS,WFP,125
34-19,NICOLAS O'ROURKE,WFP,97
34-19,NINA AHMAD,DEM,197
34-19,RUE LANDAU,DEM,145
34-19,WRITE-IN,,2
34-20,DREW MURRAY,REP,19
34-20,ISAIAH THOMAS,DEM,188
34-20,JIM HARRITY,DEM,139
34-20,JIM HASHER,REP,17
34-20,KATHERINE GILMORE RICHARDSON,DEM,159
34-20,KENDRA BROOKS,WFP,51
34-20,NICOLAS O'ROURKE,WFP,32
34-20,NINA AHMAD,DEM,167
34-20,RUE LANDAU,DEM,126
34-20,WRITE-IN,,0
34-21,DREW MURRAY,REP,17
34-21,ISAIAH THOMAS,DEM,216
34-21,JIM HARRITY,DEM,160
34-21,JIM HASHER,REP,13
34-21,KATHERINE GILMORE RICHARDSON,DEM,180
34-21,KENDRA BROOKS,WFP,53
34-21,NICOLAS O'ROURKE,WFP,30
34-21,NINA AHMAD,DEM,195
34-21,RUE LANDAU,DEM,138
34-21,WRITE-IN,,0
34-22,DREW MURRAY,REP,21
34-22,ISAIAH THOMAS,DEM,169
34-22,JIM HARRITY,DEM,131
34-22,JIM HASHER,REP,13
34-22,KATHERINE GILMORE RICHARDSON,DEM,158
34-22,KENDRA BROOKS,WFP,51
34-22,NICOLAS O'ROURKE,WFP,33
34-22,NINA AHMAD,DEM,166
34-22,RUE LANDAU,DEM,130
34-22,WRITE-IN,,2
34-23,DREW MURRAY,REP,74
34-23,ISAIAH THOMAS,DEM,249
34-23,JIM HARRITY,DEM,187
34-23,JIM HASHER,REP,62
34-23,KATHERINE GILMORE RICHARDSON,DEM,242
34-23,KENDRA BROOKS,WFP,91
34-23,NICOLAS O'ROURKE,WFP,71
34-23,NINA AHMAD,DEM,233
34-23,RUE LANDAU,DEM,230
34-23,WRITE-IN,,0
34-24,DREW MURRAY,REP,15
34-24,ISAIAH THOMAS,DEM,197
34-24,JIM HARRITY,DEM,165
34-24,JIM HASHER,REP,16
34-24,KATHERINE GILMORE RICHARDSON,DEM,188
34-24,KENDRA BROOKS,WFP,46
34-24,NICOLAS O'ROURKE,WFP,27
34-24,NINA AHMAD,DEM,186
34-24,RUE LANDAU,DEM,166
34-24,WRITE-IN,,1
34-25,DREW MURRAY,REP,38
34-25,ISAIAH THOMAS,DEM,202
34-25,JIM HARRITY,DEM,165
34-25,JIM HASHER,REP,34
34-25,KATHERINE GILMORE RICHARDSON,DEM,191
34-25,KENDRA BROOKS,WFP,69
34-25,NICOLAS O'ROURKE,WFP,48
34-25,NINA AHMAD,DEM,193
34-25,RUE LANDAU,DEM,170
34-25,WRITE-IN,,1
34-26,DREW MURRAY,REP,5
34-26,ISAIAH THOMAS,DEM,87
34-26,JIM HARRITY,DEM,68
34-26,JIM HASHER,REP,4
34-26,KATHERINE GILMORE RICHARDSON,DEM,80
34-26,KENDRA BROOKS,WFP,17
34-26,NICOLAS O'ROURKE,WFP,14
34-26,NINA AHMAD,DEM,82
34-26,RUE LANDAU,DEM,66
34-26,WRITE-IN,,0
34-27,DREW MURRAY,REP,10
34-27,ISAIAH THOMAS,DEM,194
34-27,JIM HARRITY,DEM,160
34-27,JIM HASHER,REP,9
34-27,KATHERINE GILMORE RICHARDSON,DEM,181
34-27,KENDRA BROOKS,WFP,30
34-27,NICOLAS O'ROURKE,WFP,23
34-27,NINA AHMAD,DEM,181
34-27,RUE LANDAU,DEM,152
34-27,WRITE-IN,,0
34-28,DREW MURRAY,REP,12
34-28,ISAIAH THOMAS,DEM,180
34-28,JIM HARRITY,DEM,139
34-28,JIM HASHER,REP,9
34-28,KATHERINE GILMORE RICHARDSON,DEM,173
34-28,KENDRA BROOKS,WFP,53
34-28,NICOLAS O'ROURKE,WFP,38
34-28,NINA AHMAD,DEM,169
34-28,RUE LANDAU,DEM,136
34-28,WRITE-IN,,0
34-29,DREW MURRAY,REP,22
34-29,ISAIAH THOMAS,DEM,195
34-29,JIM HARRITY,DEM,158
34-29,JIM HASHER,REP,20
34-29,KATHERINE GILMORE RICHARDSON,DEM,180
34-29,KENDRA BROOKS,WFP,47
34-29,NICOLAS O'ROURKE,WFP,34
34-29,NINA AHMAD,DEM,183
34-29,RUE LANDAU,DEM,156
34-29,WRITE-IN,,6
34-30,DREW MURRAY,REP,17
34-30,ISAIAH THOMAS,DEM,186
34-30,JIM HARRITY,DEM,144
34-30,JIM HASHER,REP,17
34-30,KATHERINE GILMORE RICHARDSON,DEM,169
34-30,KENDRA BROOKS,WFP,64
34-30,NICOLAS O'ROURKE,WFP,56
34-30,NINA AHMAD,DEM,176
34-30,RUE LANDAU,DEM,148
34-30,WRITE-IN,,1
34-31,DREW MURRAY,REP,18
34-31,ISAIAH THOMAS,DEM,183
34-31,JIM HARRITY,DEM,158
34-31,JIM HASHER,REP,17
34-31,KATHERINE GILMORE RICHARDSON,DEM,163
34-31,KENDRA BROOKS,WFP,49
34-31,NICOLAS O'ROURKE,WFP,33
34-31,NINA AHMAD,DEM,183
34-31,RUE LANDAU,DEM,148
34-31,WRITE-IN,,2
34-32,DREW MURRAY,REP,12
34-32,ISAIAH THOMAS,DEM,133
34-32,JIM HARRITY,DEM,99
34-32,JIM HASHER,REP,12
34-32,KATHERINE GILMORE RICHARDSON,DEM,113
34-32,KENDRA BROOKS,WFP,63
34-32,NICOLAS O'ROURKE,WFP,52
34-32,NINA AHMAD,DEM,118
34-32,RUE LANDAU,DEM,91
34-32,WRITE-IN,,0
34-33,DREW MURRAY,REP,10
34-33,ISAIAH THOMAS,DEM,204
34-33,JIM HARRITY,DEM,135
34-33,JIM HASHER,REP,10
34-33,KATHERINE GILMORE RICHARDSON,DEM,185
34-33,KENDRA BROOKS,WFP,57
34-33,NICOLAS O'ROURKE,WFP,44
34-33,NINA AHMAD,DEM,191
34-33,RUE LANDAU,DEM,142
34-33,WRITE-IN,,1
34-34,DREW MURRAY,REP,42
34-34,ISAIAH THOMAS,DEM,197
34-34,JIM HARRITY,DEM,169
34-34,JIM HASHER,REP,36
34-34,KATHERINE GILMORE RICHARDSON,DEM,193
34-34,KENDRA BROOKS,WFP,58
34-34,NICOLAS O'ROURKE,WFP,39
34-34,NINA AHMAD,DEM,189
34-34,RUE LANDAU,DEM,168
34-34,WRITE-IN,,0
34-35,DREW MURRAY,REP,6
34-35,ISAIAH THOMAS,DEM,113
34-35,JIM HARRITY,DEM,82
34-35,JIM HASHER,REP,4
34-35,KATHERINE GILMORE RICHARDSON,DEM,92
34-35,KENDRA BROOKS,WFP,34
34-35,NICOLAS O'ROURKE,WFP,25
34-35,NINA AHMAD,DEM,105
34-35,RUE LANDAU,DEM,79
34-35,WRITE-IN,,0
34-36,DREW MURRAY,REP,9
34-36,ISAIAH THOMAS,DEM,91
34-36,JIM HARRITY,DEM,73
34-36,JIM HASHER,REP,8
34-36,KATHERINE GILMORE RICHARDSON,DEM,80
34-36,KENDRA BROOKS,WFP,16
34-36,NICOLAS O'ROURKE,WFP,12
34-36,NINA AHMAD,DEM,87
34-36,RUE LANDAU,DEM,81
34-36,WRITE-IN,,0
34-37,DREW MURRAY,REP,8
34-37,ISAIAH THOMAS,DEM,134
34-37,JIM HARRITY,DEM,91
34-37,JIM HASHER,REP,8
34-37,KATHERINE GILMORE RICHARDSON,DEM,110
34-37,KENDRA BROOKS,WFP,44
34-37,NICOLAS O'ROURKE,WFP,39
34-37,NINA AHMAD,DEM,110
34-37,RUE LANDAU,DEM,89
34-37,WRITE-IN,,1
34-38,DREW MURRAY,REP,2
34-38,ISAIAH THOMAS,DEM,75
34-38,JIM HARRITY,DEM,56
34-38,JIM HASHER,REP,4
34-38,KATHERINE GILMORE RICHARDSON,DEM,70
34-38,KENDRA BROOKS,WFP,9
34-38,NICOLAS O'ROURKE,WFP,6
34-38,NINA AHMAD,DEM,64
34-38,RUE LANDAU,DEM,56
34-38,WRITE-IN,,3
34-39,DREW MURRAY,REP,16
34-39,ISAIAH THOMAS,DEM,184
34-39,JIM HARRITY,DEM,140
34-39,JIM HASHER,REP,13
34-39,KATHERINE GILMORE RICHARDSON,DEM,163
34-39,KENDRA BROOKS,WFP,60
34-39,NICOLAS O'ROURKE,WFP,53
34-39,NINA AHMAD,DEM,160
34-39,RUE LANDAU,DEM,137
34-39,WRITE-IN,,0
34-40,DREW MURRAY,REP,13
34-40,ISAIAH THOMAS,DEM,164
34-40,JIM HARRITY,DEM,135
34-40,JIM HASHER,REP,11
34-40,KATHERINE GILMORE RICHARDSON,DEM,153
34-40,KENDRA BROOKS,WFP,33
34-40,NICOLAS O'ROURKE,WFP,22
34-40,NINA AHMAD,DEM,158
34-40,RUE LANDAU,DEM,135
34-40,WRITE-IN,,0
34-41,DREW MURRAY,REP,22
34-41,ISAIAH THOMAS,DEM,199
34-41,JIM HARRITY,DEM,136
34-41,JIM HASHER,REP,20
34-41,KATHERINE GILMORE RICHARDSON,DEM,172
34-41,KENDRA BROOKS,WFP,83
34-41,NICOLAS O'ROURKE,WFP,66
34-41,NINA AHMAD,DEM,180
34-41,RUE LANDAU,DEM,149
34-41,WRITE-IN,,0
34-42,DREW MURRAY,REP,8
34-42,ISAIAH THOMAS,DEM,117
34-42,JIM HARRITY,DEM,89
34-42,JIM HASHER,REP,4
34-42,KATHERINE GILMORE RICHARDSON,DEM,103
34-42,KENDRA BROOKS,WFP,26
34-42,NICOLAS O'ROURKE,WFP,17
34-42,NINA AHMAD,DEM,109
34-42,RUE LANDAU,DEM,88
34-42,WRITE-IN,,0
35-01,DREW MURRAY,REP,49
35-01,ISAIAH THOMAS,DEM,98
35-01,JIM HARRITY,DEM,82
35-01,JIM HASHER,REP,49
35-01,KATHERINE GILMORE RICHARDSON,DEM,84
35-01,KENDRA BROOKS,WFP,30
35-01,NICOLAS O'ROURKE,WFP,28
35-01,NINA AHMAD,DEM,86
35-01,RUE LANDAU,DEM,84
35-01,WRITE-IN,,0
35-02,DREW MURRAY,REP,67
35-02,ISAIAH THOMAS,DEM,87
35-02,JIM HARRITY,DEM,77
35-02,JIM HASHER,REP,69
35-02,KATHERINE GILMORE RICHARDSON,DEM,88
35-02,KENDRA BROOKS,WFP,21
35-02,NICOLAS O'ROURKE,WFP,16
35-02,NINA AHMAD,DEM,87
35-02,RUE LANDAU,DEM,69
35-02,WRITE-IN,,4
35-03,DREW MURRAY,REP,48
35-03,ISAIAH THOMAS,DEM,82
35-03,JIM HARRITY,DEM,87
35-03,JIM HASHER,REP,52
35-03,KATHERINE GILMORE RICHARDSON,DEM,86
35-03,KENDRA BROOKS,WFP,16
35-03,NICOLAS O'ROURKE,WFP,10
35-03,NINA AHMAD,DEM,79
35-03,RUE LANDAU,DEM,77
35-03,WRITE-IN,,0
35-04,DREW MURRAY,REP,37
35-04,ISAIAH THOMAS,DEM,63
35-04,JIM HARRITY,DEM,54
35-04,JIM HASHER,REP,32
35-04,KATHERINE GILMORE RICHARDSON,DEM,56
35-04,KENDRA BROOKS,WFP,10
35-04,NICOLAS O'ROURKE,WFP,8
35-04,NINA AHMAD,DEM,60
35-04,RUE LANDAU,DEM,49
35-04,WRITE-IN,,0
35-05,DREW MURRAY,REP,89
35-05,ISAIAH THOMAS,DEM,182
35-05,JIM HARRITY,DEM,166
35-05,JIM HASHER,REP,95
35-05,KATHERINE GILMORE RICHARDSON,DEM,183
35-05,KENDRA BROOKS,WFP,51
35-05,NICOLAS O'ROURKE,WFP,40
35-05,NINA AHMAD,DEM,174
35-05,RUE LANDAU,DEM,157
35-05,WRITE-IN,,0
35-06,DREW MURRAY,REP,30
35-06,ISAIAH THOMAS,DEM,115
35-06,JIM HARRITY,DEM,100
35-06,JIM HASHER,REP,28
35-06,KATHERINE GILMORE RICHARDSON,DEM,104
35-06,KENDRA BROOKS,WFP,17
35-06,NICOLAS O'ROURKE,WFP,10
35-06,NINA AHMAD,DEM,109
35-06,RUE LANDAU,DEM,102
35-06,WRITE-IN,,0
35-07,DREW MURRAY,REP,55
35-07,ISAIAH THOMAS,DEM,113
35-07,JIM HARRITY,DEM,99
35-07,JIM HASHER,REP,58
35-07,KATHERINE GILMORE RICHARDSON,DEM,102
35-07,KENDRA BROOKS,WFP,37
35-07,NICOLAS O'ROURKE,WFP,26
35-07,NINA AHMAD,DEM,103
35-07,RUE LANDAU,DEM,90
35-07,WRITE-IN,,0
35-08,DREW MURRAY,REP,30
35-08,ISAIAH THOMAS,DEM,102
35-08,JIM HARRITY,DEM,89
35-08,JIM HASHER,REP,31
35-08,KATHERINE GILMORE RICHARDSON,DEM,89
35-08,KENDRA BROOKS,WFP,32
35-08,NICOLAS O'ROURKE,WFP,21
35-08,NINA AHMAD,DEM,97
35-08,RUE LANDAU,DEM,76
35-08,WRITE-IN,,1
35-09,DREW MURRAY,REP,36
35-09,ISAIAH THOMAS,DEM,134
35-09,JIM HARRITY,DEM,93
35-09,JIM HASHER,REP,37
35-09,KATHERINE GILMORE RICHARDSON,DEM,120
35-09,KENDRA BROOKS,WFP,36
35-09,NICOLAS O'ROURKE,WFP,25
35-09,NINA AHMAD,DEM,114
35-09,RUE LANDAU,DEM,98
35-09,WRITE-IN,,1
35-10,DREW MURRAY,REP,25
35-10,ISAIAH THOMAS,DEM,104
35-10,JIM HARRITY,DEM,85
35-10,JIM HASHER,REP,24
35-10,KATHERINE GILMORE RICHARDSON,DEM,100
35-10,KENDRA BROOKS,WFP,18
35-10,NICOLAS O'ROURKE,WFP,10
35-10,NINA AHMAD,DEM,93
35-10,RUE LANDAU,DEM,76
35-10,WRITE-IN,,5
35-11,DREW MURRAY,REP,17
35-11,ISAIAH THOMAS,DEM,97
35-11,JIM HARRITY,DEM,79
35-11,JIM HASHER,REP,15
35-11,KATHERINE GILMORE RICHARDSON,DEM,90
35-11,KENDRA BROOKS,WFP,19
35-11,NICOLAS O'ROURKE,WFP,12
35-11,NINA AHMAD,DEM,97
35-11,RUE LANDAU,DEM,79
35-11,WRITE-IN,,3
35-12,DREW MURRAY,REP,21
35-12,ISAIAH THOMAS,DEM,78
35-12,JIM HARRITY,DEM,63
35-12,JIM HASHER,REP,24
35-12,KATHERINE GILMORE RICHARDSON,DEM,76
35-12,KENDRA BROOKS,WFP,24
35-12,NICOLAS O'ROURKE,WFP,15
35-12,NINA AHMAD,DEM,78
35-12,RUE LANDAU,DEM,63
35-12,WRITE-IN,,2
35-13,DREW MURRAY,REP,11
35-13,ISAIAH THOMAS,DEM,115
35-13,JIM HARRITY,DEM,89
35-13,JIM HASHER,REP,13
35-13,KATHERINE GILMORE RICHARDSON,DEM,105
35-13,KENDRA BROOKS,WFP,29
35-13,NICOLAS O'ROURKE,WFP,23
35-13,NINA AHMAD,DEM,104
35-13,RUE LANDAU,DEM,91
35-13,WRITE-IN,,0
35-14,DREW MURRAY,REP,4
35-14,ISAIAH THOMAS,DEM,76
35-14,JIM HARRITY,DEM,57
35-14,JIM HASHER,REP,6
35-14,KATHERINE GILMORE RICHARDSON,DEM,65
35-14,KENDRA BROOKS,WFP,18
35-14,NICOLAS O'ROURKE,WFP,13
35-14,NINA AHMAD,DEM,68
35-14,RUE LANDAU,DEM,60
35-14,WRITE-IN,,0
35-15,DREW MURRAY,REP,8
35-15,ISAIAH THOMAS,DEM,51
35-15,JIM HARRITY,DEM,42
35-15,JIM HASHER,REP,8
35-15,KATHERINE GILMORE RICHARDSON,DEM,49
35-15,KENDRA BROOKS,WFP,12
35-15,NICOLAS O'ROURKE,WFP,9
35-15,NINA AHMAD,DEM,51
35-15,RUE LANDAU,DEM,39
35-15,WRITE-IN,,0
35-16,DREW MURRAY,REP,19
35-16,ISAIAH THOMAS,DEM,67
35-16,JIM HARRITY,DEM,55
35-16,JIM HASHER,REP,18
35-16,KATHERINE GILMORE RICHARDSON,DEM,63
35-16,KENDRA BROOKS,WFP,9
35-16,NICOLAS O'ROURKE,WFP,7
35-16,NINA AHMAD,DEM,67
35-16,RUE LANDAU,DEM,56
35-16,WRITE-IN,,0
35-17,DREW MURRAY,REP,6
35-17,ISAIAH THOMAS,DEM,63
35-17,JIM HARRITY,DEM,55
35-17,JIM HASHER,REP,6
35-17,KATHERINE GILMORE RICHARDSON,DEM,63
35-17,KENDRA BROOKS,WFP,11
35-17,NICOLAS O'ROURKE,WFP,8
35-17,NINA AHMAD,DEM,57
35-17,RUE LANDAU,DEM,55
35-17,WRITE-IN,,1
35-18,DREW MURRAY,REP,15
35-18,ISAIAH THOMAS,DEM,83
35-18,JIM HARRITY,DEM,63
35-18,JIM HASHER,REP,16
35-18,KATHERINE GILMORE RICHARDSON,DEM,73
35-18,KENDRA BROOKS,WFP,20
35-18,NICOLAS O'ROURKE,WFP,16
35-18,NINA AHMAD,DEM,78
35-18,RUE LANDAU,DEM,69
35-18,WRITE-IN,,0
35-19,DREW MURRAY,REP,5
35-19,ISAIAH THOMAS,DEM,97
35-19,JIM HARRITY,DEM,80
35-19,JIM HASHER,REP,7
35-19,KATHERINE GILMORE RICHARDSON,DEM,85
35-19,KENDRA BROOKS,WFP,24
35-19,NICOLAS O'ROURKE,WFP,21
35-19,NINA AHMAD,DEM,90
35-19,RUE LANDAU,DEM,80
35-19,WRITE-IN,,0
35-20,DREW MURRAY,REP,20
35-20,ISAIAH THOMAS,DEM,94
35-20,JIM HARRITY,DEM,65
35-20,JIM HASHER,REP,20
35-20,KATHERINE GILMORE RICHARDSON,DEM,86
35-20,KENDRA BROOKS,WFP,38
35-20,NICOLAS O'ROURKE,WFP,28
35-20,NINA AHMAD,DEM,76
35-20,RUE LANDAU,DEM,64
35-20,WRITE-IN,,0
35-21,DREW MURRAY,REP,21
35-21,ISAIAH THOMAS,DEM,91
35-21,JIM HARRITY,DEM,75
35-21,JIM HASHER,REP,24
35-21,KATHERINE GILMORE RICHARDSON,DEM,86
35-21,KENDRA BROOKS,WFP,35
35-21,NICOLAS O'ROURKE,WFP,32
35-21,NINA AHMAD,DEM,85
35-21,RUE LANDAU,DEM,81
35-21,WRITE-IN,,0
35-22,DREW MURRAY,REP,9
35-22,ISAIAH THOMAS,DEM,87
35-22,JIM HARRITY,DEM,71
35-22,JIM HASHER,REP,10
35-22,KATHERINE GILMORE RICHARDSON,DEM,81
35-22,KENDRA BROOKS,WFP,20
35-22,NICOLAS O'ROURKE,WFP,14
35-22,NINA AHMAD,DEM,83
35-22,RUE LANDAU,DEM,67
35-22,WRITE-IN,,0
35-23,DREW MURRAY,REP,8
35-23,ISAIAH THOMAS,DEM,69
35-23,JIM HARRITY,DEM,49
35-23,JIM HASHER,REP,14
35-23,KATHERINE GILMORE RICHARDSON,DEM,64
35-23,KENDRA BROOKS,WFP,18
35-23,NICOLAS O'ROURKE,WFP,17
35-23,NINA AHMAD,DEM,68
35-23,RUE LANDAU,DEM,58
35-23,WRITE-IN,,0
35-24,DREW MURRAY,REP,13
35-24,ISAIAH THOMAS,DEM,104
35-24,JIM HARRITY,DEM,84
35-24,JIM HASHER,REP,15
35-24,KATHERINE GILMORE RICHARDSON,DEM,93
35-24,KENDRA BROOKS,WFP,21
35-24,NICOLAS O'ROURKE,WFP,14
35-24,NINA AHMAD,DEM,97
35-24,RUE LANDAU,DEM,71
35-24,WRITE-IN,,0
35-25,DREW MURRAY,REP,29
35-25,ISAIAH THOMAS,DEM,97
35-25,JIM HARRITY,DEM,76
35-25,JIM HASHER,REP,30
35-25,KATHERINE GILMORE RICHARDSON,DEM,89
35-25,KENDRA BROOKS,WFP,25
35-25,NICOLAS O'ROURKE,WFP,22
35-25,NINA AHMAD,DEM,87
35-25,RUE LANDAU,DEM,72
35-25,WRITE-IN,,0
35-26,DREW MURRAY,REP,12
35-26,ISAIAH THOMAS,DEM,51
35-26,JIM HARRITY,DEM,47
35-26,JIM HASHER,REP,11
35-26,KATHERINE GILMORE RICHARDSON,DEM,50
35-26,KENDRA BROOKS,WFP,15
35-26,NICOLAS O'ROURKE,WFP,16
35-26,NINA AHMAD,DEM,45
35-26,RUE LANDAU,DEM,40
35-26,WRITE-IN,,0
35-27,DREW MURRAY,REP,11
35-27,ISAIAH THOMAS,DEM,43
35-27,JIM HARRITY,DEM,36
35-27,JIM HASHER,REP,11
35-27,KATHERINE GILMORE RICHARDSON,DEM,32
35-27,KENDRA BROOKS,WFP,4
35-27,NICOLAS O'ROURKE,WFP,3
35-27,NINA AHMAD,DEM,43
35-27,RUE LANDAU,DEM,34
35-27,WRITE-IN,,0
35-28,DREW MURRAY,REP,7
35-28,ISAIAH THOMAS,DEM,53
35-28,JIM HARRITY,DEM,37
35-28,JIM HASHER,REP,6
35-28,KATHERINE GILMORE RICHARDSON,DEM,56
35-28,KENDRA BROOKS,WFP,30
35-28,NICOLAS O'ROURKE,WFP,27
35-28,NINA AHMAD,DEM,45
35-28,RUE LANDAU,DEM,39
35-28,WRITE-IN,,0
35-29,DREW MURRAY,REP,17
35-29,ISAIAH THOMAS,DEM,55
35-29,JIM HARRITY,DEM,45
35-29,JIM HASHER,REP,16
35-29,KATHERINE GILMORE RICHARDSON,DEM,47
35-29,KENDRA BROOKS,WFP,15
35-29,NICOLAS O'ROURKE,WFP,12
35-29,NINA AHMAD,DEM,49
35-29,RUE LANDAU,DEM,47
35-29,WRITE-IN,,0
35-30,DREW MURRAY,REP,7
35-30,ISAIAH THOMAS,DEM,58
35-30,JIM HARRITY,DEM,48
35-30,JIM HASHER,REP,9
35-30,KATHERINE GILMORE RICHARDSON,DEM,51
35-30,KENDRA BROOKS,WFP,13
35-30,NICOLAS O'ROURKE,WFP,10
35-30,NINA AHMAD,DEM,54
35-30,RUE LANDAU,DEM,50
35-30,WRITE-IN,,0
35-31,DREW MURRAY,REP,7
35-31,ISAIAH THOMAS,DEM,71
35-31,JIM HARRITY,DEM,56
35-31,JIM HASHER,REP,8
35-31,KATHERINE GILMORE RICHARDSON,DEM,62
35-31,KENDRA BROOKS,WFP,17
35-31,NICOLAS O'ROURKE,WFP,12
35-31,NINA AHMAD,DEM,58
35-31,RUE LANDAU,DEM,58
35-31,WRITE-IN,,5
35-32,DREW MURRAY,REP,47
35-32,ISAIAH THOMAS,DEM,88
35-32,JIM HARRITY,DEM,86
35-32,JIM HASHER,REP,46
35-32,KATHERINE GILMORE RICHARDSON,DEM,88
35-32,KENDRA BROOKS,WFP,19
35-32,NICOLAS O'ROURKE,WFP,18
35-32,NINA AHMAD,DEM,82
35-32,RUE LANDAU,DEM,76
35-32,WRITE-IN,,0
36-01,DREW MURRAY,REP,16
36-01,ISAIAH THOMAS,DEM,154
36-01,JIM HARRITY,DEM,92
36-01,JIM HASHER,REP,16
36-01,KATHERINE GILMORE RICHARDSON,DEM,149
36-01,KENDRA BROOKS,WFP,83
36-01,NICOLAS O'ROURKE,WFP,58
36-01,NINA AHMAD,DEM,134
36-01,RUE LANDAU,DEM,129
36-01,WRITE-IN,,1
36-02,DREW MURRAY,REP,12
36-02,ISAIAH THOMAS,DEM,187
36-02,JIM HARRITY,DEM,124
36-02,JIM HASHER,REP,11
36-02,KATHERINE GILMORE RICHARDSON,DEM,176
36-02,KENDRA BROOKS,WFP,100
36-02,NICOLAS O'ROURKE,WFP,83
36-02,NINA AHMAD,DEM,168
36-02,RUE LANDAU,DEM,179
36-02,WRITE-IN,,0
36-03,DREW MURRAY,REP,19
36-03,ISAIAH THOMAS,DEM,147
36-03,JIM HARRITY,DEM,109
36-03,JIM HASHER,REP,17
36-03,KATHERINE GILMORE RICHARDSON,DEM,144
36-03,KENDRA BROOKS,WFP,62
36-03,NICOLAS O'ROURKE,WFP,54
36-03,NINA AHMAD,DEM,145
36-03,RUE LANDAU,DEM,155
36-03,WRITE-IN,,1
36-04,DREW MURRAY,REP,3
36-04,ISAIAH THOMAS,DEM,108
36-04,JIM HARRITY,DEM,74
36-04,JIM HASHER,REP,9
36-04,KATHERINE GILMORE RICHARDSON,DEM,99
36-04,KENDRA BROOKS,WFP,44
36-04,NICOLAS O'ROURKE,WFP,36
36-04,NINA AHMAD,DEM,99
36-04,RUE LANDAU,DEM,91
36-04,WRITE-IN,,0
36-05,DREW MURRAY,REP,15
36-05,ISAIAH THOMAS,DEM,166
36-05,JIM HARRITY,DEM,120
36-05,JIM HASHER,REP,18
36-05,KATHERINE GILMORE RICHARDSON,DEM,166
36-05,KENDRA BROOKS,WFP,64
36-05,NICOLAS O'ROURKE,WFP,53
36-05,NINA AHMAD,DEM,162
36-05,RUE LANDAU,DEM,143
36-05,WRITE-IN,,0
36-06,DREW MURRAY,REP,20
36-06,ISAIAH THOMAS,DEM,171
36-06,JIM HARRITY,DEM,117
36-06,JIM HASHER,REP,10
36-06,KATHERINE GILMORE RICHARDSON,DEM,158
36-06,KENDRA BROOKS,WFP,72
36-06,NICOLAS O'ROURKE,WFP,65
36-06,NINA AHMAD,DEM,167
36-06,RUE LANDAU,DEM,147
36-06,WRITE-IN,,0
36-07,DREW MURRAY,REP,19
36-07,ISAIAH THOMAS,DEM,146
36-07,JIM HARRITY,DEM,117
36-07,JIM HASHER,REP,19
36-07,KATHERINE GILMORE RICHARDSON,DEM,151
36-07,KENDRA BROOKS,WFP,78
36-07,NICOLAS O'ROURKE,WFP,58
36-07,NINA AHMAD,DEM,155
36-07,RUE LANDAU,DEM,153
36-07,WRITE-IN,,0
36-08,DREW MURRAY,REP,22
36-08,ISAIAH THOMAS,DEM,200
36-08,JIM HARRITY,DEM,127
36-08,JIM HASHER,REP,22
36-08,KATHERINE GILMORE RICHARDSON,DEM,191
36-08,KENDRA BROOKS,WFP,138
36-08,NICOLAS O'ROURKE,WFP,118
36-08,NINA AHMAD,DEM,184
36-08,RUE LANDAU,DEM,178
36-08,WRITE-IN,,2
36-09,DREW MURRAY,REP,29
36-09,ISAIAH THOMAS,DEM,220
36-09,JIM HARRITY,DEM,148
36-09,JIM HASHER,REP,30
36-09,KATHERINE GILMORE RICHARDSON,DEM,216
36-09,KENDRA BROOKS,WFP,114
36-09,NICOLAS O'ROURKE,WFP,88
36-09,NINA AHMAD,DEM,194
36-09,RUE LANDAU,DEM,196
36-09,WRITE-IN,,0
36-10,DREW MURRAY,REP,11
36-10,ISAIAH THOMAS,DEM,158
36-10,JIM HARRITY,DEM,97
36-10,JIM HASHER,REP,12
36-10,KATHERINE GILMORE RICHARDSON,DEM,143
36-10,KENDRA BROOKS,WFP,118
36-10,NICOLAS O'ROURKE,WFP,107
36-10,NINA AHMAD,DEM,148
36-10,RUE LANDAU,DEM,137
36-10,WRITE-IN,,0
36-11,DREW MURRAY,REP,12
36-11,ISAIAH THOMAS,DEM,125
36-11,JIM HARRITY,DEM,82
36-11,JIM HASHER,REP,8
36-11,KATHERINE GILMORE RICHARDSON,DEM,121
36-11,KENDRA BROOKS,WFP,95
36-11,NICOLAS O'ROURKE,WFP,86
36-11,NINA AHMAD,DEM,119
36-11,RUE LANDAU,DEM,120
36-11,WRITE-IN,,2
36-12,DREW MURRAY,REP,12
36-12,ISAIAH THOMAS,DEM,130
36-12,JIM HARRITY,DEM,85
36-12,JIM HASHER,REP,9
36-12,KATHERINE GILMORE RICHARDSON,DEM,124
36-12,KENDRA BROOKS,WFP,63
36-12,NICOLAS O'ROURKE,WFP,52
36-12,NINA AHMAD,DEM,108
36-12,RUE LANDAU,DEM,125
36-12,WRITE-IN,,0
36-13,DREW MURRAY,REP,7
36-13,ISAIAH THOMAS,DEM,117
36-13,JIM HARRITY,DEM,77
36-13,JIM HASHER,REP,6
36-13,KATHERINE GILMORE RICHARDSON,DEM,113
36-13,KENDRA BROOKS,WFP,90
36-13,NICOLAS O'ROURKE,WFP,78
36-13,NINA AHMAD,DEM,110
36-13,RUE LANDAU,DEM,109
36-13,WRITE-IN,,0
36-14,DREW MURRAY,REP,31
36-14,ISAIAH THOMAS,DEM,61
36-14,JIM HARRITY,DEM,45
36-14,JIM HASHER,REP,28
36-14,KATHERINE GILMORE RICHARDSON,DEM,47
36-14,KENDRA BROOKS,WFP,33
36-14,NICOLAS O'ROURKE,WFP,30
36-14,NINA AHMAD,DEM,46
36-14,RUE LANDAU,DEM,43
36-14,WRITE-IN,,0
36-15,DREW MURRAY,REP,8
36-15,ISAIAH THOMAS,DEM,91
36-15,JIM HARRITY,DEM,60
36-15,JIM HASHER,REP,7
36-15,KATHERINE GILMORE RICHARDSON,DEM,79
36-15,KENDRA BROOKS,WFP,81
36-15,NICOLAS O'ROURKE,WFP,71
36-15,NINA AHMAD,DEM,88
36-15,RUE LANDAU,DEM,79
36-15,WRITE-IN,,0
36-16,DREW MURRAY,REP,13
36-16,ISAIAH THOMAS,DEM,136
36-16,JIM HARRITY,DEM,86
36-16,JIM HASHER,REP,10
36-16,KATHERINE GILMORE RICHARDSON,DEM,112
36-16,KENDRA BROOKS,WFP,48
36-16,NICOLAS O'ROURKE,WFP,39
36-16,NINA AHMAD,DEM,105
36-16,RUE LANDAU,DEM,104
36-16,WRITE-IN,,2
36-17,DREW MURRAY,REP,13
36-17,ISAIAH THOMAS,DEM,117
36-17,JIM HARRITY,DEM,87
36-17,JIM HASHER,REP,15
36-17,KATHERINE GILMORE RICHARDSON,DEM,113
36-17,KENDRA BROOKS,WFP,62
36-17,NICOLAS O'ROURKE,WFP,51
36-17,NINA AHMAD,DEM,109
36-17,RUE LANDAU,DEM,113
36-17,WRITE-IN,,0
36-18,DREW MURRAY,REP,8
36-18,ISAIAH THOMAS,DEM,146
36-18,JIM HARRITY,DEM,94
36-18,JIM HASHER,REP,9
36-18,KATHERINE GILMORE RICHARDSON,DEM,132
36-18,KENDRA BROOKS,WFP,71
36-18,NICOLAS O'ROURKE,WFP,50
36-18,NINA AHMAD,DEM,124
36-18,RUE LANDAU,DEM,122
36-18,WRITE-IN,,0
36-19,DREW MURRAY,REP,6
36-19,ISAIAH THOMAS,DEM,92
36-19,JIM HARRITY,DEM,50
36-19,JIM HASHER,REP,6
36-19,KATHERINE GILMORE RICHARDSON,DEM,78
36-19,KENDRA BROOKS,WFP,84
36-19,NICOLAS O'ROURKE,WFP,76
36-19,NINA AHMAD,DEM,80
36-19,RUE LANDAU,DEM,68
36-19,WRITE-IN,,1
36-20,DREW MURRAY,REP,23
36-20,ISAIAH THOMAS,DEM,135
36-20,JIM HARRITY,DEM,102
36-20,JIM HASHER,REP,21
36-20,KATHERINE GILMORE RICHARDSON,DEM,130
36-20,KENDRA BROOKS,WFP,68
36-20,NICOLAS O'ROURKE,WFP,64
36-20,NINA AHMAD,DEM,127
36-20,RUE LANDAU,DEM,119
36-20,WRITE-IN,,0
36-21,DREW MURRAY,REP,10
36-21,ISAIAH THOMAS,DEM,109
36-21,JIM HARRITY,DEM,89
36-21,JIM HASHER,REP,8
36-21,KATHERINE GILMORE RICHARDSON,DEM,104
36-21,KENDRA BROOKS,WFP,39
36-21,NICOLAS O'ROURKE,WFP,32
36-21,NINA AHMAD,DEM,115
36-21,RUE LANDAU,DEM,101
36-21,WRITE-IN,,1
36-22,DREW MURRAY,REP,6
36-22,ISAIAH THOMAS,DEM,99
36-22,JIM HARRITY,DEM,63
36-22,JIM HASHER,REP,4
36-22,KATHERINE GILMORE RICHARDSON,DEM,91
36-22,KENDRA BROOKS,WFP,47
36-22,NICOLAS O'ROURKE,WFP,34
36-22,NINA AHMAD,DEM,95
36-22,RUE LANDAU,DEM,76
36-22,WRITE-IN,,2
36-23,DREW MURRAY,REP,21
36-23,ISAIAH THOMAS,DEM,131
36-23,JIM HARRITY,DEM,104
36-23,JIM HASHER,REP,18
36-23,KATHERINE GILMORE RICHARDSON,DEM,127
36-23,KENDRA BROOKS,WFP,49
36-23,NICOLAS O'ROURKE,WFP,41
36-23,NINA AHMAD,DEM,132
36-23,RUE LANDAU,DEM,112
36-23,WRITE-IN,,0
36-24,DREW MURRAY,REP,10
36-24,ISAIAH THOMAS,DEM,75
36-24,JIM HARRITY,DEM,51
36-24,JIM HASHER,REP,8
36-24,KATHERINE GILMORE RICHARDSON,DEM,73
36-24,KENDRA BROOKS,WFP,38
36-24,NICOLAS O'ROURKE,WFP,31
36-24,NINA AHMAD,DEM,78
36-24,RUE LANDAU,DEM,69
36-24,WRITE-IN,,2
36-25,DREW MURRAY,REP,19
36-25,ISAIAH THOMAS,DEM,95
36-25,JIM HARRITY,DEM,77
36-25,JIM HASHER,REP,18
36-25,KATHERINE GILMORE RICHARDSON,DEM,83
36-25,KENDRA BROOKS,WFP,33
36-25,NICOLAS O'ROURKE,WFP,19
36-25,NINA AHMAD,DEM,94
36-25,RUE LANDAU,DEM,84
36-25,WRITE-IN,,0
36-26,DREW MURRAY,REP,37
36-26,ISAIAH THOMAS,DEM,73
36-26,JIM HARRITY,DEM,58
36-26,JIM HASHER,REP,38
36-26,KATHERINE GILMORE RICHARDSON,DEM,71
36-26,KENDRA BROOKS,WFP,22
36-26,NICOLAS O'ROURKE,WFP,16
36-26,NINA AHMAD,DEM,65
36-26,RUE LANDAU,DEM,59
36-26,WRITE-IN,,1
36-27,DREW MURRAY,REP,32
36-27,ISAIAH THOMAS,DEM,59
36-27,JIM HARRITY,DEM,59
36-27,JIM HASHER,REP,31
36-27,KATHERINE GILMORE RICHARDSON,DEM,54
36-27,KENDRA BROOKS,WFP,19
36-27,NICOLAS O'ROURKE,WFP,16
36-27,NINA AHMAD,DEM,50
36-27,RUE LANDAU,DEM,52
36-27,WRITE-IN,,1
36-28,DREW MURRAY,REP,6
36-28,ISAIAH THOMAS,DEM,118
36-28,JIM HARRITY,DEM,82
36-28,JIM HASHER,REP,5
36-28,KATHERINE GILMORE RICHARDSON,DEM,112
36-28,KENDRA BROOKS,WFP,40
36-28,NICOLAS O'ROURKE,WFP,26
36-28,NINA AHMAD,DEM,98
36-28,RUE LANDAU,DEM,96
36-28,WRITE-IN,,0
36-29,DREW MURRAY,REP,28
36-29,ISAIAH THOMAS,DEM,129
36-29,JIM HARRITY,DEM,81
36-29,JIM HASHER,REP,27
36-29,KATHERINE GILMORE RICHARDSON,DEM,134
36-29,KENDRA BROOKS,WFP,81
36-29,NICOLAS O'ROURKE,WFP,70
36-29,NINA AHMAD,DEM,114
36-29,RUE LANDAU,DEM,142
36-29,WRITE-IN,,1
36-30,DREW MURRAY,REP,17
36-30,ISAIAH THOMAS,DEM,85
36-30,JIM HARRITY,DEM,64
36-30,JIM HASHER,REP,13
36-30,KATHERINE GILMORE RICHARDSON,DEM,72
36-30,KENDRA BROOKS,WFP,50
36-30,NICOLAS O'ROURKE,WFP,46
36-30,NINA AHMAD,DEM,77
36-30,RUE LANDAU,DEM,64
36-30,WRITE-IN,,0
36-31,DREW MURRAY,REP,11
36-31,ISAIAH THOMAS,DEM,140
36-31,JIM HARRITY,DEM,95
36-31,JIM HASHER,REP,10
36-31,KATHERINE GILMORE RICHARDSON,DEM,148
36-31,KENDRA BROOKS,WFP,101
36-31,NICOLAS O'ROURKE,WFP,90
36-31,NINA AHMAD,DEM,140
36-31,RUE LANDAU,DEM,155
36-31,WRITE-IN,,0
36-32,DREW MURRAY,REP,9
36-32,ISAIAH THOMAS,DEM,120
36-32,JIM HARRITY,DEM,97
36-32,JIM HASHER,REP,7
36-32,KATHERINE GILMORE RICHARDSON,DEM,113
36-32,KENDRA BROOKS,WFP,44
36-32,NICOLAS O'ROURKE,WFP,34
36-32,NINA AHMAD,DEM,119
36-32,RUE LANDAU,DEM,103
36-32,WRITE-IN,,0
36-33,DREW MURRAY,REP,21
36-33,ISAIAH THOMAS,DEM,64
36-33,JIM HARRITY,DEM,43
36-33,JIM HASHER,REP,20
36-33,KATHERINE GILMORE RICHARDSON,DEM,60
36-33,KENDRA BROOKS,WFP,33
36-33,NICOLAS O'ROURKE,WFP,28
36-33,NINA AHMAD,DEM,55
36-33,RUE LANDAU,DEM,55
36-33,WRITE-IN,,0
36-34,DREW MURRAY,REP,25
36-34,ISAIAH THOMAS,DEM,121
36-34,JIM HARRITY,DEM,81
36-34,JIM HASHER,REP,17
36-34,KATHERINE GILMORE RICHARDSON,DEM,122
36-34,KENDRA BROOKS,WFP,80
36-34,NICOLAS O'ROURKE,WFP,70
36-34,NINA AHMAD,DEM,111
36-34,RUE LANDAU,DEM,129
36-34,WRITE-IN,,4
36-35,DREW MURRAY,REP,28
36-35,ISAIAH THOMAS,DEM,195
36-35,JIM HARRITY,DEM,134
36-35,JIM HASHER,REP,21
36-35,KATHERINE GILMORE RICHARDSON,DEM,188
36-35,KENDRA BROOKS,WFP,119
36-35,NICOLAS O'ROURKE,WFP,96
36-35,NINA AHMAD,DEM,175
36-35,RUE LANDAU,DEM,184
36-35,WRITE-IN,,0
36-36,DREW MURRAY,REP,20
36-36,ISAIAH THOMAS,DEM,193
36-36,JIM HARRITY,DEM,126
36-36,JIM HASHER,REP,22
36-36,KATHERINE GILMORE RICHARDSON,DEM,184
36-36,KENDRA BROOKS,WFP,128
36-36,NICOLAS O'ROURKE,WFP,114
36-36,NINA AHMAD,DEM,180
36-36,RUE LANDAU,DEM,192
36-36,WRITE-IN,,0
36-37,DREW MURRAY,REP,18
36-37,ISAIAH THOMAS,DEM,184
36-37,JIM HARRITY,DEM,95
36-37,JIM HASHER,REP,17
36-37,KATHERINE GILMORE RICHARDSON,DEM,175
36-37,KENDRA BROOKS,WFP,151
36-37,NICOLAS O'ROURKE,WFP,132
36-37,NINA AHMAD,DEM,153
36-37,RUE LANDAU,DEM,168
36-37,WRITE-IN,,0
36-38,DREW MURRAY,REP,20
36-38,ISAIAH THOMAS,DEM,142
36-38,JIM HARRITY,DEM,83
36-38,JIM HASHER,REP,15
36-38,KATHERINE GILMORE RICHARDSON,DEM,140
36-38,KENDRA BROOKS,WFP,120
36-38,NICOLAS O'ROURKE,WFP,109
36-38,NINA AHMAD,DEM,110
36-38,RUE LANDAU,DEM,123
36-38,WRITE-IN,,0
36-39,DREW MURRAY,REP,24
36-39,ISAIAH THOMAS,DEM,211
36-39,JIM HARRITY,DEM,136
36-39,JIM HASHER,REP,19
36-39,KATHERINE GILMORE RICHARDSON,DEM,201
36-39,KENDRA BROOKS,WFP,119
36-39,NICOLAS O'ROURKE,WFP,92
36-39,NINA AHMAD,DEM,189
36-39,RUE LANDAU,DEM,200
36-39,WRITE-IN,,0
36-40,DREW MURRAY,REP,31
36-40,ISAIAH THOMAS,DEM,228
36-40,JIM HARRITY,DEM,132
36-40,JIM HASHER,REP,28
36-40,KATHERINE GILMORE RICHARDSON,DEM,214
36-40,KENDRA BROOKS,WFP,149
36-40,NICOLAS O'ROURKE,WFP,120
36-40,NINA AHMAD,DEM,203
36-40,RUE LANDAU,DEM,212
36-40,WRITE-IN,,0
36-41,DREW MURRAY,REP,15
36-41,ISAIAH THOMAS,DEM,95
36-41,JIM HARRITY,DEM,62
36-41,JIM HASHER,REP,18
36-41,KATHERINE GILMORE RICHARDSON,DEM,103
36-41,KENDRA BROOKS,WFP,59
36-41,NICOLAS O'ROURKE,WFP,57
36-41,NINA AHMAD,DEM,71
36-41,RUE LANDAU,DEM,98
36-41,WRITE-IN,,0
37-01,DREW MURRAY,REP,4
37-01,ISAIAH THOMAS,DEM,33
37-01,JIM HARRITY,DEM,20
37-01,JIM HASHER,REP,3
37-01,KATHERINE GILMORE RICHARDSON,DEM,29
37-01,KENDRA BROOKS,WFP,6
37-01,NICOLAS O'ROURKE,WFP,1
37-01,NINA AHMAD,DEM,35
37-01,RUE LANDAU,DEM,22
37-01,WRITE-IN,,0
37-02,DREW MURRAY,REP,0
37-02,ISAIAH THOMAS,DEM,71
37-02,JIM HARRITY,DEM,50
37-02,JIM HASHER,REP,1
37-02,KATHERINE GILMORE RICHARDSON,DEM,67
37-02,KENDRA BROOKS,WFP,20
37-02,NICOLAS O'ROURKE,WFP,14
37-02,NINA AHMAD,DEM,66
37-02,RUE LANDAU,DEM,54
37-02,WRITE-IN,,2
37-03,DREW MURRAY,REP,2
37-03,ISAIAH THOMAS,DEM,45
37-03,JIM HARRITY,DEM,31
37-03,JIM HASHER,REP,1
37-03,KATHERINE GILMORE RICHARDSON,DEM,40
37-03,KENDRA BROOKS,WFP,19
37-03,NICOLAS O'ROURKE,WFP,16
37-03,NINA AHMAD,DEM,39
37-03,RUE LANDAU,DEM,36
37-03,WRITE-IN,,0
37-04,DREW MURRAY,REP,3
37-04,ISAIAH THOMAS,DEM,62
37-04,JIM HARRITY,DEM,42
37-04,JIM HASHER,REP,3
37-04,KATHERINE GILMORE RICHARDSON,DEM,53
37-04,KENDRA BROOKS,WFP,21
37-04,NICOLAS O'ROURKE,WFP,18
37-04,NINA AHMAD,DEM,54
37-04,RUE LANDAU,DEM,46
37-04,WRITE-IN,,0
37-05,DREW MURRAY,REP,0
37-05,ISAIAH THOMAS,DEM,22
37-05,JIM HARRITY,DEM,20
37-05,JIM HASHER,REP,0
37-05,KATHERINE GILMORE RICHARDSON,DEM,21
37-05,KENDRA BROOKS,WFP,3
37-05,NICOLAS O'ROURKE,WFP,2
37-05,NINA AHMAD,DEM,21
37-05,RUE LANDAU,DEM,20
37-05,WRITE-IN,,0
37-06,DREW MURRAY,REP,4
37-06,ISAIAH THOMAS,DEM,48
37-06,JIM HARRITY,DEM,37
37-06,JIM HASHER,REP,3
37-06,KATHERINE GILMORE RICHARDSON,DEM,38
37-06,KENDRA BROOKS,WFP,10
37-06,NICOLAS O'ROURKE,WFP,9
37-06,NINA AHMAD,DEM,41
37-06,RUE LANDAU,DEM,42
37-06,WRITE-IN,,0
37-07,DREW MURRAY,REP,1
37-07,ISAIAH THOMAS,DEM,70
37-07,JIM HARRITY,DEM,58
37-07,JIM HASHER,REP,0
37-07,KATHERINE GILMORE RICHARDSON,DEM,58
37-07,KENDRA BROOKS,WFP,10
37-07,NICOLAS O'ROURKE,WFP,8
37-07,NINA AHMAD,DEM,63
37-07,RUE LANDAU,DEM,63
37-07,WRITE-IN,,1
37-08,DREW MURRAY,REP,1
37-08,ISAIAH THOMAS,DEM,62
37-08,JIM HARRITY,DEM,51
37-08,JIM HASHER,REP,3
37-08,KATHERINE GILMORE RICHARDSON,DEM,54
37-08,KENDRA BROOKS,WFP,12
37-08,NICOLAS O'ROURKE,WFP,10
37-08,NINA AHMAD,DEM,64
37-08,RUE LANDAU,DEM,47
37-08,WRITE-IN,,0
37-09,DREW MURRAY,REP,3
37-09,ISAIAH THOMAS,DEM,85
37-09,JIM HARRITY,DEM,78
37-09,JIM HASHER,REP,3
37-09,KATHERINE GILMORE RICHARDSON,DEM,77
37-09,KENDRA BROOKS,WFP,5
37-09,NICOLAS O'ROURKE,WFP,3
37-09,NINA AHMAD,DEM,81
37-09,RUE LANDAU,DEM,75
37-09,WRITE-IN,,0
37-10,DREW MURRAY,REP,5
37-10,ISAIAH THOMAS,DEM,84
37-10,JIM HARRITY,DEM,58
37-10,JIM HASHER,REP,3
37-10,KATHERINE GILMORE RICHARDSON,DEM,68
37-10,KENDRA BROOKS,WFP,22
37-10,NICOLAS O'ROURKE,WFP,13
37-10,NINA AHMAD,DEM,69
37-10,RUE LANDAU,DEM,65
37-10,WRITE-IN,,0
37-11,DREW MURRAY,REP,7
37-11,ISAIAH THOMAS,DEM,89
37-11,JIM HARRITY,DEM,73
37-11,JIM HASHER,REP,3
37-11,KATHERINE GILMORE RICHARDSON,DEM,76
37-11,KENDRA BROOKS,WFP,9
37-11,NICOLAS O'ROURKE,WFP,3
37-11,NINA AHMAD,DEM,81
37-11,RUE LANDAU,DEM,71
37-11,WRITE-IN,,1
37-12,DREW MURRAY,REP,4
37-12,ISAIAH THOMAS,DEM,64
37-12,JIM HARRITY,DEM,57
37-12,JIM HASHER,REP,5
37-12,KATHERINE GILMORE RICHARDSON,DEM,59
37-12,KENDRA BROOKS,WFP,8
37-12,NICOLAS O'ROURKE,WFP,7
37-12,NINA AHMAD,DEM,61
37-12,RUE LANDAU,DEM,57
37-12,WRITE-IN,,2
37-13,DREW MURRAY,REP,6
37-13,ISAIAH THOMAS,DEM,46
37-13,JIM HARRITY,DEM,34
37-13,JIM HASHER,REP,4
37-13,KATHERINE GILMORE RICHARDSON,DEM,36
37-13,KENDRA BROOKS,WFP,8
37-13,NICOLAS O'ROURKE,WFP,5
37-13,NINA AHMAD,DEM,36
37-13,RUE LANDAU,DEM,30
37-13,WRITE-IN,,0
37-14,DREW MURRAY,REP,1
37-14,ISAIAH THOMAS,DEM,89
37-14,JIM HARRITY,DEM,73
37-14,JIM HASHER,REP,4
37-14,KATHERINE GILMORE RICHARDSON,DEM,78
37-14,KENDRA BROOKS,WFP,14
37-14,NICOLAS O'ROURKE,WFP,12
37-14,NINA AHMAD,DEM,79
37-14,RUE LANDAU,DEM,73
37-14,WRITE-IN,,0
37-15,DREW MURRAY,REP,3
37-15,ISAIAH THOMAS,DEM,47
37-15,JIM HARRITY,DEM,37
37-15,JIM HASHER,REP,2
37-15,KATHERINE GILMORE RICHARDSON,DEM,44
37-15,KENDRA BROOKS,WFP,16
37-15,NICOLAS O'ROURKE,WFP,17
37-15,NINA AHMAD,DEM,39
37-15,RUE LANDAU,DEM,32
37-15,WRITE-IN,,0
37-16,DREW MURRAY,REP,5
37-16,ISAIAH THOMAS,DEM,43
37-16,JIM HARRITY,DEM,37
37-16,JIM HASHER,REP,6
37-16,KATHERINE GILMORE RICHARDSON,DEM,35
37-16,KENDRA BROOKS,WFP,10
37-16,NICOLAS O'ROURKE,WFP,5
37-16,NINA AHMAD,DEM,45
37-16,RUE LANDAU,DEM,35
37-16,WRITE-IN,,0
37-17,DREW MURRAY,REP,4
37-17,ISAIAH THOMAS,DEM,42
37-17,JIM HARRITY,DEM,32
37-17,JIM HASHER,REP,4
37-17,KATHERINE GILMORE RICHARDSON,DEM,36
37-17,KENDRA BROOKS,WFP,6
37-17,NICOLAS O'ROURKE,WFP,5
37-17,NINA AHMAD,DEM,34
37-17,RUE LANDAU,DEM,31
37-17,WRITE-IN,,0
37-18,DREW MURRAY,REP,6
37-18,ISAIAH THOMAS,DEM,79
37-18,JIM HARRITY,DEM,72
37-18,JIM HASHER,REP,5
37-18,KATHERINE GILMORE RICHARDSON,DEM,78
37-18,KENDRA BROOKS,WFP,11
37-18,NICOLAS O'ROURKE,WFP,8
37-18,NINA AHMAD,DEM,78
37-18,RUE LANDAU,DEM,72
37-18,WRITE-IN,,0
37-19,DREW MURRAY,REP,6
37-19,ISAIAH THOMAS,DEM,36
37-19,JIM HARRITY,DEM,30
37-19,JIM HASHER,REP,7
37-19,KATHERINE GILMORE RICHARDSON,DEM,26
37-19,KENDRA BROOKS,WFP,6
37-19,NICOLAS O'ROURKE,WFP,4
37-19,NINA AHMAD,DEM,35
37-19,RUE LANDAU,DEM,32
37-19,WRITE-IN,,0
37-20,DREW MURRAY,REP,9
37-20,ISAIAH THOMAS,DEM,44
37-20,JIM HARRITY,DEM,34
37-20,JIM HASHER,REP,6
37-20,KATHERINE GILMORE RICHARDSON,DEM,40
37-20,KENDRA BROOKS,WFP,12
37-20,NICOLAS O'ROURKE,WFP,8
37-20,NINA AHMAD,DEM,41
37-20,RUE LANDAU,DEM,32
37-20,WRITE-IN,,0
37-21,DREW MURRAY,REP,7
37-21,ISAIAH THOMAS,DEM,49
37-21,JIM HARRITY,DEM,47
37-21,JIM HASHER,REP,8
37-21,KATHERINE GILMORE RICHARDSON,DEM,44
37-21,KENDRA BROOKS,WFP,13
37-21,NICOLAS O'ROURKE,WFP,8
37-21,NINA AHMAD,DEM,45
37-21,RUE LANDAU,DEM,41
37-21,WRITE-IN,,0
38-01,DREW MURRAY,REP,1
38-01,ISAIAH THOMAS,DEM,88
38-01,JIM HARRITY,DEM,85
38-01,JIM HASHER,REP,1
38-01,KATHERINE GILMORE RICHARDSON,DEM,86
38-01,KENDRA BROOKS,WFP,3
38-01,NICOLAS O'ROURKE,WFP,1
38-01,NINA AHMAD,DEM,90
38-01,RUE LANDAU,DEM,81
38-01,WRITE-IN,,0
38-02,DREW MURRAY,REP,4
38-02,ISAIAH THOMAS,DEM,142
38-02,JIM HARRITY,DEM,104
38-02,JIM HASHER,REP,6
38-02,KATHERINE GILMORE RICHARDSON,DEM,129
38-02,KENDRA BROOKS,WFP,55
38-02,NICOLAS O'ROURKE,WFP,42
38-02,NINA AHMAD,DEM,131
38-02,RUE LANDAU,DEM,111
38-02,WRITE-IN,,0
38-03,DREW MURRAY,REP,4
38-03,ISAIAH THOMAS,DEM,152
38-03,JIM HARRITY,DEM,113
38-03,JIM HASHER,REP,3
38-03,KATHERINE GILMORE RICHARDSON,DEM,136
38-03,KENDRA BROOKS,WFP,50
38-03,NICOLAS O'ROURKE,WFP,44
38-03,NINA AHMAD,DEM,129
38-03,RUE LANDAU,DEM,118
38-03,WRITE-IN,,2
38-04,DREW MURRAY,REP,2
38-04,ISAIAH THOMAS,DEM,92
38-04,JIM HARRITY,DEM,75
38-04,JIM HASHER,REP,1
38-04,KATHERINE GILMORE RICHARDSON,DEM,80
38-04,KENDRA BROOKS,WFP,31
38-04,NICOLAS O'ROURKE,WFP,25
38-04,NINA AHMAD,DEM,84
38-04,RUE LANDAU,DEM,76
38-04,WRITE-IN,,0
38-05,DREW MURRAY,REP,2
38-05,ISAIAH THOMAS,DEM,99
38-05,JIM HARRITY,DEM,74
38-05,JIM HASHER,REP,1
38-05,KATHERINE GILMORE RICHARDSON,DEM,91
38-05,KENDRA BROOKS,WFP,22
38-05,NICOLAS O'ROURKE,WFP,16
38-05,NINA AHMAD,DEM,87
38-05,RUE LANDAU,DEM,69
38-05,WRITE-IN,,0
38-06,DREW MURRAY,REP,1
38-06,ISAIAH THOMAS,DEM,120
38-06,JIM HARRITY,DEM,97
38-06,JIM HASHER,REP,3
38-06,KATHERINE GILMORE RICHARDSON,DEM,109
38-06,KENDRA BROOKS,WFP,14
38-06,NICOLAS O'ROURKE,WFP,11
38-06,NINA AHMAD,DEM,112
38-06,RUE LANDAU,DEM,99
38-06,WRITE-IN,,0
38-07,DREW MURRAY,REP,6
38-07,ISAIAH THOMAS,DEM,143
38-07,JIM HARRITY,DEM,108
38-07,JIM HASHER,REP,8
38-07,KATHERINE GILMORE RICHARDSON,DEM,124
38-07,KENDRA BROOKS,WFP,29
38-07,NICOLAS O'ROURKE,WFP,20
38-07,NINA AHMAD,DEM,122
38-07,RUE LANDAU,DEM,111
38-07,WRITE-IN,,0
38-08,DREW MURRAY,REP,6
38-08,ISAIAH THOMAS,DEM,130
38-08,JIM HARRITY,DEM,90
38-08,JIM HASHER,REP,6
38-08,KATHERINE GILMORE RICHARDSON,DEM,113
38-08,KENDRA BROOKS,WFP,31
38-08,NICOLAS O'ROURKE,WFP,21
38-08,NINA AHMAD,DEM,116
38-08,RUE LANDAU,DEM,102
38-08,WRITE-IN,,0
38-09,DREW MURRAY,REP,27
38-09,ISAIAH THOMAS,DEM,246
38-09,JIM HARRITY,DEM,181
38-09,JIM HASHER,REP,23
38-09,KATHERINE GILMORE RICHARDSON,DEM,233
38-09,KENDRA BROOKS,WFP,108
38-09,NICOLAS O'ROURKE,WFP,82
38-09,NINA AHMAD,DEM,228
38-09,RUE LANDAU,DEM,208
38-09,WRITE-IN,,0
38-10,DREW MURRAY,REP,6
38-10,ISAIAH THOMAS,DEM,144
38-10,JIM HARRITY,DEM,110
38-10,JIM HASHER,REP,7
38-10,KATHERINE GILMORE RICHARDSON,DEM,138
38-10,KENDRA BROOKS,WFP,58
38-10,NICOLAS O'ROURKE,WFP,44
38-10,NINA AHMAD,DEM,141
38-10,RUE LANDAU,DEM,116
38-10,WRITE-IN,,1
38-11,DREW MURRAY,REP,72
38-11,ISAIAH THOMAS,DEM,186
38-11,JIM HARRITY,DEM,139
38-11,JIM HASHER,REP,52
38-11,KATHERINE GILMORE RICHARDSON,DEM,193
38-11,KENDRA BROOKS,WFP,56
38-11,NICOLAS O'ROURKE,WFP,43
38-11,NINA AHMAD,DEM,193
38-11,RUE LANDAU,DEM,189
38-11,WRITE-IN,,0
38-12,DREW MURRAY,REP,51
38-12,ISAIAH THOMAS,DEM,186
38-12,JIM HARRITY,DEM,161
38-12,JIM HASHER,REP,44
38-12,KATHERINE GILMORE RICHARDSON,DEM,199
38-12,KENDRA BROOKS,WFP,106
38-12,NICOLAS O'ROURKE,WFP,84
38-12,NINA AHMAD,DEM,197
38-12,RUE LANDAU,DEM,192
38-12,WRITE-IN,,0
38-13,DREW MURRAY,REP,92
38-13,ISAIAH THOMAS,DEM,239
38-13,JIM HARRITY,DEM,168
38-13,JIM HASHER,REP,71
38-13,KATHERINE GILMORE RICHARDSON,DEM,249
38-13,KENDRA BROOKS,WFP,134
38-13,NICOLAS O'ROURKE,WFP,116
38-13,NINA AHMAD,DEM,222
38-13,RUE LANDAU,DEM,249
38-13,WRITE-IN,,4
38-14,DREW MURRAY,REP,51
38-14,ISAIAH THOMAS,DEM,162
38-14,JIM HARRITY,DEM,117
38-14,JIM HASHER,REP,44
38-14,KATHERINE GILMORE RICHARDSON,DEM,171
38-14,KENDRA BROOKS,WFP,112
38-14,NICOLAS O'ROURKE,WFP,97
38-14,NINA AHMAD,DEM,147
38-14,RUE LANDAU,DEM,171
38-14,WRITE-IN,,3
38-15,DREW MURRAY,REP,49
38-15,ISAIAH THOMAS,DEM,199
38-15,JIM HARRITY,DEM,132
38-15,JIM HASHER,REP,44
38-15,KATHERINE GILMORE RICHARDSON,DEM,207
38-15,KENDRA BROOKS,WFP,163
38-15,NICOLAS O'ROURKE,WFP,148
38-15,NINA AHMAD,DEM,195
38-15,RUE LANDAU,DEM,183
38-15,WRITE-IN,,1
38-16,DREW MURRAY,REP,45
38-16,ISAIAH THOMAS,DEM,160
38-16,JIM HARRITY,DEM,124
38-16,JIM HASHER,REP,41
38-16,KATHERINE GILMORE RICHARDSON,DEM,176
38-16,KENDRA BROOKS,WFP,119
38-16,NICOLAS O'ROURKE,WFP,103
38-16,NINA AHMAD,DEM,153
38-16,RUE LANDAU,DEM,155
38-16,WRITE-IN,,5
38-17,DREW MURRAY,REP,18
38-17,ISAIAH THOMAS,DEM,137
38-17,JIM HARRITY,DEM,109
38-17,JIM HASHER,REP,16
38-17,KATHERINE GILMORE RICHARDSON,DEM,143
38-17,KENDRA BROOKS,WFP,52
38-17,NICOLAS O'ROURKE,WFP,35
38-17,NINA AHMAD,DEM,135
38-17,RUE LANDAU,DEM,119
38-17,WRITE-IN,,0
38-18,DREW MURRAY,REP,72
38-18,ISAIAH THOMAS,DEM,191
38-18,JIM HARRITY,DEM,143
38-18,JIM HASHER,REP,60
38-18,KATHERINE GILMORE RICHARDSON,DEM,207
38-18,KENDRA BROOKS,WFP,116
38-18,NICOLAS O'ROURKE,WFP,99
38-18,NINA AHMAD,DEM,202
38-18,RUE LANDAU,DEM,209
38-18,WRITE-IN,,0
38-19,DREW MURRAY,REP,31
38-19,ISAIAH THOMAS,DEM,124
38-19,JIM HARRITY,DEM,89
38-19,JIM HASHER,REP,21
38-19,KATHERINE GILMORE RICHARDSON,DEM,113
38-19,KENDRA BROOKS,WFP,53
38-19,NICOLAS O'ROURKE,WFP,33
38-19,NINA AHMAD,DEM,110
38-19,RUE LANDAU,DEM,93
38-19,WRITE-IN,,3
38-20,DREW MURRAY,REP,46
38-20,ISAIAH THOMAS,DEM,114
38-20,JIM HARRITY,DEM,91
38-20,JIM HASHER,REP,41
38-20,KATHERINE GILMORE RICHARDSON,DEM,126
38-20,KENDRA BROOKS,WFP,73
38-20,NICOLAS O'ROURKE,WFP,63
38-20,NINA AHMAD,DEM,115
38-20,RUE LANDAU,DEM,113
38-20,WRITE-IN,,0
38-21,DREW MURRAY,REP,5
38-21,ISAIAH THOMAS,DEM,104
38-21,JIM HARRITY,DEM,77
38-21,JIM HASHER,REP,5
38-21,KATHERINE GILMORE RICHARDSON,DEM,86
38-21,KENDRA BROOKS,WFP,27
38-21,NICOLAS O'ROURKE,WFP,19
38-21,NINA AHMAD,DEM,86
38-21,RUE LANDAU,DEM,77
38-21,WRITE-IN,,0
39-01,DREW MURRAY,REP,51
39-01,ISAIAH THOMAS,DEM,59
39-01,JIM HARRITY,DEM,59
39-01,JIM HASHER,REP,48
39-01,KATHERINE GILMORE RICHARDSON,DEM,64
39-01,KENDRA BROOKS,WFP,37
39-01,NICOLAS O'ROURKE,WFP,33
39-01,NINA AHMAD,DEM,50
39-01,RUE LANDAU,DEM,66
39-01,WRITE-IN,,0
39-02,DREW MURRAY,REP,15
39-02,ISAIAH THOMAS,DEM,34
39-02,JIM HARRITY,DEM,24
39-02,JIM HASHER,REP,17
39-02,KATHERINE GILMORE RICHARDSON,DEM,28
39-02,KENDRA BROOKS,WFP,14
39-02,NICOLAS O'ROURKE,WFP,11
39-02,NINA AHMAD,DEM,28
39-02,RUE LANDAU,DEM,32
39-02,WRITE-IN,,0
39-03,DREW MURRAY,REP,85
39-03,ISAIAH THOMAS,DEM,89
39-03,JIM HARRITY,DEM,118
39-03,JIM HASHER,REP,83
39-03,KATHERINE GILMORE RICHARDSON,DEM,98
39-03,KENDRA BROOKS,WFP,34
39-03,NICOLAS O'ROURKE,WFP,36
39-03,NINA AHMAD,DEM,82
39-03,RUE LANDAU,DEM,91
39-03,WRITE-IN,,0
39-04,DREW MURRAY,REP,34
39-04,ISAIAH THOMAS,DEM,43
39-04,JIM HARRITY,DEM,43
39-04,JIM HASHER,REP,33
39-04,KATHERINE GILMORE RICHARDSON,DEM,40
39-04,KENDRA BROOKS,WFP,32
39-04,NICOLAS O'ROURKE,WFP,26
39-04,NINA AHMAD,DEM,51
39-04,RUE LANDAU,DEM,47
39-04,WRITE-IN,,5
39-05,DREW MURRAY,REP,28
39-05,ISAIAH THOMAS,DEM,108
39-05,JIM HARRITY,DEM,79
39-05,JIM HASHER,REP,28
39-05,KATHERINE GILMORE RICHARDSON,DEM,104
39-05,KENDRA BROOKS,WFP,70
39-05,NICOLAS O'ROURKE,WFP,60
39-05,NINA AHMAD,DEM,97
39-05,RUE LANDAU,DEM,113
39-05,WRITE-IN,,0
39-06,DREW MURRAY,REP,151
39-06,ISAIAH THOMAS,DEM,64
39-06,JIM HARRITY,DEM,145
39-06,JIM HASHER,REP,153
39-06,KATHERINE GILMORE RICHARDSON,DEM,66
39-06,KENDRA BROOKS,WFP,22
39-06,NICOLAS O'ROURKE,WFP,25
39-06,NINA AHMAD,DEM,56
39-06,RUE LANDAU,DEM,76
39-06,WRITE-IN,,0
39-07,DREW MURRAY,REP,146
39-07,ISAIAH THOMAS,DEM,97
39-07,JIM HARRITY,DEM,153
39-07,JIM HASHER,REP,156
39-07,KATHERINE GILMORE RICHARDSON,DEM,94
39-07,KENDRA BROOKS,WFP,37
39-07,NICOLAS O'ROURKE,WFP,39
39-07,NINA AHMAD,DEM,98
39-07,RUE LANDAU,DEM,104
39-07,WRITE-IN,,0
39-08,DREW MURRAY,REP,71
39-08,ISAIAH THOMAS,DEM,109
39-08,JIM HARRITY,DEM,97
39-08,JIM HASHER,REP,72
39-08,KATHERINE GILMORE RICHARDSON,DEM,106
39-08,KENDRA BROOKS,WFP,53
39-08,NICOLAS O'ROURKE,WFP,51
39-08,NINA AHMAD,DEM,100
39-08,RUE LANDAU,DEM,116
39-08,WRITE-IN,,2
39-09,DREW MURRAY,REP,20
39-09,ISAIAH THOMAS,DEM,80
39-09,JIM HARRITY,DEM,53
39-09,JIM HASHER,REP,15
39-09,KATHERINE GILMORE RICHARDSON,DEM,74
39-09,KENDRA BROOKS,WFP,48
39-09,NICOLAS O'ROURKE,WFP,49
39-09,NINA AHMAD,DEM,67
39-09,RUE LANDAU,DEM,69
39-09,WRITE-IN,,0
39-10,DREW MURRAY,REP,17
39-10,ISAIAH THOMAS,DEM,116
39-10,JIM HARRITY,DEM,87
39-10,JIM HASHER,REP,19
39-10,KATHERINE GILMORE RICHARDSON,DEM,114
39-10,KENDRA BROOKS,WFP,57
39-10,NICOLAS O'ROURKE,WFP,49
39-10,NINA AHMAD,DEM,113
39-10,RUE LANDAU,DEM,109
39-10,WRITE-IN,,3
39-11,DREW MURRAY,REP,13
39-11,ISAIAH THOMAS,DEM,16
39-11,JIM HARRITY,DEM,23
39-11,JIM HASHER,REP,14
39-11,KATHERINE GILMORE RICHARDSON,DEM,19
39-11,KENDRA BROOKS,WFP,13
39-11,NICOLAS O'ROURKE,WFP,13
39-11,NINA AHMAD,DEM,18
39-11,RUE LANDAU,DEM,22
39-11,WRITE-IN,,0
39-12,DREW MURRAY,REP,35
39-12,ISAIAH THOMAS,DEM,32
39-12,JIM HARRITY,DEM,26
39-12,JIM HASHER,REP,37
39-12,KATHERINE GILMORE RICHARDSON,DEM,30
39-12,KENDRA BROOKS,WFP,17
39-12,NICOLAS O'ROURKE,WFP,14
39-12,NINA AHMAD,DEM,33
39-12,RUE LANDAU,DEM,25
39-12,WRITE-IN,,0
39-13,DREW MURRAY,REP,40
39-13,ISAIAH THOMAS,DEM,72
39-13,JIM HARRITY,DEM,66
39-13,JIM HASHER,REP,31
39-13,KATHERINE GILMORE RICHARDSON,DEM,73
39-13,KENDRA BROOKS,WFP,24
39-13,NICOLAS O'ROURKE,WFP,21
39-13,NINA AHMAD,DEM,67
39-13,RUE LANDAU,DEM,60
39-13,WRITE-IN,,2
39-14,DREW MURRAY,REP,112
39-14,ISAIAH THOMAS,DEM,32
39-14,JIM HARRITY,DEM,45
39-14,JIM HASHER,REP,116
39-14,KATHERINE GILMORE RICHARDSON,DEM,35
39-14,KENDRA BROOKS,WFP,5
39-14,NICOLAS O'ROURKE,WFP,8
39-14,NINA AHMAD,DEM,36
39-14,RUE LANDAU,DEM,33
39-14,WRITE-IN,,0
39-15,DREW MURRAY,REP,122
39-15,ISAIAH THOMAS,DEM,85
39-15,JIM HARRITY,DEM,128
39-15,JIM HASHER,REP,124
39-15,KATHERINE GILMORE RICHARDSON,DEM,100
39-15,KENDRA BROOKS,WFP,25
39-15,NICOLAS O'ROURKE,WFP,32
39-15,NINA AHMAD,DEM,84
39-15,RUE LANDAU,DEM,80
39-15,WRITE-IN,,0
39-16,DREW MURRAY,REP,22
39-16,ISAIAH THOMAS,DEM,36
39-16,JIM HARRITY,DEM,34
39-16,JIM HASHER,REP,23
39-16,KATHERINE GILMORE RICHARDSON,DEM,38
39-16,KENDRA BROOKS,WFP,13
39-16,NICOLAS O'ROURKE,WFP,12
39-16,NINA AHMAD,DEM,31
39-16,RUE LANDAU,DEM,37
39-16,WRITE-IN,,0
39-17,DREW MURRAY,REP,26
39-17,ISAIAH THOMAS,DEM,41
39-17,JIM HARRITY,DEM,41
39-17,JIM HASHER,REP,27
39-17,KATHERINE GILMORE RICHARDSON,DEM,42
39-17,KENDRA BROOKS,WFP,20
39-17,NICOLAS O'ROURKE,WFP,20
39-17,NINA AHMAD,DEM,50
39-17,RUE LANDAU,DEM,46
39-17,WRITE-IN,,0
39-18,DREW MURRAY,REP,18
39-18,ISAIAH THOMAS,DEM,19
39-18,JIM HARRITY,DEM,19
39-18,JIM HASHER,REP,19
39-18,KATHERINE GILMORE RICHARDSON,DEM,22
39-18,KENDRA BROOKS,WFP,20
39-18,NICOLAS O'ROURKE,WFP,19
39-18,NINA AHMAD,DEM,21
39-18,RUE LANDAU,DEM,25
39-18,WRITE-IN,,1
39-19,DREW MURRAY,REP,17
39-19,ISAIAH THOMAS,DEM,50
39-19,JIM HARRITY,DEM,37
39-19,JIM HASHER,REP,17
39-19,KATHERINE GILMORE RICHARDSON,DEM,47
39-19,KENDRA BROOKS,WFP,38
39-19,NICOLAS O'ROURKE,WFP,36
39-19,NINA AHMAD,DEM,46
39-19,RUE LANDAU,DEM,48
39-19,WRITE-IN,,0
39-20,DREW MURRAY,REP,94
39-20,ISAIAH THOMAS,DEM,90
39-20,JIM HARRITY,DEM,121
39-20,JIM HASHER,REP,104
39-20,KATHERINE GILMORE RICHARDSON,DEM,92
39-20,KENDRA BROOKS,WFP,41
39-20,NICOLAS O'ROURKE,WFP,43
39-20,NINA AHMAD,DEM,93
39-20,RUE LANDAU,DEM,100
39-20,WRITE-IN,,1
39-21,DREW MURRAY,REP,123
39-21,ISAIAH THOMAS,DEM,50
39-21,JIM HARRITY,DEM,100
39-21,JIM HASHER,REP,122
39-21,KATHERINE GILMORE RICHARDSON,DEM,65
39-21,KENDRA BROOKS,WFP,22
39-21,NICOLAS O'ROURKE,WFP,25
39-21,NINA AHMAD,DEM,49
39-21,RUE LANDAU,DEM,58
39-21,WRITE-IN,,0
39-22,DREW MURRAY,REP,60
39-22,ISAIAH THOMAS,DEM,66
39-22,JIM HARRITY,DEM,70
39-22,JIM HASHER,REP,61
39-22,KATHERINE GILMORE RICHARDSON,DEM,76
39-22,KENDRA BROOKS,WFP,45
39-22,NICOLAS O'ROURKE,WFP,44
39-22,NINA AHMAD,DEM,71
39-22,RUE LANDAU,DEM,81
39-22,WRITE-IN,,4
39-23,DREW MURRAY,REP,19
39-23,ISAIAH THOMAS,DEM,42
39-23,JIM HARRITY,DEM,54
39-23,JIM HASHER,REP,18
39-23,KATHERINE GILMORE RICHARDSON,DEM,43
39-23,KENDRA BROOKS,WFP,16
39-23,NICOLAS O'ROURKE,WFP,12
39-23,NINA AHMAD,DEM,48
39-23,RUE LANDAU,DEM,51
39-23,WRITE-IN,,1
39-24,DREW MURRAY,REP,70
39-24,ISAIAH THOMAS,DEM,102
39-24,JIM HARRITY,DEM,151
39-24,JIM HASHER,REP,68
39-24,KATHERINE GILMORE RICHARDSON,DEM,96
39-24,KENDRA BROOKS,WFP,42
39-24,NICOLAS O'ROURKE,WFP,31
39-24,NINA AHMAD,DEM,97
39-24,RUE LANDAU,DEM,88
39-24,WRITE-IN,,0
39-25,DREW MURRAY,REP,82
39-25,ISAIAH THOMAS,DEM,99
39-25,JIM HARRITY,DEM,72
39-25,JIM HASHER,REP,73
39-25,KATHERINE GILMORE RICHARDSON,DEM,97
39-25,KENDRA BROOKS,WFP,73
39-25,NICOLAS O'ROURKE,WFP,72
39-25,NINA AHMAD,DEM,86
39-25,RUE LANDAU,DEM,97
39-25,WRITE-IN,,1
39-26,DREW MURRAY,REP,51
39-26,ISAIAH THOMAS,DEM,206
39-26,JIM HARRITY,DEM,144
39-26,JIM HASHER,REP,43
39-26,KATHERINE GILMORE RICHARDSON,DEM,203
39-26,KENDRA BROOKS,WFP,147
39-26,NICOLAS O'ROURKE,WFP,135
39-26,NINA AHMAD,DEM,191
39-26,RUE LANDAU,DEM,213
39-26,WRITE-IN,,1
39-27,DREW MURRAY,REP,60
39-27,ISAIAH THOMAS,DEM,158
39-27,JIM HARRITY,DEM,112
39-27,JIM HASHER,REP,59
39-27,KATHERINE GILMORE RICHARDSON,DEM,162
39-27,KENDRA BROOKS,WFP,129
39-27,NICOLAS O'ROURKE,WFP,111
39-27,NINA AHMAD,DEM,146
39-27,RUE LANDAU,DEM,178
39-27,WRITE-IN,,1
39-28,DREW MURRAY,REP,22
39-28,ISAIAH THOMAS,DEM,131
39-28,JIM HARRITY,DEM,95
39-28,JIM HASHER,REP,21
39-28,KATHERINE GILMORE RICHARDSON,DEM,142
39-28,KENDRA BROOKS,WFP,102
39-28,NICOLAS O'ROURKE,WFP,92
39-28,NINA AHMAD,DEM,142
39-28,RUE LANDAU,DEM,145
39-28,WRITE-IN,,1
39-29,DREW MURRAY,REP,63
39-29,ISAIAH THOMAS,DEM,49
39-29,JIM HARRITY,DEM,59
39-29,JIM HASHER,REP,65
39-29,KATHERINE GILMORE RICHARDSON,DEM,60
39-29,KENDRA BROOKS,WFP,27
39-29,NICOLAS O'ROURKE,WFP,24
39-29,NINA AHMAD,DEM,52
39-29,RUE LANDAU,DEM,58
39-29,WRITE-IN,,1
39-30,DREW MURRAY,REP,54
39-30,ISAIAH THOMAS,DEM,173
39-30,JIM HARRITY,DEM,84
39-30,JIM HASHER,REP,56
39-30,KATHERINE GILMORE RICHARDSON,DEM,161
39-30,KENDRA BROOKS,WFP,145
39-30,NICOLAS O'ROURKE,WFP,134
39-30,NINA AHMAD,DEM,123
39-30,RUE LANDAU,DEM,187
39-30,WRITE-IN,,1
39-31,DREW MURRAY,REP,79
39-31,ISAIAH THOMAS,DEM,73
39-31,JIM HARRITY,DEM,79
39-31,JIM HASHER,REP,75
39-31,KATHERINE GILMORE RICHARDSON,DEM,82
39-31,KENDRA BROOKS,WFP,42
39-31,NICOLAS O'ROURKE,WFP,45
39-31,NINA AHMAD,DEM,68
39-31,RUE LANDAU,DEM,76
39-31,WRITE-IN,,6
39-32,DREW MURRAY,REP,30
39-32,ISAIAH THOMAS,DEM,103
39-32,JIM HARRITY,DEM,67
39-32,JIM HASHER,REP,26
39-32,KATHERINE GILMORE RICHARDSON,DEM,103
39-32,KENDRA BROOKS,WFP,67
39-32,NICOLAS O'ROURKE,WFP,67
39-32,NINA AHMAD,DEM,85
39-32,RUE LANDAU,DEM,102
39-32,WRITE-IN,,1
39-33,DREW MURRAY,REP,65
39-33,ISAIAH THOMAS,DEM,45
39-33,JIM HARRITY,DEM,49
39-33,JIM HASHER,REP,64
39-33,KATHERINE GILMORE RICHARDSON,DEM,46
39-33,KENDRA BROOKS,WFP,33
39-33,NICOLAS O'ROURKE,WFP,29
39-33,NINA AHMAD,DEM,39
39-33,RUE LANDAU,DEM,47
39-33,WRITE-IN,,0
39-34,DREW MURRAY,REP,34
39-34,ISAIAH THOMAS,DEM,66
39-34,JIM HARRITY,DEM,36
39-34,JIM HASHER,REP,31
39-34,KATHERINE GILMORE RICHARDSON,DEM,66
39-34,KENDRA BROOKS,WFP,52
39-34,NICOLAS O'ROURKE,WFP,48
39-34,NINA AHMAD,DEM,55
39-34,RUE LANDAU,DEM,76
39-34,WRITE-IN,,5
39-35,DREW MURRAY,REP,56
39-35,ISAIAH THOMAS,DEM,175
39-35,JIM HARRITY,DEM,115
39-35,JIM HASHER,REP,51
39-35,KATHERINE GILMORE RICHARDSON,DEM,178
39-35,KENDRA BROOKS,WFP,132
39-35,NICOLAS O'ROURKE,WFP,130
39-35,NINA AHMAD,DEM,155
39-35,RUE LANDAU,DEM,196
39-35,WRITE-IN,,0
39-36,DREW MURRAY,REP,121
39-36,ISAIAH THOMAS,DEM,47
39-36,JIM HARRITY,DEM,57
39-36,JIM HASHER,REP,119
39-36,KATHERINE GILMORE RICHARDSON,DEM,50
39-36,KENDRA BROOKS,WFP,22
39-36,NICOLAS O'ROURKE,WFP,23
39-36,NINA AHMAD,DEM,47
39-36,RUE LANDAU,DEM,44
39-36,WRITE-IN,,0
39-37,DREW MURRAY,REP,75
39-37,ISAIAH THOMAS,DEM,135
39-37,JIM HARRITY,DEM,82
39-37,JIM HASHER,REP,79
39-37,KATHERINE GILMORE RICHARDSON,DEM,139
39-37,KENDRA BROOKS,WFP,128
39-37,NICOLAS O'ROURKE,WFP,124
39-37,NINA AHMAD,DEM,116
39-37,RUE LANDAU,DEM,166
39-37,WRITE-IN,,2
39-38,DREW MURRAY,REP,60
39-38,ISAIAH THOMAS,DEM,115
39-38,JIM HARRITY,DEM,86
39-38,JIM HASHER,REP,64
39-38,KATHERINE GILMORE RICHARDSON,DEM,112
39-38,KENDRA BROOKS,WFP,85
39-38,NICOLAS O'ROURKE,WFP,79
39-38,NINA AHMAD,DEM,101
39-38,RUE LANDAU,DEM,128
39-38,WRITE-IN,,0
39-39,DREW MURRAY,REP,71
39-39,ISAIAH THOMAS,DEM,74
39-39,JIM HARRITY,DEM,74
39-39,JIM HASHER,REP,69
39-39,KATHERINE GILMORE RICHARDSON,DEM,78
39-39,KENDRA BROOKS,WFP,30
39-39,NICOLAS O'ROURKE,WFP,25
39-39,NINA AHMAD,DEM,68
39-39,RUE LANDAU,DEM,78
39-39,WRITE-IN,,3
39-40,DREW MURRAY,REP,18
39-40,ISAIAH THOMAS,DEM,56
39-40,JIM HARRITY,DEM,46
39-40,JIM HASHER,REP,19
39-40,KATHERINE GILMORE RICHARDSON,DEM,46
39-40,KENDRA BROOKS,WFP,29
39-40,NICOLAS O'ROURKE,WFP,20
39-40,NINA AHMAD,DEM,49
39-40,RUE LANDAU,DEM,49
39-40,WRITE-IN,,0
39-41,DREW MURRAY,REP,116
39-41,ISAIAH THOMAS,DEM,46
39-41,JIM HARRITY,DEM,60
39-41,JIM HASHER,REP,116
39-41,KATHERINE GILMORE RICHARDSON,DEM,47
39-41,KENDRA BROOKS,WFP,22
39-41,NICOLAS O'ROURKE,WFP,19
39-41,NINA AHMAD,DEM,46
39-41,RUE LANDAU,DEM,42
39-41,WRITE-IN,,1
39-42,DREW MURRAY,REP,55
39-42,ISAIAH THOMAS,DEM,76
39-42,JIM HARRITY,DEM,59
39-42,JIM HASHER,REP,56
39-42,KATHERINE GILMORE RICHARDSON,DEM,87
39-42,KENDRA BROOKS,WFP,56
39-42,NICOLAS O'ROURKE,WFP,54
39-42,NINA AHMAD,DEM,62
39-42,RUE LANDAU,DEM,86
39-42,WRITE-IN,,1
39-43,DREW MURRAY,REP,80
39-43,ISAIAH THOMAS,DEM,80
39-43,JIM HARRITY,DEM,60
39-43,JIM HASHER,REP,73
39-43,KATHERINE GILMORE RICHARDSON,DEM,85
39-43,KENDRA BROOKS,WFP,60
39-43,NICOLAS O'ROURKE,WFP,55
39-43,NINA AHMAD,DEM,61
39-43,RUE LANDAU,DEM,83
39-43,WRITE-IN,,2
39-44,DREW MURRAY,REP,65
39-44,ISAIAH THOMAS,DEM,64
39-44,JIM HARRITY,DEM,65
39-44,JIM HASHER,REP,64
39-44,KATHERINE GILMORE RICHARDSON,DEM,62
39-44,KENDRA BROOKS,WFP,29
39-44,NICOLAS O'ROURKE,WFP,26
39-44,NINA AHMAD,DEM,50
39-44,RUE LANDAU,DEM,59
39-44,WRITE-IN,,0
39-45,DREW MURRAY,REP,89
39-45,ISAIAH THOMAS,DEM,219
39-45,JIM HARRITY,DEM,130
39-45,JIM HASHER,REP,80
39-45,KATHERINE GILMORE RICHARDSON,DEM,220
39-45,KENDRA BROOKS,WFP,175
39-45,NICOLAS O'ROURKE,WFP,161
39-45,NINA AHMAD,DEM,186
39-45,RUE LANDAU,DEM,251
39-45,WRITE-IN,,0
39-46,DREW MURRAY,REP,88
39-46,ISAIAH THOMAS,DEM,238
39-46,JIM HARRITY,DEM,168
39-46,JIM HASHER,REP,81
39-46,KATHERINE GILMORE RICHARDSON,DEM,251
39-46,KENDRA BROOKS,WFP,158
39-46,NICOLAS O'ROURKE,WFP,135
39-46,NINA AHMAD,DEM,210
39-46,RUE LANDAU,DEM,264
39-46,WRITE-IN,,3
40-01,DREW MURRAY,REP,21
40-01,ISAIAH THOMAS,DEM,61
40-01,JIM HARRITY,DEM,55
40-01,JIM HASHER,REP,20
40-01,KATHERINE GILMORE RICHARDSON,DEM,63
40-01,KENDRA BROOKS,WFP,15
40-01,NICOLAS O'ROURKE,WFP,10
40-01,NINA AHMAD,DEM,58
40-01,RUE LANDAU,DEM,51
40-01,WRITE-IN,,0
40-02,DREW MURRAY,REP,5
40-02,ISAIAH THOMAS,DEM,70
40-02,JIM HARRITY,DEM,57
40-02,JIM HASHER,REP,5
40-02,KATHERINE GILMORE RICHARDSON,DEM,71
40-02,KENDRA BROOKS,WFP,23
40-02,NICOLAS O'ROURKE,WFP,17
40-02,NINA AHMAD,DEM,67
40-02,RUE LANDAU,DEM,56
40-02,WRITE-IN,,0
40-03,DREW MURRAY,REP,8
40-03,ISAIAH THOMAS,DEM,173
40-03,JIM HARRITY,DEM,140
40-03,JIM HASHER,REP,7
40-03,KATHERINE GILMORE RICHARDSON,DEM,147
40-03,KENDRA BROOKS,WFP,24
40-03,NICOLAS O'ROURKE,WFP,15
40-03,NINA AHMAD,DEM,154
40-03,RUE LANDAU,DEM,136
40-03,WRITE-IN,,0
40-04,DREW MURRAY,REP,2
40-04,ISAIAH THOMAS,DEM,68
40-04,JIM HARRITY,DEM,60
40-04,JIM HASHER,REP,2
40-04,KATHERINE GILMORE RICHARDSON,DEM,64
40-04,KENDRA BROOKS,WFP,10
40-04,NICOLAS O'ROURKE,WFP,5
40-04,NINA AHMAD,DEM,70
40-04,RUE LANDAU,DEM,57
40-04,WRITE-IN,,0
40-05,DREW MURRAY,REP,8
40-05,ISAIAH THOMAS,DEM,159
40-05,JIM HARRITY,DEM,130
40-05,JIM HASHER,REP,8
40-05,KATHERINE GILMORE RICHARDSON,DEM,149
40-05,KENDRA BROOKS,WFP,44
40-05,NICOLAS O'ROURKE,WFP,26
40-05,NINA AHMAD,DEM,146
40-05,RUE LANDAU,DEM,119
40-05,WRITE-IN,,2
40-06,DREW MURRAY,REP,8
40-06,ISAIAH THOMAS,DEM,71
40-06,JIM HARRITY,DEM,61
40-06,JIM HASHER,REP,7
40-06,KATHERINE GILMORE RICHARDSON,DEM,59
40-06,KENDRA BROOKS,WFP,34
40-06,NICOLAS O'ROURKE,WFP,36
40-06,NINA AHMAD,DEM,70
40-06,RUE LANDAU,DEM,60
40-06,WRITE-IN,,0
40-07,DREW MURRAY,REP,2
40-07,ISAIAH THOMAS,DEM,101
40-07,JIM HARRITY,DEM,76
40-07,JIM HASHER,REP,1
40-07,KATHERINE GILMORE RICHARDSON,DEM,91
40-07,KENDRA BROOKS,WFP,27
40-07,NICOLAS O'ROURKE,WFP,22
40-07,NINA AHMAD,DEM,94
40-07,RUE LANDAU,DEM,76
40-07,WRITE-IN,,0
40-08,DREW MURRAY,REP,2
40-08,ISAIAH THOMAS,DEM,62
40-08,JIM HARRITY,DEM,47
40-08,JIM HASHER,REP,6
40-08,KATHERINE GILMORE RICHARDSON,DEM,53
40-08,KENDRA BROOKS,WFP,24
40-08,NICOLAS O'ROURKE,WFP,17
40-08,NINA AHMAD,DEM,56
40-08,RUE LANDAU,DEM,44
40-08,WRITE-IN,,0
40-09,DREW MURRAY,REP,6
40-09,ISAIAH THOMAS,DEM,125
40-09,JIM HARRITY,DEM,94
40-09,JIM HASHER,REP,6
40-09,KATHERINE GILMORE RICHARDSON,DEM,112
40-09,KENDRA BROOKS,WFP,29
40-09,NICOLAS O'ROURKE,WFP,22
40-09,NINA AHMAD,DEM,115
40-09,RUE LANDAU,DEM,96
40-09,WRITE-IN,,0
40-10,DREW MURRAY,REP,2
40-10,ISAIAH THOMAS,DEM,67
40-10,JIM HARRITY,DEM,49
40-10,JIM HASHER,REP,5
40-10,KATHERINE GILMORE RICHARDSON,DEM,57
40-10,KENDRA BROOKS,WFP,20
40-10,NICOLAS O'ROURKE,WFP,17
40-10,NINA AHMAD,DEM,64
40-10,RUE LANDAU,DEM,50
40-10,WRITE-IN,,0
40-11,DREW MURRAY,REP,9
40-11,ISAIAH THOMAS,DEM,66
40-11,JIM HARRITY,DEM,56
40-11,JIM HASHER,REP,9
40-11,KATHERINE GILMORE RICHARDSON,DEM,60
40-11,KENDRA BROOKS,WFP,18
40-11,NICOLAS O'ROURKE,WFP,12
40-11,NINA AHMAD,DEM,63
40-11,RUE LANDAU,DEM,51
40-11,WRITE-IN,,0
40-12,DREW MURRAY,REP,4
40-12,ISAIAH THOMAS,DEM,67
40-12,JIM HARRITY,DEM,45
40-12,JIM HASHER,REP,4
40-12,KATHERINE GILMORE RICHARDSON,DEM,60
40-12,KENDRA BROOKS,WFP,45
40-12,NICOLAS O'ROURKE,WFP,37
40-12,NINA AHMAD,DEM,55
40-12,RUE LANDAU,DEM,47
40-12,WRITE-IN,,0
40-13,DREW MURRAY,REP,9
40-13,ISAIAH THOMAS,DEM,130
40-13,JIM HARRITY,DEM,98
40-13,JIM HASHER,REP,6
40-13,KATHERINE GILMORE RICHARDSON,DEM,115
40-13,KENDRA BROOKS,WFP,44
40-13,NICOLAS O'ROURKE,WFP,21
40-13,NINA AHMAD,DEM,114
40-13,RUE LANDAU,DEM,102
40-13,WRITE-IN,,0
40-14,DREW MURRAY,REP,13
40-14,ISAIAH THOMAS,DEM,107
40-14,JIM HARRITY,DEM,92
40-14,JIM HASHER,REP,13
40-14,KATHERINE GILMORE RICHARDSON,DEM,98
40-14,KENDRA BROOKS,WFP,19
40-14,NICOLAS O'ROURKE,WFP,12
40-14,NINA AHMAD,DEM,100
40-14,RUE LANDAU,DEM,93
40-14,WRITE-IN,,0
40-15,DREW MURRAY,REP,6
40-15,ISAIAH THOMAS,DEM,39
40-15,JIM HARRITY,DEM,32
40-15,JIM HASHER,REP,4
40-15,KATHERINE GILMORE RICHARDSON,DEM,33
40-15,KENDRA BROOKS,WFP,20
40-15,NICOLAS O'ROURKE,WFP,18
40-15,NINA AHMAD,DEM,36
40-15,RUE LANDAU,DEM,27
40-15,WRITE-IN,,0
40-16,DREW MURRAY,REP,7
40-16,ISAIAH THOMAS,DEM,73
40-16,JIM HARRITY,DEM,58
40-16,JIM HASHER,REP,4
40-16,KATHERINE GILMORE RICHARDSON,DEM,69
40-16,KENDRA BROOKS,WFP,35
40-16,NICOLAS O'ROURKE,WFP,27
40-16,NINA AHMAD,DEM,74
40-16,RUE LANDAU,DEM,53
40-16,WRITE-IN,,0
40-17,DREW MURRAY,REP,7
40-17,ISAIAH THOMAS,DEM,70
40-17,JIM HARRITY,DEM,64
40-17,JIM HASHER,REP,10
40-17,KATHERINE GILMORE RICHARDSON,DEM,68
40-17,KENDRA BROOKS,WFP,10
40-17,NICOLAS O'ROURKE,WFP,5
40-17,NINA AHMAD,DEM,72
40-17,RUE LANDAU,DEM,66
40-17,WRITE-IN,,0
40-18,DREW MURRAY,REP,4
40-18,ISAIAH THOMAS,DEM,43
40-18,JIM HARRITY,DEM,36
40-18,JIM HASHER,REP,2
40-18,KATHERINE GILMORE RICHARDSON,DEM,36
40-18,KENDRA BROOKS,WFP,39
40-18,NICOLAS O'ROURKE,WFP,36
40-18,NINA AHMAD,DEM,35
40-18,RUE LANDAU,DEM,30
40-18,WRITE-IN,,3
40-19,DREW MURRAY,REP,18
40-19,ISAIAH THOMAS,DEM,55
40-19,JIM HARRITY,DEM,42
40-19,JIM HASHER,REP,15
40-19,KATHERINE GILMORE RICHARDSON,DEM,47
40-19,KENDRA BROOKS,WFP,17
40-19,NICOLAS O'ROURKE,WFP,12
40-19,NINA AHMAD,DEM,47
40-19,RUE LANDAU,DEM,42
40-19,WRITE-IN,,0
40-20,DREW MURRAY,REP,5
40-20,ISAIAH THOMAS,DEM,43
40-20,JIM HARRITY,DEM,36
40-20,JIM HASHER,REP,6
40-20,KATHERINE GILMORE RICHARDSON,DEM,42
40-20,KENDRA BROOKS,WFP,7
40-20,NICOLAS O'ROURKE,WFP,7
40-20,NINA AHMAD,DEM,45
40-20,RUE LANDAU,DEM,39
40-20,WRITE-IN,,0
40-21,DREW MURRAY,REP,9
40-21,ISAIAH THOMAS,DEM,27
40-21,JIM HARRITY,DEM,26
40-21,JIM HASHER,REP,12
40-21,KATHERINE GILMORE RICHARDSON,DEM,26
40-21,KENDRA BROOKS,WFP,16
40-21,NICOLAS O'ROURKE,WFP,13
40-21,NINA AHMAD,DEM,23
40-21,RUE LANDAU,DEM,21
40-21,WRITE-IN,,0
40-22,DREW MURRAY,REP,4
40-22,ISAIAH THOMAS,DEM,56
40-22,JIM HARRITY,DEM,45
40-22,JIM HASHER,REP,7
40-22,KATHERINE GILMORE RICHARDSON,DEM,52
40-22,KENDRA BROOKS,WFP,9
40-22,NICOLAS O'ROURKE,WFP,1
40-22,NINA AHMAD,DEM,52
40-22,RUE LANDAU,DEM,47
40-22,WRITE-IN,,0
40-23,DREW MURRAY,REP,10
40-23,ISAIAH THOMAS,DEM,75
40-23,JIM HARRITY,DEM,62
40-23,JIM HASHER,REP,6
40-23,KATHERINE GILMORE RICHARDSON,DEM,79
40-23,KENDRA BROOKS,WFP,12
40-23,NICOLAS O'ROURKE,WFP,10
40-23,NINA AHMAD,DEM,78
40-23,RUE LANDAU,DEM,65
40-23,WRITE-IN,,0
40-24,DREW MURRAY,REP,9
40-24,ISAIAH THOMAS,DEM,122
40-24,JIM HARRITY,DEM,99
40-24,JIM HASHER,REP,11
40-24,KATHERINE GILMORE RICHARDSON,DEM,108
40-24,KENDRA BROOKS,WFP,14
40-24,NICOLAS O'ROURKE,WFP,12
40-24,NINA AHMAD,DEM,109
40-24,RUE LANDAU,DEM,99
40-24,WRITE-IN,,0
40-25,DREW MURRAY,REP,11
40-25,ISAIAH THOMAS,DEM,99
40-25,JIM HARRITY,DEM,77
40-25,JIM HASHER,REP,12
40-25,KATHERINE GILMORE RICHARDSON,DEM,88
40-25,KENDRA BROOKS,WFP,24
40-25,NICOLAS O'ROURKE,WFP,17
40-25,NINA AHMAD,DEM,92
40-25,RUE LANDAU,DEM,75
40-25,WRITE-IN,,0
40-26,DREW MURRAY,REP,7
40-26,ISAIAH THOMAS,DEM,77
40-26,JIM HARRITY,DEM,64
40-26,JIM HASHER,REP,5
40-26,KATHERINE GILMORE RICHARDSON,DEM,68
40-26,KENDRA BROOKS,WFP,13
40-26,NICOLAS O'ROURKE,WFP,8
40-26,NINA AHMAD,DEM,75
40-26,RUE LANDAU,DEM,65
40-26,WRITE-IN,,0
40-27,DREW MURRAY,REP,6
40-27,ISAIAH THOMAS,DEM,52
40-27,JIM HARRITY,DEM,36
40-27,JIM HASHER,REP,6
40-27,KATHERINE GILMORE RICHARDSON,DEM,39
40-27,KENDRA BROOKS,WFP,4
40-27,NICOLAS O'ROURKE,WFP,3
40-27,NINA AHMAD,DEM,47
40-27,RUE LANDAU,DEM,38
40-27,WRITE-IN,,0
40-28,DREW MURRAY,REP,27
40-28,ISAIAH THOMAS,DEM,139
40-28,JIM HARRITY,DEM,124
40-28,JIM HASHER,REP,22
40-28,KATHERINE GILMORE RICHARDSON,DEM,125
40-28,KENDRA BROOKS,WFP,21
40-28,NICOLAS O'ROURKE,WFP,14
40-28,NINA AHMAD,DEM,131
40-28,RUE LANDAU,DEM,115
40-28,WRITE-IN,,0
40-29,DREW MURRAY,REP,7
40-29,ISAIAH THOMAS,DEM,95
40-29,JIM HARRITY,DEM,76
40-29,JIM HASHER,REP,3
40-29,KATHERINE GILMORE RICHARDSON,DEM,76
40-29,KENDRA BROOKS,WFP,33
40-29,NICOLAS O'ROURKE,WFP,23
40-29,NINA AHMAD,DEM,88
40-29,RUE LANDAU,DEM,71
40-29,WRITE-IN,,0
40-30,DREW MURRAY,REP,9
40-30,ISAIAH THOMAS,DEM,111
40-30,JIM HARRITY,DEM,98
40-30,JIM HASHER,REP,7
40-30,KATHERINE GILMORE RICHARDSON,DEM,95
40-30,KENDRA BROOKS,WFP,17
40-30,NICOLAS O'ROURKE,WFP,9
40-30,NINA AHMAD,DEM,101
40-30,RUE LANDAU,DEM,85
40-30,WRITE-IN,,0
40-31,DREW MURRAY,REP,9
40-31,ISAIAH THOMAS,DEM,91
40-31,JIM HARRITY,DEM,72
40-31,JIM HASHER,REP,8
40-31,KATHERINE GILMORE RICHARDSON,DEM,84
40-31,KENDRA BROOKS,WFP,16
40-31,NICOLAS O'ROURKE,WFP,8
40-31,NINA AHMAD,DEM,84
40-31,RUE LANDAU,DEM,69
40-31,WRITE-IN,,0
40-32,DREW MURRAY,REP,14
40-32,ISAIAH THOMAS,DEM,118
40-32,JIM HARRITY,DEM,91
40-32,JIM HASHER,REP,14
40-32,KATHERINE GILMORE RICHARDSON,DEM,103
40-32,KENDRA BROOKS,WFP,25
40-32,NICOLAS O'ROURKE,WFP,12
40-32,NINA AHMAD,DEM,111
40-32,RUE LANDAU,DEM,97
40-32,WRITE-IN,,4
40-33,DREW MURRAY,REP,7
40-33,ISAIAH THOMAS,DEM,44
40-33,JIM HARRITY,DEM,41
40-33,JIM HASHER,REP,4
40-33,KATHERINE GILMORE RICHARDSON,DEM,47
40-33,KENDRA BROOKS,WFP,7
40-33,NICOLAS O'ROURKE,WFP,2
40-33,NINA AHMAD,DEM,53
40-33,RUE LANDAU,DEM,41
40-33,WRITE-IN,,0
40-34,DREW MURRAY,REP,7
40-34,ISAIAH THOMAS,DEM,56
40-34,JIM HARRITY,DEM,35
40-34,JIM HASHER,REP,5
40-34,KATHERINE GILMORE RICHARDSON,DEM,49
40-34,KENDRA BROOKS,WFP,16
40-34,NICOLAS O'ROURKE,WFP,7
40-34,NINA AHMAD,DEM,49
40-34,RUE LANDAU,DEM,34
40-34,WRITE-IN,,2
40-35,DREW MURRAY,REP,20
40-35,ISAIAH THOMAS,DEM,121
40-35,JIM HARRITY,DEM,83
40-35,JIM HASHER,REP,14
40-35,KATHERINE GILMORE RICHARDSON,DEM,101
40-35,KENDRA BROOKS,WFP,29
40-35,NICOLAS O'ROURKE,WFP,16
40-35,NINA AHMAD,DEM,104
40-35,RUE LANDAU,DEM,86
40-35,WRITE-IN,,0
40-36,DREW MURRAY,REP,4
40-36,ISAIAH THOMAS,DEM,106
40-36,JIM HARRITY,DEM,86
40-36,JIM HASHER,REP,4
40-36,KATHERINE GILMORE RICHARDSON,DEM,101
40-36,KENDRA BROOKS,WFP,28
40-36,NICOLAS O'ROURKE,WFP,14
40-36,NINA AHMAD,DEM,98
40-36,RUE LANDAU,DEM,86
40-36,WRITE-IN,,0
40-37,DREW MURRAY,REP,16
40-37,ISAIAH THOMAS,DEM,144
40-37,JIM HARRITY,DEM,127
40-37,JIM HASHER,REP,14
40-37,KATHERINE GILMORE RICHARDSON,DEM,134
40-37,KENDRA BROOKS,WFP,37
40-37,NICOLAS O'ROURKE,WFP,27
40-37,NINA AHMAD,DEM,139
40-37,RUE LANDAU,DEM,122
40-37,WRITE-IN,,0
40-38,DREW MURRAY,REP,16
40-38,ISAIAH THOMAS,DEM,227
40-38,JIM HARRITY,DEM,182
40-38,JIM HASHER,REP,17
40-38,KATHERINE GILMORE RICHARDSON,DEM,214
40-38,KENDRA BROOKS,WFP,42
40-38,NICOLAS O'ROURKE,WFP,31
40-38,NINA AHMAD,DEM,219
40-38,RUE LANDAU,DEM,187
40-38,WRITE-IN,,0
40-39,DREW MURRAY,REP,6
40-39,ISAIAH THOMAS,DEM,66
40-39,JIM HARRITY,DEM,55
40-39,JIM HASHER,REP,4
40-39,KATHERINE GILMORE RICHARDSON,DEM,60
40-39,KENDRA BROOKS,WFP,29
40-39,NICOLAS O'ROURKE,WFP,23
40-39,NINA AHMAD,DEM,67
40-39,RUE LANDAU,DEM,62
40-39,WRITE-IN,,0
40-40,DREW MURRAY,REP,24
40-40,ISAIAH THOMAS,DEM,261
40-40,JIM HARRITY,DEM,207
40-40,JIM HASHER,REP,14
40-40,KATHERINE GILMORE RICHARDSON,DEM,240
40-40,KENDRA BROOKS,WFP,59
40-40,NICOLAS O'ROURKE,WFP,40
40-40,NINA AHMAD,DEM,251
40-40,RUE LANDAU,DEM,206
40-40,WRITE-IN,,0
40-41,DREW MURRAY,REP,2
40-41,ISAIAH THOMAS,DEM,68
40-41,JIM HARRITY,DEM,48
40-41,JIM HASHER,REP,3
40-41,KATHERINE GILMORE RICHARDSON,DEM,59
40-41,KENDRA BROOKS,WFP,33
40-41,NICOLAS O'ROURKE,WFP,26
40-41,NINA AHMAD,DEM,59
40-41,RUE LANDAU,DEM,46
40-41,WRITE-IN,,0
40-42,DREW MURRAY,REP,16
40-42,ISAIAH THOMAS,DEM,148
40-42,JIM HARRITY,DEM,126
40-42,JIM HASHER,REP,17
40-42,KATHERINE GILMORE RICHARDSON,DEM,144
40-42,KENDRA BROOKS,WFP,30
40-42,NICOLAS O'ROURKE,WFP,21
40-42,NINA AHMAD,DEM,146
40-42,RUE LANDAU,DEM,122
40-42,WRITE-IN,,3
40-43,DREW MURRAY,REP,16
40-43,ISAIAH THOMAS,DEM,92
40-43,JIM HARRITY,DEM,77
40-43,JIM HASHER,REP,18
40-43,KATHERINE GILMORE RICHARDSON,DEM,77
40-43,KENDRA BROOKS,WFP,16
40-43,NICOLAS O'ROURKE,WFP,11
40-43,NINA AHMAD,DEM,87
40-43,RUE LANDAU,DEM,75
40-43,WRITE-IN,,0
40-44,DREW MURRAY,REP,22
40-44,ISAIAH THOMAS,DEM,190
40-44,JIM HARRITY,DEM,153
40-44,JIM HASHER,REP,22
40-44,KATHERINE GILMORE RICHARDSON,DEM,181
40-44,KENDRA BROOKS,WFP,50
40-44,NICOLAS O'ROURKE,WFP,34
40-44,NINA AHMAD,DEM,194
40-44,RUE LANDAU,DEM,157
40-44,WRITE-IN,,2
40-45,DREW MURRAY,REP,17
40-45,ISAIAH THOMAS,DEM,179
40-45,JIM HARRITY,DEM,145
40-45,JIM HASHER,REP,16
40-45,KATHERINE GILMORE RICHARDSON,DEM,162
40-45,KENDRA BROOKS,WFP,50
40-45,NICOLAS O'ROURKE,WFP,35
40-45,NINA AHMAD,DEM,159
40-45,RUE LANDAU,DEM,133
40-45,WRITE-IN,,1
40-46,DREW MURRAY,REP,15
40-46,ISAIAH THOMAS,DEM,152
40-46,JIM HARRITY,DEM,123
40-46,JIM HASHER,REP,18
40-46,KATHERINE GILMORE RICHARDSON,DEM,145
40-46,KENDRA BROOKS,WFP,32
40-46,NICOLAS O'ROURKE,WFP,21
40-46,NINA AHMAD,DEM,142
40-46,RUE LANDAU,DEM,118
40-46,WRITE-IN,,0
40-47,DREW MURRAY,REP,3
40-47,ISAIAH THOMAS,DEM,31
40-47,JIM HARRITY,DEM,26
40-47,JIM HASHER,REP,0
40-47,KATHERINE GILMORE RICHARDSON,DEM,34
40-47,KENDRA BROOKS,WFP,11
40-47,NICOLAS O'ROURKE,WFP,8
40-47,NINA AHMAD,DEM,30
40-47,RUE LANDAU,DEM,24
40-47,WRITE-IN,,0
40-48,DREW MURRAY,REP,19
40-48,ISAIAH THOMAS,DEM,150
40-48,JIM HARRITY,DEM,108
40-48,JIM HASHER,REP,19
40-48,KATHERINE GILMORE RICHARDSON,DEM,125
40-48,KENDRA BROOKS,WFP,39
40-48,NICOLAS O'ROURKE,WFP,28
40-48,NINA AHMAD,DEM,127
40-48,RUE LANDAU,DEM,102
40-48,WRITE-IN,,0
40-49,DREW MURRAY,REP,54
40-49,ISAIAH THOMAS,DEM,141
40-49,JIM HARRITY,DEM,123
40-49,JIM HASHER,REP,56
40-49,KATHERINE GILMORE RICHARDSON,DEM,131
40-49,KENDRA BROOKS,WFP,29
40-49,NICOLAS O'ROURKE,WFP,24
40-49,NINA AHMAD,DEM,136
40-49,RUE LANDAU,DEM,118
40-49,WRITE-IN,,0
40-50,DREW MURRAY,REP,18
40-50,ISAIAH THOMAS,DEM,149
40-50,JIM HARRITY,DEM,107
40-50,JIM HASHER,REP,18
40-50,KATHERINE GILMORE RICHARDSON,DEM,131
40-50,KENDRA BROOKS,WFP,38
40-50,NICOLAS O'ROURKE,WFP,26
40-50,NINA AHMAD,DEM,135
40-50,RUE LANDAU,DEM,113
40-50,WRITE-IN,,0
40-51,DREW MURRAY,REP,11
40-51,ISAIAH THOMAS,DEM,69
40-51,JIM HARRITY,DEM,48
40-51,JIM HASHER,REP,9
40-51,KATHERINE GILMORE RICHARDSON,DEM,54
40-51,KENDRA BROOKS,WFP,14
40-51,NICOLAS O'ROURKE,WFP,10
40-51,NINA AHMAD,DEM,59
40-51,RUE LANDAU,DEM,46
40-51,WRITE-IN,,0
41-01,DREW MURRAY,REP,17
41-01,ISAIAH THOMAS,DEM,45
41-01,JIM HARRITY,DEM,37
41-01,JIM HASHER,REP,21
41-01,KATHERINE GILMORE RICHARDSON,DEM,44
41-01,KENDRA BROOKS,WFP,16
41-01,NICOLAS O'ROURKE,WFP,10
41-01,NINA AHMAD,DEM,40
41-01,RUE LANDAU,DEM,31
41-01,WRITE-IN,,0
41-02,DREW MURRAY,REP,25
41-02,ISAIAH THOMAS,DEM,44
41-02,JIM HARRITY,DEM,42
41-02,JIM HASHER,REP,27
41-02,KATHERINE GILMORE RICHARDSON,DEM,42
41-02,KENDRA BROOKS,WFP,12
41-02,NICOLAS O'ROURKE,WFP,8
41-02,NINA AHMAD,DEM,48
41-02,RUE LANDAU,DEM,41
41-02,WRITE-IN,,0
41-03,DREW MURRAY,REP,15
41-03,ISAIAH THOMAS,DEM,53
41-03,JIM HARRITY,DEM,47
41-03,JIM HASHER,REP,16
41-03,KATHERINE GILMORE RICHARDSON,DEM,48
41-03,KENDRA BROOKS,WFP,11
41-03,NICOLAS O'ROURKE,WFP,8
41-03,NINA AHMAD,DEM,52
41-03,RUE LANDAU,DEM,41
41-03,WRITE-IN,,2
41-04,DREW MURRAY,REP,38
41-04,ISAIAH THOMAS,DEM,45
41-04,JIM HARRITY,DEM,58
41-04,JIM HASHER,REP,47
41-04,KATHERINE GILMORE RICHARDSON,DEM,55
41-04,KENDRA BROOKS,WFP,14
41-04,NICOLAS O'ROURKE,WFP,11
41-04,NINA AHMAD,DEM,50
41-04,RUE LANDAU,DEM,46
41-04,WRITE-IN,,2
41-05,DREW MURRAY,REP,17
41-05,ISAIAH THOMAS,DEM,31
41-05,JIM HARRITY,DEM,29
41-05,JIM HASHER,REP,20
41-05,KATHERINE GILMORE RICHARDSON,DEM,37
41-05,KENDRA BROOKS,WFP,11
41-05,NICOLAS O'ROURKE,WFP,8
41-05,NINA AHMAD,DEM,36
41-05,RUE LANDAU,DEM,30
41-05,WRITE-IN,,0
41-06,DREW MURRAY,REP,21
41-06,ISAIAH THOMAS,DEM,54
41-06,JIM HARRITY,DEM,42
41-06,JIM HASHER,REP,29
41-06,KATHERINE GILMORE RICHARDSON,DEM,51
41-06,KENDRA BROOKS,WFP,15
41-06,NICOLAS O'ROURKE,WFP,13
41-06,NINA AHMAD,DEM,43
41-06,RUE LANDAU,DEM,40
41-06,WRITE-IN,,0
41-07,DREW MURRAY,REP,29
41-07,ISAIAH THOMAS,DEM,37
41-07,JIM HARRITY,DEM,40
41-07,JIM HASHER,REP,32
41-07,KATHERINE GILMORE RICHARDSON,DEM,36
41-07,KENDRA BROOKS,WFP,15
41-07,NICOLAS O'ROURKE,WFP,12
41-07,NINA AHMAD,DEM,32
41-07,RUE LANDAU,DEM,35
41-07,WRITE-IN,,2
41-08,DREW MURRAY,REP,26
41-08,ISAIAH THOMAS,DEM,41
41-08,JIM HARRITY,DEM,46
41-08,JIM HASHER,REP,39
41-08,KATHERINE GILMORE RICHARDSON,DEM,41
41-08,KENDRA BROOKS,WFP,17
41-08,NICOLAS O'ROURKE,WFP,14
41-08,NINA AHMAD,DEM,46
41-08,RUE LANDAU,DEM,34
41-08,WRITE-IN,,0
41-09,DREW MURRAY,REP,25
41-09,ISAIAH THOMAS,DEM,54
41-09,JIM HARRITY,DEM,42
41-09,JIM HASHER,REP,32
41-09,KATHERINE GILMORE RICHARDSON,DEM,48
41-09,KENDRA BROOKS,WFP,14
41-09,NICOLAS O'ROURKE,WFP,11
41-09,NINA AHMAD,DEM,51
41-09,RUE LANDAU,DEM,39
41-09,WRITE-IN,,0
41-10,DREW MURRAY,REP,35
41-10,ISAIAH THOMAS,DEM,50
41-10,JIM HARRITY,DEM,48
41-10,JIM HASHER,REP,41
41-10,KATHERINE GILMORE RICHARDSON,DEM,50
41-10,KENDRA BROOKS,WFP,14
41-10,NICOLAS O'ROURKE,WFP,7
41-10,NINA AHMAD,DEM,51
41-10,RUE LANDAU,DEM,45
41-10,WRITE-IN,,0
41-11,DREW MURRAY,REP,21
41-11,ISAIAH THOMAS,DEM,48
41-11,JIM HARRITY,DEM,45
41-11,JIM HASHER,REP,23
41-11,KATHERINE GILMORE RICHARDSON,DEM,52
41-11,KENDRA BROOKS,WFP,11
41-11,NICOLAS O'ROURKE,WFP,8
41-11,NINA AHMAD,DEM,53
41-11,RUE LANDAU,DEM,39
41-11,WRITE-IN,,0
41-12,DREW MURRAY,REP,29
41-12,ISAIAH THOMAS,DEM,43
41-12,JIM HARRITY,DEM,46
41-12,JIM HASHER,REP,26
41-12,KATHERINE GILMORE RICHARDSON,DEM,43
41-12,KENDRA BROOKS,WFP,8
41-12,NICOLAS O'ROURKE,WFP,7
41-12,NINA AHMAD,DEM,42
41-12,RUE LANDAU,DEM,35
41-12,WRITE-IN,,1
41-13,DREW MURRAY,REP,44
41-13,ISAIAH THOMAS,DEM,53
41-13,JIM HARRITY,DEM,51
41-13,JIM HASHER,REP,51
41-13,KATHERINE GILMORE RICHARDSON,DEM,56
41-13,KENDRA BROOKS,WFP,22
41-13,NICOLAS O'ROURKE,WFP,15
41-13,NINA AHMAD,DEM,46
41-13,RUE LANDAU,DEM,48
41-13,WRITE-IN,,0
41-14,DREW MURRAY,REP,34
41-14,ISAIAH THOMAS,DEM,52
41-14,JIM HARRITY,DEM,53
41-14,JIM HASHER,REP,43
41-14,KATHERINE GILMORE RICHARDSON,DEM,52
41-14,KENDRA BROOKS,WFP,21
41-14,NICOLAS O'ROURKE,WFP,18
41-14,NINA AHMAD,DEM,50
41-14,RUE LANDAU,DEM,46
41-14,WRITE-IN,,0
41-15,DREW MURRAY,REP,39
41-15,ISAIAH THOMAS,DEM,58
41-15,JIM HARRITY,DEM,62
41-15,JIM HASHER,REP,45
41-15,KATHERINE GILMORE RICHARDSON,DEM,59
41-15,KENDRA BROOKS,WFP,20
41-15,NICOLAS O'ROURKE,WFP,24
41-15,NINA AHMAD,DEM,57
41-15,RUE LANDAU,DEM,53
41-15,WRITE-IN,,0
41-16,DREW MURRAY,REP,31
41-16,ISAIAH THOMAS,DEM,37
41-16,JIM HARRITY,DEM,34
41-16,JIM HASHER,REP,32
41-16,KATHERINE GILMORE RICHARDSON,DEM,28
41-16,KENDRA BROOKS,WFP,8
41-16,NICOLAS O'ROURKE,WFP,10
41-16,NINA AHMAD,DEM,34
41-16,RUE LANDAU,DEM,30
41-16,WRITE-IN,,0
41-17,DREW MURRAY,REP,52
41-17,ISAIAH THOMAS,DEM,33
41-17,JIM HARRITY,DEM,51
41-17,JIM HASHER,REP,66
41-17,KATHERINE GILMORE RICHARDSON,DEM,51
41-17,KENDRA BROOKS,WFP,22
41-17,NICOLAS O'ROURKE,WFP,22
41-17,NINA AHMAD,DEM,46
41-17,RUE LANDAU,DEM,40
41-17,WRITE-IN,,0
41-18,DREW MURRAY,REP,27
41-18,ISAIAH THOMAS,DEM,33
41-18,JIM HARRITY,DEM,33
41-18,JIM HASHER,REP,30
41-18,KATHERINE GILMORE RICHARDSON,DEM,34
41-18,KENDRA BROOKS,WFP,9
41-18,NICOLAS O'ROURKE,WFP,12
41-18,NINA AHMAD,DEM,32
41-18,RUE LANDAU,DEM,30
41-18,WRITE-IN,,0
41-19,DREW MURRAY,REP,27
41-19,ISAIAH THOMAS,DEM,25
41-19,JIM HARRITY,DEM,33
41-19,JIM HASHER,REP,34
41-19,KATHERINE GILMORE RICHARDSON,DEM,28
41-19,KENDRA BROOKS,WFP,7
41-19,NICOLAS O'ROURKE,WFP,9
41-19,NINA AHMAD,DEM,27
41-19,RUE LANDAU,DEM,26
41-19,WRITE-IN,,5
41-20,DREW MURRAY,REP,19
41-20,ISAIAH THOMAS,DEM,45
41-20,JIM HARRITY,DEM,36
41-20,JIM HASHER,REP,34
41-20,KATHERINE GILMORE RICHARDSON,DEM,42
41-20,KENDRA BROOKS,WFP,14
41-20,NICOLAS O'ROURKE,WFP,10
41-20,NINA AHMAD,DEM,40
41-20,RUE LANDAU,DEM,37
41-20,WRITE-IN,,0
41-21,DREW MURRAY,REP,34
41-21,ISAIAH THOMAS,DEM,53
41-21,JIM HARRITY,DEM,49
41-21,JIM HASHER,REP,34
41-21,KATHERINE GILMORE RICHARDSON,DEM,51
41-21,KENDRA BROOKS,WFP,17
41-21,NICOLAS O'ROURKE,WFP,13
41-21,NINA AHMAD,DEM,52
41-21,RUE LANDAU,DEM,46
41-21,WRITE-IN,,3
41-22,DREW MURRAY,REP,17
41-22,ISAIAH THOMAS,DEM,38
41-22,JIM HARRITY,DEM,35
41-22,JIM HASHER,REP,25
41-22,KATHERINE GILMORE RICHARDSON,DEM,40
41-22,KENDRA BROOKS,WFP,10
41-22,NICOLAS O'ROURKE,WFP,10
41-22,NINA AHMAD,DEM,35
41-22,RUE LANDAU,DEM,30
41-22,WRITE-IN,,0
41-23,DREW MURRAY,REP,29
41-23,ISAIAH THOMAS,DEM,44
41-23,JIM HARRITY,DEM,45
41-23,JIM HASHER,REP,37
41-23,KATHERINE GILMORE RICHARDSON,DEM,51
41-23,KENDRA BROOKS,WFP,14
41-23,NICOLAS O'ROURKE,WFP,14
41-23,NINA AHMAD,DEM,41
41-23,RUE LANDAU,DEM,37
41-23,WRITE-IN,,0
41-24,DREW MURRAY,REP,29
41-24,ISAIAH THOMAS,DEM,40
41-24,JIM HARRITY,DEM,47
41-24,JIM HASHER,REP,38
41-24,KATHERINE GILMORE RICHARDSON,DEM,44
41-24,KENDRA BROOKS,WFP,16
41-24,NICOLAS O'ROURKE,WFP,13
41-24,NINA AHMAD,DEM,43
41-24,RUE LANDAU,DEM,43
41-24,WRITE-IN,,0
41-25,DREW MURRAY,REP,37
41-25,ISAIAH THOMAS,DEM,58
41-25,JIM HARRITY,DEM,53
41-25,JIM HASHER,REP,41
41-25,KATHERINE GILMORE RICHARDSON,DEM,56
41-25,KENDRA BROOKS,WFP,17
41-25,NICOLAS O'ROURKE,WFP,12
41-25,NINA AHMAD,DEM,59
41-25,RUE LANDAU,DEM,45
41-25,WRITE-IN,,0
41-26,DREW MURRAY,REP,18
41-26,ISAIAH THOMAS,DEM,39
41-26,JIM HARRITY,DEM,34
41-26,JIM HASHER,REP,26
41-26,KATHERINE GILMORE RICHARDSON,DEM,41
41-26,KENDRA BROOKS,WFP,13
41-26,NICOLAS O'ROURKE,WFP,8
41-26,NINA AHMAD,DEM,41
41-26,RUE LANDAU,DEM,35
41-26,WRITE-IN,,0
42-01,DREW MURRAY,REP,22
42-01,ISAIAH THOMAS,DEM,89
42-01,JIM HARRITY,DEM,91
42-01,JIM HASHER,REP,16
42-01,KATHERINE GILMORE RICHARDSON,DEM,92
42-01,KENDRA BROOKS,WFP,27
42-01,NICOLAS O'ROURKE,WFP,21
42-01,NINA AHMAD,DEM,86
42-01,RUE LANDAU,DEM,81
42-01,WRITE-IN,,0
42-02,DREW MURRAY,REP,19
42-02,ISAIAH THOMAS,DEM,44
42-02,JIM HARRITY,DEM,41
42-02,JIM HASHER,REP,19
42-02,KATHERINE GILMORE RICHARDSON,DEM,37
42-02,KENDRA BROOKS,WFP,15
42-02,NICOLAS O'ROURKE,WFP,14
42-02,NINA AHMAD,DEM,46
42-02,RUE LANDAU,DEM,38
42-02,WRITE-IN,,5
42-03,DREW MURRAY,REP,15
42-03,ISAIAH THOMAS,DEM,53
42-03,JIM HARRITY,DEM,50
42-03,JIM HASHER,REP,15
42-03,KATHERINE GILMORE RICHARDSON,DEM,45
42-03,KENDRA BROOKS,WFP,12
42-03,NICOLAS O'ROURKE,WFP,9
42-03,NINA AHMAD,DEM,58
42-03,RUE LANDAU,DEM,42
42-03,WRITE-IN,,1
42-04,DREW MURRAY,REP,6
42-04,ISAIAH THOMAS,DEM,58
42-04,JIM HARRITY,DEM,53
42-04,JIM HASHER,REP,8
42-04,KATHERINE GILMORE RICHARDSON,DEM,46
42-04,KENDRA BROOKS,WFP,10
42-04,NICOLAS O'ROURKE,WFP,5
42-04,NINA AHMAD,DEM,51
42-04,RUE LANDAU,DEM,46
42-04,WRITE-IN,,0
42-05,DREW MURRAY,REP,20
42-05,ISAIAH THOMAS,DEM,65
42-05,JIM HARRITY,DEM,54
42-05,JIM HASHER,REP,17
42-05,KATHERINE GILMORE RICHARDSON,DEM,62
42-05,KENDRA BROOKS,WFP,23
42-05,NICOLAS O'ROURKE,WFP,14
42-05,NINA AHMAD,DEM,69
42-05,RUE LANDAU,DEM,51
42-05,WRITE-IN,,1
42-06,DREW MURRAY,REP,10
42-06,ISAIAH THOMAS,DEM,40
42-06,JIM HARRITY,DEM,32
42-06,JIM HASHER,REP,8
42-06,KATHERINE GILMORE RICHARDSON,DEM,36
42-06,KENDRA BROOKS,WFP,10
42-06,NICOLAS O'ROURKE,WFP,10
42-06,NINA AHMAD,DEM,33
42-06,RUE LANDAU,DEM,26
42-06,WRITE-IN,,2
42-07,DREW MURRAY,REP,12
42-07,ISAIAH THOMAS,DEM,41
42-07,JIM HARRITY,DEM,38
42-07,JIM HASHER,REP,12
42-07,KATHERINE GILMORE RICHARDSON,DEM,39
42-07,KENDRA BROOKS,WFP,7
42-07,NICOLAS O'ROURKE,WFP,7
42-07,NINA AHMAD,DEM,51
42-07,RUE LANDAU,DEM,39
42-07,WRITE-IN,,1
42-08,DREW MURRAY,REP,11
42-08,ISAIAH THOMAS,DEM,77
42-08,JIM HARRITY,DEM,59
42-08,JIM HASHER,REP,15
42-08,KATHERINE GILMORE RICHARDSON,DEM,68
42-08,KENDRA BROOKS,WFP,17
42-08,NICOLAS O'ROURKE,WFP,13
42-08,NINA AHMAD,DEM,68
42-08,RUE LANDAU,DEM,62
42-08,WRITE-IN,,3
42-09,DREW MURRAY,REP,9
42-09,ISAIAH THOMAS,DEM,69
42-09,JIM HARRITY,DEM,62
42-09,JIM HASHER,REP,7
42-09,KATHERINE GILMORE RICHARDSON,DEM,67
42-09,KENDRA BROOKS,WFP,8
42-09,NICOLAS O'ROURKE,WFP,5
42-09,NINA AHMAD,DEM,64
42-09,RUE LANDAU,DEM,59
42-09,WRITE-IN,,0
42-10,DREW MURRAY,REP,13
42-10,ISAIAH THOMAS,DEM,49
42-10,JIM HARRITY,DEM,43
42-10,JIM HASHER,REP,13
42-10,KATHERINE GILMORE RICHARDSON,DEM,46
42-10,KENDRA BROOKS,WFP,13
42-10,NICOLAS O'ROURKE,WFP,10
42-10,NINA AHMAD,DEM,48
42-10,RUE LANDAU,DEM,37
42-10,WRITE-IN,,0
42-11,DREW MURRAY,REP,13
42-11,ISAIAH THOMAS,DEM,73
42-11,JIM HARRITY,DEM,58
42-11,JIM HASHER,REP,11
42-11,KATHERINE GILMORE RICHARDSON,DEM,69
42-11,KENDRA BROOKS,WFP,16
42-11,NICOLAS O'ROURKE,WFP,11
42-11,NINA AHMAD,DEM,73
42-11,RUE LANDAU,DEM,58
42-11,WRITE-IN,,0
42-12,DREW MURRAY,REP,5
42-12,ISAIAH THOMAS,DEM,60
42-12,JIM HARRITY,DEM,45
42-12,JIM HASHER,REP,7
42-12,KATHERINE GILMORE RICHARDSON,DEM,43
42-12,KENDRA BROOKS,WFP,8
42-12,NICOLAS O'ROURKE,WFP,6
42-12,NINA AHMAD,DEM,45
42-12,RUE LANDAU,DEM,37
42-12,WRITE-IN,,0
42-13,DREW MURRAY,REP,15
42-13,ISAIAH THOMAS,DEM,113
42-13,JIM HARRITY,DEM,84
42-13,JIM HASHER,REP,15
42-13,KATHERINE GILMORE RICHARDSON,DEM,100
42-13,KENDRA BROOKS,WFP,41
42-13,NICOLAS O'ROURKE,WFP,28
42-13,NINA AHMAD,DEM,99
42-13,RUE LANDAU,DEM,89
42-13,WRITE-IN,,0
42-14,DREW MURRAY,REP,23
42-14,ISAIAH THOMAS,DEM,91
42-14,JIM HARRITY,DEM,73
42-14,JIM HASHER,REP,16
42-14,KATHERINE GILMORE RICHARDSON,DEM,79
42-14,KENDRA BROOKS,WFP,20
42-14,NICOLAS O'ROURKE,WFP,13
42-14,NINA AHMAD,DEM,88
42-14,RUE LANDAU,DEM,72
42-14,WRITE-IN,,1
42-15,DREW MURRAY,REP,22
42-15,ISAIAH THOMAS,DEM,124
42-15,JIM HARRITY,DEM,103
42-15,JIM HASHER,REP,21
42-15,KATHERINE GILMORE RICHARDSON,DEM,106
42-15,KENDRA BROOKS,WFP,65
42-15,NICOLAS O'ROURKE,WFP,60
42-15,NINA AHMAD,DEM,130
42-15,RUE LANDAU,DEM,110
42-15,WRITE-IN,,6
42-16,DREW MURRAY,REP,7
42-16,ISAIAH THOMAS,DEM,104
42-16,JIM HARRITY,DEM,87
42-16,JIM HASHER,REP,4
42-16,KATHERINE GILMORE RICHARDSON,DEM,97
42-16,KENDRA BROOKS,WFP,19
42-16,NICOLAS O'ROURKE,WFP,9
42-16,NINA AHMAD,DEM,98
42-16,RUE LANDAU,DEM,88
42-16,WRITE-IN,,0
42-17,DREW MURRAY,REP,11
42-17,ISAIAH THOMAS,DEM,80
42-17,JIM HARRITY,DEM,66
42-17,JIM HASHER,REP,13
42-17,KATHERINE GILMORE RICHARDSON,DEM,72
42-17,KENDRA BROOKS,WFP,37
42-17,NICOLAS O'ROURKE,WFP,33
42-17,NINA AHMAD,DEM,81
42-17,RUE LANDAU,DEM,70
42-17,WRITE-IN,,1
42-18,DREW MURRAY,REP,24
42-18,ISAIAH THOMAS,DEM,106
42-18,JIM HARRITY,DEM,84
42-18,JIM HASHER,REP,22
42-18,KATHERINE GILMORE RICHARDSON,DEM,96
42-18,KENDRA BROOKS,WFP,74
42-18,NICOLAS O'ROURKE,WFP,67
42-18,NINA AHMAD,DEM,100
42-18,RUE LANDAU,DEM,74
42-18,WRITE-IN,,1
42-19,DREW MURRAY,REP,14
42-19,ISAIAH THOMAS,DEM,76
42-19,JIM HARRITY,DEM,59
42-19,JIM HASHER,REP,12
42-19,KATHERINE GILMORE RICHARDSON,DEM,63
42-19,KENDRA BROOKS,WFP,48
42-19,NICOLAS O'ROURKE,WFP,39
42-19,NINA AHMAD,DEM,73
42-19,RUE LANDAU,DEM,61
42-19,WRITE-IN,,0
42-20,DREW MURRAY,REP,15
42-20,ISAIAH THOMAS,DEM,87
42-20,JIM HARRITY,DEM,66
42-20,JIM HASHER,REP,17
42-20,KATHERINE GILMORE RICHARDSON,DEM,83
42-20,KENDRA BROOKS,WFP,49
42-20,NICOLAS O'ROURKE,WFP,39
42-20,NINA AHMAD,DEM,83
42-20,RUE LANDAU,DEM,64
42-20,WRITE-IN,,0
42-21,DREW MURRAY,REP,12
42-21,ISAIAH THOMAS,DEM,55
42-21,JIM HARRITY,DEM,48
42-21,JIM HASHER,REP,9
42-21,KATHERINE GILMORE RICHARDSON,DEM,50
42-21,KENDRA BROOKS,WFP,15
42-21,NICOLAS O'ROURKE,WFP,15
42-21,NINA AHMAD,DEM,53
42-21,RUE LANDAU,DEM,45
42-21,WRITE-IN,,0
42-22,DREW MURRAY,REP,28
42-22,ISAIAH THOMAS,DEM,60
42-22,JIM HARRITY,DEM,51
42-22,JIM HASHER,REP,25
42-22,KATHERINE GILMORE RICHARDSON,DEM,53
42-22,KENDRA BROOKS,WFP,17
42-22,NICOLAS O'ROURKE,WFP,13
42-22,NINA AHMAD,DEM,57
42-22,RUE LANDAU,DEM,48
42-22,WRITE-IN,,0
42-23,DREW MURRAY,REP,10
42-23,ISAIAH THOMAS,DEM,36
42-23,JIM HARRITY,DEM,32
42-23,JIM HASHER,REP,10
42-23,KATHERINE GILMORE RICHARDSON,DEM,34
42-23,KENDRA BROOKS,WFP,12
42-23,NICOLAS O'ROURKE,WFP,8
42-23,NINA AHMAD,DEM,32
42-23,RUE LANDAU,DEM,26
42-23,WRITE-IN,,0
42-24,DREW MURRAY,REP,21
42-24,ISAIAH THOMAS,DEM,117
42-24,JIM HARRITY,DEM,90
42-24,JIM HASHER,REP,18
42-24,KATHERINE GILMORE RICHARDSON,DEM,103
42-24,KENDRA BROOKS,WFP,22
42-24,NICOLAS O'ROURKE,WFP,18
42-24,NINA AHMAD,DEM,112
42-24,RUE LANDAU,DEM,102
42-24,WRITE-IN,,0
42-25,DREW MURRAY,REP,10
42-25,ISAIAH THOMAS,DEM,85
42-25,JIM HARRITY,DEM,66
42-25,JIM HASHER,REP,13
42-25,KATHERINE GILMORE RICHARDSON,DEM,80
42-25,KENDRA BROOKS,WFP,21
42-25,NICOLAS O'ROURKE,WFP,15
42-25,NINA AHMAD,DEM,82
42-25,RUE LANDAU,DEM,63
42-25,WRITE-IN,,0
43-01,DREW MURRAY,REP,2
43-01,ISAIAH THOMAS,DEM,60
43-01,JIM HARRITY,DEM,55
43-01,JIM HASHER,REP,1
43-01,KATHERINE GILMORE RICHARDSON,DEM,57
43-01,KENDRA BROOKS,WFP,16
43-01,NICOLAS O'ROURKE,WFP,13
43-01,NINA AHMAD,DEM,57
43-01,RUE LANDAU,DEM,48
43-01,WRITE-IN,,0
43-02,DREW MURRAY,REP,12
43-02,ISAIAH THOMAS,DEM,99
43-02,JIM HARRITY,DEM,75
43-02,JIM HASHER,REP,10
43-02,KATHERINE GILMORE RICHARDSON,DEM,91
43-02,KENDRA BROOKS,WFP,26
43-02,NICOLAS O'ROURKE,WFP,22
43-02,NINA AHMAD,DEM,94
43-02,RUE LANDAU,DEM,68
43-02,WRITE-IN,,0
43-03,DREW MURRAY,REP,18
43-03,ISAIAH THOMAS,DEM,38
43-03,JIM HARRITY,DEM,30
43-03,JIM HASHER,REP,19
43-03,KATHERINE GILMORE RICHARDSON,DEM,35
43-03,KENDRA BROOKS,WFP,14
43-03,NICOLAS O'ROURKE,WFP,7
43-03,NINA AHMAD,DEM,35
43-03,RUE LANDAU,DEM,29
43-03,WRITE-IN,,0
43-04,DREW MURRAY,REP,6
43-04,ISAIAH THOMAS,DEM,55
43-04,JIM HARRITY,DEM,50
43-04,JIM HASHER,REP,6
43-04,KATHERINE GILMORE RICHARDSON,DEM,54
43-04,KENDRA BROOKS,WFP,13
43-04,NICOLAS O'ROURKE,WFP,8
43-04,NINA AHMAD,DEM,51
43-04,RUE LANDAU,DEM,44
43-04,WRITE-IN,,0
43-05,DREW MURRAY,REP,0
43-05,ISAIAH THOMAS,DEM,56
43-05,JIM HARRITY,DEM,45
43-05,JIM HASHER,REP,0
43-05,KATHERINE GILMORE RICHARDSON,DEM,56
43-05,KENDRA BROOKS,WFP,3
43-05,NICOLAS O'ROURKE,WFP,2
43-05,NINA AHMAD,DEM,56
43-05,RUE LANDAU,DEM,45
43-05,WRITE-IN,,0
43-06,DREW MURRAY,REP,12
43-06,ISAIAH THOMAS,DEM,39
43-06,JIM HARRITY,DEM,30
43-06,JIM HASHER,REP,11
43-06,KATHERINE GILMORE RICHARDSON,DEM,32
43-06,KENDRA BROOKS,WFP,17
43-06,NICOLAS O'ROURKE,WFP,13
43-06,NINA AHMAD,DEM,31
43-06,RUE LANDAU,DEM,26
43-06,WRITE-IN,,0
43-07,DREW MURRAY,REP,9
43-07,ISAIAH THOMAS,DEM,55
43-07,JIM HARRITY,DEM,42
43-07,JIM HASHER,REP,9
43-07,KATHERINE GILMORE RICHARDSON,DEM,50
43-07,KENDRA BROOKS,WFP,10
43-07,NICOLAS O'ROURKE,WFP,11
43-07,NINA AHMAD,DEM,48
43-07,RUE LANDAU,DEM,37
43-07,WRITE-IN,,0
43-08,DREW MURRAY,REP,6
43-08,ISAIAH THOMAS,DEM,56
43-08,JIM HARRITY,DEM,43
43-08,JIM HASHER,REP,6
43-08,KATHERINE GILMORE RICHARDSON,DEM,52
43-08,KENDRA BROOKS,WFP,16
43-08,NICOLAS O'ROURKE,WFP,12
43-08,NINA AHMAD,DEM,47
43-08,RUE LANDAU,DEM,41
43-08,WRITE-IN,,2
43-09,DREW MURRAY,REP,7
43-09,ISAIAH THOMAS,DEM,58
43-09,JIM HARRITY,DEM,43
43-09,JIM HASHER,REP,7
43-09,KATHERINE GILMORE RICHARDSON,DEM,46
43-09,KENDRA BROOKS,WFP,21
43-09,NICOLAS O'ROURKE,WFP,17
43-09,NINA AHMAD,DEM,55
43-09,RUE LANDAU,DEM,49
43-09,WRITE-IN,,0
43-10,DREW MURRAY,REP,5
43-10,ISAIAH THOMAS,DEM,62
43-10,JIM HARRITY,DEM,48
43-10,JIM HASHER,REP,1
43-10,KATHERINE GILMORE RICHARDSON,DEM,58
43-10,KENDRA BROOKS,WFP,15
43-10,NICOLAS O'ROURKE,WFP,12
43-10,NINA AHMAD,DEM,61
43-10,RUE LANDAU,DEM,49
43-10,WRITE-IN,,0
43-11,DREW MURRAY,REP,9
43-11,ISAIAH THOMAS,DEM,18
43-11,JIM HARRITY,DEM,15
43-11,JIM HASHER,REP,8
43-11,KATHERINE GILMORE RICHARDSON,DEM,18
43-11,KENDRA BROOKS,WFP,6
43-11,NICOLAS O'ROURKE,WFP,3
43-11,NINA AHMAD,DEM,18
43-11,RUE LANDAU,DEM,18
43-11,WRITE-IN,,0
43-12,DREW MURRAY,REP,12
43-12,ISAIAH THOMAS,DEM,29
43-12,JIM HARRITY,DEM,21
43-12,JIM HASHER,REP,12
43-12,KATHERINE GILMORE RICHARDSON,DEM,26
43-12,KENDRA BROOKS,WFP,4
43-12,NICOLAS O'ROURKE,WFP,4
43-12,NINA AHMAD,DEM,28
43-12,RUE LANDAU,DEM,23
43-12,WRITE-IN,,0
43-13,DREW MURRAY,REP,4
43-13,ISAIAH THOMAS,DEM,85
43-13,JIM HARRITY,DEM,74
43-13,JIM HASHER,REP,2
43-13,KATHERINE GILMORE RICHARDSON,DEM,81
43-13,KENDRA BROOKS,WFP,8
43-13,NICOLAS O'ROURKE,WFP,7
43-13,NINA AHMAD,DEM,84
43-13,RUE LANDAU,DEM,76
43-13,WRITE-IN,,0
43-14,DREW MURRAY,REP,3
43-14,ISAIAH THOMAS,DEM,43
43-14,JIM HARRITY,DEM,29
43-14,JIM HASHER,REP,2
43-14,KATHERINE GILMORE RICHARDSON,DEM,43
43-14,KENDRA BROOKS,WFP,29
43-14,NICOLAS O'ROURKE,WFP,14
43-14,NINA AHMAD,DEM,42
43-14,RUE LANDAU,DEM,31
43-14,WRITE-IN,,0
43-15,DREW MURRAY,REP,0
43-15,ISAIAH THOMAS,DEM,56
43-15,JIM HARRITY,DEM,51
43-15,JIM HASHER,REP,1
43-15,KATHERINE GILMORE RICHARDSON,DEM,54
43-15,KENDRA BROOKS,WFP,10
43-15,NICOLAS O'ROURKE,WFP,2
43-15,NINA AHMAD,DEM,56
43-15,RUE LANDAU,DEM,48
43-15,WRITE-IN,,0
43-16,DREW MURRAY,REP,7
43-16,ISAIAH THOMAS,DEM,61
43-16,JIM HARRITY,DEM,43
43-16,JIM HASHER,REP,7
43-16,KATHERINE GILMORE RICHARDSON,DEM,55
43-16,KENDRA BROOKS,WFP,15
43-16,NICOLAS O'ROURKE,WFP,9
43-16,NINA AHMAD,DEM,53
43-16,RUE LANDAU,DEM,45
43-16,WRITE-IN,,0
43-17,DREW MURRAY,REP,12
43-17,ISAIAH THOMAS,DEM,23
43-17,JIM HARRITY,DEM,19
43-17,JIM HASHER,REP,13
43-17,KATHERINE GILMORE RICHARDSON,DEM,30
43-17,KENDRA BROOKS,WFP,13
43-17,NICOLAS O'ROURKE,WFP,9
43-17,NINA AHMAD,DEM,26
43-17,RUE LANDAU,DEM,23
43-17,WRITE-IN,,0
43-18,DREW MURRAY,REP,9
43-18,ISAIAH THOMAS,DEM,42
43-18,JIM HARRITY,DEM,27
43-18,JIM HASHER,REP,6
43-18,KATHERINE GILMORE RICHARDSON,DEM,38
43-18,KENDRA BROOKS,WFP,17
43-18,NICOLAS O'ROURKE,WFP,11
43-18,NINA AHMAD,DEM,38
43-18,RUE LANDAU,DEM,25
43-18,WRITE-IN,,3
43-19,DREW MURRAY,REP,8
43-19,ISAIAH THOMAS,DEM,51
43-19,JIM HARRITY,DEM,41
43-19,JIM HASHER,REP,7
43-19,KATHERINE GILMORE RICHARDSON,DEM,45
43-19,KENDRA BROOKS,WFP,15
43-19,NICOLAS O'ROURKE,WFP,6
43-19,NINA AHMAD,DEM,47
43-19,RUE LANDAU,DEM,42
43-19,WRITE-IN,,0
43-20,DREW MURRAY,REP,10
43-20,ISAIAH THOMAS,DEM,41
43-20,JIM HARRITY,DEM,33
43-20,JIM HASHER,REP,8
43-20,KATHERINE GILMORE RICHARDSON,DEM,41
43-20,KENDRA BROOKS,WFP,6
43-20,NICOLAS O'ROURKE,WFP,6
43-20,NINA AHMAD,DEM,39
43-20,RUE LANDAU,DEM,31
43-20,WRITE-IN,,0
43-21,DREW MURRAY,REP,5
43-21,ISAIAH THOMAS,DEM,31
43-21,JIM HARRITY,DEM,26
43-21,JIM HASHER,REP,0
43-21,KATHERINE GILMORE RICHARDSON,DEM,32
43-21,KENDRA BROOKS,WFP,6
43-21,NICOLAS O'ROURKE,WFP,3
43-21,NINA AHMAD,DEM,31
43-21,RUE LANDAU,DEM,25
43-21,WRITE-IN,,2
43-22,DREW MURRAY,REP,4
43-22,ISAIAH THOMAS,DEM,63
43-22,JIM HARRITY,DEM,45
43-22,JIM HASHER,REP,6
43-22,KATHERINE GILMORE RICHARDSON,DEM,56
43-22,KENDRA BROOKS,WFP,11
43-22,NICOLAS O'ROURKE,WFP,7
43-22,NINA AHMAD,DEM,56
43-22,RUE LANDAU,DEM,42
43-22,WRITE-IN,,0
43-23,DREW MURRAY,REP,4
43-23,ISAIAH THOMAS,DEM,65
43-23,JIM HARRITY,DEM,58
43-23,JIM HASHER,REP,5
43-23,KATHERINE GILMORE RICHARDSON,DEM,51
43-23,KENDRA BROOKS,WFP,14
43-23,NICOLAS O'ROURKE,WFP,12
43-23,NINA AHMAD,DEM,62
43-23,RUE LANDAU,DEM,51
43-23,WRITE-IN,,0
43-24,DREW MURRAY,REP,5
43-24,ISAIAH THOMAS,DEM,99
43-24,JIM HARRITY,DEM,77
43-24,JIM HASHER,REP,7
43-24,KATHERINE GILMORE RICHARDSON,DEM,85
43-24,KENDRA BROOKS,WFP,10
43-24,NICOLAS O'ROURKE,WFP,6
43-24,NINA AHMAD,DEM,93
43-24,RUE LANDAU,DEM,82
43-24,WRITE-IN,,0
43-25,DREW MURRAY,REP,3
43-25,ISAIAH THOMAS,DEM,51
43-25,JIM HARRITY,DEM,39
43-25,JIM HASHER,REP,4
43-25,KATHERINE GILMORE RICHARDSON,DEM,45
43-25,KENDRA BROOKS,WFP,15
43-25,NICOLAS O'ROURKE,WFP,11
43-25,NINA AHMAD,DEM,51
43-25,RUE LANDAU,DEM,40
43-25,WRITE-IN,,0
44-01,DREW MURRAY,REP,6
44-01,ISAIAH THOMAS,DEM,118
44-01,JIM HARRITY,DEM,101
44-01,JIM HASHER,REP,5
44-01,KATHERINE GILMORE RICHARDSON,DEM,111
44-01,KENDRA BROOKS,WFP,21
44-01,NICOLAS O'ROURKE,WFP,12
44-01,NINA AHMAD,DEM,111
44-01,RUE LANDAU,DEM,99
44-01,WRITE-IN,,0
44-02,DREW MURRAY,REP,2
44-02,ISAIAH THOMAS,DEM,92
44-02,JIM HARRITY,DEM,58
44-02,JIM HASHER,REP,1
44-02,KATHERINE GILMORE RICHARDSON,DEM,75
44-02,KENDRA BROOKS,WFP,24
44-02,NICOLAS O'ROURKE,WFP,19
44-02,NINA AHMAD,DEM,81
44-02,RUE LANDAU,DEM,62
44-02,WRITE-IN,,0
44-03,DREW MURRAY,REP,3
44-03,ISAIAH THOMAS,DEM,72
44-03,JIM HARRITY,DEM,44
44-03,JIM HASHER,REP,3
44-03,KATHERINE GILMORE RICHARDSON,DEM,57
44-03,KENDRA BROOKS,WFP,30
44-03,NICOLAS O'ROURKE,WFP,15
44-03,NINA AHMAD,DEM,66
44-03,RUE LANDAU,DEM,53
44-03,WRITE-IN,,0
44-04,DREW MURRAY,REP,8
44-04,ISAIAH THOMAS,DEM,109
44-04,JIM HARRITY,DEM,79
44-04,JIM HASHER,REP,6
44-04,KATHERINE GILMORE RICHARDSON,DEM,86
44-04,KENDRA BROOKS,WFP,41
44-04,NICOLAS O'ROURKE,WFP,34
44-04,NINA AHMAD,DEM,95
44-04,RUE LANDAU,DEM,85
44-04,WRITE-IN,,0
44-05,DREW MURRAY,REP,5
44-05,ISAIAH THOMAS,DEM,63
44-05,JIM HARRITY,DEM,39
44-05,JIM HASHER,REP,4
44-05,KATHERINE GILMORE RICHARDSON,DEM,54
44-05,KENDRA BROOKS,WFP,18
44-05,NICOLAS O'ROURKE,WFP,9
44-05,NINA AHMAD,DEM,48
44-05,RUE LANDAU,DEM,36
44-05,WRITE-IN,,0
44-06,DREW MURRAY,REP,7
44-06,ISAIAH THOMAS,DEM,153
44-06,JIM HARRITY,DEM,110
44-06,JIM HASHER,REP,8
44-06,KATHERINE GILMORE RICHARDSON,DEM,138
44-06,KENDRA BROOKS,WFP,30
44-06,NICOLAS O'ROURKE,WFP,20
44-06,NINA AHMAD,DEM,146
44-06,RUE LANDAU,DEM,113
44-06,WRITE-IN,,0
44-07,DREW MURRAY,REP,7
44-07,ISAIAH THOMAS,DEM,147
44-07,JIM HARRITY,DEM,119
44-07,JIM HASHER,REP,6
44-07,KATHERINE GILMORE RICHARDSON,DEM,127
44-07,KENDRA BROOKS,WFP,32
44-07,NICOLAS O'ROURKE,WFP,25
44-07,NINA AHMAD,DEM,137
44-07,RUE LANDAU,DEM,123
44-07,WRITE-IN,,0
44-08,DREW MURRAY,REP,3
44-08,ISAIAH THOMAS,DEM,85
44-08,JIM HARRITY,DEM,50
44-08,JIM HASHER,REP,1
44-08,KATHERINE GILMORE RICHARDSON,DEM,82
44-08,KENDRA BROOKS,WFP,36
44-08,NICOLAS O'ROURKE,WFP,35
44-08,NINA AHMAD,DEM,66
44-08,RUE LANDAU,DEM,59
44-08,WRITE-IN,,1
44-09,DREW MURRAY,REP,5
44-09,ISAIAH THOMAS,DEM,89
44-09,JIM HARRITY,DEM,61
44-09,JIM HASHER,REP,2
44-09,KATHERINE GILMORE RICHARDSON,DEM,72
44-09,KENDRA BROOKS,WFP,29
44-09,NICOLAS O'ROURKE,WFP,18
44-09,NINA AHMAD,DEM,81
44-09,RUE LANDAU,DEM,59
44-09,WRITE-IN,,0
44-10,DREW MURRAY,REP,5
44-10,ISAIAH THOMAS,DEM,109
44-10,JIM HARRITY,DEM,88
44-10,JIM HASHER,REP,4
44-10,KATHERINE GILMORE RICHARDSON,DEM,99
44-10,KENDRA BROOKS,WFP,29
44-10,NICOLAS O'ROURKE,WFP,20
44-10,NINA AHMAD,DEM,99
44-10,RUE LANDAU,DEM,90
44-10,WRITE-IN,,0
44-11,DREW MURRAY,REP,6
44-11,ISAIAH THOMAS,DEM,104
44-11,JIM HARRITY,DEM,63
44-11,JIM HASHER,REP,3
44-11,KATHERINE GILMORE RICHARDSON,DEM,78
44-11,KENDRA BROOKS,WFP,22
44-11,NICOLAS O'ROURKE,WFP,18
44-11,NINA AHMAD,DEM,93
44-11,RUE LANDAU,DEM,62
44-11,WRITE-IN,,0
44-12,DREW MURRAY,REP,2
44-12,ISAIAH THOMAS,DEM,79
44-12,JIM HARRITY,DEM,56
44-12,JIM HASHER,REP,2
44-12,KATHERINE GILMORE RICHARDSON,DEM,65
44-12,KENDRA BROOKS,WFP,19
44-12,NICOLAS O'ROURKE,WFP,18
44-12,NINA AHMAD,DEM,64
44-12,RUE LANDAU,DEM,61
44-12,WRITE-IN,,0
44-13,DREW MURRAY,REP,0
44-13,ISAIAH THOMAS,DEM,94
44-13,JIM HARRITY,DEM,62
44-13,JIM HASHER,REP,3
44-13,KATHERINE GILMORE RICHARDSON,DEM,86
44-13,KENDRA BROOKS,WFP,16
44-13,NICOLAS O'ROURKE,WFP,10
44-13,NINA AHMAD,DEM,66
44-13,RUE LANDAU,DEM,55
44-13,WRITE-IN,,0
44-14,DREW MURRAY,REP,7
44-14,ISAIAH THOMAS,DEM,117
44-14,JIM HARRITY,DEM,95
44-14,JIM HASHER,REP,5
44-14,KATHERINE GILMORE RICHARDSON,DEM,113
44-14,KENDRA BROOKS,WFP,35
44-14,NICOLAS O'ROURKE,WFP,28
44-14,NINA AHMAD,DEM,115
44-14,RUE LANDAU,DEM,104
44-14,WRITE-IN,,0
44-15,DREW MURRAY,REP,3
44-15,ISAIAH THOMAS,DEM,93
44-15,JIM HARRITY,DEM,72
44-15,JIM HASHER,REP,3
44-15,KATHERINE GILMORE RICHARDSON,DEM,84
44-15,KENDRA BROOKS,WFP,30
44-15,NICOLAS O'ROURKE,WFP,23
44-15,NINA AHMAD,DEM,87
44-15,RUE LANDAU,DEM,77
44-15,WRITE-IN,,1
44-16,DREW MURRAY,REP,4
44-16,ISAIAH THOMAS,DEM,79
44-16,JIM HARRITY,DEM,65
44-16,JIM HASHER,REP,4
44-16,KATHERINE GILMORE RICHARDSON,DEM,66
44-16,KENDRA BROOKS,WFP,11
44-16,NICOLAS O'ROURKE,WFP,6
44-16,NINA AHMAD,DEM,69
44-16,RUE LANDAU,DEM,64
44-16,WRITE-IN,,0
44-17,DREW MURRAY,REP,4
44-17,ISAIAH THOMAS,DEM,90
44-17,JIM HARRITY,DEM,57
44-17,JIM HASHER,REP,3
44-17,KATHERINE GILMORE RICHARDSON,DEM,73
44-17,KENDRA BROOKS,WFP,22
44-17,NICOLAS O'ROURKE,WFP,12
44-17,NINA AHMAD,DEM,71
44-17,RUE LANDAU,DEM,53
44-17,WRITE-IN,,1
44-18,DREW MURRAY,REP,8
44-18,ISAIAH THOMAS,DEM,73
44-18,JIM HARRITY,DEM,58
44-18,JIM HASHER,REP,6
44-18,KATHERINE GILMORE RICHARDSON,DEM,70
44-18,KENDRA BROOKS,WFP,17
44-18,NICOLAS O'ROURKE,WFP,11
44-18,NINA AHMAD,DEM,64
44-18,RUE LANDAU,DEM,59
44-18,WRITE-IN,,0
44-19,DREW MURRAY,REP,4
44-19,ISAIAH THOMAS,DEM,105
44-19,JIM HARRITY,DEM,85
44-19,JIM HASHER,REP,3
44-19,KATHERINE GILMORE RICHARDSON,DEM,91
44-19,KENDRA BROOKS,WFP,17
44-19,NICOLAS O'ROURKE,WFP,11
44-19,NINA AHMAD,DEM,92
44-19,RUE LANDAU,DEM,80
44-19,WRITE-IN,,0
45-01,DREW MURRAY,REP,131
45-01,ISAIAH THOMAS,DEM,38
45-01,JIM HARRITY,DEM,65
45-01,JIM HASHER,REP,150
45-01,KATHERINE GILMORE RICHARDSON,DEM,45
45-01,KENDRA BROOKS,WFP,14
45-01,NICOLAS O'ROURKE,WFP,13
45-01,NINA AHMAD,DEM,36
45-01,RUE LANDAU,DEM,34
45-01,WRITE-IN,,1
45-02,DREW MURRAY,REP,34
45-02,ISAIAH THOMAS,DEM,30
45-02,JIM HARRITY,DEM,39
45-02,JIM HASHER,REP,37
45-02,KATHERINE GILMORE RICHARDSON,DEM,40
45-02,KENDRA BROOKS,WFP,18
45-02,NICOLAS O'ROURKE,WFP,13
45-02,NINA AHMAD,DEM,41
45-02,RUE LANDAU,DEM,34
45-02,WRITE-IN,,0
45-03,DREW MURRAY,REP,231
45-03,ISAIAH THOMAS,DEM,86
45-03,JIM HARRITY,DEM,113
45-03,JIM HASHER,REP,253
45-03,KATHERINE GILMORE RICHARDSON,DEM,95
45-03,KENDRA BROOKS,WFP,31
45-03,NICOLAS O'ROURKE,WFP,33
45-03,NINA AHMAD,DEM,75
45-03,RUE LANDAU,DEM,73
45-03,WRITE-IN,,3
45-04,DREW MURRAY,REP,173
45-04,ISAIAH THOMAS,DEM,55
45-04,JIM HARRITY,DEM,79
45-04,JIM HASHER,REP,183
45-04,KATHERINE GILMORE RICHARDSON,DEM,55
45-04,KENDRA BROOKS,WFP,38
45-04,NICOLAS O'ROURKE,WFP,33
45-04,NINA AHMAD,DEM,55
45-04,RUE LANDAU,DEM,55
45-04,WRITE-IN,,8
45-05,DREW MURRAY,REP,141
45-05,ISAIAH THOMAS,DEM,56
45-05,JIM HARRITY,DEM,81
45-05,JIM HASHER,REP,146
45-05,KATHERINE GILMORE RICHARDSON,DEM,62
45-05,KENDRA BROOKS,WFP,23
45-05,NICOLAS O'ROURKE,WFP,25
45-05,NINA AHMAD,DEM,62
45-05,RUE LANDAU,DEM,53
45-05,WRITE-IN,,4
45-06,DREW MURRAY,REP,86
45-06,ISAIAH THOMAS,DEM,43
45-06,JIM HARRITY,DEM,49
45-06,JIM HASHER,REP,102
45-06,KATHERINE GILMORE RICHARDSON,DEM,47
45-06,KENDRA BROOKS,WFP,19
45-06,NICOLAS O'ROURKE,WFP,23
45-06,NINA AHMAD,DEM,41
45-06,RUE LANDAU,DEM,46
45-06,WRITE-IN,,4
45-07,DREW MURRAY,REP,60
45-07,ISAIAH THOMAS,DEM,58
45-07,JIM HARRITY,DEM,59
45-07,JIM HASHER,REP,66
45-07,KATHERINE GILMORE RICHARDSON,DEM,60
45-07,KENDRA BROOKS,WFP,30
45-07,NICOLAS O'ROURKE,WFP,28
45-07,NINA AHMAD,DEM,63
45-07,RUE LANDAU,DEM,52
45-07,WRITE-IN,,1
45-08,DREW MURRAY,REP,16
45-08,ISAIAH THOMAS,DEM,39
45-08,JIM HARRITY,DEM,29
45-08,JIM HASHER,REP,17
45-08,KATHERINE GILMORE RICHARDSON,DEM,33
45-08,KENDRA BROOKS,WFP,8
45-08,NICOLAS O'ROURKE,WFP,7
45-08,NINA AHMAD,DEM,32
45-08,RUE LANDAU,DEM,30
45-08,WRITE-IN,,1
45-09,DREW MURRAY,REP,11
45-09,ISAIAH THOMAS,DEM,29
45-09,JIM HARRITY,DEM,34
45-09,JIM HASHER,REP,11
45-09,KATHERINE GILMORE RICHARDSON,DEM,30
45-09,KENDRA BROOKS,WFP,3
45-09,NICOLAS O'ROURKE,WFP,2
45-09,NINA AHMAD,DEM,29
45-09,RUE LANDAU,DEM,27
45-09,WRITE-IN,,1
45-10,DREW MURRAY,REP,10
45-10,ISAIAH THOMAS,DEM,21
45-10,JIM HARRITY,DEM,22
45-10,JIM HASHER,REP,11
45-10,KATHERINE GILMORE RICHARDSON,DEM,20
45-10,KENDRA BROOKS,WFP,9
45-10,NICOLAS O'ROURKE,WFP,5
45-10,NINA AHMAD,DEM,21
45-10,RUE LANDAU,DEM,18
45-10,WRITE-IN,,0
45-11,DREW MURRAY,REP,22
45-11,ISAIAH THOMAS,DEM,39
45-11,JIM HARRITY,DEM,36
45-11,JIM HASHER,REP,22
45-11,KATHERINE GILMORE RICHARDSON,DEM,35
45-11,KENDRA BROOKS,WFP,8
45-11,NICOLAS O'ROURKE,WFP,9
45-11,NINA AHMAD,DEM,36
45-11,RUE LANDAU,DEM,31
45-11,WRITE-IN,,0
45-12,DREW MURRAY,REP,25
45-12,ISAIAH THOMAS,DEM,19
45-12,JIM HARRITY,DEM,30
45-12,JIM HASHER,REP,24
45-12,KATHERINE GILMORE RICHARDSON,DEM,20
45-12,KENDRA BROOKS,WFP,12
45-12,NICOLAS O'ROURKE,WFP,11
45-12,NINA AHMAD,DEM,23
45-12,RUE LANDAU,DEM,23
45-12,WRITE-IN,,0
45-13,DREW MURRAY,REP,20
45-13,ISAIAH THOMAS,DEM,42
45-13,JIM HARRITY,DEM,39
45-13,JIM HASHER,REP,21
45-13,KATHERINE GILMORE RICHARDSON,DEM,41
45-13,KENDRA BROOKS,WFP,15
45-13,NICOLAS O'ROURKE,WFP,11
45-13,NINA AHMAD,DEM,42
45-13,RUE LANDAU,DEM,36
45-13,WRITE-IN,,0
45-14,DREW MURRAY,REP,10
45-14,ISAIAH THOMAS,DEM,17
45-14,JIM HARRITY,DEM,14
45-14,JIM HASHER,REP,11
45-14,KATHERINE GILMORE RICHARDSON,DEM,15
45-14,KENDRA BROOKS,WFP,5
45-14,NICOLAS O'ROURKE,WFP,5
45-14,NINA AHMAD,DEM,15
45-14,RUE LANDAU,DEM,15
45-14,WRITE-IN,,0
45-15,DREW MURRAY,REP,94
45-15,ISAIAH THOMAS,DEM,80
45-15,JIM HARRITY,DEM,72
45-15,JIM HASHER,REP,95
45-15,KATHERINE GILMORE RICHARDSON,DEM,80
45-15,KENDRA BROOKS,WFP,26
45-15,NICOLAS O'ROURKE,WFP,29
45-15,NINA AHMAD,DEM,66
45-15,RUE LANDAU,DEM,79
45-15,WRITE-IN,,0
45-16,DREW MURRAY,REP,10
45-16,ISAIAH THOMAS,DEM,32
45-16,JIM HARRITY,DEM,34
45-16,JIM HASHER,REP,7
45-16,KATHERINE GILMORE RICHARDSON,DEM,22
45-16,KENDRA BROOKS,WFP,6
45-16,NICOLAS O'ROURKE,WFP,6
45-16,NINA AHMAD,DEM,27
45-16,RUE LANDAU,DEM,25
45-16,WRITE-IN,,0
45-17,DREW MURRAY,REP,15
45-17,ISAIAH THOMAS,DEM,36
45-17,JIM HARRITY,DEM,37
45-17,JIM HASHER,REP,16
45-17,KATHERINE GILMORE RICHARDSON,DEM,38
45-17,KENDRA BROOKS,WFP,8
45-17,NICOLAS O'ROURKE,WFP,11
45-17,NINA AHMAD,DEM,34
45-17,RUE LANDAU,DEM,25
45-17,WRITE-IN,,0
45-18,DREW MURRAY,REP,13
45-18,ISAIAH THOMAS,DEM,31
45-18,JIM HARRITY,DEM,29
45-18,JIM HASHER,REP,12
45-18,KATHERINE GILMORE RICHARDSON,DEM,33
45-18,KENDRA BROOKS,WFP,8
45-18,NICOLAS O'ROURKE,WFP,5
45-18,NINA AHMAD,DEM,31
45-18,RUE LANDAU,DEM,29
45-18,WRITE-IN,,0
45-19,DREW MURRAY,REP,9
45-19,ISAIAH THOMAS,DEM,32
45-19,JIM HARRITY,DEM,26
45-19,JIM HASHER,REP,8
45-19,KATHERINE GILMORE RICHARDSON,DEM,32
45-19,KENDRA BROOKS,WFP,11
45-19,NICOLAS O'ROURKE,WFP,2
45-19,NINA AHMAD,DEM,33
45-19,RUE LANDAU,DEM,22
45-19,WRITE-IN,,0
45-20,DREW MURRAY,REP,206
45-20,ISAIAH THOMAS,DEM,58
45-20,JIM HARRITY,DEM,87
45-20,JIM HASHER,REP,221
45-20,KATHERINE GILMORE RICHARDSON,DEM,74
45-20,KENDRA BROOKS,WFP,20
45-20,NICOLAS O'ROURKE,WFP,24
45-20,NINA AHMAD,DEM,61
45-20,RUE LANDAU,DEM,62
45-20,WRITE-IN,,0
45-21,DREW MURRAY,REP,15
45-21,ISAIAH THOMAS,DEM,25
45-21,JIM HARRITY,DEM,21
45-21,JIM HASHER,REP,14
45-21,KATHERINE GILMORE RICHARDSON,DEM,23
45-21,KENDRA BROOKS,WFP,5
45-21,NICOLAS O'ROURKE,WFP,2
45-21,NINA AHMAD,DEM,22
45-21,RUE LANDAU,DEM,19
45-21,WRITE-IN,,0
45-22,DREW MURRAY,REP,105
45-22,ISAIAH THOMAS,DEM,62
45-22,JIM HARRITY,DEM,75
45-22,JIM HASHER,REP,114
45-22,KATHERINE GILMORE RICHARDSON,DEM,66
45-22,KENDRA BROOKS,WFP,27
45-22,NICOLAS O'ROURKE,WFP,27
45-22,NINA AHMAD,DEM,70
45-22,RUE LANDAU,DEM,63
45-22,WRITE-IN,,0
45-23,DREW MURRAY,REP,148
45-23,ISAIAH THOMAS,DEM,52
45-23,JIM HARRITY,DEM,68
45-23,JIM HASHER,REP,158
45-23,KATHERINE GILMORE RICHARDSON,DEM,65
45-23,KENDRA BROOKS,WFP,24
45-23,NICOLAS O'ROURKE,WFP,26
45-23,NINA AHMAD,DEM,57
45-23,RUE LANDAU,DEM,53
45-23,WRITE-IN,,0
45-24,DREW MURRAY,REP,132
45-24,ISAIAH THOMAS,DEM,78
45-24,JIM HARRITY,DEM,94
45-24,JIM HASHER,REP,150
45-24,KATHERINE GILMORE RICHARDSON,DEM,92
45-24,KENDRA BROOKS,WFP,30
45-24,NICOLAS O'ROURKE,WFP,26
45-24,NINA AHMAD,DEM,81
45-24,RUE LANDAU,DEM,79
45-24,WRITE-IN,,0
45-25,DREW MURRAY,REP,138
45-25,ISAIAH THOMAS,DEM,30
45-25,JIM HARRITY,DEM,46
45-25,JIM HASHER,REP,146
45-25,KATHERINE GILMORE RICHARDSON,DEM,37
45-25,KENDRA BROOKS,WFP,17
45-25,NICOLAS O'ROURKE,WFP,14
45-25,NINA AHMAD,DEM,32
45-25,RUE LANDAU,DEM,34
45-25,WRITE-IN,,0
46-01,DREW MURRAY,REP,16
46-01,ISAIAH THOMAS,DEM,241
46-01,JIM HARRITY,DEM,97
46-01,JIM HASHER,REP,14
46-01,KATHERINE GILMORE RICHARDSON,DEM,249
46-01,KENDRA BROOKS,WFP,258
46-01,NICOLAS O'ROURKE,WFP,248
46-01,NINA AHMAD,DEM,209
46-01,RUE LANDAU,DEM,277
46-01,WRITE-IN,,2
46-02,DREW MURRAY,REP,10
46-02,ISAIAH THOMAS,DEM,209
46-02,JIM HARRITY,DEM,78
46-02,JIM HASHER,REP,10
46-02,KATHERINE GILMORE RICHARDSON,DEM,199
46-02,KENDRA BROOKS,WFP,219
46-02,NICOLAS O'ROURKE,WFP,200
46-02,NINA AHMAD,DEM,159
46-02,RUE LANDAU,DEM,217
46-02,WRITE-IN,,8
46-03,DREW MURRAY,REP,12
46-03,ISAIAH THOMAS,DEM,197
46-03,JIM HARRITY,DEM,78
46-03,JIM HASHER,REP,11
46-03,KATHERINE GILMORE RICHARDSON,DEM,182
46-03,KENDRA BROOKS,WFP,159
46-03,NICOLAS O'ROURKE,WFP,146
46-03,NINA AHMAD,DEM,136
46-03,RUE LANDAU,DEM,177
46-03,WRITE-IN,,3
46-04,DREW MURRAY,REP,6
46-04,ISAIAH THOMAS,DEM,120
46-04,JIM HARRITY,DEM,52
46-04,JIM HASHER,REP,4
46-04,KATHERINE GILMORE RICHARDSON,DEM,107
46-04,KENDRA BROOKS,WFP,95
46-04,NICOLAS O'ROURKE,WFP,85
46-04,NINA AHMAD,DEM,88
46-04,RUE LANDAU,DEM,101
46-04,WRITE-IN,,1
46-05,DREW MURRAY,REP,5
46-05,ISAIAH THOMAS,DEM,133
46-05,JIM HARRITY,DEM,89
46-05,JIM HASHER,REP,7
46-05,KATHERINE GILMORE RICHARDSON,DEM,109
46-05,KENDRA BROOKS,WFP,59
46-05,NICOLAS O'ROURKE,WFP,53
46-05,NINA AHMAD,DEM,117
46-05,RUE LANDAU,DEM,98
46-05,WRITE-IN,,0
46-06,DREW MURRAY,REP,8
46-06,ISAIAH THOMAS,DEM,142
46-06,JIM HARRITY,DEM,100
46-06,JIM HASHER,REP,3
46-06,KATHERINE GILMORE RICHARDSON,DEM,127
46-06,KENDRA BROOKS,WFP,68
46-06,NICOLAS O'ROURKE,WFP,57
46-06,NINA AHMAD,DEM,123
46-06,RUE LANDAU,DEM,91
46-06,WRITE-IN,,0
46-07,DREW MURRAY,REP,15
46-07,ISAIAH THOMAS,DEM,189
46-07,JIM HARRITY,DEM,84
46-07,JIM HASHER,REP,10
46-07,KATHERINE GILMORE RICHARDSON,DEM,182
46-07,KENDRA BROOKS,WFP,179
46-07,NICOLAS O'ROURKE,WFP,165
46-07,NINA AHMAD,DEM,139
46-07,RUE LANDAU,DEM,181
46-07,WRITE-IN,,0
46-08,DREW MURRAY,REP,17
46-08,ISAIAH THOMAS,DEM,247
46-08,JIM HARRITY,DEM,104
46-08,JIM HASHER,REP,15
46-08,KATHERINE GILMORE RICHARDSON,DEM,249
46-08,KENDRA BROOKS,WFP,287
46-08,NICOLAS O'ROURKE,WFP,267
46-08,NINA AHMAD,DEM,197
46-08,RUE LANDAU,DEM,254
46-08,WRITE-IN,,3
46-09,DREW MURRAY,REP,4
46-09,ISAIAH THOMAS,DEM,176
46-09,JIM HARRITY,DEM,69
46-09,JIM HASHER,REP,3
46-09,KATHERINE GILMORE RICHARDSON,DEM,160
46-09,KENDRA BROOKS,WFP,169
46-09,NICOLAS O'ROURKE,WFP,163
46-09,NINA AHMAD,DEM,130
46-09,RUE LANDAU,DEM,173
46-09,WRITE-IN,,6
46-10,DREW MURRAY,REP,6
46-10,ISAIAH THOMAS,DEM,187
46-10,JIM HARRITY,DEM,80
46-10,JIM HASHER,REP,4
46-10,KATHERINE GILMORE RICHARDSON,DEM,170
46-10,KENDRA BROOKS,WFP,175
46-10,NICOLAS O'ROURKE,WFP,160
46-10,NINA AHMAD,DEM,134
46-10,RUE LANDAU,DEM,175
46-10,WRITE-IN,,1
46-11,DREW MURRAY,REP,8
46-11,ISAIAH THOMAS,DEM,163
46-11,JIM HARRITY,DEM,116
46-11,JIM HASHER,REP,7
46-11,KATHERINE GILMORE RICHARDSON,DEM,147
46-11,KENDRA BROOKS,WFP,86
46-11,NICOLAS O'ROURKE,WFP,77
46-11,NINA AHMAD,DEM,139
46-11,RUE LANDAU,DEM,145
46-11,WRITE-IN,,0
46-12,DREW MURRAY,REP,5
46-12,ISAIAH THOMAS,DEM,134
46-12,JIM HARRITY,DEM,81
46-12,JIM HASHER,REP,4
46-12,KATHERINE GILMORE RICHARDSON,DEM,119
46-12,KENDRA BROOKS,WFP,101
46-12,NICOLAS O'ROURKE,WFP,82
46-12,NINA AHMAD,DEM,112
46-12,RUE LANDAU,DEM,99
46-12,WRITE-IN,,1
46-13,DREW MURRAY,REP,7
46-13,ISAIAH THOMAS,DEM,127
46-13,JIM HARRITY,DEM,87
46-13,JIM HASHER,REP,5
46-13,KATHERINE GILMORE RICHARDSON,DEM,121
46-13,KENDRA BROOKS,WFP,76
46-13,NICOLAS O'ROURKE,WFP,66
46-13,NINA AHMAD,DEM,100
46-13,RUE LANDAU,DEM,95
46-13,WRITE-IN,,0
46-14,DREW MURRAY,REP,3
46-14,ISAIAH THOMAS,DEM,101
46-14,JIM HARRITY,DEM,85
46-14,JIM HASHER,REP,2
46-14,KATHERINE GILMORE RICHARDSON,DEM,93
46-14,KENDRA BROOKS,WFP,53
46-14,NICOLAS O'ROURKE,WFP,51
46-14,NINA AHMAD,DEM,99
46-14,RUE LANDAU,DEM,92
46-14,WRITE-IN,,0
46-15,DREW MURRAY,REP,0
46-15,ISAIAH THOMAS,DEM,134
46-15,JIM HARRITY,DEM,108
46-15,JIM HASHER,REP,3
46-15,KATHERINE GILMORE RICHARDSON,DEM,111
46-15,KENDRA BROOKS,WFP,76
46-15,NICOLAS O'ROURKE,WFP,64
46-15,NINA AHMAD,DEM,121
46-15,RUE LANDAU,DEM,102
46-15,WRITE-IN,,0
46-16,DREW MURRAY,REP,37
46-16,ISAIAH THOMAS,DEM,290
46-16,JIM HARRITY,DEM,129
46-16,JIM HASHER,REP,36
46-16,KATHERINE GILMORE RICHARDSON,DEM,283
46-16,KENDRA BROOKS,WFP,236
46-16,NICOLAS O'ROURKE,WFP,216
46-16,NINA AHMAD,DEM,229
46-16,RUE LANDAU,DEM,305
46-16,WRITE-IN,,1
46-17,DREW MURRAY,REP,26
46-17,ISAIAH THOMAS,DEM,306
46-17,JIM HARRITY,DEM,115
46-17,JIM HASHER,REP,15
46-17,KATHERINE GILMORE RICHARDSON,DEM,323
46-17,KENDRA BROOKS,WFP,369
46-17,NICOLAS O'ROURKE,WFP,343
46-17,NINA AHMAD,DEM,234
46-17,RUE LANDAU,DEM,341
46-17,WRITE-IN,,4
46-18,DREW MURRAY,REP,31
46-18,ISAIAH THOMAS,DEM,241
46-18,JIM HARRITY,DEM,109
46-18,JIM HASHER,REP,24
46-18,KATHERINE GILMORE RICHARDSON,DEM,210
46-18,KENDRA BROOKS,WFP,210
46-18,NICOLAS O'ROURKE,WFP,179
46-18,NINA AHMAD,DEM,202
46-18,RUE LANDAU,DEM,247
46-18,WRITE-IN,,3
46-19,DREW MURRAY,REP,45
46-19,ISAIAH THOMAS,DEM,306
46-19,JIM HARRITY,DEM,157
46-19,JIM HASHER,REP,36
46-19,KATHERINE GILMORE RICHARDSON,DEM,301
46-19,KENDRA BROOKS,WFP,249
46-19,NICOLAS O'ROURKE,WFP,225
46-19,NINA AHMAD,DEM,273
46-19,RUE LANDAU,DEM,327
46-19,WRITE-IN,,8
46-20,DREW MURRAY,REP,5
46-20,ISAIAH THOMAS,DEM,93
46-20,JIM HARRITY,DEM,79
46-20,JIM HASHER,REP,3
46-20,KATHERINE GILMORE RICHARDSON,DEM,92
46-20,KENDRA BROOKS,WFP,51
46-20,NICOLAS O'ROURKE,WFP,40
46-20,NINA AHMAD,DEM,86
46-20,RUE LANDAU,DEM,73
46-20,WRITE-IN,,0
46-21,DREW MURRAY,REP,3
46-21,ISAIAH THOMAS,DEM,93
46-21,JIM HARRITY,DEM,59
46-21,JIM HASHER,REP,4
46-21,KATHERINE GILMORE RICHARDSON,DEM,76
46-21,KENDRA BROOKS,WFP,43
46-21,NICOLAS O'ROURKE,WFP,35
46-21,NINA AHMAD,DEM,77
46-21,RUE LANDAU,DEM,63
46-21,WRITE-IN,,0
46-22,DREW MURRAY,REP,21
46-22,ISAIAH THOMAS,DEM,207
46-22,JIM HARRITY,DEM,111
46-22,JIM HASHER,REP,18
46-22,KATHERINE GILMORE RICHARDSON,DEM,213
46-22,KENDRA BROOKS,WFP,234
46-22,NICOLAS O'ROURKE,WFP,216
46-22,NINA AHMAD,DEM,185
46-22,RUE LANDAU,DEM,238
46-22,WRITE-IN,,5
46-23,DREW MURRAY,REP,35
46-23,ISAIAH THOMAS,DEM,247
46-23,JIM HARRITY,DEM,104
46-23,JIM HASHER,REP,33
46-23,KATHERINE GILMORE RICHARDSON,DEM,228
46-23,KENDRA BROOKS,WFP,231
46-23,NICOLAS O'ROURKE,WFP,220
46-23,NINA AHMAD,DEM,184
46-23,RUE LANDAU,DEM,260
46-23,WRITE-IN,,0
47-01,DREW MURRAY,REP,26
47-01,ISAIAH THOMAS,DEM,185
47-01,JIM HARRITY,DEM,131
47-01,JIM HASHER,REP,26
47-01,KATHERINE GILMORE RICHARDSON,DEM,175
47-01,KENDRA BROOKS,WFP,105
47-01,NICOLAS O'ROURKE,WFP,87
47-01,NINA AHMAD,DEM,171
47-01,RUE LANDAU,DEM,176
47-01,WRITE-IN,,4
47-02,DREW MURRAY,REP,11
47-02,ISAIAH THOMAS,DEM,94
47-02,JIM HARRITY,DEM,76
47-02,JIM HASHER,REP,7
47-02,KATHERINE GILMORE RICHARDSON,DEM,98
47-02,KENDRA BROOKS,WFP,39
47-02,NICOLAS O'ROURKE,WFP,29
47-02,NINA AHMAD,DEM,86
47-02,RUE LANDAU,DEM,77
47-02,WRITE-IN,,14
47-03,DREW MURRAY,REP,8
47-03,ISAIAH THOMAS,DEM,88
47-03,JIM HARRITY,DEM,72
47-03,JIM HASHER,REP,7
47-03,KATHERINE GILMORE RICHARDSON,DEM,80
47-03,KENDRA BROOKS,WFP,40
47-03,NICOLAS O'ROURKE,WFP,31
47-03,NINA AHMAD,DEM,83
47-03,RUE LANDAU,DEM,87
47-03,WRITE-IN,,0
47-04,DREW MURRAY,REP,9
47-04,ISAIAH THOMAS,DEM,68
47-04,JIM HARRITY,DEM,46
47-04,JIM HASHER,REP,6
47-04,KATHERINE GILMORE RICHARDSON,DEM,64
47-04,KENDRA BROOKS,WFP,26
47-04,NICOLAS O'ROURKE,WFP,24
47-04,NINA AHMAD,DEM,73
47-04,RUE LANDAU,DEM,56
47-04,WRITE-IN,,2
47-05,DREW MURRAY,REP,8
47-05,ISAIAH THOMAS,DEM,73
47-05,JIM HARRITY,DEM,58
47-05,JIM HASHER,REP,6
47-05,KATHERINE GILMORE RICHARDSON,DEM,64
47-05,KENDRA BROOKS,WFP,16
47-05,NICOLAS O'ROURKE,WFP,15
47-05,NINA AHMAD,DEM,74
47-05,RUE LANDAU,DEM,61
47-05,WRITE-IN,,0
47-06,DREW MURRAY,REP,2
47-06,ISAIAH THOMAS,DEM,36
47-06,JIM HARRITY,DEM,29
47-06,JIM HASHER,REP,3
47-06,KATHERINE GILMORE RICHARDSON,DEM,40
47-06,KENDRA BROOKS,WFP,16
47-06,NICOLAS O'ROURKE,WFP,7
47-06,NINA AHMAD,DEM,36
47-06,RUE LANDAU,DEM,33
47-06,WRITE-IN,,1
47-07,DREW MURRAY,REP,4
47-07,ISAIAH THOMAS,DEM,83
47-07,JIM HARRITY,DEM,67
47-07,JIM HASHER,REP,3
47-07,KATHERINE GILMORE RICHARDSON,DEM,77
47-07,KENDRA BROOKS,WFP,30
47-07,NICOLAS O'ROURKE,WFP,18
47-07,NINA AHMAD,DEM,81
47-07,RUE LANDAU,DEM,68
47-07,WRITE-IN,,1
47-08,DREW MURRAY,REP,4
47-08,ISAIAH THOMAS,DEM,70
47-08,JIM HARRITY,DEM,61
47-08,JIM HASHER,REP,3
47-08,KATHERINE GILMORE RICHARDSON,DEM,67
47-08,KENDRA BROOKS,WFP,14
47-08,NICOLAS O'ROURKE,WFP,10
47-08,NINA AHMAD,DEM,77
47-08,RUE LANDAU,DEM,60
47-08,WRITE-IN,,0
47-09,DREW MURRAY,REP,5
47-09,ISAIAH THOMAS,DEM,34
47-09,JIM HARRITY,DEM,30
47-09,JIM HASHER,REP,2
47-09,KATHERINE GILMORE RICHARDSON,DEM,30
47-09,KENDRA BROOKS,WFP,9
47-09,NICOLAS O'ROURKE,WFP,6
47-09,NINA AHMAD,DEM,36
47-09,RUE LANDAU,DEM,26
47-09,WRITE-IN,,0
47-10,DREW MURRAY,REP,2
47-10,ISAIAH THOMAS,DEM,53
47-10,JIM HARRITY,DEM,42
47-10,JIM HASHER,REP,3
47-10,KATHERINE GILMORE RICHARDSON,DEM,55
47-10,KENDRA BROOKS,WFP,17
47-10,NICOLAS O'ROURKE,WFP,17
47-10,NINA AHMAD,DEM,53
47-10,RUE LANDAU,DEM,44
47-10,WRITE-IN,,0
47-11,DREW MURRAY,REP,5
47-11,ISAIAH THOMAS,DEM,64
47-11,JIM HARRITY,DEM,65
47-11,JIM HASHER,REP,1
47-11,KATHERINE GILMORE RICHARDSON,DEM,55
47-11,KENDRA BROOKS,WFP,16
47-11,NICOLAS O'ROURKE,WFP,10
47-11,NINA AHMAD,DEM,59
47-11,RUE LANDAU,DEM,49
47-11,WRITE-IN,,0
47-12,DREW MURRAY,REP,7
47-12,ISAIAH THOMAS,DEM,36
47-12,JIM HARRITY,DEM,27
47-12,JIM HASHER,REP,6
47-12,KATHERINE GILMORE RICHARDSON,DEM,31
47-12,KENDRA BROOKS,WFP,10
47-12,NICOLAS O'ROURKE,WFP,12
47-12,NINA AHMAD,DEM,33
47-12,RUE LANDAU,DEM,34
47-12,WRITE-IN,,0
47-13,DREW MURRAY,REP,9
47-13,ISAIAH THOMAS,DEM,98
47-13,JIM HARRITY,DEM,65
47-13,JIM HASHER,REP,9
47-13,KATHERINE GILMORE RICHARDSON,DEM,81
47-13,KENDRA BROOKS,WFP,24
47-13,NICOLAS O'ROURKE,WFP,15
47-13,NINA AHMAD,DEM,83
47-13,RUE LANDAU,DEM,67
47-13,WRITE-IN,,1
47-14,DREW MURRAY,REP,3
47-14,ISAIAH THOMAS,DEM,55
47-14,JIM HARRITY,DEM,29
47-14,JIM HASHER,REP,2
47-14,KATHERINE GILMORE RICHARDSON,DEM,46
47-14,KENDRA BROOKS,WFP,33
47-14,NICOLAS O'ROURKE,WFP,28
47-14,NINA AHMAD,DEM,46
47-14,RUE LANDAU,DEM,34
47-14,WRITE-IN,,0
48-01,DREW MURRAY,REP,21
48-01,ISAIAH THOMAS,DEM,124
48-01,JIM HARRITY,DEM,90
48-01,JIM HASHER,REP,19
48-01,KATHERINE GILMORE RICHARDSON,DEM,123
48-01,KENDRA BROOKS,WFP,48
48-01,NICOLAS O'ROURKE,WFP,40
48-01,NINA AHMAD,DEM,113
48-01,RUE LANDAU,DEM,107
48-01,WRITE-IN,,0
48-02,DREW MURRAY,REP,13
48-02,ISAIAH THOMAS,DEM,133
48-02,JIM HARRITY,DEM,77
48-02,JIM HASHER,REP,9
48-02,KATHERINE GILMORE RICHARDSON,DEM,126
48-02,KENDRA BROOKS,WFP,113
48-02,NICOLAS O'ROURKE,WFP,107
48-02,NINA AHMAD,DEM,112
48-02,RUE LANDAU,DEM,122
48-02,WRITE-IN,,0
48-03,DREW MURRAY,REP,11
48-03,ISAIAH THOMAS,DEM,130
48-03,JIM HARRITY,DEM,90
48-03,JIM HASHER,REP,12
48-03,KATHERINE GILMORE RICHARDSON,DEM,116
48-03,KENDRA BROOKS,WFP,92
48-03,NICOLAS O'ROURKE,WFP,89
48-03,NINA AHMAD,DEM,123
48-03,RUE LANDAU,DEM,107
48-03,WRITE-IN,,2
48-04,DREW MURRAY,REP,7
48-04,ISAIAH THOMAS,DEM,133
48-04,JIM HARRITY,DEM,95
48-04,JIM HASHER,REP,12
48-04,KATHERINE GILMORE RICHARDSON,DEM,120
48-04,KENDRA BROOKS,WFP,45
48-04,NICOLAS O'ROURKE,WFP,28
48-04,NINA AHMAD,DEM,117
48-04,RUE LANDAU,DEM,101
48-04,WRITE-IN,,0
48-05,DREW MURRAY,REP,17
48-05,ISAIAH THOMAS,DEM,103
48-05,JIM HARRITY,DEM,66
48-05,JIM HASHER,REP,20
48-05,KATHERINE GILMORE RICHARDSON,DEM,96
48-05,KENDRA BROOKS,WFP,66
48-05,NICOLAS O'ROURKE,WFP,58
48-05,NINA AHMAD,DEM,104
48-05,RUE LANDAU,DEM,82
48-05,WRITE-IN,,2
48-06,DREW MURRAY,REP,6
48-06,ISAIAH THOMAS,DEM,107
48-06,JIM HARRITY,DEM,62
48-06,JIM HASHER,REP,5
48-06,KATHERINE GILMORE RICHARDSON,DEM,99
48-06,KENDRA BROOKS,WFP,73
48-06,NICOLAS O'ROURKE,WFP,61
48-06,NINA AHMAD,DEM,98
48-06,RUE LANDAU,DEM,85
48-06,WRITE-IN,,0
48-07,DREW MURRAY,REP,45
48-07,ISAIAH THOMAS,DEM,95
48-07,JIM HARRITY,DEM,83
48-07,JIM HASHER,REP,45
48-07,KATHERINE GILMORE RICHARDSON,DEM,86
48-07,KENDRA BROOKS,WFP,29
48-07,NICOLAS O'ROURKE,WFP,28
48-07,NINA AHMAD,DEM,90
48-07,RUE LANDAU,DEM,76
48-07,WRITE-IN,,0
48-08,DREW MURRAY,REP,9
48-08,ISAIAH THOMAS,DEM,138
48-08,JIM HARRITY,DEM,111
48-08,JIM HASHER,REP,3
48-08,KATHERINE GILMORE RICHARDSON,DEM,137
48-08,KENDRA BROOKS,WFP,70
48-08,NICOLAS O'ROURKE,WFP,60
48-08,NINA AHMAD,DEM,139
48-08,RUE LANDAU,DEM,129
48-08,WRITE-IN,,6
48-09,DREW MURRAY,REP,10
48-09,ISAIAH THOMAS,DEM,109
48-09,JIM HARRITY,DEM,70
48-09,JIM HASHER,REP,9
48-09,KATHERINE GILMORE RICHARDSON,DEM,94
48-09,KENDRA BROOKS,WFP,41
48-09,NICOLAS O'ROURKE,WFP,28
48-09,NINA AHMAD,DEM,89
48-09,RUE LANDAU,DEM,74
48-09,WRITE-IN,,0
48-10,DREW MURRAY,REP,33
48-10,ISAIAH THOMAS,DEM,41
48-10,JIM HARRITY,DEM,35
48-10,JIM HASHER,REP,28
48-10,KATHERINE GILMORE RICHARDSON,DEM,41
48-10,KENDRA BROOKS,WFP,22
48-10,NICOLAS O'ROURKE,WFP,18
48-10,NINA AHMAD,DEM,39
48-10,RUE LANDAU,DEM,34
48-10,WRITE-IN,,0
48-11,DREW MURRAY,REP,5
48-11,ISAIAH THOMAS,DEM,54
48-11,JIM HARRITY,DEM,39
48-11,JIM HASHER,REP,5
48-11,KATHERINE GILMORE RICHARDSON,DEM,49
48-11,KENDRA BROOKS,WFP,26
48-11,NICOLAS O'ROURKE,WFP,16
48-11,NINA AHMAD,DEM,46
48-11,RUE LANDAU,DEM,42
48-11,WRITE-IN,,0
48-12,DREW MURRAY,REP,30
48-12,ISAIAH THOMAS,DEM,131
48-12,JIM HARRITY,DEM,90
48-12,JIM HASHER,REP,27
48-12,KATHERINE GILMORE RICHARDSON,DEM,119
48-12,KENDRA BROOKS,WFP,61
48-12,NICOLAS O'ROURKE,WFP,53
48-12,NINA AHMAD,DEM,114
48-12,RUE LANDAU,DEM,114
48-12,WRITE-IN,,5
48-13,DREW MURRAY,REP,18
48-13,ISAIAH THOMAS,DEM,94
48-13,JIM HARRITY,DEM,65
48-13,JIM HASHER,REP,24
48-13,KATHERINE GILMORE RICHARDSON,DEM,91
48-13,KENDRA BROOKS,WFP,62
48-13,NICOLAS O'ROURKE,WFP,52
48-13,NINA AHMAD,DEM,82
48-13,RUE LANDAU,DEM,92
48-13,WRITE-IN,,1
48-14,DREW MURRAY,REP,19
48-14,ISAIAH THOMAS,DEM,98
48-14,JIM HARRITY,DEM,72
48-14,JIM HASHER,REP,21
48-14,KATHERINE GILMORE RICHARDSON,DEM,96
48-14,KENDRA BROOKS,WFP,50
48-14,NICOLAS O'ROURKE,WFP,46
48-14,NINA AHMAD,DEM,89
48-14,RUE LANDAU,DEM,103
48-14,WRITE-IN,,0
48-15,DREW MURRAY,REP,23
48-15,ISAIAH THOMAS,DEM,110
48-15,JIM HARRITY,DEM,82
48-15,JIM HASHER,REP,22
48-15,KATHERINE GILMORE RICHARDSON,DEM,101
48-15,KENDRA BROOKS,WFP,46
48-15,NICOLAS O'ROURKE,WFP,34
48-15,NINA AHMAD,DEM,101
48-15,RUE LANDAU,DEM,90
48-15,WRITE-IN,,1
48-16,DREW MURRAY,REP,20
48-16,ISAIAH THOMAS,DEM,84
48-16,JIM HARRITY,DEM,55
48-16,JIM HASHER,REP,21
48-16,KATHERINE GILMORE RICHARDSON,DEM,74
48-16,KENDRA BROOKS,WFP,38
48-16,NICOLAS O'ROURKE,WFP,33
48-16,NINA AHMAD,DEM,81
48-16,RUE LANDAU,DEM,70
48-16,WRITE-IN,,0
48-17,DREW MURRAY,REP,30
48-17,ISAIAH THOMAS,DEM,103
48-17,JIM HARRITY,DEM,79
48-17,JIM HASHER,REP,31
48-17,KATHERINE GILMORE RICHARDSON,DEM,88
48-17,KENDRA BROOKS,WFP,30
48-17,NICOLAS O'ROURKE,WFP,25
48-17,NINA AHMAD,DEM,100
48-17,RUE LANDAU,DEM,86
48-17,WRITE-IN,,0
48-18,DREW MURRAY,REP,15
48-18,ISAIAH THOMAS,DEM,97
48-18,JIM HARRITY,DEM,60
48-18,JIM HASHER,REP,15
48-18,KATHERINE GILMORE RICHARDSON,DEM,95
48-18,KENDRA BROOKS,WFP,82
48-18,NICOLAS O'ROURKE,WFP,71
48-18,NINA AHMAD,DEM,98
48-18,RUE LANDAU,DEM,100
48-18,WRITE-IN,,0
48-19,DREW MURRAY,REP,24
48-19,ISAIAH THOMAS,DEM,37
48-19,JIM HARRITY,DEM,33
48-19,JIM HASHER,REP,28
48-19,KATHERINE GILMORE RICHARDSON,DEM,36
48-19,KENDRA BROOKS,WFP,9
48-19,NICOLAS O'ROURKE,WFP,11
48-19,NINA AHMAD,DEM,32
48-19,RUE LANDAU,DEM,29
48-19,WRITE-IN,,0
48-20,DREW MURRAY,REP,28
48-20,ISAIAH THOMAS,DEM,123
48-20,JIM HARRITY,DEM,61
48-20,JIM HASHER,REP,19
48-20,KATHERINE GILMORE RICHARDSON,DEM,126
48-20,KENDRA BROOKS,WFP,92
48-20,NICOLAS O'ROURKE,WFP,85
48-20,NINA AHMAD,DEM,96
48-20,RUE LANDAU,DEM,126
48-20,WRITE-IN,,1
48-21,DREW MURRAY,REP,2
48-21,ISAIAH THOMAS,DEM,161
48-21,JIM HARRITY,DEM,118
48-21,JIM HASHER,REP,2
48-21,KATHERINE GILMORE RICHARDSON,DEM,136
48-21,KENDRA BROOKS,WFP,31
48-21,NICOLAS O'ROURKE,WFP,15
48-21,NINA AHMAD,DEM,147
48-21,RUE LANDAU,DEM,120
48-21,WRITE-IN,,0
48-22,DREW MURRAY,REP,37
48-22,ISAIAH THOMAS,DEM,24
48-22,JIM HARRITY,DEM,29
48-22,JIM HASHER,REP,30
48-22,KATHERINE GILMORE RICHARDSON,DEM,28
48-22,KENDRA BROOKS,WFP,13
48-22,NICOLAS O'ROURKE,WFP,12
48-22,NINA AHMAD,DEM,26
48-22,RUE LANDAU,DEM,25
48-22,WRITE-IN,,0
48-23,DREW MURRAY,REP,4
48-23,ISAIAH THOMAS,DEM,73
48-23,JIM HARRITY,DEM,47
48-23,JIM HASHER,REP,4
48-23,KATHERINE GILMORE RICHARDSON,DEM,64
48-23,KENDRA BROOKS,WFP,41
48-23,NICOLAS O'ROURKE,WFP,30
48-23,NINA AHMAD,DEM,65
48-23,RUE LANDAU,DEM,42
48-23,WRITE-IN,,2
49-01,DREW MURRAY,REP,6
49-01,ISAIAH THOMAS,DEM,74
49-01,JIM HARRITY,DEM,61
49-01,JIM HASHER,REP,2
49-01,KATHERINE GILMORE RICHARDSON,DEM,79
49-01,KENDRA BROOKS,WFP,28
49-01,NICOLAS O'ROURKE,WFP,14
49-01,NINA AHMAD,DEM,69
49-01,RUE LANDAU,DEM,55
49-01,WRITE-IN,,0
49-02,DREW MURRAY,REP,17
49-02,ISAIAH THOMAS,DEM,154
49-02,JIM HARRITY,DEM,99
49-02,JIM HASHER,REP,17
49-02,KATHERINE GILMORE RICHARDSON,DEM,123
49-02,KENDRA BROOKS,WFP,50
49-02,NICOLAS O'ROURKE,WFP,30
49-02,NINA AHMAD,DEM,140
49-02,RUE LANDAU,DEM,104
49-02,WRITE-IN,,3
49-03,DREW MURRAY,REP,12
49-03,ISAIAH THOMAS,DEM,189
49-03,JIM HARRITY,DEM,130
49-03,JIM HASHER,REP,8
49-03,KATHERINE GILMORE RICHARDSON,DEM,164
49-03,KENDRA BROOKS,WFP,52
49-03,NICOLAS O'ROURKE,WFP,36
49-03,NINA AHMAD,DEM,173
49-03,RUE LANDAU,DEM,139
49-03,WRITE-IN,,0
49-04,DREW MURRAY,REP,3
49-04,ISAIAH THOMAS,DEM,117
49-04,JIM HARRITY,DEM,76
49-04,JIM HASHER,REP,6
49-04,KATHERINE GILMORE RICHARDSON,DEM,98
49-04,KENDRA BROOKS,WFP,47
49-04,NICOLAS O'ROURKE,WFP,39
49-04,NINA AHMAD,DEM,103
49-04,RUE LANDAU,DEM,90
49-04,WRITE-IN,,0
49-05,DREW MURRAY,REP,3
49-05,ISAIAH THOMAS,DEM,131
49-05,JIM HARRITY,DEM,99
49-05,JIM HASHER,REP,6
49-05,KATHERINE GILMORE RICHARDSON,DEM,114
49-05,KENDRA BROOKS,WFP,24
49-05,NICOLAS O'ROURKE,WFP,18
49-05,NINA AHMAD,DEM,116
49-05,RUE LANDAU,DEM,101
49-05,WRITE-IN,,0
49-06,DREW MURRAY,REP,12
49-06,ISAIAH THOMAS,DEM,203
49-06,JIM HARRITY,DEM,153
49-06,JIM HASHER,REP,11
49-06,KATHERINE GILMORE RICHARDSON,DEM,176
49-06,KENDRA BROOKS,WFP,58
49-06,NICOLAS O'ROURKE,WFP,42
49-06,NINA AHMAD,DEM,190
49-06,RUE LANDAU,DEM,149
49-06,WRITE-IN,,0
49-07,DREW MURRAY,REP,10
49-07,ISAIAH THOMAS,DEM,163
49-07,JIM HARRITY,DEM,116
49-07,JIM HASHER,REP,10
49-07,KATHERINE GILMORE RICHARDSON,DEM,151
49-07,KENDRA BROOKS,WFP,52
49-07,NICOLAS O'ROURKE,WFP,37
49-07,NINA AHMAD,DEM,137
49-07,RUE LANDAU,DEM,117
49-07,WRITE-IN,,0
49-08,DREW MURRAY,REP,29
49-08,ISAIAH THOMAS,DEM,235
49-08,JIM HARRITY,DEM,165
49-08,JIM HASHER,REP,19
49-08,KATHERINE GILMORE RICHARDSON,DEM,219
49-08,KENDRA BROOKS,WFP,78
49-08,NICOLAS O'ROURKE,WFP,40
49-08,NINA AHMAD,DEM,213
49-08,RUE LANDAU,DEM,180
49-08,WRITE-IN,,0
49-09,DREW MURRAY,REP,20
49-09,ISAIAH THOMAS,DEM,155
49-09,JIM HARRITY,DEM,130
49-09,JIM HASHER,REP,14
49-09,KATHERINE GILMORE RICHARDSON,DEM,149
49-09,KENDRA BROOKS,WFP,26
49-09,NICOLAS O'ROURKE,WFP,22
49-09,NINA AHMAD,DEM,148
49-09,RUE LANDAU,DEM,126
49-09,WRITE-IN,,0
49-10,DREW MURRAY,REP,11
49-10,ISAIAH THOMAS,DEM,113
49-10,JIM HARRITY,DEM,75
49-10,JIM HASHER,REP,8
49-10,KATHERINE GILMORE RICHARDSON,DEM,83
49-10,KENDRA BROOKS,WFP,72
49-10,NICOLAS O'ROURKE,WFP,54
49-10,NINA AHMAD,DEM,92
49-10,RUE LANDAU,DEM,62
49-10,WRITE-IN,,0
49-11,DREW MURRAY,REP,10
49-11,ISAIAH THOMAS,DEM,103
49-11,JIM HARRITY,DEM,81
49-11,JIM HASHER,REP,9
49-11,KATHERINE GILMORE RICHARDSON,DEM,94
49-11,KENDRA BROOKS,WFP,35
49-11,NICOLAS O'ROURKE,WFP,29
49-11,NINA AHMAD,DEM,100
49-11,RUE LANDAU,DEM,88
49-11,WRITE-IN,,0
49-12,DREW MURRAY,REP,12
49-12,ISAIAH THOMAS,DEM,145
49-12,JIM HARRITY,DEM,115
49-12,JIM HASHER,REP,9
49-12,KATHERINE GILMORE RICHARDSON,DEM,135
49-12,KENDRA BROOKS,WFP,45
49-12,NICOLAS O'ROURKE,WFP,29
49-12,NINA AHMAD,DEM,145
49-12,RUE LANDAU,DEM,116
49-12,WRITE-IN,,0
49-13,DREW MURRAY,REP,5
49-13,ISAIAH THOMAS,DEM,67
49-13,JIM HARRITY,DEM,46
49-13,JIM HASHER,REP,4
49-13,KATHERINE GILMORE RICHARDSON,DEM,62
49-13,KENDRA BROOKS,WFP,19
49-13,NICOLAS O'ROURKE,WFP,11
49-13,NINA AHMAD,DEM,63
49-13,RUE LANDAU,DEM,47
49-13,WRITE-IN,,0
49-14,DREW MURRAY,REP,5
49-14,ISAIAH THOMAS,DEM,103
49-14,JIM HARRITY,DEM,58
49-14,JIM HASHER,REP,4
49-14,KATHERINE GILMORE RICHARDSON,DEM,84
49-14,KENDRA BROOKS,WFP,49
49-14,NICOLAS O'ROURKE,WFP,44
49-14,NINA AHMAD,DEM,84
49-14,RUE LANDAU,DEM,64
49-14,WRITE-IN,,1
49-15,DREW MURRAY,REP,5
49-15,ISAIAH THOMAS,DEM,103
49-15,JIM HARRITY,DEM,76
49-15,JIM HASHER,REP,6
49-15,KATHERINE GILMORE RICHARDSON,DEM,88
49-15,KENDRA BROOKS,WFP,42
49-15,NICOLAS O'ROURKE,WFP,30
49-15,NINA AHMAD,DEM,93
49-15,RUE LANDAU,DEM,78
49-15,WRITE-IN,,0
49-16,DREW MURRAY,REP,9
49-16,ISAIAH THOMAS,DEM,147
49-16,JIM HARRITY,DEM,117
49-16,JIM HASHER,REP,12
49-16,KATHERINE GILMORE RICHARDSON,DEM,136
49-16,KENDRA BROOKS,WFP,47
49-16,NICOLAS O'ROURKE,WFP,32
49-16,NINA AHMAD,DEM,141
49-16,RUE LANDAU,DEM,114
49-16,WRITE-IN,,0
49-17,DREW MURRAY,REP,10
49-17,ISAIAH THOMAS,DEM,156
49-17,JIM HARRITY,DEM,119
49-17,JIM HASHER,REP,11
49-17,KATHERINE GILMORE RICHARDSON,DEM,144
49-17,KENDRA BROOKS,WFP,31
49-17,NICOLAS O'ROURKE,WFP,22
49-17,NINA AHMAD,DEM,138
49-17,RUE LANDAU,DEM,123
49-17,WRITE-IN,,1
49-18,DREW MURRAY,REP,14
49-18,ISAIAH THOMAS,DEM,213
49-18,JIM HARRITY,DEM,146
49-18,JIM HASHER,REP,18
49-18,KATHERINE GILMORE RICHARDSON,DEM,195
49-18,KENDRA BROOKS,WFP,56
49-18,NICOLAS O'ROURKE,WFP,46
49-18,NINA AHMAD,DEM,190
49-18,RUE LANDAU,DEM,148
49-18,WRITE-IN,,0
49-19,DREW MURRAY,REP,9
49-19,ISAIAH THOMAS,DEM,101
49-19,JIM HARRITY,DEM,67
49-19,JIM HASHER,REP,7
49-19,KATHERINE GILMORE RICHARDSON,DEM,83
49-19,KENDRA BROOKS,WFP,58
49-19,NICOLAS O'ROURKE,WFP,49
49-19,NINA AHMAD,DEM,90
49-19,RUE LANDAU,DEM,71
49-19,WRITE-IN,,2
49-20,DREW MURRAY,REP,9
49-20,ISAIAH THOMAS,DEM,167
49-20,JIM HARRITY,DEM,117
49-20,JIM HASHER,REP,5
49-20,KATHERINE GILMORE RICHARDSON,DEM,148
49-20,KENDRA BROOKS,WFP,45
49-20,NICOLAS O'ROURKE,WFP,27
49-20,NINA AHMAD,DEM,154
49-20,RUE LANDAU,DEM,135
49-20,WRITE-IN,,2
49-21,DREW MURRAY,REP,21
49-21,ISAIAH THOMAS,DEM,226
49-21,JIM HARRITY,DEM,168
49-21,JIM HASHER,REP,17
49-21,KATHERINE GILMORE RICHARDSON,DEM,206
49-21,KENDRA BROOKS,WFP,58
49-21,NICOLAS O'ROURKE,WFP,42
49-21,NINA AHMAD,DEM,207
49-21,RUE LANDAU,DEM,177
49-21,WRITE-IN,,0
49-22,DREW MURRAY,REP,4
49-22,ISAIAH THOMAS,DEM,147
49-22,JIM HARRITY,DEM,101
49-22,JIM HASHER,REP,4
49-22,KATHERINE GILMORE RICHARDSON,DEM,128
49-22,KENDRA BROOKS,WFP,71
49-22,NICOLAS O'ROURKE,WFP,59
49-22,NINA AHMAD,DEM,139
49-22,RUE LANDAU,DEM,111
49-22,WRITE-IN,,0
50-01,DREW MURRAY,REP,10
50-01,ISAIAH THOMAS,DEM,194
50-01,JIM HARRITY,DEM,143
50-01,JIM HASHER,REP,10
50-01,KATHERINE GILMORE RICHARDSON,DEM,180
50-01,KENDRA BROOKS,WFP,38
50-01,NICOLAS O'ROURKE,WFP,27
50-01,NINA AHMAD,DEM,176
50-01,RUE LANDAU,DEM,148
50-01,WRITE-IN,,0
50-02,DREW MURRAY,REP,19
50-02,ISAIAH THOMAS,DEM,315
50-02,JIM HARRITY,DEM,224
50-02,JIM HASHER,REP,16
50-02,KATHERINE GILMORE RICHARDSON,DEM,277
50-02,KENDRA BROOKS,WFP,112
50-02,NICOLAS O'ROURKE,WFP,79
50-02,NINA AHMAD,DEM,284
50-02,RUE LANDAU,DEM,221
50-02,WRITE-IN,,0
50-03,DREW MURRAY,REP,13
50-03,ISAIAH THOMAS,DEM,247
50-03,JIM HARRITY,DEM,179
50-03,JIM HASHER,REP,13
50-03,KATHERINE GILMORE RICHARDSON,DEM,230
50-03,KENDRA BROOKS,WFP,64
50-03,NICOLAS O'ROURKE,WFP,48
50-03,NINA AHMAD,DEM,236
50-03,RUE LANDAU,DEM,191
50-03,WRITE-IN,,0
50-04,DREW MURRAY,REP,15
50-04,ISAIAH THOMAS,DEM,248
50-04,JIM HARRITY,DEM,181
50-04,JIM HASHER,REP,13
50-04,KATHERINE GILMORE RICHARDSON,DEM,211
50-04,KENDRA BROOKS,WFP,40
50-04,NICOLAS O'ROURKE,WFP,30
50-04,NINA AHMAD,DEM,220
50-04,RUE LANDAU,DEM,188
50-04,WRITE-IN,,0
50-05,DREW MURRAY,REP,10
50-05,ISAIAH THOMAS,DEM,260
50-05,JIM HARRITY,DEM,193
50-05,JIM HASHER,REP,10
50-05,KATHERINE GILMORE RICHARDSON,DEM,239
50-05,KENDRA BROOKS,WFP,82
50-05,NICOLAS O'ROURKE,WFP,54
50-05,NINA AHMAD,DEM,246
50-05,RUE LANDAU,DEM,198
50-05,WRITE-IN,,0
50-06,DREW MURRAY,REP,6
50-06,ISAIAH THOMAS,DEM,193
50-06,JIM HARRITY,DEM,151
50-06,JIM HASHER,REP,7
50-06,KATHERINE GILMORE RICHARDSON,DEM,168
50-06,KENDRA BROOKS,WFP,38
50-06,NICOLAS O'ROURKE,WFP,29
50-06,NINA AHMAD,DEM,177
50-06,RUE LANDAU,DEM,152
50-06,WRITE-IN,,0
50-07,DREW MURRAY,REP,9
50-07,ISAIAH THOMAS,DEM,286
50-07,JIM HARRITY,DEM,220
50-07,JIM HASHER,REP,8
50-07,KATHERINE GILMORE RICHARDSON,DEM,259
50-07,KENDRA BROOKS,WFP,85
50-07,NICOLAS O'ROURKE,WFP,67
50-07,NINA AHMAD,DEM,283
50-07,RUE LANDAU,DEM,221
50-07,WRITE-IN,,0
50-08,DREW MURRAY,REP,8
50-08,ISAIAH THOMAS,DEM,253
50-08,JIM HARRITY,DEM,195
50-08,JIM HASHER,REP,10
50-08,KATHERINE GILMORE RICHARDSON,DEM,218
50-08,KENDRA BROOKS,WFP,51
50-08,NICOLAS O'ROURKE,WFP,40
50-08,NINA AHMAD,DEM,234
50-08,RUE LANDAU,DEM,195
50-08,WRITE-IN,,0
50-09,DREW MURRAY,REP,12
50-09,ISAIAH THOMAS,DEM,273
50-09,JIM HARRITY,DEM,211
50-09,JIM HASHER,REP,13
50-09,KATHERINE GILMORE RICHARDSON,DEM,255
50-09,KENDRA BROOKS,WFP,56
50-09,NICOLAS O'ROURKE,WFP,43
50-09,NINA AHMAD,DEM,264
50-09,RUE LANDAU,DEM,214
50-09,WRITE-IN,,0
50-10,DREW MURRAY,REP,12
50-10,ISAIAH THOMAS,DEM,200
50-10,JIM HARRITY,DEM,149
50-10,JIM HASHER,REP,12
50-10,KATHERINE GILMORE RICHARDSON,DEM,178
50-10,KENDRA BROOKS,WFP,55
50-10,NICOLAS O'ROURKE,WFP,40
50-10,NINA AHMAD,DEM,189
50-10,RUE LANDAU,DEM,147
50-10,WRITE-IN,,1
50-11,DREW MURRAY,REP,12
50-11,ISAIAH THOMAS,DEM,203
50-11,JIM HARRITY,DEM,150
50-11,JIM HASHER,REP,9
50-11,KATHERINE GILMORE RICHARDSON,DEM,188
50-11,KENDRA BROOKS,WFP,53
50-11,NICOLAS O'ROURKE,WFP,45
50-11,NINA AHMAD,DEM,183
50-11,RUE LANDAU,DEM,142
50-11,WRITE-IN,,2
50-12,DREW MURRAY,REP,10
50-12,ISAIAH THOMAS,DEM,280
50-12,JIM HARRITY,DEM,205
50-12,JIM HASHER,REP,9
50-12,KATHERINE GILMORE RICHARDSON,DEM,238
50-12,KENDRA BROOKS,WFP,59
50-12,NICOLAS O'ROURKE,WFP,47
50-12,NINA AHMAD,DEM,255
50-12,RUE LANDAU,DEM,215
50-12,WRITE-IN,,0
50-13,DREW MURRAY,REP,9
50-13,ISAIAH THOMAS,DEM,229
50-13,JIM HARRITY,DEM,151
50-13,JIM HASHER,REP,8
50-13,KATHERINE GILMORE RICHARDSON,DEM,184
50-13,KENDRA BROOKS,WFP,70
50-13,NICOLAS O'ROURKE,WFP,45
50-13,NINA AHMAD,DEM,204
50-13,RUE LANDAU,DEM,157
50-13,WRITE-IN,,1
50-14,DREW MURRAY,REP,6
50-14,ISAIAH THOMAS,DEM,186
50-14,JIM HARRITY,DEM,141
50-14,JIM HASHER,REP,5
50-14,KATHERINE GILMORE RICHARDSON,DEM,158
50-14,KENDRA BROOKS,WFP,35
50-14,NICOLAS O'ROURKE,WFP,27
50-14,NINA AHMAD,DEM,171
50-14,RUE LANDAU,DEM,146
50-14,WRITE-IN,,0
50-15,DREW MURRAY,REP,6
50-15,ISAIAH THOMAS,DEM,245
50-15,JIM HARRITY,DEM,192
50-15,JIM HASHER,REP,7
50-15,KATHERINE GILMORE RICHARDSON,DEM,217
50-15,KENDRA BROOKS,WFP,53
50-15,NICOLAS O'ROURKE,WFP,31
50-15,NINA AHMAD,DEM,221
50-15,RUE LANDAU,DEM,193
50-15,WRITE-IN,,0
50-16,DREW MURRAY,REP,11
50-16,ISAIAH THOMAS,DEM,241
50-16,JIM HARRITY,DEM,168
50-16,JIM HASHER,REP,5
50-16,KATHERINE GILMORE RICHARDSON,DEM,210
50-16,KENDRA BROOKS,WFP,67
50-16,NICOLAS O'ROURKE,WFP,45
50-16,NINA AHMAD,DEM,210
50-16,RUE LANDAU,DEM,172
50-16,WRITE-IN,,0
50-17,DREW MURRAY,REP,8
50-17,ISAIAH THOMAS,DEM,213
50-17,JIM HARRITY,DEM,158
50-17,JIM HASHER,REP,5
50-17,KATHERINE GILMORE RICHARDSON,DEM,195
50-17,KENDRA BROOKS,WFP,48
50-17,NICOLAS O'ROURKE,WFP,27
50-17,NINA AHMAD,DEM,191
50-17,RUE LANDAU,DEM,168
50-17,WRITE-IN,,0
50-18,DREW MURRAY,REP,11
50-18,ISAIAH THOMAS,DEM,206
50-18,JIM HARRITY,DEM,147
50-18,JIM HASHER,REP,10
50-18,KATHERINE GILMORE RICHARDSON,DEM,178
50-18,KENDRA BROOKS,WFP,68
50-18,NICOLAS O'ROURKE,WFP,47
50-18,NINA AHMAD,DEM,176
50-18,RUE LANDAU,DEM,149
50-18,WRITE-IN,,1
50-19,DREW MURRAY,REP,15
50-19,ISAIAH THOMAS,DEM,270
50-19,JIM HARRITY,DEM,206
50-19,JIM HASHER,REP,7
50-19,KATHERINE GILMORE RICHARDSON,DEM,243
50-19,KENDRA BROOKS,WFP,62
50-19,NICOLAS O'ROURKE,WFP,39
50-19,NINA AHMAD,DEM,253
50-19,RUE LANDAU,DEM,212
50-19,WRITE-IN,,1
50-20,DREW MURRAY,REP,9
50-20,ISAIAH THOMAS,DEM,223
50-20,JIM HARRITY,DEM,160
50-20,JIM HASHER,REP,8
50-20,KATHERINE GILMORE RICHARDSON,DEM,197
50-20,KENDRA BROOKS,WFP,69
50-20,NICOLAS O'ROURKE,WFP,41
50-20,NINA AHMAD,DEM,199
50-20,RUE LANDAU,DEM,155
50-20,WRITE-IN,,4
50-21,DREW MURRAY,REP,17
50-21,ISAIAH THOMAS,DEM,352
50-21,JIM HARRITY,DEM,280
50-21,JIM HASHER,REP,18
50-21,KATHERINE GILMORE RICHARDSON,DEM,337
50-21,KENDRA BROOKS,WFP,82
50-21,NICOLAS O'ROURKE,WFP,54
50-21,NINA AHMAD,DEM,340
50-21,RUE LANDAU,DEM,278
50-21,WRITE-IN,,1
50-22,DREW MURRAY,REP,11
50-22,ISAIAH THOMAS,DEM,265
50-22,JIM HARRITY,DEM,206
50-22,JIM HASHER,REP,8
50-22,KATHERINE GILMORE RICHARDSON,DEM,226
50-22,KENDRA BROOKS,WFP,46
50-22,NICOLAS O'ROURKE,WFP,33
50-22,NINA AHMAD,DEM,250
50-22,RUE LANDAU,DEM,203
50-22,WRITE-IN,,0
50-23,DREW MURRAY,REP,8
50-23,ISAIAH THOMAS,DEM,177
50-23,JIM HARRITY,DEM,132
50-23,JIM HASHER,REP,7
50-23,KATHERINE GILMORE RICHARDSON,DEM,166
50-23,KENDRA BROOKS,WFP,41
50-23,NICOLAS O'ROURKE,WFP,30
50-23,NINA AHMAD,DEM,176
50-23,RUE LANDAU,DEM,140
50-23,WRITE-IN,,0
50-24,DREW MURRAY,REP,18
50-24,ISAIAH THOMAS,DEM,241
50-24,JIM HARRITY,DEM,188
50-24,JIM HASHER,REP,15
50-24,KATHERINE GILMORE RICHARDSON,DEM,221
50-24,KENDRA BROOKS,WFP,58
50-24,NICOLAS O'ROURKE,WFP,39
50-24,NINA AHMAD,DEM,226
50-24,RUE LANDAU,DEM,193
50-24,WRITE-IN,,0
50-25,DREW MURRAY,REP,5
50-25,ISAIAH THOMAS,DEM,166
50-25,JIM HARRITY,DEM,129
50-25,JIM HASHER,REP,4
50-25,KATHERINE GILMORE RICHARDSON,DEM,156
50-25,KENDRA BROOKS,WFP,30
50-25,NICOLAS O'ROURKE,WFP,21
50-25,NINA AHMAD,DEM,156
50-25,RUE LANDAU,DEM,128
50-25,WRITE-IN,,0
50-26,DREW MURRAY,REP,4
50-26,ISAIAH THOMAS,DEM,223
50-26,JIM HARRITY,DEM,169
50-26,JIM HASHER,REP,4
50-26,KATHERINE GILMORE RICHARDSON,DEM,194
50-26,KENDRA BROOKS,WFP,39
50-26,NICOLAS O'ROURKE,WFP,33
50-26,NINA AHMAD,DEM,199
50-26,RUE LANDAU,DEM,177
50-26,WRITE-IN,,0
50-27,DREW MURRAY,REP,14
50-27,ISAIAH THOMAS,DEM,264
50-27,JIM HARRITY,DEM,197
50-27,JIM HASHER,REP,11
50-27,KATHERINE GILMORE RICHARDSON,DEM,233
50-27,KENDRA BROOKS,WFP,74
50-27,NICOLAS O'ROURKE,WFP,58
50-27,NINA AHMAD,DEM,251
50-27,RUE LANDAU,DEM,194
50-27,WRITE-IN,,2
50-28,DREW MURRAY,REP,5
50-28,ISAIAH THOMAS,DEM,237
50-28,JIM HARRITY,DEM,203
50-28,JIM HASHER,REP,2
50-28,KATHERINE GILMORE RICHARDSON,DEM,224
50-28,KENDRA BROOKS,WFP,38
50-28,NICOLAS O'ROURKE,WFP,23
50-28,NINA AHMAD,DEM,228
50-28,RUE LANDAU,DEM,204
50-28,WRITE-IN,,0
50-29,DREW MURRAY,REP,5
50-29,ISAIAH THOMAS,DEM,278
50-29,JIM HARRITY,DEM,208
50-29,JIM HASHER,REP,6
50-29,KATHERINE GILMORE RICHARDSON,DEM,247
50-29,KENDRA BROOKS,WFP,75
50-29,NICOLAS O'ROURKE,WFP,62
50-29,NINA AHMAD,DEM,258
50-29,RUE LANDAU,DEM,218
50-29,WRITE-IN,,2
50-30,DREW MURRAY,REP,9
50-30,ISAIAH THOMAS,DEM,175
50-30,JIM HARRITY,DEM,126
50-30,JIM HASHER,REP,12
50-30,KATHERINE GILMORE RICHARDSON,DEM,144
50-30,KENDRA BROOKS,WFP,40
50-30,NICOLAS O'ROURKE,WFP,34
50-30,NINA AHMAD,DEM,154
50-30,RUE LANDAU,DEM,121
50-30,WRITE-IN,,1
51-01,DREW MURRAY,REP,3
51-01,ISAIAH THOMAS,DEM,115
51-01,JIM HARRITY,DEM,80
51-01,JIM HASHER,REP,7
51-01,KATHERINE GILMORE RICHARDSON,DEM,90
51-01,KENDRA BROOKS,WFP,45
51-01,NICOLAS O'ROURKE,WFP,34
51-01,NINA AHMAD,DEM,96
51-01,RUE LANDAU,DEM,81
51-01,WRITE-IN,,0
51-02,DREW MURRAY,REP,3
51-02,ISAIAH THOMAS,DEM,105
51-02,JIM HARRITY,DEM,68
51-02,JIM HASHER,REP,4
51-02,KATHERINE GILMORE RICHARDSON,DEM,85
51-02,KENDRA BROOKS,WFP,47
51-02,NICOLAS O'ROURKE,WFP,46
51-02,NINA AHMAD,DEM,91
51-02,RUE LANDAU,DEM,81
51-02,WRITE-IN,,0
51-03,DREW MURRAY,REP,8
51-03,ISAIAH THOMAS,DEM,108
51-03,JIM HARRITY,DEM,88
51-03,JIM HASHER,REP,7
51-03,KATHERINE GILMORE RICHARDSON,DEM,95
51-03,KENDRA BROOKS,WFP,22
51-03,NICOLAS O'ROURKE,WFP,16
51-03,NINA AHMAD,DEM,105
51-03,RUE LANDAU,DEM,83
51-03,WRITE-IN,,1
51-04,DREW MURRAY,REP,7
51-04,ISAIAH THOMAS,DEM,156
51-04,JIM HARRITY,DEM,112
51-04,JIM HASHER,REP,3
51-04,KATHERINE GILMORE RICHARDSON,DEM,138
51-04,KENDRA BROOKS,WFP,46
51-04,NICOLAS O'ROURKE,WFP,33
51-04,NINA AHMAD,DEM,135
51-04,RUE LANDAU,DEM,114
51-04,WRITE-IN,,0
51-05,DREW MURRAY,REP,3
51-05,ISAIAH THOMAS,DEM,112
51-05,JIM HARRITY,DEM,80
51-05,JIM HASHER,REP,1
51-05,KATHERINE GILMORE RICHARDSON,DEM,110
51-05,KENDRA BROOKS,WFP,79
51-05,NICOLAS O'ROURKE,WFP,72
51-05,NINA AHMAD,DEM,103
51-05,RUE LANDAU,DEM,113
51-05,WRITE-IN,,0
51-06,DREW MURRAY,REP,10
51-06,ISAIAH THOMAS,DEM,223
51-06,JIM HARRITY,DEM,66
51-06,JIM HASHER,REP,3
51-06,KATHERINE GILMORE RICHARDSON,DEM,204
51-06,KENDRA BROOKS,WFP,251
51-06,NICOLAS O'ROURKE,WFP,240
51-06,NINA AHMAD,DEM,157
51-06,RUE LANDAU,DEM,229
51-06,WRITE-IN,,0
51-07,DREW MURRAY,REP,3
51-07,ISAIAH THOMAS,DEM,86
51-07,JIM HARRITY,DEM,60
51-07,JIM HASHER,REP,2
51-07,KATHERINE GILMORE RICHARDSON,DEM,80
51-07,KENDRA BROOKS,WFP,40
51-07,NICOLAS O'ROURKE,WFP,37
51-07,NINA AHMAD,DEM,67
51-07,RUE LANDAU,DEM,86
51-07,WRITE-IN,,0
51-08,DREW MURRAY,REP,4
51-08,ISAIAH THOMAS,DEM,80
51-08,JIM HARRITY,DEM,60
51-08,JIM HASHER,REP,6
51-08,KATHERINE GILMORE RICHARDSON,DEM,73
51-08,KENDRA BROOKS,WFP,32
51-08,NICOLAS O'ROURKE,WFP,27
51-08,NINA AHMAD,DEM,76
51-08,RUE LANDAU,DEM,67
51-08,WRITE-IN,,0
51-09,DREW MURRAY,REP,6
51-09,ISAIAH THOMAS,DEM,105
51-09,JIM HARRITY,DEM,88
51-09,JIM HASHER,REP,5
51-09,KATHERINE GILMORE RICHARDSON,DEM,91
51-09,KENDRA BROOKS,WFP,33
51-09,NICOLAS O'ROURKE,WFP,27
51-09,NINA AHMAD,DEM,94
51-09,RUE LANDAU,DEM,87
51-09,WRITE-IN,,3
51-10,DREW MURRAY,REP,9
51-10,ISAIAH THOMAS,DEM,48
51-10,JIM HARRITY,DEM,38
51-10,JIM HASHER,REP,11
51-10,KATHERINE GILMORE RICHARDSON,DEM,46
51-10,KENDRA BROOKS,WFP,24
51-10,NICOLAS O'ROURKE,WFP,18
51-10,NINA AHMAD,DEM,44
51-10,RUE LANDAU,DEM,36
51-10,WRITE-IN,,0
51-11,DREW MURRAY,REP,3
51-11,ISAIAH THOMAS,DEM,91
51-11,JIM HARRITY,DEM,71
51-11,JIM HASHER,REP,4
51-11,KATHERINE GILMORE RICHARDSON,DEM,82
51-11,KENDRA BROOKS,WFP,19
51-11,NICOLAS O'ROURKE,WFP,19
51-11,NINA AHMAD,DEM,83
51-11,RUE LANDAU,DEM,76
51-11,WRITE-IN,,0
51-12,DREW MURRAY,REP,5
51-12,ISAIAH THOMAS,DEM,143
51-12,JIM HARRITY,DEM,96
51-12,JIM HASHER,REP,4
51-12,KATHERINE GILMORE RICHARDSON,DEM,119
51-12,KENDRA BROOKS,WFP,50
51-12,NICOLAS O'ROURKE,WFP,48
51-12,NINA AHMAD,DEM,113
51-12,RUE LANDAU,DEM,107
51-12,WRITE-IN,,0
51-13,DREW MURRAY,REP,4
51-13,ISAIAH THOMAS,DEM,129
51-13,JIM HARRITY,DEM,101
51-13,JIM HASHER,REP,4
51-13,KATHERINE GILMORE RICHARDSON,DEM,122
51-13,KENDRA BROOKS,WFP,39
51-13,NICOLAS O'ROURKE,WFP,33
51-13,NINA AHMAD,DEM,122
51-13,RUE LANDAU,DEM,108
51-13,WRITE-IN,,0
51-14,DREW MURRAY,REP,8
51-14,ISAIAH THOMAS,DEM,262
51-14,JIM HARRITY,DEM,119
51-14,JIM HASHER,REP,5
51-14,KATHERINE GILMORE RICHARDSON,DEM,237
51-14,KENDRA BROOKS,WFP,203
51-14,NICOLAS O'ROURKE,WFP,179
51-14,NINA AHMAD,DEM,174
51-14,RUE LANDAU,DEM,241
51-14,WRITE-IN,,2
51-15,DREW MURRAY,REP,7
51-15,ISAIAH THOMAS,DEM,152
51-15,JIM HARRITY,DEM,103
51-15,JIM HASHER,REP,7
51-15,KATHERINE GILMORE RICHARDSON,DEM,132
51-15,KENDRA BROOKS,WFP,63
51-15,NICOLAS O'ROURKE,WFP,51
51-15,NINA AHMAD,DEM,127
51-15,RUE LANDAU,DEM,117
51-15,WRITE-IN,,1
51-16,DREW MURRAY,REP,9
51-16,ISAIAH THOMAS,DEM,103
51-16,JIM HARRITY,DEM,79
51-16,JIM HASHER,REP,8
51-16,KATHERINE GILMORE RICHARDSON,DEM,102
51-16,KENDRA BROOKS,WFP,40
51-16,NICOLAS O'ROURKE,WFP,29
51-16,NINA AHMAD,DEM,92
51-16,RUE LANDAU,DEM,81
51-16,WRITE-IN,,0
51-17,DREW MURRAY,REP,9
51-17,ISAIAH THOMAS,DEM,124
51-17,JIM HARRITY,DEM,93
51-17,JIM HASHER,REP,4
51-17,KATHERINE GILMORE RICHARDSON,DEM,114
51-17,KENDRA BROOKS,WFP,46
51-17,NICOLAS O'ROURKE,WFP,34
51-17,NINA AHMAD,DEM,107
51-17,RUE LANDAU,DEM,98
51-17,WRITE-IN,,0
51-18,DREW MURRAY,REP,2
51-18,ISAIAH THOMAS,DEM,110
51-18,JIM HARRITY,DEM,72
51-18,JIM HASHER,REP,8
51-18,KATHERINE GILMORE RICHARDSON,DEM,96
51-18,KENDRA BROOKS,WFP,41
51-18,NICOLAS O'ROURKE,WFP,31
51-18,NINA AHMAD,DEM,107
51-18,RUE LANDAU,DEM,78
51-18,WRITE-IN,,1
51-19,DREW MURRAY,REP,2
51-19,ISAIAH THOMAS,DEM,83
51-19,JIM HARRITY,DEM,63
51-19,JIM HASHER,REP,1
51-19,KATHERINE GILMORE RICHARDSON,DEM,73
51-19,KENDRA BROOKS,WFP,24
51-19,NICOLAS O'ROURKE,WFP,22
51-19,NINA AHMAD,DEM,77
51-19,RUE LANDAU,DEM,63
51-19,WRITE-IN,,0
51-20,DREW MURRAY,REP,2
51-20,ISAIAH THOMAS,DEM,88
51-20,JIM HARRITY,DEM,61
51-20,JIM HASHER,REP,5
51-20,KATHERINE GILMORE RICHARDSON,DEM,75
51-20,KENDRA BROOKS,WFP,30
51-20,NICOLAS O'ROURKE,WFP,24
51-20,NINA AHMAD,DEM,79
51-20,RUE LANDAU,DEM,57
51-20,WRITE-IN,,0
51-21,DREW MURRAY,REP,1
51-21,ISAIAH THOMAS,DEM,59
51-21,JIM HARRITY,DEM,35
51-21,JIM HASHER,REP,1
51-21,KATHERINE GILMORE RICHARDSON,DEM,49
51-21,KENDRA BROOKS,WFP,29
51-21,NICOLAS O'ROURKE,WFP,18
51-21,NINA AHMAD,DEM,54
51-21,RUE LANDAU,DEM,38
51-21,WRITE-IN,,0
51-22,DREW MURRAY,REP,1
51-22,ISAIAH THOMAS,DEM,105
51-22,JIM HARRITY,DEM,76
51-22,JIM HASHER,REP,1
51-22,KATHERINE GILMORE RICHARDSON,DEM,92
51-22,KENDRA BROOKS,WFP,29
51-22,NICOLAS O'ROURKE,WFP,21
51-22,NINA AHMAD,DEM,91
51-22,RUE LANDAU,DEM,77
51-22,WRITE-IN,,0
51-23,DREW MURRAY,REP,7
51-23,ISAIAH THOMAS,DEM,91
51-23,JIM HARRITY,DEM,61
51-23,JIM HASHER,REP,5
51-23,KATHERINE GILMORE RICHARDSON,DEM,77
51-23,KENDRA BROOKS,WFP,34
51-23,NICOLAS O'ROURKE,WFP,27
51-23,NINA AHMAD,DEM,75
51-23,RUE LANDAU,DEM,57
51-23,WRITE-IN,,0
51-24,DREW MURRAY,REP,2
51-24,ISAIAH THOMAS,DEM,87
51-24,JIM HARRITY,DEM,74
51-24,JIM HASHER,REP,2
51-24,KATHERINE GILMORE RICHARDSON,DEM,78
51-24,KENDRA BROOKS,WFP,34
51-24,NICOLAS O'ROURKE,WFP,27
51-24,NINA AHMAD,DEM,87
51-24,RUE LANDAU,DEM,77
51-24,WRITE-IN,,2
51-25,DREW MURRAY,REP,5
51-25,ISAIAH THOMAS,DEM,140
51-25,JIM HARRITY,DEM,75
51-25,JIM HASHER,REP,7
51-25,KATHERINE GILMORE RICHARDSON,DEM,123
51-25,KENDRA BROOKS,WFP,64
51-25,NICOLAS O'ROURKE,WFP,55
51-25,NINA AHMAD,DEM,94
51-25,RUE LANDAU,DEM,71
51-25,WRITE-IN,,0
51-26,DREW MURRAY,REP,4
51-26,ISAIAH THOMAS,DEM,106
51-26,JIM HARRITY,DEM,87
51-26,JIM HASHER,REP,4
51-26,KATHERINE GILMORE RICHARDSON,DEM,96
51-26,KENDRA BROOKS,WFP,22
51-26,NICOLAS O'ROURKE,WFP,17
51-26,NINA AHMAD,DEM,97
51-26,RUE LANDAU,DEM,86
51-26,WRITE-IN,,0
51-27,DREW MURRAY,REP,4
51-27,ISAIAH THOMAS,DEM,78
51-27,JIM HARRITY,DEM,64
51-27,JIM HASHER,REP,4
51-27,KATHERINE GILMORE RICHARDSON,DEM,64
51-27,KENDRA BROOKS,WFP,19
51-27,NICOLAS O'ROURKE,WFP,17
51-27,NINA AHMAD,DEM,64
51-27,RUE LANDAU,DEM,58
51-27,WRITE-IN,,0
51-28,DREW MURRAY,REP,9
51-28,ISAIAH THOMAS,DEM,122
51-28,JIM HARRITY,DEM,91
51-28,JIM HASHER,REP,8
51-28,KATHERINE GILMORE RICHARDSON,DEM,104
51-28,KENDRA BROOKS,WFP,19
51-28,NICOLAS O'ROURKE,WFP,15
51-28,NINA AHMAD,DEM,105
51-28,RUE LANDAU,DEM,87
51-28,WRITE-IN,,0
52-01,DREW MURRAY,REP,7
52-01,ISAIAH THOMAS,DEM,94
52-01,JIM HARRITY,DEM,80
52-01,JIM HASHER,REP,3
52-01,KATHERINE GILMORE RICHARDSON,DEM,91
52-01,KENDRA BROOKS,WFP,17
52-01,NICOLAS O'ROURKE,WFP,12
52-01,NINA AHMAD,DEM,82
52-01,RUE LANDAU,DEM,78
52-01,WRITE-IN,,0
52-02,DREW MURRAY,REP,22
52-02,ISAIAH THOMAS,DEM,233
52-02,JIM HARRITY,DEM,183
52-02,JIM HASHER,REP,17
52-02,KATHERINE GILMORE RICHARDSON,DEM,219
52-02,KENDRA BROOKS,WFP,51
52-02,NICOLAS O'ROURKE,WFP,36
52-02,NINA AHMAD,DEM,223
52-02,RUE LANDAU,DEM,192
52-02,WRITE-IN,,0
52-03,DREW MURRAY,REP,9
52-03,ISAIAH THOMAS,DEM,50
52-03,JIM HARRITY,DEM,40
52-03,JIM HASHER,REP,9
52-03,KATHERINE GILMORE RICHARDSON,DEM,51
52-03,KENDRA BROOKS,WFP,18
52-03,NICOLAS O'ROURKE,WFP,16
52-03,NINA AHMAD,DEM,42
52-03,RUE LANDAU,DEM,38
52-03,WRITE-IN,,0
52-04,DREW MURRAY,REP,8
52-04,ISAIAH THOMAS,DEM,115
52-04,JIM HARRITY,DEM,80
52-04,JIM HASHER,REP,6
52-04,KATHERINE GILMORE RICHARDSON,DEM,106
52-04,KENDRA BROOKS,WFP,35
52-04,NICOLAS O'ROURKE,WFP,27
52-04,NINA AHMAD,DEM,103
52-04,RUE LANDAU,DEM,82
52-04,WRITE-IN,,0
52-05,DREW MURRAY,REP,17
52-05,ISAIAH THOMAS,DEM,200
52-05,JIM HARRITY,DEM,153
52-05,JIM HASHER,REP,13
52-05,KATHERINE GILMORE RICHARDSON,DEM,197
52-05,KENDRA BROOKS,WFP,58
52-05,NICOLAS O'ROURKE,WFP,39
52-05,NINA AHMAD,DEM,186
52-05,RUE LANDAU,DEM,156
52-05,WRITE-IN,,5
52-06,DREW MURRAY,REP,25
52-06,ISAIAH THOMAS,DEM,196
52-06,JIM HARRITY,DEM,151
52-06,JIM HASHER,REP,23
52-06,KATHERINE GILMORE RICHARDSON,DEM,201
52-06,KENDRA BROOKS,WFP,62
52-06,NICOLAS O'ROURKE,WFP,39
52-06,NINA AHMAD,DEM,195
52-06,RUE LANDAU,DEM,162
52-06,WRITE-IN,,0
52-07,DREW MURRAY,REP,24
52-07,ISAIAH THOMAS,DEM,187
52-07,JIM HARRITY,DEM,152
52-07,JIM HASHER,REP,23
52-07,KATHERINE GILMORE RICHARDSON,DEM,176
52-07,KENDRA BROOKS,WFP,34
52-07,NICOLAS O'ROURKE,WFP,23
52-07,NINA AHMAD,DEM,182
52-07,RUE LANDAU,DEM,154
52-07,WRITE-IN,,2
52-08,DREW MURRAY,REP,9
52-08,ISAIAH THOMAS,DEM,170
52-08,JIM HARRITY,DEM,130
52-08,JIM HASHER,REP,9
52-08,KATHERINE GILMORE RICHARDSON,DEM,156
52-08,KENDRA BROOKS,WFP,22
52-08,NICOLAS O'ROURKE,WFP,17
52-08,NINA AHMAD,DEM,142
52-08,RUE LANDAU,DEM,125
52-08,WRITE-IN,,0
52-09,DREW MURRAY,REP,24
52-09,ISAIAH THOMAS,DEM,182
52-09,JIM HARRITY,DEM,154
52-09,JIM HASHER,REP,24
52-09,KATHERINE GILMORE RICHARDSON,DEM,186
52-09,KENDRA BROOKS,WFP,53
52-09,NICOLAS O'ROURKE,WFP,39
52-09,NINA AHMAD,DEM,185
52-09,RUE LANDAU,DEM,160
52-09,WRITE-IN,,0
52-10,DREW MURRAY,REP,22
52-10,ISAIAH THOMAS,DEM,207
52-10,JIM HARRITY,DEM,154
52-10,JIM HASHER,REP,19
52-10,KATHERINE GILMORE RICHARDSON,DEM,211
52-10,KENDRA BROOKS,WFP,54
52-10,NICOLAS O'ROURKE,WFP,40
52-10,NINA AHMAD,DEM,203
52-10,RUE LANDAU,DEM,160
52-10,WRITE-IN,,1
52-11,DREW MURRAY,REP,14
52-11,ISAIAH THOMAS,DEM,215
52-11,JIM HARRITY,DEM,167
52-11,JIM HASHER,REP,15
52-11,KATHERINE GILMORE RICHARDSON,DEM,206
52-11,KENDRA BROOKS,WFP,57
52-11,NICOLAS O'ROURKE,WFP,40
52-11,NINA AHMAD,DEM,202
52-11,RUE LANDAU,DEM,173
52-11,WRITE-IN,,1
52-12,DREW MURRAY,REP,36
52-12,ISAIAH THOMAS,DEM,223
52-12,JIM HARRITY,DEM,181
52-12,JIM HASHER,REP,31
52-12,KATHERINE GILMORE RICHARDSON,DEM,221
52-12,KENDRA BROOKS,WFP,55
52-12,NICOLAS O'ROURKE,WFP,39
52-12,NINA AHMAD,DEM,225
52-12,RUE LANDAU,DEM,191
52-12,WRITE-IN,,0
52-13,DREW MURRAY,REP,14
52-13,ISAIAH THOMAS,DEM,223
52-13,JIM HARRITY,DEM,179
52-13,JIM HASHER,REP,10
52-13,KATHERINE GILMORE RICHARDSON,DEM,221
52-13,KENDRA BROOKS,WFP,53
52-13,NICOLAS O'ROURKE,WFP,35
52-13,NINA AHMAD,DEM,222
52-13,RUE LANDAU,DEM,185
52-13,WRITE-IN,,3
52-14,DREW MURRAY,REP,19
52-14,ISAIAH THOMAS,DEM,204
52-14,JIM HARRITY,DEM,164
52-14,JIM HASHER,REP,16
52-14,KATHERINE GILMORE RICHARDSON,DEM,197
52-14,KENDRA BROOKS,WFP,47
52-14,NICOLAS O'ROURKE,WFP,39
52-14,NINA AHMAD,DEM,196
52-14,RUE LANDAU,DEM,169
52-14,WRITE-IN,,1
52-15,DREW MURRAY,REP,11
52-15,ISAIAH THOMAS,DEM,224
52-15,JIM HARRITY,DEM,160
52-15,JIM HASHER,REP,12
52-15,KATHERINE GILMORE RICHARDSON,DEM,213
52-15,KENDRA BROOKS,WFP,66
52-15,NICOLAS O'ROURKE,WFP,44
52-15,NINA AHMAD,DEM,200
52-15,RUE LANDAU,DEM,168
52-15,WRITE-IN,,2
52-16,DREW MURRAY,REP,23
52-16,ISAIAH THOMAS,DEM,240
52-16,JIM HARRITY,DEM,179
52-16,JIM HASHER,REP,19
52-16,KATHERINE GILMORE RICHARDSON,DEM,233
52-16,KENDRA BROOKS,WFP,55
52-16,NICOLAS O'ROURKE,WFP,40
52-16,NINA AHMAD,DEM,212
52-16,RUE LANDAU,DEM,198
52-16,WRITE-IN,,5
52-17,DREW MURRAY,REP,14
52-17,ISAIAH THOMAS,DEM,192
52-17,JIM HARRITY,DEM,141
52-17,JIM HASHER,REP,15
52-17,KATHERINE GILMORE RICHARDSON,DEM,206
52-17,KENDRA BROOKS,WFP,43
52-17,NICOLAS O'ROURKE,WFP,26
52-17,NINA AHMAD,DEM,165
52-17,RUE LANDAU,DEM,146
52-17,WRITE-IN,,0
52-18,DREW MURRAY,REP,9
52-18,ISAIAH THOMAS,DEM,177
52-18,JIM HARRITY,DEM,129
52-18,JIM HASHER,REP,9
52-18,KATHERINE GILMORE RICHARDSON,DEM,171
52-18,KENDRA BROOKS,WFP,32
52-18,NICOLAS O'ROURKE,WFP,24
52-18,NINA AHMAD,DEM,150
52-18,RUE LANDAU,DEM,131
52-18,WRITE-IN,,0
52-19,DREW MURRAY,REP,8
52-19,ISAIAH THOMAS,DEM,186
52-19,JIM HARRITY,DEM,140
52-19,JIM HASHER,REP,8
52-19,KATHERINE GILMORE RICHARDSON,DEM,179
52-19,KENDRA BROOKS,WFP,31
52-19,NICOLAS O'ROURKE,WFP,24
52-19,NINA AHMAD,DEM,173
52-19,RUE LANDAU,DEM,145
52-19,WRITE-IN,,0
52-20,DREW MURRAY,REP,22
52-20,ISAIAH THOMAS,DEM,198
52-20,JIM HARRITY,DEM,149
52-20,JIM HASHER,REP,15
52-20,KATHERINE GILMORE RICHARDSON,DEM,197
52-20,KENDRA BROOKS,WFP,50
52-20,NICOLAS O'ROURKE,WFP,33
52-20,NINA AHMAD,DEM,184
52-20,RUE LANDAU,DEM,163
52-20,WRITE-IN,,1
52-21,DREW MURRAY,REP,6
52-21,ISAIAH THOMAS,DEM,107
52-21,JIM HARRITY,DEM,73
52-21,JIM HASHER,REP,6
52-21,KATHERINE GILMORE RICHARDSON,DEM,87
52-21,KENDRA BROOKS,WFP,29
52-21,NICOLAS O'ROURKE,WFP,17
52-21,NINA AHMAD,DEM,95
52-21,RUE LANDAU,DEM,79
52-21,WRITE-IN,,0
52-22,DREW MURRAY,REP,12
52-22,ISAIAH THOMAS,DEM,170
52-22,JIM HARRITY,DEM,123
52-22,JIM HASHER,REP,12
52-22,KATHERINE GILMORE RICHARDSON,DEM,146
52-22,KENDRA BROOKS,WFP,38
52-22,NICOLAS O'ROURKE,WFP,28
52-22,NINA AHMAD,DEM,145
52-22,RUE LANDAU,DEM,124
52-22,WRITE-IN,,0
52-23,DREW MURRAY,REP,7
52-23,ISAIAH THOMAS,DEM,159
52-23,JIM HARRITY,DEM,127
52-23,JIM HASHER,REP,7
52-23,KATHERINE GILMORE RICHARDSON,DEM,155
52-23,KENDRA BROOKS,WFP,28
52-23,NICOLAS O'ROURKE,WFP,18
52-23,NINA AHMAD,DEM,151
52-23,RUE LANDAU,DEM,119
52-23,WRITE-IN,,1
52-24,DREW MURRAY,REP,7
52-24,ISAIAH THOMAS,DEM,177
52-24,JIM HARRITY,DEM,154
52-24,JIM HASHER,REP,6
52-24,KATHERINE GILMORE RICHARDSON,DEM,173
52-24,KENDRA BROOKS,WFP,31
52-24,NICOLAS O'ROURKE,WFP,19
52-24,NINA AHMAD,DEM,171
52-24,RUE LANDAU,DEM,149
52-24,WRITE-IN,,0
52-25,DREW MURRAY,REP,12
52-25,ISAIAH THOMAS,DEM,228
52-25,JIM HARRITY,DEM,176
52-25,JIM HASHER,REP,10
52-25,KATHERINE GILMORE RICHARDSON,DEM,226
52-25,KENDRA BROOKS,WFP,37
52-25,NICOLAS O'ROURKE,WFP,25
52-25,NINA AHMAD,DEM,205
52-25,RUE LANDAU,DEM,179
52-25,WRITE-IN,,6
52-26,DREW MURRAY,REP,15
52-26,ISAIAH THOMAS,DEM,219
52-26,JIM HARRITY,DEM,158
52-26,JIM HASHER,REP,11
52-26,KATHERINE GILMORE RICHARDSON,DEM,204
52-26,KENDRA BROOKS,WFP,51
52-26,NICOLAS O'ROURKE,WFP,38
52-26,NINA AHMAD,DEM,182
52-26,RUE LANDAU,DEM,154
52-26,WRITE-IN,,0
52-27,DREW MURRAY,REP,9
52-27,ISAIAH THOMAS,DEM,226
52-27,JIM HARRITY,DEM,157
52-27,JIM HASHER,REP,9
52-27,KATHERINE GILMORE RICHARDSON,DEM,222
52-27,KENDRA BROOKS,WFP,48
52-27,NICOLAS O'ROURKE,WFP,26
52-27,NINA AHMAD,DEM,197
52-27,RUE LANDAU,DEM,165
52-27,WRITE-IN,,0
52-28,DREW MURRAY,REP,10
52-28,ISAIAH THOMAS,DEM,108
52-28,JIM HARRITY,DEM,78
52-28,JIM HASHER,REP,9
52-28,KATHERINE GILMORE RICHARDSON,DEM,97
52-28,KENDRA BROOKS,WFP,24
52-28,NICOLAS O'ROURKE,WFP,12
52-28,NINA AHMAD,DEM,106
52-28,RUE LANDAU,DEM,89
52-28,WRITE-IN,,0
53-01,DREW MURRAY,REP,21
53-01,ISAIAH THOMAS,DEM,103
53-01,JIM HARRITY,DEM,76
53-01,JIM HASHER,REP,15
53-01,KATHERINE GILMORE RICHARDSON,DEM,87
53-01,KENDRA BROOKS,WFP,25
53-01,NICOLAS O'ROURKE,WFP,18
53-01,NINA AHMAD,DEM,82
53-01,RUE LANDAU,DEM,81
53-01,WRITE-IN,,0
53-02,DREW MURRAY,REP,14
53-02,ISAIAH THOMAS,DEM,71
53-02,JIM HARRITY,DEM,51
53-02,JIM HASHER,REP,13
53-02,KATHERINE GILMORE RICHARDSON,DEM,58
53-02,KENDRA BROOKS,WFP,20
53-02,NICOLAS O'ROURKE,WFP,18
53-02,NINA AHMAD,DEM,54
53-02,RUE LANDAU,DEM,44
53-02,WRITE-IN,,0
53-03,DREW MURRAY,REP,19
53-03,ISAIAH THOMAS,DEM,76
53-03,JIM HARRITY,DEM,62
53-03,JIM HASHER,REP,16
53-03,KATHERINE GILMORE RICHARDSON,DEM,79
53-03,KENDRA BROOKS,WFP,29
53-03,NICOLAS O'ROURKE,WFP,24
53-03,NINA AHMAD,DEM,77
53-03,RUE LANDAU,DEM,61
53-03,WRITE-IN,,0
53-04,DREW MURRAY,REP,19
53-04,ISAIAH THOMAS,DEM,87
53-04,JIM HARRITY,DEM,76
53-04,JIM HASHER,REP,20
53-04,KATHERINE GILMORE RICHARDSON,DEM,82
53-04,KENDRA BROOKS,WFP,25
53-04,NICOLAS O'ROURKE,WFP,17
53-04,NINA AHMAD,DEM,87
53-04,RUE LANDAU,DEM,76
53-04,WRITE-IN,,0
53-05,DREW MURRAY,REP,17
53-05,ISAIAH THOMAS,DEM,113
53-05,JIM HARRITY,DEM,106
53-05,JIM HASHER,REP,14
53-05,KATHERINE GILMORE RICHARDSON,DEM,117
53-05,KENDRA BROOKS,WFP,30
53-05,NICOLAS O'ROURKE,WFP,27
53-05,NINA AHMAD,DEM,115
53-05,RUE LANDAU,DEM,87
53-05,WRITE-IN,,5
53-06,DREW MURRAY,REP,23
53-06,ISAIAH THOMAS,DEM,73
53-06,JIM HARRITY,DEM,62
53-06,JIM HASHER,REP,22
53-06,KATHERINE GILMORE RICHARDSON,DEM,71
53-06,KENDRA BROOKS,WFP,15
53-06,NICOLAS O'ROURKE,WFP,9
53-06,NINA AHMAD,DEM,71
53-06,RUE LANDAU,DEM,63
53-06,WRITE-IN,,0
53-07,DREW MURRAY,REP,15
53-07,ISAIAH THOMAS,DEM,82
53-07,JIM HARRITY,DEM,67
53-07,JIM HASHER,REP,16
53-07,KATHERINE GILMORE RICHARDSON,DEM,70
53-07,KENDRA BROOKS,WFP,15
53-07,NICOLAS O'ROURKE,WFP,9
53-07,NINA AHMAD,DEM,75
53-07,RUE LANDAU,DEM,59
53-07,WRITE-IN,,0
53-08,DREW MURRAY,REP,19
53-08,ISAIAH THOMAS,DEM,37
53-08,JIM HARRITY,DEM,33
53-08,JIM HASHER,REP,16
53-08,KATHERINE GILMORE RICHARDSON,DEM,35
53-08,KENDRA BROOKS,WFP,4
53-08,NICOLAS O'ROURKE,WFP,2
53-08,NINA AHMAD,DEM,30
53-08,RUE LANDAU,DEM,27
53-08,WRITE-IN,,1
53-09,DREW MURRAY,REP,12
53-09,ISAIAH THOMAS,DEM,60
53-09,JIM HARRITY,DEM,52
53-09,JIM HASHER,REP,12
53-09,KATHERINE GILMORE RICHARDSON,DEM,57
53-09,KENDRA BROOKS,WFP,16
53-09,NICOLAS O'ROURKE,WFP,11
53-09,NINA AHMAD,DEM,57
53-09,RUE LANDAU,DEM,55
53-09,WRITE-IN,,0
53-10,DREW MURRAY,REP,16
53-10,ISAIAH THOMAS,DEM,39
53-10,JIM HARRITY,DEM,25
53-10,JIM HASHER,REP,13
53-10,KATHERINE GILMORE RICHARDSON,DEM,42
53-10,KENDRA BROOKS,WFP,12
53-10,NICOLAS O'ROURKE,WFP,6
53-10,NINA AHMAD,DEM,38
53-10,RUE LANDAU,DEM,26
53-10,WRITE-IN,,0
53-11,DREW MURRAY,REP,35
53-11,ISAIAH THOMAS,DEM,62
53-11,JIM HARRITY,DEM,56
53-11,JIM HASHER,REP,36
53-11,KATHERINE GILMORE RICHARDSON,DEM,56
53-11,KENDRA BROOKS,WFP,20
53-11,NICOLAS O'ROURKE,WFP,20
53-11,NINA AHMAD,DEM,55
53-11,RUE LANDAU,DEM,54
53-11,WRITE-IN,,1
53-12,DREW MURRAY,REP,61
53-12,ISAIAH THOMAS,DEM,95
53-12,JIM HARRITY,DEM,92
53-12,JIM HASHER,REP,55
53-12,KATHERINE GILMORE RICHARDSON,DEM,96
53-12,KENDRA BROOKS,WFP,28
53-12,NICOLAS O'ROURKE,WFP,26
53-12,NINA AHMAD,DEM,96
53-12,RUE LANDAU,DEM,76
53-12,WRITE-IN,,4
53-13,DREW MURRAY,REP,21
53-13,ISAIAH THOMAS,DEM,79
53-13,JIM HARRITY,DEM,66
53-13,JIM HASHER,REP,20
53-13,KATHERINE GILMORE RICHARDSON,DEM,78
53-13,KENDRA BROOKS,WFP,24
53-13,NICOLAS O'ROURKE,WFP,20
53-13,NINA AHMAD,DEM,71
53-13,RUE LANDAU,DEM,57
53-13,WRITE-IN,,0
53-14,DREW MURRAY,REP,34
53-14,ISAIAH THOMAS,DEM,57
53-14,JIM HARRITY,DEM,51
53-14,JIM HASHER,REP,37
53-14,KATHERINE GILMORE RICHARDSON,DEM,49
53-14,KENDRA BROOKS,WFP,21
53-14,NICOLAS O'ROURKE,WFP,22
53-14,NINA AHMAD,DEM,62
53-14,RUE LANDAU,DEM,53
53-14,WRITE-IN,,0
53-15,DREW MURRAY,REP,71
53-15,ISAIAH THOMAS,DEM,106
53-15,JIM HARRITY,DEM,90
53-15,JIM HASHER,REP,75
53-15,KATHERINE GILMORE RICHARDSON,DEM,107
53-15,KENDRA BROOKS,WFP,41
53-15,NICOLAS O'ROURKE,WFP,36
53-15,NINA AHMAD,DEM,93
53-15,RUE LANDAU,DEM,82
53-15,WRITE-IN,,2
53-16,DREW MURRAY,REP,48
53-16,ISAIAH THOMAS,DEM,60
53-16,JIM HARRITY,DEM,60
53-16,JIM HASHER,REP,46
53-16,KATHERINE GILMORE RICHARDSON,DEM,63
53-16,KENDRA BROOKS,WFP,25
53-16,NICOLAS O'ROURKE,WFP,20
53-16,NINA AHMAD,DEM,67
53-16,RUE LANDAU,DEM,49
53-16,WRITE-IN,,0
53-17,DREW MURRAY,REP,40
53-17,ISAIAH THOMAS,DEM,63
53-17,JIM HARRITY,DEM,60
53-17,JIM HASHER,REP,45
53-17,KATHERINE GILMORE RICHARDSON,DEM,65
53-17,KENDRA BROOKS,WFP,19
53-17,NICOLAS O'ROURKE,WFP,12
53-17,NINA AHMAD,DEM,75
53-17,RUE LANDAU,DEM,52
53-17,WRITE-IN,,0
53-18,DREW MURRAY,REP,32
53-18,ISAIAH THOMAS,DEM,84
53-18,JIM HARRITY,DEM,76
53-18,JIM HASHER,REP,41
53-18,KATHERINE GILMORE RICHARDSON,DEM,83
53-18,KENDRA BROOKS,WFP,21
53-18,NICOLAS O'ROURKE,WFP,19
53-18,NINA AHMAD,DEM,89
53-18,RUE LANDAU,DEM,73
53-18,WRITE-IN,,2
53-19,DREW MURRAY,REP,41
53-19,ISAIAH THOMAS,DEM,88
53-19,JIM HARRITY,DEM,82
53-19,JIM HASHER,REP,40
53-19,KATHERINE GILMORE RICHARDSON,DEM,96
53-19,KENDRA BROOKS,WFP,25
53-19,NICOLAS O'ROURKE,WFP,19
53-19,NINA AHMAD,DEM,91
53-19,RUE LANDAU,DEM,90
53-19,WRITE-IN,,5
53-20,DREW MURRAY,REP,79
53-20,ISAIAH THOMAS,DEM,93
53-20,JIM HARRITY,DEM,79
53-20,JIM HASHER,REP,81
53-20,KATHERINE GILMORE RICHARDSON,DEM,77
53-20,KENDRA BROOKS,WFP,37
53-20,NICOLAS O'ROURKE,WFP,32
53-20,NINA AHMAD,DEM,83
53-20,RUE LANDAU,DEM,80
53-20,WRITE-IN,,5
53-21,DREW MURRAY,REP,112
53-21,ISAIAH THOMAS,DEM,78
53-21,JIM HARRITY,DEM,76
53-21,JIM HASHER,REP,115
53-21,KATHERINE GILMORE RICHARDSON,DEM,84
53-21,KENDRA BROOKS,WFP,25
53-21,NICOLAS O'ROURKE,WFP,31
53-21,NINA AHMAD,DEM,75
53-21,RUE LANDAU,DEM,75
53-21,WRITE-IN,,0
53-22,DREW MURRAY,REP,37
53-22,ISAIAH THOMAS,DEM,83
53-22,JIM HARRITY,DEM,79
53-22,JIM HASHER,REP,37
53-22,KATHERINE GILMORE RICHARDSON,DEM,83
53-22,KENDRA BROOKS,WFP,17
53-22,NICOLAS O'ROURKE,WFP,16
53-22,NINA AHMAD,DEM,76
53-22,RUE LANDAU,DEM,67
53-22,WRITE-IN,,1
53-23,DREW MURRAY,REP,28
53-23,ISAIAH THOMAS,DEM,66
53-23,JIM HARRITY,DEM,65
53-23,JIM HASHER,REP,28
53-23,KATHERINE GILMORE RICHARDSON,DEM,61
53-23,KENDRA BROOKS,WFP,9
53-23,NICOLAS O'ROURKE,WFP,9
53-23,NINA AHMAD,DEM,64
53-23,RUE LANDAU,DEM,57
53-23,WRITE-IN,,0
54-01,DREW MURRAY,REP,9
54-01,ISAIAH THOMAS,DEM,66
54-01,JIM HARRITY,DEM,58
54-01,JIM HASHER,REP,9
54-01,KATHERINE GILMORE RICHARDSON,DEM,72
54-01,KENDRA BROOKS,WFP,11
54-01,NICOLAS O'ROURKE,WFP,7
54-01,NINA AHMAD,DEM,67
54-01,RUE LANDAU,DEM,59
54-01,WRITE-IN,,0
54-02,DREW MURRAY,REP,13
54-02,ISAIAH THOMAS,DEM,67
54-02,JIM HARRITY,DEM,58
54-02,JIM HASHER,REP,8
54-02,KATHERINE GILMORE RICHARDSON,DEM,64
54-02,KENDRA BROOKS,WFP,17
54-02,NICOLAS O'ROURKE,WFP,13
54-02,NINA AHMAD,DEM,70
54-02,RUE LANDAU,DEM,52
54-02,WRITE-IN,,0
54-03,DREW MURRAY,REP,16
54-03,ISAIAH THOMAS,DEM,44
54-03,JIM HARRITY,DEM,40
54-03,JIM HASHER,REP,15
54-03,KATHERINE GILMORE RICHARDSON,DEM,42
54-03,KENDRA BROOKS,WFP,6
54-03,NICOLAS O'ROURKE,WFP,8
54-03,NINA AHMAD,DEM,41
54-03,RUE LANDAU,DEM,44
54-03,WRITE-IN,,0
54-04,DREW MURRAY,REP,20
54-04,ISAIAH THOMAS,DEM,71
54-04,JIM HARRITY,DEM,61
54-04,JIM HASHER,REP,20
54-04,KATHERINE GILMORE RICHARDSON,DEM,57
54-04,KENDRA BROOKS,WFP,12
54-04,NICOLAS O'ROURKE,WFP,13
54-04,NINA AHMAD,DEM,68
54-04,RUE LANDAU,DEM,59
54-04,WRITE-IN,,0
54-05,DREW MURRAY,REP,13
54-05,ISAIAH THOMAS,DEM,64
54-05,JIM HARRITY,DEM,54
54-05,JIM HASHER,REP,12
54-05,KATHERINE GILMORE RICHARDSON,DEM,62
54-05,KENDRA BROOKS,WFP,9
54-05,NICOLAS O'ROURKE,WFP,4
54-05,NINA AHMAD,DEM,65
54-05,RUE LANDAU,DEM,56
54-05,WRITE-IN,,1
54-06,DREW MURRAY,REP,13
54-06,ISAIAH THOMAS,DEM,53
54-06,JIM HARRITY,DEM,50
54-06,JIM HASHER,REP,15
54-06,KATHERINE GILMORE RICHARDSON,DEM,48
54-06,KENDRA BROOKS,WFP,13
54-06,NICOLAS O'ROURKE,WFP,6
54-06,NINA AHMAD,DEM,55
54-06,RUE LANDAU,DEM,50
54-06,WRITE-IN,,0
54-07,DREW MURRAY,REP,22
54-07,ISAIAH THOMAS,DEM,42
54-07,JIM HARRITY,DEM,42
54-07,JIM HASHER,REP,22
54-07,KATHERINE GILMORE RICHARDSON,DEM,43
54-07,KENDRA BROOKS,WFP,13
54-07,NICOLAS O'ROURKE,WFP,17
54-07,NINA AHMAD,DEM,53
54-07,RUE LANDAU,DEM,34
54-07,WRITE-IN,,3
54-08,DREW MURRAY,REP,14
54-08,ISAIAH THOMAS,DEM,32
54-08,JIM HARRITY,DEM,31
54-08,JIM HASHER,REP,13
54-08,KATHERINE GILMORE RICHARDSON,DEM,31
54-08,KENDRA BROOKS,WFP,3
54-08,NICOLAS O'ROURKE,WFP,3
54-08,NINA AHMAD,DEM,32
54-08,RUE LANDAU,DEM,29
54-08,WRITE-IN,,1
54-09,DREW MURRAY,REP,26
54-09,ISAIAH THOMAS,DEM,62
54-09,JIM HARRITY,DEM,50
54-09,JIM HASHER,REP,24
54-09,KATHERINE GILMORE RICHARDSON,DEM,67
54-09,KENDRA BROOKS,WFP,19
54-09,NICOLAS O'ROURKE,WFP,15
54-09,NINA AHMAD,DEM,57
54-09,RUE LANDAU,DEM,52
54-09,WRITE-IN,,4
54-10,DREW MURRAY,REP,35
54-10,ISAIAH THOMAS,DEM,34
54-10,JIM HARRITY,DEM,34
54-10,JIM HASHER,REP,36
54-10,KATHERINE GILMORE RICHARDSON,DEM,35
54-10,KENDRA BROOKS,WFP,4
54-10,NICOLAS O'ROURKE,WFP,6
54-10,NINA AHMAD,DEM,33
54-10,RUE LANDAU,DEM,32
54-10,WRITE-IN,,0
54-11,DREW MURRAY,REP,10
54-11,ISAIAH THOMAS,DEM,45
54-11,JIM HARRITY,DEM,37
54-11,JIM HASHER,REP,8
54-11,KATHERINE GILMORE RICHARDSON,DEM,38
54-11,KENDRA BROOKS,WFP,14
54-11,NICOLAS O'ROURKE,WFP,8
54-11,NINA AHMAD,DEM,44
54-11,RUE LANDAU,DEM,41
54-11,WRITE-IN,,0
54-12,DREW MURRAY,REP,15
54-12,ISAIAH THOMAS,DEM,53
54-12,JIM HARRITY,DEM,53
54-12,JIM HASHER,REP,16
54-12,KATHERINE GILMORE RICHARDSON,DEM,53
54-12,KENDRA BROOKS,WFP,11
54-12,NICOLAS O'ROURKE,WFP,7
54-12,NINA AHMAD,DEM,56
54-12,RUE LANDAU,DEM,48
54-12,WRITE-IN,,0
54-13,DREW MURRAY,REP,16
54-13,ISAIAH THOMAS,DEM,43
54-13,JIM HARRITY,DEM,38
54-13,JIM HASHER,REP,19
54-13,KATHERINE GILMORE RICHARDSON,DEM,32
54-13,KENDRA BROOKS,WFP,7
54-13,NICOLAS O'ROURKE,WFP,4
54-13,NINA AHMAD,DEM,46
54-13,RUE LANDAU,DEM,35
54-13,WRITE-IN,,0
54-14,DREW MURRAY,REP,12
54-14,ISAIAH THOMAS,DEM,23
54-14,JIM HARRITY,DEM,25
54-14,JIM HASHER,REP,10
54-14,KATHERINE GILMORE RICHARDSON,DEM,24
54-14,KENDRA BROOKS,WFP,6
54-14,NICOLAS O'ROURKE,WFP,3
54-14,NINA AHMAD,DEM,22
54-14,RUE LANDAU,DEM,23
54-14,WRITE-IN,,0
54-15,DREW MURRAY,REP,21
54-15,ISAIAH THOMAS,DEM,33
54-15,JIM HARRITY,DEM,29
54-15,JIM HASHER,REP,21
54-15,KATHERINE GILMORE RICHARDSON,DEM,33
54-15,KENDRA BROOKS,WFP,7
54-15,NICOLAS O'ROURKE,WFP,5
54-15,NINA AHMAD,DEM,32
54-15,RUE LANDAU,DEM,29
54-15,WRITE-IN,,1
54-16,DREW MURRAY,REP,18
54-16,ISAIAH THOMAS,DEM,26
54-16,JIM HARRITY,DEM,24
54-16,JIM HASHER,REP,19
54-16,KATHERINE GILMORE RICHARDSON,DEM,23
54-16,KENDRA BROOKS,WFP,5
54-16,NICOLAS O'ROURKE,WFP,6
54-16,NINA AHMAD,DEM,28
54-16,RUE LANDAU,DEM,22
54-16,WRITE-IN,,0
54-17,DREW MURRAY,REP,13
54-17,ISAIAH THOMAS,DEM,31
54-17,JIM HARRITY,DEM,34
54-17,JIM HASHER,REP,14
54-17,KATHERINE GILMORE RICHARDSON,DEM,31
54-17,KENDRA BROOKS,WFP,8
54-17,NICOLAS O'ROURKE,WFP,6
54-17,NINA AHMAD,DEM,34
54-17,RUE LANDAU,DEM,30
54-17,WRITE-IN,,0
54-18,DREW MURRAY,REP,23
54-18,ISAIAH THOMAS,DEM,52
54-18,JIM HARRITY,DEM,48
54-18,JIM HASHER,REP,24
54-18,KATHERINE GILMORE RICHARDSON,DEM,55
54-18,KENDRA BROOKS,WFP,13
54-18,NICOLAS O'ROURKE,WFP,7
54-18,NINA AHMAD,DEM,49
54-18,RUE LANDAU,DEM,48
54-18,WRITE-IN,,0
54-19,DREW MURRAY,REP,18
54-19,ISAIAH THOMAS,DEM,33
54-19,JIM HARRITY,DEM,32
54-19,JIM HASHER,REP,15
54-19,KATHERINE GILMORE RICHARDSON,DEM,31
54-19,KENDRA BROOKS,WFP,8
54-19,NICOLAS O'ROURKE,WFP,5
54-19,NINA AHMAD,DEM,35
54-19,RUE LANDAU,DEM,36
54-19,WRITE-IN,,0
54-20,DREW MURRAY,REP,18
54-20,ISAIAH THOMAS,DEM,29
54-20,JIM HARRITY,DEM,33
54-20,JIM HASHER,REP,21
54-20,KATHERINE GILMORE RICHARDSON,DEM,30
54-20,KENDRA BROOKS,WFP,13
54-20,NICOLAS O'ROURKE,WFP,10
54-20,NINA AHMAD,DEM,36
54-20,RUE LANDAU,DEM,34
54-20,WRITE-IN,,0
54-21,DREW MURRAY,REP,27
54-21,ISAIAH THOMAS,DEM,38
54-21,JIM HARRITY,DEM,41
54-21,JIM HASHER,REP,23
54-21,KATHERINE GILMORE RICHARDSON,DEM,35
54-21,KENDRA BROOKS,WFP,10
54-21,NICOLAS O'ROURKE,WFP,8
54-21,NINA AHMAD,DEM,41
54-21,RUE LANDAU,DEM,36
54-21,WRITE-IN,,2
54-22,DREW MURRAY,REP,11
54-22,ISAIAH THOMAS,DEM,35
54-22,JIM HARRITY,DEM,29
54-22,JIM HASHER,REP,14
54-22,KATHERINE GILMORE RICHARDSON,DEM,31
54-22,KENDRA BROOKS,WFP,3
54-22,NICOLAS O'ROURKE,WFP,1
54-22,NINA AHMAD,DEM,30
54-22,RUE LANDAU,DEM,27
54-22,WRITE-IN,,6
55-01,DREW MURRAY,REP,33
55-01,ISAIAH THOMAS,DEM,37
55-01,JIM HARRITY,DEM,36
55-01,JIM HASHER,REP,38
55-01,KATHERINE GILMORE RICHARDSON,DEM,41
55-01,KENDRA BROOKS,WFP,14
55-01,NICOLAS O'ROURKE,WFP,13
55-01,NINA AHMAD,DEM,39
55-01,RUE LANDAU,DEM,30
55-01,WRITE-IN,,0
55-02,DREW MURRAY,REP,47
55-02,ISAIAH THOMAS,DEM,67
55-02,JIM HARRITY,DEM,61
55-02,JIM HASHER,REP,42
55-02,KATHERINE GILMORE RICHARDSON,DEM,67
55-02,KENDRA BROOKS,WFP,15
55-02,NICOLAS O'ROURKE,WFP,13
55-02,NINA AHMAD,DEM,64
55-02,RUE LANDAU,DEM,63
55-02,WRITE-IN,,0
55-03,DREW MURRAY,REP,43
55-03,ISAIAH THOMAS,DEM,44
55-03,JIM HARRITY,DEM,39
55-03,JIM HASHER,REP,42
55-03,KATHERINE GILMORE RICHARDSON,DEM,41
55-03,KENDRA BROOKS,WFP,17
55-03,NICOLAS O'ROURKE,WFP,16
55-03,NINA AHMAD,DEM,41
55-03,RUE LANDAU,DEM,32
55-03,WRITE-IN,,0
55-04,DREW MURRAY,REP,55
55-04,ISAIAH THOMAS,DEM,63
55-04,JIM HARRITY,DEM,59
55-04,JIM HASHER,REP,59
55-04,KATHERINE GILMORE RICHARDSON,DEM,64
55-04,KENDRA BROOKS,WFP,21
55-04,NICOLAS O'ROURKE,WFP,21
55-04,NINA AHMAD,DEM,58
55-04,RUE LANDAU,DEM,51
55-04,WRITE-IN,,0
55-05,DREW MURRAY,REP,43
55-05,ISAIAH THOMAS,DEM,72
55-05,JIM HARRITY,DEM,85
55-05,JIM HASHER,REP,46
55-05,KATHERINE GILMORE RICHARDSON,DEM,77
55-05,KENDRA BROOKS,WFP,13
55-05,NICOLAS O'ROURKE,WFP,17
55-05,NINA AHMAD,DEM,79
55-05,RUE LANDAU,DEM,65
55-05,WRITE-IN,,2
55-06,DREW MURRAY,REP,41
55-06,ISAIAH THOMAS,DEM,43
55-06,JIM HARRITY,DEM,39
55-06,JIM HASHER,REP,45
55-06,KATHERINE GILMORE RICHARDSON,DEM,40
55-06,KENDRA BROOKS,WFP,8
55-06,NICOLAS O'ROURKE,WFP,8
55-06,NINA AHMAD,DEM,37
55-06,RUE LANDAU,DEM,34
55-06,WRITE-IN,,0
55-07,DREW MURRAY,REP,60
55-07,ISAIAH THOMAS,DEM,75
55-07,JIM HARRITY,DEM,82
55-07,JIM HASHER,REP,67
55-07,KATHERINE GILMORE RICHARDSON,DEM,78
55-07,KENDRA BROOKS,WFP,21
55-07,NICOLAS O'ROURKE,WFP,19
55-07,NINA AHMAD,DEM,77
55-07,RUE LANDAU,DEM,66
55-07,WRITE-IN,,1
55-08,DREW MURRAY,REP,32
55-08,ISAIAH THOMAS,DEM,32
55-08,JIM HARRITY,DEM,38
55-08,JIM HASHER,REP,35
55-08,KATHERINE GILMORE RICHARDSON,DEM,32
55-08,KENDRA BROOKS,WFP,12
55-08,NICOLAS O'ROURKE,WFP,13
55-08,NINA AHMAD,DEM,26
55-08,RUE LANDAU,DEM,28
55-08,WRITE-IN,,0
55-09,DREW MURRAY,REP,36
55-09,ISAIAH THOMAS,DEM,36
55-09,JIM HARRITY,DEM,35
55-09,JIM HASHER,REP,38
55-09,KATHERINE GILMORE RICHARDSON,DEM,35
55-09,KENDRA BROOKS,WFP,8
55-09,NICOLAS O'ROURKE,WFP,8
55-09,NINA AHMAD,DEM,33
55-09,RUE LANDAU,DEM,32
55-09,WRITE-IN,,0
55-10,DREW MURRAY,REP,24
55-10,ISAIAH THOMAS,DEM,48
55-10,JIM HARRITY,DEM,46
55-10,JIM HASHER,REP,24
55-10,KATHERINE GILMORE RICHARDSON,DEM,47
55-10,KENDRA BROOKS,WFP,11
55-10,NICOLAS O'ROURKE,WFP,10
55-10,NINA AHMAD,DEM,51
55-10,RUE LANDAU,DEM,44
55-10,WRITE-IN,,0
55-11,DREW MURRAY,REP,50
55-11,ISAIAH THOMAS,DEM,35
55-11,JIM HARRITY,DEM,40
55-11,JIM HASHER,REP,54
55-11,KATHERINE GILMORE RICHARDSON,DEM,41
55-11,KENDRA BROOKS,WFP,14
55-11,NICOLAS O'ROURKE,WFP,16
55-11,NINA AHMAD,DEM,35
55-11,RUE LANDAU,DEM,38
55-11,WRITE-IN,,0
55-12,DREW MURRAY,REP,39
55-12,ISAIAH THOMAS,DEM,27
55-12,JIM HARRITY,DEM,26
55-12,JIM HASHER,REP,47
55-12,KATHERINE GILMORE RICHARDSON,DEM,27
55-12,KENDRA BROOKS,WFP,9
55-12,NICOLAS O'ROURKE,WFP,9
55-12,NINA AHMAD,DEM,33
55-12,RUE LANDAU,DEM,24
55-12,WRITE-IN,,2
55-13,DREW MURRAY,REP,37
55-13,ISAIAH THOMAS,DEM,26
55-13,JIM HARRITY,DEM,31
55-13,JIM HASHER,REP,47
55-13,KATHERINE GILMORE RICHARDSON,DEM,29
55-13,KENDRA BROOKS,WFP,4
55-13,NICOLAS O'ROURKE,WFP,5
55-13,NINA AHMAD,DEM,22
55-13,RUE LANDAU,DEM,19
55-13,WRITE-IN,,0
55-14,DREW MURRAY,REP,39
55-14,ISAIAH THOMAS,DEM,36
55-14,JIM HARRITY,DEM,42
55-14,JIM HASHER,REP,43
55-14,KATHERINE GILMORE RICHARDSON,DEM,38
55-14,KENDRA BROOKS,WFP,7
55-14,NICOLAS O'ROURKE,WFP,9
55-14,NINA AHMAD,DEM,35
55-14,RUE LANDAU,DEM,37
55-14,WRITE-IN,,0
55-15,DREW MURRAY,REP,48
55-15,ISAIAH THOMAS,DEM,31
55-15,JIM HARRITY,DEM,33
55-15,JIM HASHER,REP,48
55-15,KATHERINE GILMORE RICHARDSON,DEM,31
55-15,KENDRA BROOKS,WFP,17
55-15,NICOLAS O'ROURKE,WFP,11
55-15,NINA AHMAD,DEM,37
55-15,RUE LANDAU,DEM,29
55-15,WRITE-IN,,0
55-16,DREW MURRAY,REP,38
55-16,ISAIAH THOMAS,DEM,40
55-16,JIM HARRITY,DEM,42
55-16,JIM HASHER,REP,38
55-16,KATHERINE GILMORE RICHARDSON,DEM,44
55-16,KENDRA BROOKS,WFP,12
55-16,NICOLAS O'ROURKE,WFP,12
55-16,NINA AHMAD,DEM,37
55-16,RUE LANDAU,DEM,31
55-16,WRITE-IN,,1
55-17,DREW MURRAY,REP,36
55-17,ISAIAH THOMAS,DEM,24
55-17,JIM HARRITY,DEM,29
55-17,JIM HASHER,REP,40
55-17,KATHERINE GILMORE RICHARDSON,DEM,26
55-17,KENDRA BROOKS,WFP,4
55-17,NICOLAS O'ROURKE,WFP,5
55-17,NINA AHMAD,DEM,27
55-17,RUE LANDAU,DEM,25
55-17,WRITE-IN,,1
55-18,DREW MURRAY,REP,49
55-18,ISAIAH THOMAS,DEM,30
55-18,JIM HARRITY,DEM,29
55-18,JIM HASHER,REP,48
55-18,KATHERINE GILMORE RICHARDSON,DEM,33
55-18,KENDRA BROOKS,WFP,10
55-18,NICOLAS O'ROURKE,WFP,11
55-18,NINA AHMAD,DEM,27
55-18,RUE LANDAU,DEM,24
55-18,WRITE-IN,,0
55-19,DREW MURRAY,REP,43
55-19,ISAIAH THOMAS,DEM,15
55-19,JIM HARRITY,DEM,26
55-19,JIM HASHER,REP,43
55-19,KATHERINE GILMORE RICHARDSON,DEM,16
55-19,KENDRA BROOKS,WFP,6
55-19,NICOLAS O'ROURKE,WFP,5
55-19,NINA AHMAD,DEM,16
55-19,RUE LANDAU,DEM,17
55-19,WRITE-IN,,0
55-20,DREW MURRAY,REP,34
55-20,ISAIAH THOMAS,DEM,36
55-20,JIM HARRITY,DEM,39
55-20,JIM HASHER,REP,38
55-20,KATHERINE GILMORE RICHARDSON,DEM,40
55-20,KENDRA BROOKS,WFP,5
55-20,NICOLAS O'ROURKE,WFP,4
55-20,NINA AHMAD,DEM,35
55-20,RUE LANDAU,DEM,37
55-20,WRITE-IN,,0
55-21,DREW MURRAY,REP,24
55-21,ISAIAH THOMAS,DEM,25
55-21,JIM HARRITY,DEM,27
55-21,JIM HASHER,REP,28
55-21,KATHERINE GILMORE RICHARDSON,DEM,27
55-21,KENDRA BROOKS,WFP,5
55-21,NICOLAS O'ROURKE,WFP,6
55-21,NINA AHMAD,DEM,27
55-21,RUE LANDAU,DEM,23
55-21,WRITE-IN,,0
55-22,DREW MURRAY,REP,33
55-22,ISAIAH THOMAS,DEM,26
55-22,JIM HARRITY,DEM,29
55-22,JIM HASHER,REP,35
55-22,KATHERINE GILMORE RICHARDSON,DEM,27
55-22,KENDRA BROOKS,WFP,8
55-22,NICOLAS O'ROURKE,WFP,3
55-22,NINA AHMAD,DEM,24
55-22,RUE LANDAU,DEM,22
55-22,WRITE-IN,,0
55-23,DREW MURRAY,REP,25
55-23,ISAIAH THOMAS,DEM,36
55-23,JIM HARRITY,DEM,41
55-23,JIM HASHER,REP,27
55-23,KATHERINE GILMORE RICHARDSON,DEM,40
55-23,KENDRA BROOKS,WFP,5
55-23,NICOLAS O'ROURKE,WFP,3
55-23,NINA AHMAD,DEM,38
55-23,RUE LANDAU,DEM,32
55-23,WRITE-IN,,0
55-24,DREW MURRAY,REP,44
55-24,ISAIAH THOMAS,DEM,37
55-24,JIM HARRITY,DEM,39
55-24,JIM HASHER,REP,43
55-24,KATHERINE GILMORE RICHARDSON,DEM,40
55-24,KENDRA BROOKS,WFP,11
55-24,NICOLAS O'ROURKE,WFP,7
55-24,NINA AHMAD,DEM,42
55-24,RUE LANDAU,DEM,35
55-24,WRITE-IN,,0
55-25,DREW MURRAY,REP,44
55-25,ISAIAH THOMAS,DEM,53
55-25,JIM HARRITY,DEM,57
55-25,JIM HASHER,REP,51
55-25,KATHERINE GILMORE RICHARDSON,DEM,57
55-25,KENDRA BROOKS,WFP,15
55-25,NICOLAS O'ROURKE,WFP,12
55-25,NINA AHMAD,DEM,52
55-25,RUE LANDAU,DEM,50
55-25,WRITE-IN,,1
55-26,DREW MURRAY,REP,40
55-26,ISAIAH THOMAS,DEM,47
55-26,JIM HARRITY,DEM,47
55-26,JIM HASHER,REP,44
55-26,KATHERINE GILMORE RICHARDSON,DEM,47
55-26,KENDRA BROOKS,WFP,12
55-26,NICOLAS O'ROURKE,WFP,15
55-26,NINA AHMAD,DEM,45
55-26,RUE LANDAU,DEM,42
55-26,WRITE-IN,,0
55-27,DREW MURRAY,REP,43
55-27,ISAIAH THOMAS,DEM,58
55-27,JIM HARRITY,DEM,64
55-27,JIM HASHER,REP,45
55-27,KATHERINE GILMORE RICHARDSON,DEM,58
55-27,KENDRA BROOKS,WFP,14
55-27,NICOLAS O'ROURKE,WFP,14
55-27,NINA AHMAD,DEM,50
55-27,RUE LANDAU,DEM,48
55-27,WRITE-IN,,0
55-28,DREW MURRAY,REP,57
55-28,ISAIAH THOMAS,DEM,53
55-28,JIM HARRITY,DEM,61
55-28,JIM HASHER,REP,61
55-28,KATHERINE GILMORE RICHARDSON,DEM,56
55-28,KENDRA BROOKS,WFP,17
55-28,NICOLAS O'ROURKE,WFP,15
55-28,NINA AHMAD,DEM,54
55-28,RUE LANDAU,DEM,52
55-28,WRITE-IN,,0
55-29,DREW MURRAY,REP,57
55-29,ISAIAH THOMAS,DEM,55
55-29,JIM HARRITY,DEM,72
55-29,JIM HASHER,REP,69
55-29,KATHERINE GILMORE RICHARDSON,DEM,62
55-29,KENDRA BROOKS,WFP,21
55-29,NICOLAS O'ROURKE,WFP,19
55-29,NINA AHMAD,DEM,54
55-29,RUE LANDAU,DEM,49
55-29,WRITE-IN,,5
56-01,DREW MURRAY,REP,60
56-01,ISAIAH THOMAS,DEM,66
56-01,JIM HARRITY,DEM,73
56-01,JIM HASHER,REP,56
56-01,KATHERINE GILMORE RICHARDSON,DEM,74
56-01,KENDRA BROOKS,WFP,12
56-01,NICOLAS O'ROURKE,WFP,13
56-01,NINA AHMAD,DEM,82
56-01,RUE LANDAU,DEM,72
56-01,WRITE-IN,,1
56-02,DREW MURRAY,REP,55
56-02,ISAIAH THOMAS,DEM,69
56-02,JIM HARRITY,DEM,72
56-02,JIM HASHER,REP,51
56-02,KATHERINE GILMORE RICHARDSON,DEM,68
56-02,KENDRA BROOKS,WFP,24
56-02,NICOLAS O'ROURKE,WFP,24
56-02,NINA AHMAD,DEM,80
56-02,RUE LANDAU,DEM,70
56-02,WRITE-IN,,0
56-03,DREW MURRAY,REP,27
56-03,ISAIAH THOMAS,DEM,43
56-03,JIM HARRITY,DEM,42
56-03,JIM HASHER,REP,28
56-03,KATHERINE GILMORE RICHARDSON,DEM,43
56-03,KENDRA BROOKS,WFP,9
56-03,NICOLAS O'ROURKE,WFP,10
56-03,NINA AHMAD,DEM,35
56-03,RUE LANDAU,DEM,39
56-03,WRITE-IN,,0
56-04,DREW MURRAY,REP,59
56-04,ISAIAH THOMAS,DEM,56
56-04,JIM HARRITY,DEM,47
56-04,JIM HASHER,REP,59
56-04,KATHERINE GILMORE RICHARDSON,DEM,52
56-04,KENDRA BROOKS,WFP,14
56-04,NICOLAS O'ROURKE,WFP,12
56-04,NINA AHMAD,DEM,54
56-04,RUE LANDAU,DEM,44
56-04,WRITE-IN,,7
56-05,DREW MURRAY,REP,69
56-05,ISAIAH THOMAS,DEM,54
56-05,JIM HARRITY,DEM,49
56-05,JIM HASHER,REP,73
56-05,KATHERINE GILMORE RICHARDSON,DEM,50
56-05,KENDRA BROOKS,WFP,17
56-05,NICOLAS O'ROURKE,WFP,12
56-05,NINA AHMAD,DEM,54
56-05,RUE LANDAU,DEM,55
56-05,WRITE-IN,,9
56-06,DREW MURRAY,REP,105
56-06,ISAIAH THOMAS,DEM,107
56-06,JIM HARRITY,DEM,116
56-06,JIM HASHER,REP,107
56-06,KATHERINE GILMORE RICHARDSON,DEM,125
56-06,KENDRA BROOKS,WFP,28
56-06,NICOLAS O'ROURKE,WFP,27
56-06,NINA AHMAD,DEM,121
56-06,RUE LANDAU,DEM,108
56-06,WRITE-IN,,0
56-07,DREW MURRAY,REP,74
56-07,ISAIAH THOMAS,DEM,77
56-07,JIM HARRITY,DEM,73
56-07,JIM HASHER,REP,75
56-07,KATHERINE GILMORE RICHARDSON,DEM,75
56-07,KENDRA BROOKS,WFP,24
56-07,NICOLAS O'ROURKE,WFP,21
56-07,NINA AHMAD,DEM,75
56-07,RUE LANDAU,DEM,63
56-07,WRITE-IN,,1
56-08,DREW MURRAY,REP,111
56-08,ISAIAH THOMAS,DEM,98
56-08,JIM HARRITY,DEM,107
56-08,JIM HASHER,REP,121
56-08,KATHERINE GILMORE RICHARDSON,DEM,110
56-08,KENDRA BROOKS,WFP,33
56-08,NICOLAS O'ROURKE,WFP,26
56-08,NINA AHMAD,DEM,88
56-08,RUE LANDAU,DEM,79
56-08,WRITE-IN,,0
56-09,DREW MURRAY,REP,48
56-09,ISAIAH THOMAS,DEM,62
56-09,JIM HARRITY,DEM,75
56-09,JIM HASHER,REP,55
56-09,KATHERINE GILMORE RICHARDSON,DEM,70
56-09,KENDRA BROOKS,WFP,17
56-09,NICOLAS O'ROURKE,WFP,13
56-09,NINA AHMAD,DEM,71
56-09,RUE LANDAU,DEM,60
56-09,WRITE-IN,,0
56-10,DREW MURRAY,REP,69
56-10,ISAIAH THOMAS,DEM,59
56-10,JIM HARRITY,DEM,65
56-10,JIM HASHER,REP,72
56-10,KATHERINE GILMORE RICHARDSON,DEM,58
56-10,KENDRA BROOKS,WFP,23
56-10,NICOLAS O'ROURKE,WFP,20
56-10,NINA AHMAD,DEM,58
56-10,RUE LANDAU,DEM,57
56-10,WRITE-IN,,0
56-11,DREW MURRAY,REP,33
56-11,ISAIAH THOMAS,DEM,45
56-11,JIM HARRITY,DEM,47
56-11,JIM HASHER,REP,40
56-11,KATHERINE GILMORE RICHARDSON,DEM,43
56-11,KENDRA BROOKS,WFP,15
56-11,NICOLAS O'ROURKE,WFP,14
56-11,NINA AHMAD,DEM,45
56-11,RUE LANDAU,DEM,39
56-11,WRITE-IN,,0
56-12,DREW MURRAY,REP,57
56-12,ISAIAH THOMAS,DEM,48
56-12,JIM HARRITY,DEM,63
56-12,JIM HASHER,REP,59
56-12,KATHERINE GILMORE RICHARDSON,DEM,64
56-12,KENDRA BROOKS,WFP,9
56-12,NICOLAS O'ROURKE,WFP,16
56-12,NINA AHMAD,DEM,57
56-12,RUE LANDAU,DEM,55
56-12,WRITE-IN,,0
56-13,DREW MURRAY,REP,25
56-13,ISAIAH THOMAS,DEM,39
56-13,JIM HARRITY,DEM,39
56-13,JIM HASHER,REP,24
56-13,KATHERINE GILMORE RICHARDSON,DEM,44
56-13,KENDRA BROOKS,WFP,12
56-13,NICOLAS O'ROURKE,WFP,10
56-13,NINA AHMAD,DEM,43
56-13,RUE LANDAU,DEM,40
56-13,WRITE-IN,,1
56-14,DREW MURRAY,REP,38
56-14,ISAIAH THOMAS,DEM,31
56-14,JIM HARRITY,DEM,39
56-14,JIM HASHER,REP,41
56-14,KATHERINE GILMORE RICHARDSON,DEM,37
56-14,KENDRA BROOKS,WFP,16
56-14,NICOLAS O'ROURKE,WFP,13
56-14,NINA AHMAD,DEM,40
56-14,RUE LANDAU,DEM,35
56-14,WRITE-IN,,0
56-15,DREW MURRAY,REP,40
56-15,ISAIAH THOMAS,DEM,31
56-15,JIM HARRITY,DEM,29
56-15,JIM HASHER,REP,43
56-15,KATHERINE GILMORE RICHARDSON,DEM,32
56-15,KENDRA BROOKS,WFP,4
56-15,NICOLAS O'ROURKE,WFP,5
56-15,NINA AHMAD,DEM,30
56-15,RUE LANDAU,DEM,29
56-15,WRITE-IN,,0
56-16,DREW MURRAY,REP,53
56-16,ISAIAH THOMAS,DEM,47
56-16,JIM HARRITY,DEM,53
56-16,JIM HASHER,REP,54
56-16,KATHERINE GILMORE RICHARDSON,DEM,52
56-16,KENDRA BROOKS,WFP,14
56-16,NICOLAS O'ROURKE,WFP,12
56-16,NINA AHMAD,DEM,52
56-16,RUE LANDAU,DEM,47
56-16,WRITE-IN,,0
56-17,DREW MURRAY,REP,49
56-17,ISAIAH THOMAS,DEM,64
56-17,JIM HARRITY,DEM,64
56-17,JIM HASHER,REP,50
56-17,KATHERINE GILMORE RICHARDSON,DEM,62
56-17,KENDRA BROOKS,WFP,21
56-17,NICOLAS O'ROURKE,WFP,17
56-17,NINA AHMAD,DEM,51
56-17,RUE LANDAU,DEM,44
56-17,WRITE-IN,,0
56-18,DREW MURRAY,REP,44
56-18,ISAIAH THOMAS,DEM,43
56-18,JIM HARRITY,DEM,54
56-18,JIM HASHER,REP,50
56-18,KATHERINE GILMORE RICHARDSON,DEM,46
56-18,KENDRA BROOKS,WFP,11
56-18,NICOLAS O'ROURKE,WFP,13
56-18,NINA AHMAD,DEM,45
56-18,RUE LANDAU,DEM,45
56-18,WRITE-IN,,1
56-19,DREW MURRAY,REP,152
56-19,ISAIAH THOMAS,DEM,98
56-19,JIM HARRITY,DEM,93
56-19,JIM HASHER,REP,163
56-19,KATHERINE GILMORE RICHARDSON,DEM,86
56-19,KENDRA BROOKS,WFP,32
56-19,NICOLAS O'ROURKE,WFP,30
56-19,NINA AHMAD,DEM,88
56-19,RUE LANDAU,DEM,76
56-19,WRITE-IN,,0
56-20,DREW MURRAY,REP,35
56-20,ISAIAH THOMAS,DEM,47
56-20,JIM HARRITY,DEM,49
56-20,JIM HASHER,REP,39
56-20,KATHERINE GILMORE RICHARDSON,DEM,48
56-20,KENDRA BROOKS,WFP,9
56-20,NICOLAS O'ROURKE,WFP,7
56-20,NINA AHMAD,DEM,46
56-20,RUE LANDAU,DEM,40
56-20,WRITE-IN,,0
56-21,DREW MURRAY,REP,37
56-21,ISAIAH THOMAS,DEM,51
56-21,JIM HARRITY,DEM,50
56-21,JIM HASHER,REP,35
56-21,KATHERINE GILMORE RICHARDSON,DEM,44
56-21,KENDRA BROOKS,WFP,12
56-21,NICOLAS O'ROURKE,WFP,10
56-21,NINA AHMAD,DEM,44
56-21,RUE LANDAU,DEM,39
56-21,WRITE-IN,,0
56-22,DREW MURRAY,REP,34
56-22,ISAIAH THOMAS,DEM,39
56-22,JIM HARRITY,DEM,43
56-22,JIM HASHER,REP,31
56-22,KATHERINE GILMORE RICHARDSON,DEM,40
56-22,KENDRA BROOKS,WFP,13
56-22,NICOLAS O'ROURKE,WFP,8
56-22,NINA AHMAD,DEM,40
56-22,RUE LANDAU,DEM,42
56-22,WRITE-IN,,0
56-23,DREW MURRAY,REP,59
56-23,ISAIAH THOMAS,DEM,58
56-23,JIM HARRITY,DEM,73
56-23,JIM HASHER,REP,65
56-23,KATHERINE GILMORE RICHARDSON,DEM,58
56-23,KENDRA BROOKS,WFP,27
56-23,NICOLAS O'ROURKE,WFP,24
56-23,NINA AHMAD,DEM,64
56-23,RUE LANDAU,DEM,61
56-23,WRITE-IN,,0
56-24,DREW MURRAY,REP,39
56-24,ISAIAH THOMAS,DEM,59
56-24,JIM HARRITY,DEM,55
56-24,JIM HASHER,REP,46
56-24,KATHERINE GILMORE RICHARDSON,DEM,53
56-24,KENDRA BROOKS,WFP,11
56-24,NICOLAS O'ROURKE,WFP,9
56-24,NINA AHMAD,DEM,45
56-24,RUE LANDAU,DEM,52
56-24,WRITE-IN,,2
56-25,DREW MURRAY,REP,39
56-25,ISAIAH THOMAS,DEM,100
56-25,JIM HARRITY,DEM,90
56-25,JIM HASHER,REP,40
56-25,KATHERINE GILMORE RICHARDSON,DEM,98
56-25,KENDRA BROOKS,WFP,23
56-25,NICOLAS O'ROURKE,WFP,19
56-25,NINA AHMAD,DEM,92
56-25,RUE LANDAU,DEM,83
56-25,WRITE-IN,,0
56-26,DREW MURRAY,REP,61
56-26,ISAIAH THOMAS,DEM,56
56-26,JIM HARRITY,DEM,45
56-26,JIM HASHER,REP,67
56-26,KATHERINE GILMORE RICHARDSON,DEM,53
56-26,KENDRA BROOKS,WFP,15
56-26,NICOLAS O'ROURKE,WFP,18
56-26,NINA AHMAD,DEM,53
56-26,RUE LANDAU,DEM,41
56-26,WRITE-IN,,1
56-27,DREW MURRAY,REP,60
56-27,ISAIAH THOMAS,DEM,41
56-27,JIM HARRITY,DEM,49
56-27,JIM HASHER,REP,62
56-27,KATHERINE GILMORE RICHARDSON,DEM,51
56-27,KENDRA BROOKS,WFP,16
56-27,NICOLAS O'ROURKE,WFP,15
56-27,NINA AHMAD,DEM,42
56-27,RUE LANDAU,DEM,36
56-27,WRITE-IN,,0
56-28,DREW MURRAY,REP,40
56-28,ISAIAH THOMAS,DEM,75
56-28,JIM HARRITY,DEM,73
56-28,JIM HASHER,REP,43
56-28,KATHERINE GILMORE RICHARDSON,DEM,77
56-28,KENDRA BROOKS,WFP,12
56-28,NICOLAS O'ROURKE,WFP,8
56-28,NINA AHMAD,DEM,77
56-28,RUE LANDAU,DEM,67
56-28,WRITE-IN,,3
56-29,DREW MURRAY,REP,39
56-29,ISAIAH THOMAS,DEM,66
56-29,JIM HARRITY,DEM,69
56-29,JIM HASHER,REP,37
56-29,KATHERINE GILMORE RICHARDSON,DEM,72
56-29,KENDRA BROOKS,WFP,18
56-29,NICOLAS O'ROURKE,WFP,12
56-29,NINA AHMAD,DEM,63
56-29,RUE LANDAU,DEM,64
56-29,WRITE-IN,,0
56-30,DREW MURRAY,REP,59
56-30,ISAIAH THOMAS,DEM,96
56-30,JIM HARRITY,DEM,80
56-30,JIM HASHER,REP,68
56-30,KATHERINE GILMORE RICHARDSON,DEM,87
56-30,KENDRA BROOKS,WFP,27
56-30,NICOLAS O'ROURKE,WFP,21
56-30,NINA AHMAD,DEM,96
56-30,RUE LANDAU,DEM,85
56-30,WRITE-IN,,1
56-31,DREW MURRAY,REP,68
56-31,ISAIAH THOMAS,DEM,71
56-31,JIM HARRITY,DEM,83
56-31,JIM HASHER,REP,76
56-31,KATHERINE GILMORE RICHARDSON,DEM,79
56-31,KENDRA BROOKS,WFP,19
56-31,NICOLAS O'ROURKE,WFP,19
56-31,NINA AHMAD,DEM,76
56-31,RUE LANDAU,DEM,66
56-31,WRITE-IN,,0
56-32,DREW MURRAY,REP,56
56-32,ISAIAH THOMAS,DEM,31
56-32,JIM HARRITY,DEM,32
56-32,JIM HASHER,REP,59
56-32,KATHERINE GILMORE RICHARDSON,DEM,32
56-32,KENDRA BROOKS,WFP,10
56-32,NICOLAS O'ROURKE,WFP,11
56-32,NINA AHMAD,DEM,34
56-32,RUE LANDAU,DEM,29
56-32,WRITE-IN,,0
56-33,DREW MURRAY,REP,53
56-33,ISAIAH THOMAS,DEM,56
56-33,JIM HARRITY,DEM,56
56-33,JIM HASHER,REP,60
56-33,KATHERINE GILMORE RICHARDSON,DEM,61
56-33,KENDRA BROOKS,WFP,18
56-33,NICOLAS O'ROURKE,WFP,17
56-33,NINA AHMAD,DEM,56
56-33,RUE LANDAU,DEM,49
56-33,WRITE-IN,,0
56-34,DREW MURRAY,REP,14
56-34,ISAIAH THOMAS,DEM,57
56-34,JIM HARRITY,DEM,47
56-34,JIM HASHER,REP,15
56-34,KATHERINE GILMORE RICHARDSON,DEM,57
56-34,KENDRA BROOKS,WFP,14
56-34,NICOLAS O'ROURKE,WFP,6
56-34,NINA AHMAD,DEM,60
56-34,RUE LANDAU,DEM,50
56-34,WRITE-IN,,0
56-35,DREW MURRAY,REP,47
56-35,ISAIAH THOMAS,DEM,37
56-35,JIM HARRITY,DEM,36
56-35,JIM HASHER,REP,46
56-35,KATHERINE GILMORE RICHARDSON,DEM,36
56-35,KENDRA BROOKS,WFP,13
56-35,NICOLAS O'ROURKE,WFP,8
56-35,NINA AHMAD,DEM,39
56-35,RUE LANDAU,DEM,30
56-35,WRITE-IN,,0
56-36,DREW MURRAY,REP,27
56-36,ISAIAH THOMAS,DEM,46
56-36,JIM HARRITY,DEM,42
56-36,JIM HASHER,REP,30
56-36,KATHERINE GILMORE RICHARDSON,DEM,46
56-36,KENDRA BROOKS,WFP,13
56-36,NICOLAS O'ROURKE,WFP,10
56-36,NINA AHMAD,DEM,39
56-36,RUE LANDAU,DEM,39
56-36,WRITE-IN,,0
56-37,DREW MURRAY,REP,33
56-37,ISAIAH THOMAS,DEM,44
56-37,JIM HARRITY,DEM,47
56-37,JIM HASHER,REP,34
56-37,KATHERINE GILMORE RICHARDSON,DEM,44
56-37,KENDRA BROOKS,WFP,22
56-37,NICOLAS O'ROURKE,WFP,18
56-37,NINA AHMAD,DEM,49
56-37,RUE LANDAU,DEM,42
56-37,WRITE-IN,,0
56-38,DREW MURRAY,REP,40
56-38,ISAIAH THOMAS,DEM,86
56-38,JIM HARRITY,DEM,89
56-38,JIM HASHER,REP,48
56-38,KATHERINE GILMORE RICHARDSON,DEM,87
56-38,KENDRA BROOKS,WFP,19
56-38,NICOLAS O'ROURKE,WFP,13
56-38,NINA AHMAD,DEM,87
56-38,RUE LANDAU,DEM,78
56-38,WRITE-IN,,3
56-39,DREW MURRAY,REP,58
56-39,ISAIAH THOMAS,DEM,74
56-39,JIM HARRITY,DEM,73
56-39,JIM HASHER,REP,65
56-39,KATHERINE GILMORE RICHARDSON,DEM,70
56-39,KENDRA BROOKS,WFP,29
56-39,NICOLAS O'ROURKE,WFP,17
56-39,NINA AHMAD,DEM,73
56-39,RUE LANDAU,DEM,65
56-39,WRITE-IN,,1
56-40,DREW MURRAY,REP,34
56-40,ISAIAH THOMAS,DEM,42
56-40,JIM HARRITY,DEM,41
56-40,JIM HASHER,REP,36
56-40,KATHERINE GILMORE RICHARDSON,DEM,45
56-40,KENDRA BROOKS,WFP,9
56-40,NICOLAS O'ROURKE,WFP,9
56-40,NINA AHMAD,DEM,48
56-40,RUE LANDAU,DEM,42
56-40,WRITE-IN,,0
56-41,DREW MURRAY,REP,59
56-41,ISAIAH THOMAS,DEM,126
56-41,JIM HARRITY,DEM,113
56-41,JIM HASHER,REP,66
56-41,KATHERINE GILMORE RICHARDSON,DEM,130
56-41,KENDRA BROOKS,WFP,39
56-41,NICOLAS O'ROURKE,WFP,25
56-41,NINA AHMAD,DEM,126
56-41,RUE LANDAU,DEM,109
56-41,WRITE-IN,,3
57-01,DREW MURRAY,REP,131
57-01,ISAIAH THOMAS,DEM,60
57-01,JIM HARRITY,DEM,88
57-01,JIM HASHER,REP,166
57-01,KATHERINE GILMORE RICHARDSON,DEM,68
57-01,KENDRA BROOKS,WFP,24
57-01,NICOLAS O'ROURKE,WFP,24
57-01,NINA AHMAD,DEM,68
57-01,RUE LANDAU,DEM,48
57-01,WRITE-IN,,7
57-02,DREW MURRAY,REP,115
57-02,ISAIAH THOMAS,DEM,105
57-02,JIM HARRITY,DEM,103
57-02,JIM HASHER,REP,130
57-02,KATHERINE GILMORE RICHARDSON,DEM,107
57-02,KENDRA BROOKS,WFP,18
57-02,NICOLAS O'ROURKE,WFP,22
57-02,NINA AHMAD,DEM,96
57-02,RUE LANDAU,DEM,93
57-02,WRITE-IN,,3
57-03,DREW MURRAY,REP,85
57-03,ISAIAH THOMAS,DEM,83
57-03,JIM HARRITY,DEM,88
57-03,JIM HASHER,REP,97
57-03,KATHERINE GILMORE RICHARDSON,DEM,83
57-03,KENDRA BROOKS,WFP,10
57-03,NICOLAS O'ROURKE,WFP,15
57-03,NINA AHMAD,DEM,77
57-03,RUE LANDAU,DEM,70
57-03,WRITE-IN,,1
57-04,DREW MURRAY,REP,64
57-04,ISAIAH THOMAS,DEM,67
57-04,JIM HARRITY,DEM,83
57-04,JIM HASHER,REP,63
57-04,KATHERINE GILMORE RICHARDSON,DEM,85
57-04,KENDRA BROOKS,WFP,33
57-04,NICOLAS O'ROURKE,WFP,34
57-04,NINA AHMAD,DEM,85
57-04,RUE LANDAU,DEM,80
57-04,WRITE-IN,,0
57-05,DREW MURRAY,REP,58
57-05,ISAIAH THOMAS,DEM,53
57-05,JIM HARRITY,DEM,62
57-05,JIM HASHER,REP,64
57-05,KATHERINE GILMORE RICHARDSON,DEM,60
57-05,KENDRA BROOKS,WFP,10
57-05,NICOLAS O'ROURKE,WFP,11
57-05,NINA AHMAD,DEM,54
57-05,RUE LANDAU,DEM,49
57-05,WRITE-IN,,0
57-06,DREW MURRAY,REP,66
57-06,ISAIAH THOMAS,DEM,123
57-06,JIM HARRITY,DEM,126
57-06,JIM HASHER,REP,75
57-06,KATHERINE GILMORE RICHARDSON,DEM,137
57-06,KENDRA BROOKS,WFP,44
57-06,NICOLAS O'ROURKE,WFP,24
57-06,NINA AHMAD,DEM,133
57-06,RUE LANDAU,DEM,116
57-06,WRITE-IN,,0
57-07,DREW MURRAY,REP,25
57-07,ISAIAH THOMAS,DEM,71
57-07,JIM HARRITY,DEM,55
57-07,JIM HASHER,REP,23
57-07,KATHERINE GILMORE RICHARDSON,DEM,63
57-07,KENDRA BROOKS,WFP,15
57-07,NICOLAS O'ROURKE,WFP,14
57-07,NINA AHMAD,DEM,68
57-07,RUE LANDAU,DEM,60
57-07,WRITE-IN,,1
57-08,DREW MURRAY,REP,99
57-08,ISAIAH THOMAS,DEM,85
57-08,JIM HARRITY,DEM,93
57-08,JIM HASHER,REP,103
57-08,KATHERINE GILMORE RICHARDSON,DEM,98
57-08,KENDRA BROOKS,WFP,12
57-08,NICOLAS O'ROURKE,WFP,19
57-08,NINA AHMAD,DEM,94
57-08,RUE LANDAU,DEM,86
57-08,WRITE-IN,,1
57-09,DREW MURRAY,REP,50
57-09,ISAIAH THOMAS,DEM,53
57-09,JIM HARRITY,DEM,54
57-09,JIM HASHER,REP,49
57-09,KATHERINE GILMORE RICHARDSON,DEM,54
57-09,KENDRA BROOKS,WFP,15
57-09,NICOLAS O'ROURKE,WFP,16
57-09,NINA AHMAD,DEM,55
57-09,RUE LANDAU,DEM,45
57-09,WRITE-IN,,0
57-10,DREW MURRAY,REP,83
57-10,ISAIAH THOMAS,DEM,97
57-10,JIM HARRITY,DEM,89
57-10,JIM HASHER,REP,84
57-10,KATHERINE GILMORE RICHARDSON,DEM,97
57-10,KENDRA BROOKS,WFP,24
57-10,NICOLAS O'ROURKE,WFP,21
57-10,NINA AHMAD,DEM,96
57-10,RUE LANDAU,DEM,82
57-10,WRITE-IN,,1
57-11,DREW MURRAY,REP,110
57-11,ISAIAH THOMAS,DEM,92
57-11,JIM HARRITY,DEM,117
57-11,JIM HASHER,REP,126
57-11,KATHERINE GILMORE RICHARDSON,DEM,108
57-11,KENDRA BROOKS,WFP,17
57-11,NICOLAS O'ROURKE,WFP,20
57-11,NINA AHMAD,DEM,96
57-11,RUE LANDAU,DEM,91
57-11,WRITE-IN,,4
57-12,DREW MURRAY,REP,121
57-12,ISAIAH THOMAS,DEM,57
57-12,JIM HARRITY,DEM,77
57-12,JIM HASHER,REP,135
57-12,KATHERINE GILMORE RICHARDSON,DEM,72
57-12,KENDRA BROOKS,WFP,23
57-12,NICOLAS O'ROURKE,WFP,23
57-12,NINA AHMAD,DEM,56
57-12,RUE LANDAU,DEM,54
57-12,WRITE-IN,,2
57-13,DREW MURRAY,REP,241
57-13,ISAIAH THOMAS,DEM,48
57-13,JIM HARRITY,DEM,90
57-13,JIM HASHER,REP,274
57-13,KATHERINE GILMORE RICHARDSON,DEM,66
57-13,KENDRA BROOKS,WFP,23
57-13,NICOLAS O'ROURKE,WFP,24
57-13,NINA AHMAD,DEM,53
57-13,RUE LANDAU,DEM,54
57-13,WRITE-IN,,3
57-14,DREW MURRAY,REP,160
57-14,ISAIAH THOMAS,DEM,57
57-14,JIM HARRITY,DEM,87
57-14,JIM HASHER,REP,191
57-14,KATHERINE GILMORE RICHARDSON,DEM,72
57-14,KENDRA BROOKS,WFP,14
57-14,NICOLAS O'ROURKE,WFP,17
57-14,NINA AHMAD,DEM,66
57-14,RUE LANDAU,DEM,57
57-14,WRITE-IN,,2
57-15,DREW MURRAY,REP,99
57-15,ISAIAH THOMAS,DEM,83
57-15,JIM HARRITY,DEM,103
57-15,JIM HASHER,REP,99
57-15,KATHERINE GILMORE RICHARDSON,DEM,91
57-15,KENDRA BROOKS,WFP,20
57-15,NICOLAS O'ROURKE,WFP,22
57-15,NINA AHMAD,DEM,83
57-15,RUE LANDAU,DEM,72
57-15,WRITE-IN,,2
57-16,DREW MURRAY,REP,89
57-16,ISAIAH THOMAS,DEM,47
57-16,JIM HARRITY,DEM,64
57-16,JIM HASHER,REP,115
57-16,KATHERINE GILMORE RICHARDSON,DEM,54
57-16,KENDRA BROOKS,WFP,16
57-16,NICOLAS O'ROURKE,WFP,16
57-16,NINA AHMAD,DEM,41
57-16,RUE LANDAU,DEM,45
57-16,WRITE-IN,,0
57-17,DREW MURRAY,REP,150
57-17,ISAIAH THOMAS,DEM,59
57-17,JIM HARRITY,DEM,88
57-17,JIM HASHER,REP,173
57-17,KATHERINE GILMORE RICHARDSON,DEM,74
57-17,KENDRA BROOKS,WFP,16
57-17,NICOLAS O'ROURKE,WFP,24
57-17,NINA AHMAD,DEM,69
57-17,RUE LANDAU,DEM,61
57-17,WRITE-IN,,0
57-18,DREW MURRAY,REP,168
57-18,ISAIAH THOMAS,DEM,79
57-18,JIM HARRITY,DEM,102
57-18,JIM HASHER,REP,194
57-18,KATHERINE GILMORE RICHARDSON,DEM,82
57-18,KENDRA BROOKS,WFP,22
57-18,NICOLAS O'ROURKE,WFP,23
57-18,NINA AHMAD,DEM,67
57-18,RUE LANDAU,DEM,59
57-18,WRITE-IN,,0
57-19,DREW MURRAY,REP,89
57-19,ISAIAH THOMAS,DEM,51
57-19,JIM HARRITY,DEM,60
57-19,JIM HASHER,REP,109
57-19,KATHERINE GILMORE RICHARDSON,DEM,52
57-19,KENDRA BROOKS,WFP,18
57-19,NICOLAS O'ROURKE,WFP,21
57-19,NINA AHMAD,DEM,57
57-19,RUE LANDAU,DEM,54
57-19,WRITE-IN,,1
57-20,DREW MURRAY,REP,71
57-20,ISAIAH THOMAS,DEM,58
57-20,JIM HARRITY,DEM,68
57-20,JIM HASHER,REP,71
57-20,KATHERINE GILMORE RICHARDSON,DEM,69
57-20,KENDRA BROOKS,WFP,12
57-20,NICOLAS O'ROURKE,WFP,13
57-20,NINA AHMAD,DEM,58
57-20,RUE LANDAU,DEM,61
57-20,WRITE-IN,,1
57-21,DREW MURRAY,REP,70
57-21,ISAIAH THOMAS,DEM,67
57-21,JIM HARRITY,DEM,81
57-21,JIM HASHER,REP,101
57-21,KATHERINE GILMORE RICHARDSON,DEM,72
57-21,KENDRA BROOKS,WFP,17
57-21,NICOLAS O'ROURKE,WFP,18
57-21,NINA AHMAD,DEM,69
57-21,RUE LANDAU,DEM,63
57-21,WRITE-IN,,9
57-22,DREW MURRAY,REP,138
57-22,ISAIAH THOMAS,DEM,59
57-22,JIM HARRITY,DEM,98
57-22,JIM HASHER,REP,183
57-22,KATHERINE GILMORE RICHARDSON,DEM,72
57-22,KENDRA BROOKS,WFP,13
57-22,NICOLAS O'ROURKE,WFP,18
57-22,NINA AHMAD,DEM,60
57-22,RUE LANDAU,DEM,57
57-22,WRITE-IN,,2
57-23,DREW MURRAY,REP,91
57-23,ISAIAH THOMAS,DEM,83
57-23,JIM HARRITY,DEM,92
57-23,JIM HASHER,REP,102
57-23,KATHERINE GILMORE RICHARDSON,DEM,88
57-23,KENDRA BROOKS,WFP,12
57-23,NICOLAS O'ROURKE,WFP,20
57-23,NINA AHMAD,DEM,83
57-23,RUE LANDAU,DEM,83
57-23,WRITE-IN,,0
57-24,DREW MURRAY,REP,61
57-24,ISAIAH THOMAS,DEM,55
57-24,JIM HARRITY,DEM,65
57-24,JIM HASHER,REP,87
57-24,KATHERINE GILMORE RICHARDSON,DEM,55
57-24,KENDRA BROOKS,WFP,11
57-24,NICOLAS O'ROURKE,WFP,13
57-24,NINA AHMAD,DEM,50
57-24,RUE LANDAU,DEM,46
57-24,WRITE-IN,,4
57-25,DREW MURRAY,REP,73
57-25,ISAIAH THOMAS,DEM,71
57-25,JIM HARRITY,DEM,77
57-25,JIM HASHER,REP,89
57-25,KATHERINE GILMORE RICHARDSON,DEM,73
57-25,KENDRA BROOKS,WFP,19
57-25,NICOLAS O'ROURKE,WFP,24
57-25,NINA AHMAD,DEM,71
57-25,RUE LANDAU,DEM,61
57-25,WRITE-IN,,1
57-26,DREW MURRAY,REP,46
57-26,ISAIAH THOMAS,DEM,69
57-26,JIM HARRITY,DEM,72
57-26,JIM HASHER,REP,57
57-26,KATHERINE GILMORE RICHARDSON,DEM,74
57-26,KENDRA BROOKS,WFP,18
57-26,NICOLAS O'ROURKE,WFP,17
57-26,NINA AHMAD,DEM,73
57-26,RUE LANDAU,DEM,65
57-26,WRITE-IN,,0
57-27,DREW MURRAY,REP,37
57-27,ISAIAH THOMAS,DEM,101
57-27,JIM HARRITY,DEM,95
57-27,JIM HASHER,REP,38
57-27,KATHERINE GILMORE RICHARDSON,DEM,99
57-27,KENDRA BROOKS,WFP,23
57-27,NICOLAS O'ROURKE,WFP,18
57-27,NINA AHMAD,DEM,103
57-27,RUE LANDAU,DEM,90
57-27,WRITE-IN,,0
57-28,DREW MURRAY,REP,121
57-28,ISAIAH THOMAS,DEM,57
57-28,JIM HARRITY,DEM,72
57-28,JIM HASHER,REP,140
57-28,KATHERINE GILMORE RICHARDSON,DEM,64
57-28,KENDRA BROOKS,WFP,26
57-28,NICOLAS O'ROURKE,WFP,26
57-28,NINA AHMAD,DEM,49
57-28,RUE LANDAU,DEM,45
57-28,WRITE-IN,,0
58-01,DREW MURRAY,REP,42
58-01,ISAIAH THOMAS,DEM,52
58-01,JIM HARRITY,DEM,48
58-01,JIM HASHER,REP,37
58-01,KATHERINE GILMORE RICHARDSON,DEM,53
58-01,KENDRA BROOKS,WFP,8
58-01,NICOLAS O'ROURKE,WFP,4
58-01,NINA AHMAD,DEM,53
58-01,RUE LANDAU,DEM,49
58-01,WRITE-IN,,0
58-02,DREW MURRAY,REP,36
58-02,ISAIAH THOMAS,DEM,24
58-02,JIM HARRITY,DEM,27
58-02,JIM HASHER,REP,36
58-02,KATHERINE GILMORE RICHARDSON,DEM,25
58-02,KENDRA BROOKS,WFP,3
58-02,NICOLAS O'ROURKE,WFP,3
58-02,NINA AHMAD,DEM,27
58-02,RUE LANDAU,DEM,26
58-02,WRITE-IN,,0
58-03,DREW MURRAY,REP,107
58-03,ISAIAH THOMAS,DEM,112
58-03,JIM HARRITY,DEM,120
58-03,JIM HASHER,REP,112
58-03,KATHERINE GILMORE RICHARDSON,DEM,119
58-03,KENDRA BROOKS,WFP,30
58-03,NICOLAS O'ROURKE,WFP,30
58-03,NINA AHMAD,DEM,114
58-03,RUE LANDAU,DEM,105
58-03,WRITE-IN,,0
58-04,DREW MURRAY,REP,242
58-04,ISAIAH THOMAS,DEM,56
58-04,JIM HARRITY,DEM,89
58-04,JIM HASHER,REP,264
58-04,KATHERINE GILMORE RICHARDSON,DEM,74
58-04,KENDRA BROOKS,WFP,19
58-04,NICOLAS O'ROURKE,WFP,22
58-04,NINA AHMAD,DEM,56
58-04,RUE LANDAU,DEM,53
58-04,WRITE-IN,,1
58-05,DREW MURRAY,REP,168
58-05,ISAIAH THOMAS,DEM,96
58-05,JIM HARRITY,DEM,116
58-05,JIM HASHER,REP,168
58-05,KATHERINE GILMORE RICHARDSON,DEM,110
58-05,KENDRA BROOKS,WFP,44
58-05,NICOLAS O'ROURKE,WFP,44
58-05,NINA AHMAD,DEM,104
58-05,RUE LANDAU,DEM,98
58-05,WRITE-IN,,0
58-06,DREW MURRAY,REP,114
58-06,ISAIAH THOMAS,DEM,58
58-06,JIM HARRITY,DEM,74
58-06,JIM HASHER,REP,111
58-06,KATHERINE GILMORE RICHARDSON,DEM,72
58-06,KENDRA BROOKS,WFP,11
58-06,NICOLAS O'ROURKE,WFP,13
58-06,NINA AHMAD,DEM,70
58-06,RUE LANDAU,DEM,61
58-06,WRITE-IN,,0
58-07,DREW MURRAY,REP,129
58-07,ISAIAH THOMAS,DEM,46
58-07,JIM HARRITY,DEM,48
58-07,JIM HASHER,REP,127
58-07,KATHERINE GILMORE RICHARDSON,DEM,49
58-07,KENDRA BROOKS,WFP,14
58-07,NICOLAS O'ROURKE,WFP,15
58-07,NINA AHMAD,DEM,49
58-07,RUE LANDAU,DEM,43
58-07,WRITE-IN,,9
58-08,DREW MURRAY,REP,106
58-08,ISAIAH THOMAS,DEM,100
58-08,JIM HARRITY,DEM,97
58-08,JIM HASHER,REP,99
58-08,KATHERINE GILMORE RICHARDSON,DEM,102
58-08,KENDRA BROOKS,WFP,20
58-08,NICOLAS O'ROURKE,WFP,15
58-08,NINA AHMAD,DEM,101
58-08,RUE LANDAU,DEM,89
58-08,WRITE-IN,,0
58-09,DREW MURRAY,REP,145
58-09,ISAIAH THOMAS,DEM,82
58-09,JIM HARRITY,DEM,93
58-09,JIM HASHER,REP,147
58-09,KATHERINE GILMORE RICHARDSON,DEM,96
58-09,KENDRA BROOKS,WFP,32
58-09,NICOLAS O'ROURKE,WFP,35
58-09,NINA AHMAD,DEM,78
58-09,RUE LANDAU,DEM,69
58-09,WRITE-IN,,1
58-10,DREW MURRAY,REP,84
58-10,ISAIAH THOMAS,DEM,75
58-10,JIM HARRITY,DEM,92
58-10,JIM HASHER,REP,86
58-10,KATHERINE GILMORE RICHARDSON,DEM,83
58-10,KENDRA BROOKS,WFP,16
58-10,NICOLAS O'ROURKE,WFP,19
58-10,NINA AHMAD,DEM,84
58-10,RUE LANDAU,DEM,77
58-10,WRITE-IN,,1
58-11,DREW MURRAY,REP,93
58-11,ISAIAH THOMAS,DEM,51
58-11,JIM HARRITY,DEM,70
58-11,JIM HASHER,REP,96
58-11,KATHERINE GILMORE RICHARDSON,DEM,67
58-11,KENDRA BROOKS,WFP,23
58-11,NICOLAS O'ROURKE,WFP,26
58-11,NINA AHMAD,DEM,56
58-11,RUE LANDAU,DEM,50
58-11,WRITE-IN,,3
58-12,DREW MURRAY,REP,79
58-12,ISAIAH THOMAS,DEM,54
58-12,JIM HARRITY,DEM,61
58-12,JIM HASHER,REP,81
58-12,KATHERINE GILMORE RICHARDSON,DEM,59
58-12,KENDRA BROOKS,WFP,16
58-12,NICOLAS O'ROURKE,WFP,11
58-12,NINA AHMAD,DEM,56
58-12,RUE LANDAU,DEM,55
58-12,WRITE-IN,,0
58-13,DREW MURRAY,REP,117
58-13,ISAIAH THOMAS,DEM,88
58-13,JIM HARRITY,DEM,90
58-13,JIM HASHER,REP,123
58-13,KATHERINE GILMORE RICHARDSON,DEM,88
58-13,KENDRA BROOKS,WFP,25
58-13,NICOLAS O'ROURKE,WFP,35
58-13,NINA AHMAD,DEM,75
58-13,RUE LANDAU,DEM,82
58-13,WRITE-IN,,0
58-14,DREW MURRAY,REP,86
58-14,ISAIAH THOMAS,DEM,48
58-14,JIM HARRITY,DEM,65
58-14,JIM HASHER,REP,88
58-14,KATHERINE GILMORE RICHARDSON,DEM,60
58-14,KENDRA BROOKS,WFP,8
58-14,NICOLAS O'ROURKE,WFP,11
58-14,NINA AHMAD,DEM,50
58-14,RUE LANDAU,DEM,42
58-14,WRITE-IN,,0
58-15,DREW MURRAY,REP,32
58-15,ISAIAH THOMAS,DEM,53
58-15,JIM HARRITY,DEM,46
58-15,JIM HASHER,REP,31
58-15,KATHERINE GILMORE RICHARDSON,DEM,50
58-15,KENDRA BROOKS,WFP,13
58-15,NICOLAS O'ROURKE,WFP,6
58-15,NINA AHMAD,DEM,47
58-15,RUE LANDAU,DEM,47
58-15,WRITE-IN,,3
58-16,DREW MURRAY,REP,157
58-16,ISAIAH THOMAS,DEM,85
58-16,JIM HARRITY,DEM,97
58-16,JIM HASHER,REP,160
58-16,KATHERINE GILMORE RICHARDSON,DEM,92
58-16,KENDRA BROOKS,WFP,32
58-16,NICOLAS O'ROURKE,WFP,22
58-16,NINA AHMAD,DEM,84
58-16,RUE LANDAU,DEM,80
58-16,WRITE-IN,,0
58-17,DREW MURRAY,REP,129
58-17,ISAIAH THOMAS,DEM,105
58-17,JIM HARRITY,DEM,105
58-17,JIM HASHER,REP,141
58-17,KATHERINE GILMORE RICHARDSON,DEM,111
58-17,KENDRA BROOKS,WFP,20
58-17,NICOLAS O'ROURKE,WFP,17
58-17,NINA AHMAD,DEM,99
58-17,RUE LANDAU,DEM,101
58-17,WRITE-IN,,0
58-18,DREW MURRAY,REP,48
58-18,ISAIAH THOMAS,DEM,66
58-18,JIM HARRITY,DEM,49
58-18,JIM HASHER,REP,46
58-18,KATHERINE GILMORE RICHARDSON,DEM,65
58-18,KENDRA BROOKS,WFP,25
58-18,NICOLAS O'ROURKE,WFP,21
58-18,NINA AHMAD,DEM,59
58-18,RUE LANDAU,DEM,46
58-18,WRITE-IN,,0
58-19,DREW MURRAY,REP,186
58-19,ISAIAH THOMAS,DEM,163
58-19,JIM HARRITY,DEM,202
58-19,JIM HASHER,REP,203
58-19,KATHERINE GILMORE RICHARDSON,DEM,187
58-19,KENDRA BROOKS,WFP,25
58-19,NICOLAS O'ROURKE,WFP,26
58-19,NINA AHMAD,DEM,169
58-19,RUE LANDAU,DEM,176
58-19,WRITE-IN,,7
58-20,DREW MURRAY,REP,84
58-20,ISAIAH THOMAS,DEM,73
58-20,JIM HARRITY,DEM,71
58-20,JIM HASHER,REP,86
58-20,KATHERINE GILMORE RICHARDSON,DEM,80
58-20,KENDRA BROOKS,WFP,25
58-20,NICOLAS O'ROURKE,WFP,19
58-20,NINA AHMAD,DEM,59
58-20,RUE LANDAU,DEM,64
58-20,WRITE-IN,,3
58-21,DREW MURRAY,REP,186
58-21,ISAIAH THOMAS,DEM,64
58-21,JIM HARRITY,DEM,92
58-21,JIM HASHER,REP,186
58-21,KATHERINE GILMORE RICHARDSON,DEM,87
58-21,KENDRA BROOKS,WFP,29
58-21,NICOLAS O'ROURKE,WFP,34
58-21,NINA AHMAD,DEM,71
58-21,RUE LANDAU,DEM,70
58-21,WRITE-IN,,1
58-22,DREW MURRAY,REP,124
58-22,ISAIAH THOMAS,DEM,41
58-22,JIM HARRITY,DEM,55
58-22,JIM HASHER,REP,132
58-22,KATHERINE GILMORE RICHARDSON,DEM,39
58-22,KENDRA BROOKS,WFP,15
58-22,NICOLAS O'ROURKE,WFP,13
58-22,NINA AHMAD,DEM,42
58-22,RUE LANDAU,DEM,41
58-22,WRITE-IN,,5
58-23,DREW MURRAY,REP,152
58-23,ISAIAH THOMAS,DEM,85
58-23,JIM HARRITY,DEM,95
58-23,JIM HASHER,REP,158
58-23,KATHERINE GILMORE RICHARDSON,DEM,82
58-23,KENDRA BROOKS,WFP,34
58-23,NICOLAS O'ROURKE,WFP,28
58-23,NINA AHMAD,DEM,88
58-23,RUE LANDAU,DEM,79
58-23,WRITE-IN,,1
58-24,DREW MURRAY,REP,269
58-24,ISAIAH THOMAS,DEM,168
58-24,JIM HARRITY,DEM,241
58-24,JIM HASHER,REP,287
58-24,KATHERINE GILMORE RICHARDSON,DEM,201
58-24,KENDRA BROOKS,WFP,40
58-24,NICOLAS O'ROURKE,WFP,40
58-24,NINA AHMAD,DEM,192
58-24,RUE LANDAU,DEM,167
58-24,WRITE-IN,,3
58-25,DREW MURRAY,REP,79
58-25,ISAIAH THOMAS,DEM,88
58-25,JIM HARRITY,DEM,97
58-25,JIM HASHER,REP,86
58-25,KATHERINE GILMORE RICHARDSON,DEM,85
58-25,KENDRA BROOKS,WFP,18
58-25,NICOLAS O'ROURKE,WFP,18
58-25,NINA AHMAD,DEM,84
58-25,RUE LANDAU,DEM,79
58-25,WRITE-IN,,4
58-26,DREW MURRAY,REP,128
58-26,ISAIAH THOMAS,DEM,69
58-26,JIM HARRITY,DEM,90
58-26,JIM HASHER,REP,138
58-26,KATHERINE GILMORE RICHARDSON,DEM,75
58-26,KENDRA BROOKS,WFP,22
58-26,NICOLAS O'ROURKE,WFP,18
58-26,NINA AHMAD,DEM,72
58-26,RUE LANDAU,DEM,69
58-26,WRITE-IN,,4
58-27,DREW MURRAY,REP,66
58-27,ISAIAH THOMAS,DEM,53
58-27,JIM HARRITY,DEM,51
58-27,JIM HASHER,REP,63
58-27,KATHERINE GILMORE RICHARDSON,DEM,60
58-27,KENDRA BROOKS,WFP,13
58-27,NICOLAS O'ROURKE,WFP,11
58-27,NINA AHMAD,DEM,61
58-27,RUE LANDAU,DEM,50
58-27,WRITE-IN,,0
58-28,DREW MURRAY,REP,93
58-28,ISAIAH THOMAS,DEM,57
58-28,JIM HARRITY,DEM,68
58-28,JIM HASHER,REP,105
58-28,KATHERINE GILMORE RICHARDSON,DEM,59
58-28,KENDRA BROOKS,WFP,17
58-28,NICOLAS O'ROURKE,WFP,23
58-28,NINA AHMAD,DEM,46
58-28,RUE LANDAU,DEM,49
58-28,WRITE-IN,,1
58-29,DREW MURRAY,REP,188
58-29,ISAIAH THOMAS,DEM,96
58-29,JIM HARRITY,DEM,127
58-29,JIM HASHER,REP,212
58-29,KATHERINE GILMORE RICHARDSON,DEM,119
58-29,KENDRA BROOKS,WFP,31
58-29,NICOLAS O'ROURKE,WFP,35
58-29,NINA AHMAD,DEM,105
58-29,RUE LANDAU,DEM,97
58-29,WRITE-IN,,2
58-30,DREW MURRAY,REP,68
58-30,ISAIAH THOMAS,DEM,66
58-30,JIM HARRITY,DEM,68
58-30,JIM HASHER,REP,71
58-30,KATHERINE GILMORE RICHARDSON,DEM,71
58-30,KENDRA BROOKS,WFP,15
58-30,NICOLAS O'ROURKE,WFP,13
58-30,NINA AHMAD,DEM,69
58-30,RUE LANDAU,DEM,62
58-30,WRITE-IN,,1
58-31,DREW MURRAY,REP,108
58-31,ISAIAH THOMAS,DEM,80
58-31,JIM HARRITY,DEM,92
58-31,JIM HASHER,REP,116
58-31,KATHERINE GILMORE RICHARDSON,DEM,84
58-31,KENDRA BROOKS,WFP,27
58-31,NICOLAS O'ROURKE,WFP,22
58-31,NINA AHMAD,DEM,83
58-31,RUE LANDAU,DEM,73
58-31,WRITE-IN,,7
58-32,DREW MURRAY,REP,57
58-32,ISAIAH THOMAS,DEM,45
58-32,JIM HARRITY,DEM,46
58-32,JIM HASHER,REP,58
58-32,KATHERINE GILMORE RICHARDSON,DEM,50
58-32,KENDRA BROOKS,WFP,8
58-32,NICOLAS O'ROURKE,WFP,8
58-32,NINA AHMAD,DEM,39
58-32,RUE LANDAU,DEM,47
58-32,WRITE-IN,,0
58-33,DREW MURRAY,REP,56
58-33,ISAIAH THOMAS,DEM,36
58-33,JIM HARRITY,DEM,38
58-33,JIM HASHER,REP,53
58-33,KATHERINE GILMORE RICHARDSON,DEM,33
58-33,KENDRA BROOKS,WFP,1
58-33,NICOLAS O'ROURKE,WFP,3
58-33,NINA AHMAD,DEM,34
58-33,RUE LANDAU,DEM,32
58-33,WRITE-IN,,0
58-34,DREW MURRAY,REP,94
58-34,ISAIAH THOMAS,DEM,75
58-34,JIM HARRITY,DEM,75
58-34,JIM HASHER,REP,104
58-34,KATHERINE GILMORE RICHARDSON,DEM,71
58-34,KENDRA BROOKS,WFP,17
58-34,NICOLAS O'ROURKE,WFP,18
58-34,NINA AHMAD,DEM,65
58-34,RUE LANDAU,DEM,72
58-34,WRITE-IN,,0
58-35,DREW MURRAY,REP,117
58-35,ISAIAH THOMAS,DEM,75
58-35,JIM HARRITY,DEM,93
58-35,JIM HASHER,REP,131
58-35,KATHERINE GILMORE RICHARDSON,DEM,88
58-35,KENDRA BROOKS,WFP,22
58-35,NICOLAS O'ROURKE,WFP,25
58-35,NINA AHMAD,DEM,79
58-35,RUE LANDAU,DEM,81
58-35,WRITE-IN,,0
58-36,DREW MURRAY,REP,28
58-36,ISAIAH THOMAS,DEM,36
58-36,JIM HARRITY,DEM,38
58-36,JIM HASHER,REP,29
58-36,KATHERINE GILMORE RICHARDSON,DEM,32
58-36,KENDRA BROOKS,WFP,8
58-36,NICOLAS O'ROURKE,WFP,8
58-36,NINA AHMAD,DEM,30
58-36,RUE LANDAU,DEM,24
58-36,WRITE-IN,,0
58-37,DREW MURRAY,REP,116
58-37,ISAIAH THOMAS,DEM,72
58-37,JIM HARRITY,DEM,82
58-37,JIM HASHER,REP,117
58-37,KATHERINE GILMORE RICHARDSON,DEM,80
58-37,KENDRA BROOKS,WFP,21
58-37,NICOLAS O'ROURKE,WFP,17
58-37,NINA AHMAD,DEM,68
58-37,RUE LANDAU,DEM,76
58-37,WRITE-IN,,7
58-38,DREW MURRAY,REP,43
58-38,ISAIAH THOMAS,DEM,28
58-38,JIM HARRITY,DEM,24
58-38,JIM HASHER,REP,39
58-38,KATHERINE GILMORE RICHARDSON,DEM,30
58-38,KENDRA BROOKS,WFP,11
58-38,NICOLAS O'ROURKE,WFP,8
58-38,NINA AHMAD,DEM,31
58-38,RUE LANDAU,DEM,31
58-38,WRITE-IN,,0
58-39,DREW MURRAY,REP,160
58-39,ISAIAH THOMAS,DEM,48
58-39,JIM HARRITY,DEM,86
58-39,JIM HASHER,REP,177
58-39,KATHERINE GILMORE RICHARDSON,DEM,57
58-39,KENDRA BROOKS,WFP,18
58-39,NICOLAS O'ROURKE,WFP,17
58-39,NINA AHMAD,DEM,53
58-39,RUE LANDAU,DEM,46
58-39,WRITE-IN,,10
58-40,DREW MURRAY,REP,58
58-40,ISAIAH THOMAS,DEM,61
58-40,JIM HARRITY,DEM,61
58-40,JIM HASHER,REP,56
58-40,KATHERINE GILMORE RICHARDSON,DEM,62
58-40,KENDRA BROOKS,WFP,24
58-40,NICOLAS O'ROURKE,WFP,20
58-40,NINA AHMAD,DEM,52
58-40,RUE LANDAU,DEM,56
58-40,WRITE-IN,,0
58-41,DREW MURRAY,REP,244
58-41,ISAIAH THOMAS,DEM,92
58-41,JIM HARRITY,DEM,134
58-41,JIM HASHER,REP,281
58-41,KATHERINE GILMORE RICHARDSON,DEM,110
58-41,KENDRA BROOKS,WFP,26
58-41,NICOLAS O'ROURKE,WFP,29
58-41,NINA AHMAD,DEM,91
58-41,RUE LANDAU,DEM,86
58-41,WRITE-IN,,2
58-42,DREW MURRAY,REP,71
58-42,ISAIAH THOMAS,DEM,62
58-42,JIM HARRITY,DEM,69
58-42,JIM HASHER,REP,73
58-42,KATHERINE GILMORE RICHARDSON,DEM,68
58-42,KENDRA BROOKS,WFP,21
58-42,NICOLAS O'ROURKE,WFP,16
58-42,NINA AHMAD,DEM,57
58-42,RUE LANDAU,DEM,53
58-42,WRITE-IN,,1
58-43,DREW MURRAY,REP,68
58-43,ISAIAH THOMAS,DEM,58
58-43,JIM HARRITY,DEM,63
58-43,JIM HASHER,REP,65
58-43,KATHERINE GILMORE RICHARDSON,DEM,62
58-43,KENDRA BROOKS,WFP,13
58-43,NICOLAS O'ROURKE,WFP,13
58-43,NINA AHMAD,DEM,63
58-43,RUE LANDAU,DEM,53
58-43,WRITE-IN,,5
58-44,DREW MURRAY,REP,33
58-44,ISAIAH THOMAS,DEM,49
58-44,JIM HARRITY,DEM,50
58-44,JIM HASHER,REP,35
58-44,KATHERINE GILMORE RICHARDSON,DEM,50
58-44,KENDRA BROOKS,WFP,8
58-44,NICOLAS O'ROURKE,WFP,10
58-44,NINA AHMAD,DEM,46
58-44,RUE LANDAU,DEM,47
58-44,WRITE-IN,,3
59-01,DREW MURRAY,REP,6
59-01,ISAIAH THOMAS,DEM,87
59-01,JIM HARRITY,DEM,64
59-01,JIM HASHER,REP,3
59-01,KATHERINE GILMORE RICHARDSON,DEM,80
59-01,KENDRA BROOKS,WFP,26
59-01,NICOLAS O'ROURKE,WFP,20
59-01,NINA AHMAD,DEM,85
59-01,RUE LANDAU,DEM,66
59-01,WRITE-IN,,0
59-02,DREW MURRAY,REP,9
59-02,ISAIAH THOMAS,DEM,142
59-02,JIM HARRITY,DEM,84
59-02,JIM HASHER,REP,9
59-02,KATHERINE GILMORE RICHARDSON,DEM,128
59-02,KENDRA BROOKS,WFP,81
59-02,NICOLAS O'ROURKE,WFP,62
59-02,NINA AHMAD,DEM,131
59-02,RUE LANDAU,DEM,97
59-02,WRITE-IN,,2
59-03,DREW MURRAY,REP,9
59-03,ISAIAH THOMAS,DEM,113
59-03,JIM HARRITY,DEM,71
59-03,JIM HASHER,REP,6
59-03,KATHERINE GILMORE RICHARDSON,DEM,103
59-03,KENDRA BROOKS,WFP,38
59-03,NICOLAS O'ROURKE,WFP,28
59-03,NINA AHMAD,DEM,88
59-03,RUE LANDAU,DEM,77
59-03,WRITE-IN,,1
59-04,DREW MURRAY,REP,10
59-04,ISAIAH THOMAS,DEM,254
59-04,JIM HARRITY,DEM,168
59-04,JIM HASHER,REP,7
59-04,KATHERINE GILMORE RICHARDSON,DEM,234
59-04,KENDRA BROOKS,WFP,128
59-04,NICOLAS O'ROURKE,WFP,102
59-04,NINA AHMAD,DEM,230
59-04,RUE LANDAU,DEM,194
59-04,WRITE-IN,,2
59-05,DREW MURRAY,REP,9
59-05,ISAIAH THOMAS,DEM,177
59-05,JIM HARRITY,DEM,117
59-05,JIM HASHER,REP,11
59-05,KATHERINE GILMORE RICHARDSON,DEM,169
59-05,KENDRA BROOKS,WFP,75
59-05,NICOLAS O'ROURKE,WFP,55
59-05,NINA AHMAD,DEM,177
59-05,RUE LANDAU,DEM,131
59-05,WRITE-IN,,2
59-06,DREW MURRAY,REP,4
59-06,ISAIAH THOMAS,DEM,67
59-06,JIM HARRITY,DEM,43
59-06,JIM HASHER,REP,3
59-06,KATHERINE GILMORE RICHARDSON,DEM,57
59-06,KENDRA BROOKS,WFP,21
59-06,NICOLAS O'ROURKE,WFP,17
59-06,NINA AHMAD,DEM,59
59-06,RUE LANDAU,DEM,50
59-06,WRITE-IN,,0
59-07,DREW MURRAY,REP,3
59-07,ISAIAH THOMAS,DEM,100
59-07,JIM HARRITY,DEM,72
59-07,JIM HASHER,REP,5
59-07,KATHERINE GILMORE RICHARDSON,DEM,82
59-07,KENDRA BROOKS,WFP,54
59-07,NICOLAS O'ROURKE,WFP,41
59-07,NINA AHMAD,DEM,92
59-07,RUE LANDAU,DEM,64
59-07,WRITE-IN,,2
59-08,DREW MURRAY,REP,6
59-08,ISAIAH THOMAS,DEM,142
59-08,JIM HARRITY,DEM,97
59-08,JIM HASHER,REP,6
59-08,KATHERINE GILMORE RICHARDSON,DEM,126
59-08,KENDRA BROOKS,WFP,56
59-08,NICOLAS O'ROURKE,WFP,39
59-08,NINA AHMAD,DEM,127
59-08,RUE LANDAU,DEM,100
59-08,WRITE-IN,,0
59-09,DREW MURRAY,REP,5
59-09,ISAIAH THOMAS,DEM,81
59-09,JIM HARRITY,DEM,53
59-09,JIM HASHER,REP,2
59-09,KATHERINE GILMORE RICHARDSON,DEM,68
59-09,KENDRA BROOKS,WFP,46
59-09,NICOLAS O'ROURKE,WFP,39
59-09,NINA AHMAD,DEM,76
59-09,RUE LANDAU,DEM,59
59-09,WRITE-IN,,0
59-10,DREW MURRAY,REP,12
59-10,ISAIAH THOMAS,DEM,189
59-10,JIM HARRITY,DEM,106
59-10,JIM HASHER,REP,7
59-10,KATHERINE GILMORE RICHARDSON,DEM,153
59-10,KENDRA BROOKS,WFP,98
59-10,NICOLAS O'ROURKE,WFP,84
59-10,NINA AHMAD,DEM,168
59-10,RUE LANDAU,DEM,144
59-10,WRITE-IN,,0
59-11,DREW MURRAY,REP,8
59-11,ISAIAH THOMAS,DEM,147
59-11,JIM HARRITY,DEM,95
59-11,JIM HASHER,REP,4
59-11,KATHERINE GILMORE RICHARDSON,DEM,129
59-11,KENDRA BROOKS,WFP,90
59-11,NICOLAS O'ROURKE,WFP,65
59-11,NINA AHMAD,DEM,130
59-11,RUE LANDAU,DEM,106
59-11,WRITE-IN,,0
59-12,DREW MURRAY,REP,8
59-12,ISAIAH THOMAS,DEM,165
59-12,JIM HARRITY,DEM,94
59-12,JIM HASHER,REP,8
59-12,KATHERINE GILMORE RICHARDSON,DEM,142
59-12,KENDRA BROOKS,WFP,109
59-12,NICOLAS O'ROURKE,WFP,90
59-12,NINA AHMAD,DEM,141
59-12,RUE LANDAU,DEM,140
59-12,WRITE-IN,,0
59-13,DREW MURRAY,REP,11
59-13,ISAIAH THOMAS,DEM,134
59-13,JIM HARRITY,DEM,82
59-13,JIM HASHER,REP,7
59-13,KATHERINE GILMORE RICHARDSON,DEM,117
59-13,KENDRA BROOKS,WFP,79
59-13,NICOLAS O'ROURKE,WFP,72
59-13,NINA AHMAD,DEM,113
59-13,RUE LANDAU,DEM,88
59-13,WRITE-IN,,0
59-14,DREW MURRAY,REP,2
59-14,ISAIAH THOMAS,DEM,114
59-14,JIM HARRITY,DEM,70
59-14,JIM HASHER,REP,4
59-14,KATHERINE GILMORE RICHARDSON,DEM,100
59-14,KENDRA BROOKS,WFP,76
59-14,NICOLAS O'ROURKE,WFP,65
59-14,NINA AHMAD,DEM,96
59-14,RUE LANDAU,DEM,86
59-14,WRITE-IN,,0
59-15,DREW MURRAY,REP,9
59-15,ISAIAH THOMAS,DEM,95
59-15,JIM HARRITY,DEM,66
59-15,JIM HASHER,REP,13
59-15,KATHERINE GILMORE RICHARDSON,DEM,84
59-15,KENDRA BROOKS,WFP,45
59-15,NICOLAS O'ROURKE,WFP,41
59-15,NINA AHMAD,DEM,89
59-15,RUE LANDAU,DEM,73
59-15,WRITE-IN,,0
59-16,DREW MURRAY,REP,7
59-16,ISAIAH THOMAS,DEM,104
59-16,JIM HARRITY,DEM,68
59-16,JIM HASHER,REP,8
59-16,KATHERINE GILMORE RICHARDSON,DEM,92
59-16,KENDRA BROOKS,WFP,37
59-16,NICOLAS O'ROURKE,WFP,28
59-16,NINA AHMAD,DEM,97
59-16,RUE LANDAU,DEM,76
59-16,WRITE-IN,,0
59-17,DREW MURRAY,REP,40
59-17,ISAIAH THOMAS,DEM,265
59-17,JIM HARRITY,DEM,169
59-17,JIM HASHER,REP,20
59-17,KATHERINE GILMORE RICHARDSON,DEM,259
59-17,KENDRA BROOKS,WFP,161
59-17,NICOLAS O'ROURKE,WFP,124
59-17,NINA AHMAD,DEM,255
59-17,RUE LANDAU,DEM,243
59-17,WRITE-IN,,4
59-18,DREW MURRAY,REP,13
59-18,ISAIAH THOMAS,DEM,172
59-18,JIM HARRITY,DEM,126
59-18,JIM HASHER,REP,6
59-18,KATHERINE GILMORE RICHARDSON,DEM,157
59-18,KENDRA BROOKS,WFP,69
59-18,NICOLAS O'ROURKE,WFP,47
59-18,NINA AHMAD,DEM,163
59-18,RUE LANDAU,DEM,146
59-18,WRITE-IN,,0
59-19,DREW MURRAY,REP,21
59-19,ISAIAH THOMAS,DEM,245
59-19,JIM HARRITY,DEM,127
59-19,JIM HASHER,REP,13
59-19,KATHERINE GILMORE RICHARDSON,DEM,222
59-19,KENDRA BROOKS,WFP,150
59-19,NICOLAS O'ROURKE,WFP,138
59-19,NINA AHMAD,DEM,198
59-19,RUE LANDAU,DEM,232
59-19,WRITE-IN,,5
59-20,DREW MURRAY,REP,13
59-20,ISAIAH THOMAS,DEM,81
59-20,JIM HARRITY,DEM,67
59-20,JIM HASHER,REP,11
59-20,KATHERINE GILMORE RICHARDSON,DEM,82
59-20,KENDRA BROOKS,WFP,23
59-20,NICOLAS O'ROURKE,WFP,21
59-20,NINA AHMAD,DEM,89
59-20,RUE LANDAU,DEM,81
59-20,WRITE-IN,,0
59-21,DREW MURRAY,REP,18
59-21,ISAIAH THOMAS,DEM,196
59-21,JIM HARRITY,DEM,112
59-21,JIM HASHER,REP,19
59-21,KATHERINE GILMORE RICHARDSON,DEM,168
59-21,KENDRA BROOKS,WFP,130
59-21,NICOLAS O'ROURKE,WFP,119
59-21,NINA AHMAD,DEM,167
59-21,RUE LANDAU,DEM,177
59-21,WRITE-IN,,8
59-22,DREW MURRAY,REP,26
59-22,ISAIAH THOMAS,DEM,192
59-22,JIM HARRITY,DEM,113
59-22,JIM HASHER,REP,22
59-22,KATHERINE GILMORE RICHARDSON,DEM,181
59-22,KENDRA BROOKS,WFP,137
59-22,NICOLAS O'ROURKE,WFP,123
59-22,NINA AHMAD,DEM,175
59-22,RUE LANDAU,DEM,181
59-22,WRITE-IN,,0
59-23,DREW MURRAY,REP,13
59-23,ISAIAH THOMAS,DEM,175
59-23,JIM HARRITY,DEM,84
59-23,JIM HASHER,REP,11
59-23,KATHERINE GILMORE RICHARDSON,DEM,157
59-23,KENDRA BROOKS,WFP,113
59-23,NICOLAS O'ROURKE,WFP,90
59-23,NINA AHMAD,DEM,149
59-23,RUE LANDAU,DEM,137
59-23,WRITE-IN,,2
59-24,DREW MURRAY,REP,15
59-24,ISAIAH THOMAS,DEM,168
59-24,JIM HARRITY,DEM,87
59-24,JIM HASHER,REP,13
59-24,KATHERINE GILMORE RICHARDSON,DEM,154
59-24,KENDRA BROOKS,WFP,115
59-24,NICOLAS O'ROURKE,WFP,102
59-24,NINA AHMAD,DEM,153
59-24,RUE LANDAU,DEM,142
59-24,WRITE-IN,,1
59-25,DREW MURRAY,REP,15
59-25,ISAIAH THOMAS,DEM,187
59-25,JIM HARRITY,DEM,118
59-25,JIM HASHER,REP,6
59-25,KATHERINE GILMORE RICHARDSON,DEM,176
59-25,KENDRA BROOKS,WFP,102
59-25,NICOLAS O'ROURKE,WFP,83
59-25,NINA AHMAD,DEM,163
59-25,RUE LANDAU,DEM,158
59-25,WRITE-IN,,0
60-01,DREW MURRAY,REP,12
60-01,ISAIAH THOMAS,DEM,95
60-01,JIM HARRITY,DEM,73
60-01,JIM HASHER,REP,13
60-01,KATHERINE GILMORE RICHARDSON,DEM,83
60-01,KENDRA BROOKS,WFP,54
60-01,NICOLAS O'ROURKE,WFP,42
60-01,NINA AHMAD,DEM,91
60-01,RUE LANDAU,DEM,90
60-01,WRITE-IN,,1
60-02,DREW MURRAY,REP,8
60-02,ISAIAH THOMAS,DEM,127
60-02,JIM HARRITY,DEM,84
60-02,JIM HASHER,REP,6
60-02,KATHERINE GILMORE RICHARDSON,DEM,114
60-02,KENDRA BROOKS,WFP,87
60-02,NICOLAS O'ROURKE,WFP,74
60-02,NINA AHMAD,DEM,112
60-02,RUE LANDAU,DEM,117
60-02,WRITE-IN,,0
60-03,DREW MURRAY,REP,8
60-03,ISAIAH THOMAS,DEM,84
60-03,JIM HARRITY,DEM,49
60-03,JIM HASHER,REP,7
60-03,KATHERINE GILMORE RICHARDSON,DEM,87
60-03,KENDRA BROOKS,WFP,49
60-03,NICOLAS O'ROURKE,WFP,45
60-03,NINA AHMAD,DEM,71
60-03,RUE LANDAU,DEM,70
60-03,WRITE-IN,,1
60-04,DREW MURRAY,REP,3
60-04,ISAIAH THOMAS,DEM,124
60-04,JIM HARRITY,DEM,105
60-04,JIM HASHER,REP,7
60-04,KATHERINE GILMORE RICHARDSON,DEM,125
60-04,KENDRA BROOKS,WFP,26
60-04,NICOLAS O'ROURKE,WFP,16
60-04,NINA AHMAD,DEM,125
60-04,RUE LANDAU,DEM,115
60-04,WRITE-IN,,0
60-05,DREW MURRAY,REP,9
60-05,ISAIAH THOMAS,DEM,136
60-05,JIM HARRITY,DEM,101
60-05,JIM HASHER,REP,6
60-05,KATHERINE GILMORE RICHARDSON,DEM,126
60-05,KENDRA BROOKS,WFP,40
60-05,NICOLAS O'ROURKE,WFP,33
60-05,NINA AHMAD,DEM,120
60-05,RUE LANDAU,DEM,107
60-05,WRITE-IN,,2
60-06,DREW MURRAY,REP,1
60-06,ISAIAH THOMAS,DEM,86
60-06,JIM HARRITY,DEM,62
60-06,JIM HASHER,REP,3
60-06,KATHERINE GILMORE RICHARDSON,DEM,76
60-06,KENDRA BROOKS,WFP,24
60-06,NICOLAS O'ROURKE,WFP,18
60-06,NINA AHMAD,DEM,90
60-06,RUE LANDAU,DEM,63
60-06,WRITE-IN,,0
60-07,DREW MURRAY,REP,4
60-07,ISAIAH THOMAS,DEM,95
60-07,JIM HARRITY,DEM,68
60-07,JIM HASHER,REP,3
60-07,KATHERINE GILMORE RICHARDSON,DEM,86
60-07,KENDRA BROOKS,WFP,43
60-07,NICOLAS O'ROURKE,WFP,32
60-07,NINA AHMAD,DEM,86
60-07,RUE LANDAU,DEM,77
60-07,WRITE-IN,,0
60-08,DREW MURRAY,REP,11
60-08,ISAIAH THOMAS,DEM,137
60-08,JIM HARRITY,DEM,78
60-08,JIM HASHER,REP,10
60-08,KATHERINE GILMORE RICHARDSON,DEM,130
60-08,KENDRA BROOKS,WFP,98
60-08,NICOLAS O'ROURKE,WFP,95
60-08,NINA AHMAD,DEM,109
60-08,RUE LANDAU,DEM,127
60-08,WRITE-IN,,7
60-09,DREW MURRAY,REP,14
60-09,ISAIAH THOMAS,DEM,238
60-09,JIM HARRITY,DEM,107
60-09,JIM HASHER,REP,14
60-09,KATHERINE GILMORE RICHARDSON,DEM,227
60-09,KENDRA BROOKS,WFP,239
60-09,NICOLAS O'ROURKE,WFP,222
60-09,NINA AHMAD,DEM,190
60-09,RUE LANDAU,DEM,248
60-09,WRITE-IN,,2
60-10,DREW MURRAY,REP,4
60-10,ISAIAH THOMAS,DEM,118
60-10,JIM HARRITY,DEM,67
60-10,JIM HASHER,REP,2
60-10,KATHERINE GILMORE RICHARDSON,DEM,101
60-10,KENDRA BROOKS,WFP,75
60-10,NICOLAS O'ROURKE,WFP,62
60-10,NINA AHMAD,DEM,91
60-10,RUE LANDAU,DEM,100
60-10,WRITE-IN,,0
60-11,DREW MURRAY,REP,8
60-11,ISAIAH THOMAS,DEM,134
60-11,JIM HARRITY,DEM,102
60-11,JIM HASHER,REP,7
60-11,KATHERINE GILMORE RICHARDSON,DEM,121
60-11,KENDRA BROOKS,WFP,59
60-11,NICOLAS O'ROURKE,WFP,42
60-11,NINA AHMAD,DEM,121
60-11,RUE LANDAU,DEM,108
60-11,WRITE-IN,,0
60-12,DREW MURRAY,REP,10
60-12,ISAIAH THOMAS,DEM,132
60-12,JIM HARRITY,DEM,79
60-12,JIM HASHER,REP,10
60-12,KATHERINE GILMORE RICHARDSON,DEM,122
60-12,KENDRA BROOKS,WFP,80
60-12,NICOLAS O'ROURKE,WFP,75
60-12,NINA AHMAD,DEM,107
60-12,RUE LANDAU,DEM,114
60-12,WRITE-IN,,0
60-13,DREW MURRAY,REP,6
60-13,ISAIAH THOMAS,DEM,125
60-13,JIM HARRITY,DEM,64
60-13,JIM HASHER,REP,8
60-13,KATHERINE GILMORE RICHARDSON,DEM,106
60-13,KENDRA BROOKS,WFP,76
60-13,NICOLAS O'ROURKE,WFP,62
60-13,NINA AHMAD,DEM,94
60-13,RUE LANDAU,DEM,99
60-13,WRITE-IN,,0
60-14,DREW MURRAY,REP,16
60-14,ISAIAH THOMAS,DEM,125
60-14,JIM HARRITY,DEM,84
60-14,JIM HASHER,REP,7
60-14,KATHERINE GILMORE RICHARDSON,DEM,114
60-14,KENDRA BROOKS,WFP,57
60-14,NICOLAS O'ROURKE,WFP,51
60-14,NINA AHMAD,DEM,112
60-14,RUE LANDAU,DEM,106
60-14,WRITE-IN,,0
60-15,DREW MURRAY,REP,6
60-15,ISAIAH THOMAS,DEM,125
60-15,JIM HARRITY,DEM,80
60-15,JIM HASHER,REP,8
60-15,KATHERINE GILMORE RICHARDSON,DEM,116
60-15,KENDRA BROOKS,WFP,53
60-15,NICOLAS O'ROURKE,WFP,44
60-15,NINA AHMAD,DEM,110
60-15,RUE LANDAU,DEM,107
60-15,WRITE-IN,,0
60-16,DREW MURRAY,REP,8
60-16,ISAIAH THOMAS,DEM,121
60-16,JIM HARRITY,DEM,83
60-16,JIM HASHER,REP,8
60-16,KATHERINE GILMORE RICHARDSON,DEM,113
60-16,KENDRA BROOKS,WFP,64
60-16,NICOLAS O'ROURKE,WFP,62
60-16,NINA AHMAD,DEM,109
60-16,RUE LANDAU,DEM,108
60-16,WRITE-IN,,0
60-17,DREW MURRAY,REP,5
60-17,ISAIAH THOMAS,DEM,150
60-17,JIM HARRITY,DEM,106
60-17,JIM HASHER,REP,3
60-17,KATHERINE GILMORE RICHARDSON,DEM,130
60-17,KENDRA BROOKS,WFP,61
60-17,NICOLAS O'ROURKE,WFP,48
60-17,NINA AHMAD,DEM,119
60-17,RUE LANDAU,DEM,123
60-17,WRITE-IN,,0
60-18,DREW MURRAY,REP,8
60-18,ISAIAH THOMAS,DEM,104
60-18,JIM HARRITY,DEM,97
60-18,JIM HASHER,REP,6
60-18,KATHERINE GILMORE RICHARDSON,DEM,84
60-18,KENDRA BROOKS,WFP,35
60-18,NICOLAS O'ROURKE,WFP,28
60-18,NINA AHMAD,DEM,104
60-18,RUE LANDAU,DEM,65
60-18,WRITE-IN,,1
60-19,DREW MURRAY,REP,5
60-19,ISAIAH THOMAS,DEM,112
60-19,JIM HARRITY,DEM,66
60-19,JIM HASHER,REP,5
60-19,KATHERINE GILMORE RICHARDSON,DEM,97
60-19,KENDRA BROOKS,WFP,63
60-19,NICOLAS O'ROURKE,WFP,49
60-19,NINA AHMAD,DEM,94
60-19,RUE LANDAU,DEM,69
60-19,WRITE-IN,,0
60-20,DREW MURRAY,REP,9
60-20,ISAIAH THOMAS,DEM,109
60-20,JIM HARRITY,DEM,80
60-20,JIM HASHER,REP,4
60-20,KATHERINE GILMORE RICHARDSON,DEM,95
60-20,KENDRA BROOKS,WFP,39
60-20,NICOLAS O'ROURKE,WFP,30
60-20,NINA AHMAD,DEM,95
60-20,RUE LANDAU,DEM,81
60-20,WRITE-IN,,1
60-21,DREW MURRAY,REP,5
60-21,ISAIAH THOMAS,DEM,92
60-21,JIM HARRITY,DEM,64
60-21,JIM HASHER,REP,3
60-21,KATHERINE GILMORE RICHARDSON,DEM,85
60-21,KENDRA BROOKS,WFP,43
60-21,NICOLAS O'ROURKE,WFP,32
60-21,NINA AHMAD,DEM,72
60-21,RUE LANDAU,DEM,73
60-21,WRITE-IN,,0
60-22,DREW MURRAY,REP,6
60-22,ISAIAH THOMAS,DEM,98
60-22,JIM HARRITY,DEM,81
60-22,JIM HASHER,REP,3
60-22,KATHERINE GILMORE RICHARDSON,DEM,93
60-22,KENDRA BROOKS,WFP,19
60-22,NICOLAS O'ROURKE,WFP,15
60-22,NINA AHMAD,DEM,96
60-22,RUE LANDAU,DEM,85
60-22,WRITE-IN,,0
60-23,DREW MURRAY,REP,13
60-23,ISAIAH THOMAS,DEM,136
60-23,JIM HARRITY,DEM,81
60-23,JIM HASHER,REP,12
60-23,KATHERINE GILMORE RICHARDSON,DEM,120
60-23,KENDRA BROOKS,WFP,75
60-23,NICOLAS O'ROURKE,WFP,64
60-23,NINA AHMAD,DEM,113
60-23,RUE LANDAU,DEM,116
60-23,WRITE-IN,,0
61-01,DREW MURRAY,REP,8
61-01,ISAIAH THOMAS,DEM,95
61-01,JIM HARRITY,DEM,67
61-01,JIM HASHER,REP,5
61-01,KATHERINE GILMORE RICHARDSON,DEM,80
61-01,KENDRA BROOKS,WFP,28
61-01,NICOLAS O'ROURKE,WFP,25
61-01,NINA AHMAD,DEM,87
61-01,RUE LANDAU,DEM,71
61-01,WRITE-IN,,1
61-02,DREW MURRAY,REP,12
61-02,ISAIAH THOMAS,DEM,150
61-02,JIM HARRITY,DEM,121
61-02,JIM HASHER,REP,6
61-02,KATHERINE GILMORE RICHARDSON,DEM,134
61-02,KENDRA BROOKS,WFP,33
61-02,NICOLAS O'ROURKE,WFP,22
61-02,NINA AHMAD,DEM,137
61-02,RUE LANDAU,DEM,125
61-02,WRITE-IN,,5
61-03,DREW MURRAY,REP,20
61-03,ISAIAH THOMAS,DEM,92
61-03,JIM HARRITY,DEM,75
61-03,JIM HASHER,REP,20
61-03,KATHERINE GILMORE RICHARDSON,DEM,87
61-03,KENDRA BROOKS,WFP,21
61-03,NICOLAS O'ROURKE,WFP,12
61-03,NINA AHMAD,DEM,83
61-03,RUE LANDAU,DEM,76
61-03,WRITE-IN,,0
61-04,DREW MURRAY,REP,18
61-04,ISAIAH THOMAS,DEM,88
61-04,JIM HARRITY,DEM,64
61-04,JIM HASHER,REP,19
61-04,KATHERINE GILMORE RICHARDSON,DEM,77
61-04,KENDRA BROOKS,WFP,24
61-04,NICOLAS O'ROURKE,WFP,21
61-04,NINA AHMAD,DEM,82
61-04,RUE LANDAU,DEM,70
61-04,WRITE-IN,,0
61-05,DREW MURRAY,REP,14
61-05,ISAIAH THOMAS,DEM,98
61-05,JIM HARRITY,DEM,77
61-05,JIM HASHER,REP,15
61-05,KATHERINE GILMORE RICHARDSON,DEM,88
61-05,KENDRA BROOKS,WFP,21
61-05,NICOLAS O'ROURKE,WFP,17
61-05,NINA AHMAD,DEM,83
61-05,RUE LANDAU,DEM,72
61-05,WRITE-IN,,0
61-06,DREW MURRAY,REP,21
61-06,ISAIAH THOMAS,DEM,290
61-06,JIM HARRITY,DEM,221
61-06,JIM HASHER,REP,22
61-06,KATHERINE GILMORE RICHARDSON,DEM,255
61-06,KENDRA BROOKS,WFP,66
61-06,NICOLAS O'ROURKE,WFP,43
61-06,NINA AHMAD,DEM,267
61-06,RUE LANDAU,DEM,226
61-06,WRITE-IN,,0
61-07,DREW MURRAY,REP,14
61-07,ISAIAH THOMAS,DEM,157
61-07,JIM HARRITY,DEM,124
61-07,JIM HASHER,REP,14
61-07,KATHERINE GILMORE RICHARDSON,DEM,138
61-07,KENDRA BROOKS,WFP,40
61-07,NICOLAS O'ROURKE,WFP,30
61-07,NINA AHMAD,DEM,149
61-07,RUE LANDAU,DEM,120
61-07,WRITE-IN,,1
61-08,DREW MURRAY,REP,16
61-08,ISAIAH THOMAS,DEM,136
61-08,JIM HARRITY,DEM,106
61-08,JIM HASHER,REP,14
61-08,KATHERINE GILMORE RICHARDSON,DEM,120
61-08,KENDRA BROOKS,WFP,27
61-08,NICOLAS O'ROURKE,WFP,21
61-08,NINA AHMAD,DEM,128
61-08,RUE LANDAU,DEM,104
61-08,WRITE-IN,,2
61-09,DREW MURRAY,REP,10
61-09,ISAIAH THOMAS,DEM,93
61-09,JIM HARRITY,DEM,84
61-09,JIM HASHER,REP,8
61-09,KATHERINE GILMORE RICHARDSON,DEM,92
61-09,KENDRA BROOKS,WFP,23
61-09,NICOLAS O'ROURKE,WFP,17
61-09,NINA AHMAD,DEM,95
61-09,RUE LANDAU,DEM,81
61-09,WRITE-IN,,0
61-10,DREW MURRAY,REP,19
61-10,ISAIAH THOMAS,DEM,129
61-10,JIM HARRITY,DEM,99
61-10,JIM HASHER,REP,16
61-10,KATHERINE GILMORE RICHARDSON,DEM,106
61-10,KENDRA BROOKS,WFP,26
61-10,NICOLAS O'ROURKE,WFP,16
61-10,NINA AHMAD,DEM,111
61-10,RUE LANDAU,DEM,94
61-10,WRITE-IN,,0
61-11,DREW MURRAY,REP,20
61-11,ISAIAH THOMAS,DEM,121
61-11,JIM HARRITY,DEM,82
61-11,JIM HASHER,REP,19
61-11,KATHERINE GILMORE RICHARDSON,DEM,100
61-11,KENDRA BROOKS,WFP,36
61-11,NICOLAS O'ROURKE,WFP,17
61-11,NINA AHMAD,DEM,101
61-11,RUE LANDAU,DEM,83
61-11,WRITE-IN,,0
61-12,DREW MURRAY,REP,2
61-12,ISAIAH THOMAS,DEM,80
61-12,JIM HARRITY,DEM,58
61-12,JIM HASHER,REP,3
61-12,KATHERINE GILMORE RICHARDSON,DEM,71
61-12,KENDRA BROOKS,WFP,19
61-12,NICOLAS O'ROURKE,WFP,17
61-12,NINA AHMAD,DEM,74
61-12,RUE LANDAU,DEM,57
61-12,WRITE-IN,,0
61-13,DREW MURRAY,REP,9
61-13,ISAIAH THOMAS,DEM,133
61-13,JIM HARRITY,DEM,99
61-13,JIM HASHER,REP,7
61-13,KATHERINE GILMORE RICHARDSON,DEM,106
61-13,KENDRA BROOKS,WFP,19
61-13,NICOLAS O'ROURKE,WFP,14
61-13,NINA AHMAD,DEM,109
61-13,RUE LANDAU,DEM,89
61-13,WRITE-IN,,0
61-14,DREW MURRAY,REP,11
61-14,ISAIAH THOMAS,DEM,123
61-14,JIM HARRITY,DEM,94
61-14,JIM HASHER,REP,14
61-14,KATHERINE GILMORE RICHARDSON,DEM,104
61-14,KENDRA BROOKS,WFP,21
61-14,NICOLAS O'ROURKE,WFP,19
61-14,NINA AHMAD,DEM,105
61-14,RUE LANDAU,DEM,97
61-14,WRITE-IN,,0
61-15,DREW MURRAY,REP,15
61-15,ISAIAH THOMAS,DEM,114
61-15,JIM HARRITY,DEM,85
61-15,JIM HASHER,REP,17
61-15,KATHERINE GILMORE RICHARDSON,DEM,95
61-15,KENDRA BROOKS,WFP,19
61-15,NICOLAS O'ROURKE,WFP,11
61-15,NINA AHMAD,DEM,104
61-15,RUE LANDAU,DEM,83
61-15,WRITE-IN,,0
61-16,DREW MURRAY,REP,14
61-16,ISAIAH THOMAS,DEM,126
61-16,JIM HARRITY,DEM,91
61-16,JIM HASHER,REP,11
61-16,KATHERINE GILMORE RICHARDSON,DEM,99
61-16,KENDRA BROOKS,WFP,22
61-16,NICOLAS O'ROURKE,WFP,16
61-16,NINA AHMAD,DEM,105
61-16,RUE LANDAU,DEM,99
61-16,WRITE-IN,,0
61-17,DREW MURRAY,REP,33
61-17,ISAIAH THOMAS,DEM,164
61-17,JIM HARRITY,DEM,119
61-17,JIM HASHER,REP,30
61-17,KATHERINE GILMORE RICHARDSON,DEM,144
61-17,KENDRA BROOKS,WFP,62
61-17,NICOLAS O'ROURKE,WFP,49
61-17,NINA AHMAD,DEM,155
61-17,RUE LANDAU,DEM,131
61-17,WRITE-IN,,0
61-18,DREW MURRAY,REP,23
61-18,ISAIAH THOMAS,DEM,143
61-18,JIM HARRITY,DEM,114
61-18,JIM HASHER,REP,26
61-18,KATHERINE GILMORE RICHARDSON,DEM,131
61-18,KENDRA BROOKS,WFP,36
61-18,NICOLAS O'ROURKE,WFP,28
61-18,NINA AHMAD,DEM,138
61-18,RUE LANDAU,DEM,120
61-18,WRITE-IN,,0
61-19,DREW MURRAY,REP,18
61-19,ISAIAH THOMAS,DEM,132
61-19,JIM HARRITY,DEM,109
61-19,JIM HASHER,REP,16
61-19,KATHERINE GILMORE RICHARDSON,DEM,124
61-19,KENDRA BROOKS,WFP,33
61-19,NICOLAS O'ROURKE,WFP,21
61-19,NINA AHMAD,DEM,129
61-19,RUE LANDAU,DEM,102
61-19,WRITE-IN,,0
61-20,DREW MURRAY,REP,15
61-20,ISAIAH THOMAS,DEM,163
61-20,JIM HARRITY,DEM,129
61-20,JIM HASHER,REP,11
61-20,KATHERINE GILMORE RICHARDSON,DEM,157
61-20,KENDRA BROOKS,WFP,31
61-20,NICOLAS O'ROURKE,WFP,20
61-20,NINA AHMAD,DEM,152
61-20,RUE LANDAU,DEM,119
61-20,WRITE-IN,,0
61-21,DREW MURRAY,REP,22
61-21,ISAIAH THOMAS,DEM,221
61-21,JIM HARRITY,DEM,179
61-21,JIM HASHER,REP,22
61-21,KATHERINE GILMORE RICHARDSON,DEM,202
61-21,KENDRA BROOKS,WFP,53
61-21,NICOLAS O'ROURKE,WFP,31
61-21,NINA AHMAD,DEM,208
61-21,RUE LANDAU,DEM,164
61-21,WRITE-IN,,4
61-22,DREW MURRAY,REP,12
61-22,ISAIAH THOMAS,DEM,132
61-22,JIM HARRITY,DEM,106
61-22,JIM HASHER,REP,13
61-22,KATHERINE GILMORE RICHARDSON,DEM,116
61-22,KENDRA BROOKS,WFP,37
61-22,NICOLAS O'ROURKE,WFP,25
61-22,NINA AHMAD,DEM,129
61-22,RUE LANDAU,DEM,110
61-22,WRITE-IN,,1
61-23,DREW MURRAY,REP,21
61-23,ISAIAH THOMAS,DEM,211
61-23,JIM HARRITY,DEM,164
61-23,JIM HASHER,REP,23
61-23,KATHERINE GILMORE RICHARDSON,DEM,188
61-23,KENDRA BROOKS,WFP,66
61-23,NICOLAS O'ROURKE,WFP,48
61-23,NINA AHMAD,DEM,196
61-23,RUE LANDAU,DEM,167
61-23,WRITE-IN,,0
61-24,DREW MURRAY,REP,25
61-24,ISAIAH THOMAS,DEM,101
61-24,JIM HARRITY,DEM,78
61-24,JIM HASHER,REP,18
61-24,KATHERINE GILMORE RICHARDSON,DEM,96
61-24,KENDRA BROOKS,WFP,35
61-24,NICOLAS O'ROURKE,WFP,26
61-24,NINA AHMAD,DEM,97
61-24,RUE LANDAU,DEM,83
61-24,WRITE-IN,,0
61-25,DREW MURRAY,REP,16
61-25,ISAIAH THOMAS,DEM,181
61-25,JIM HARRITY,DEM,144
61-25,JIM HASHER,REP,16
61-25,KATHERINE GILMORE RICHARDSON,DEM,150
61-25,KENDRA BROOKS,WFP,56
61-25,NICOLAS O'ROURKE,WFP,40
61-25,NINA AHMAD,DEM,155
61-25,RUE LANDAU,DEM,129
61-25,WRITE-IN,,0
61-26,DREW MURRAY,REP,10
61-26,ISAIAH THOMAS,DEM,165
61-26,JIM HARRITY,DEM,129
61-26,JIM HASHER,REP,9
61-26,KATHERINE GILMORE RICHARDSON,DEM,145
61-26,KENDRA BROOKS,WFP,38
61-26,NICOLAS O'ROURKE,WFP,28
61-26,NINA AHMAD,DEM,154
61-26,RUE LANDAU,DEM,128
61-26,WRITE-IN,,0
61-27,DREW MURRAY,REP,8
61-27,ISAIAH THOMAS,DEM,189
61-27,JIM HARRITY,DEM,139
61-27,JIM HASHER,REP,7
61-27,KATHERINE GILMORE RICHARDSON,DEM,164
61-27,KENDRA BROOKS,WFP,35
61-27,NICOLAS O'ROURKE,WFP,20
61-27,NINA AHMAD,DEM,179
61-27,RUE LANDAU,DEM,149
61-27,WRITE-IN,,1
61-28,DREW MURRAY,REP,16
61-28,ISAIAH THOMAS,DEM,189
61-28,JIM HARRITY,DEM,152
61-28,JIM HASHER,REP,11
61-28,KATHERINE GILMORE RICHARDSON,DEM,178
61-28,KENDRA BROOKS,WFP,35
61-28,NICOLAS O'ROURKE,WFP,27
61-28,NINA AHMAD,DEM,168
61-28,RUE LANDAU,DEM,151
61-28,WRITE-IN,,1
62-01,DREW MURRAY,REP,18
62-01,ISAIAH THOMAS,DEM,65
62-01,JIM HARRITY,DEM,57
62-01,JIM HASHER,REP,18
62-01,KATHERINE GILMORE RICHARDSON,DEM,57
62-01,KENDRA BROOKS,WFP,11
62-01,NICOLAS O'ROURKE,WFP,6
62-01,NINA AHMAD,DEM,63
62-01,RUE LANDAU,DEM,50
62-01,WRITE-IN,,0
62-02,DREW MURRAY,REP,12
62-02,ISAIAH THOMAS,DEM,56
62-02,JIM HARRITY,DEM,42
62-02,JIM HASHER,REP,13
62-02,KATHERINE GILMORE RICHARDSON,DEM,42
62-02,KENDRA BROOKS,WFP,11
62-02,NICOLAS O'ROURKE,WFP,5
62-02,NINA AHMAD,DEM,49
62-02,RUE LANDAU,DEM,38
62-02,WRITE-IN,,0
62-03,DREW MURRAY,REP,22
62-03,ISAIAH THOMAS,DEM,60
62-03,JIM HARRITY,DEM,65
62-03,JIM HASHER,REP,28
62-03,KATHERINE GILMORE RICHARDSON,DEM,65
62-03,KENDRA BROOKS,WFP,30
62-03,NICOLAS O'ROURKE,WFP,17
62-03,NINA AHMAD,DEM,58
62-03,RUE LANDAU,DEM,51
62-03,WRITE-IN,,1
62-04,DREW MURRAY,REP,22
62-04,ISAIAH THOMAS,DEM,105
62-04,JIM HARRITY,DEM,81
62-04,JIM HASHER,REP,21
62-04,KATHERINE GILMORE RICHARDSON,DEM,84
62-04,KENDRA BROOKS,WFP,19
62-04,NICOLAS O'ROURKE,WFP,20
62-04,NINA AHMAD,DEM,84
62-04,RUE LANDAU,DEM,80
62-04,WRITE-IN,,0
62-05,DREW MURRAY,REP,24
62-05,ISAIAH THOMAS,DEM,57
62-05,JIM HARRITY,DEM,46
62-05,JIM HASHER,REP,22
62-05,KATHERINE GILMORE RICHARDSON,DEM,44
62-05,KENDRA BROOKS,WFP,18
62-05,NICOLAS O'ROURKE,WFP,13
62-05,NINA AHMAD,DEM,49
62-05,RUE LANDAU,DEM,38
62-05,WRITE-IN,,0
62-06,DREW MURRAY,REP,30
62-06,ISAIAH THOMAS,DEM,87
62-06,JIM HARRITY,DEM,67
62-06,JIM HASHER,REP,31
62-06,KATHERINE GILMORE RICHARDSON,DEM,80
62-06,KENDRA BROOKS,WFP,13
62-06,NICOLAS O'ROURKE,WFP,10
62-06,NINA AHMAD,DEM,82
62-06,RUE LANDAU,DEM,70
62-06,WRITE-IN,,1
62-07,DREW MURRAY,REP,24
62-07,ISAIAH THOMAS,DEM,78
62-07,JIM HARRITY,DEM,71
62-07,JIM HASHER,REP,24
62-07,KATHERINE GILMORE RICHARDSON,DEM,65
62-07,KENDRA BROOKS,WFP,19
62-07,NICOLAS O'ROURKE,WFP,13
62-07,NINA AHMAD,DEM,72
62-07,RUE LANDAU,DEM,65
62-07,WRITE-IN,,0
62-08,DREW MURRAY,REP,21
62-08,ISAIAH THOMAS,DEM,99
62-08,JIM HARRITY,DEM,82
62-08,JIM HASHER,REP,19
62-08,KATHERINE GILMORE RICHARDSON,DEM,92
62-08,KENDRA BROOKS,WFP,22
62-08,NICOLAS O'ROURKE,WFP,13
62-08,NINA AHMAD,DEM,91
62-08,RUE LANDAU,DEM,78
62-08,WRITE-IN,,0
62-09,DREW MURRAY,REP,13
62-09,ISAIAH THOMAS,DEM,55
62-09,JIM HARRITY,DEM,46
62-09,JIM HASHER,REP,14
62-09,KATHERINE GILMORE RICHARDSON,DEM,46
62-09,KENDRA BROOKS,WFP,6
62-09,NICOLAS O'ROURKE,WFP,7
62-09,NINA AHMAD,DEM,52
62-09,RUE LANDAU,DEM,49
62-09,WRITE-IN,,0
62-10,DREW MURRAY,REP,15
62-10,ISAIAH THOMAS,DEM,62
62-10,JIM HARRITY,DEM,53
62-10,JIM HASHER,REP,14
62-10,KATHERINE GILMORE RICHARDSON,DEM,60
62-10,KENDRA BROOKS,WFP,15
62-10,NICOLAS O'ROURKE,WFP,11
62-10,NINA AHMAD,DEM,62
62-10,RUE LANDAU,DEM,49
62-10,WRITE-IN,,0
62-11,DREW MURRAY,REP,28
62-11,ISAIAH THOMAS,DEM,105
62-11,JIM HARRITY,DEM,90
62-11,JIM HASHER,REP,24
62-11,KATHERINE GILMORE RICHARDSON,DEM,103
62-11,KENDRA BROOKS,WFP,14
62-11,NICOLAS O'ROURKE,WFP,11
62-11,NINA AHMAD,DEM,101
62-11,RUE LANDAU,DEM,92
62-11,WRITE-IN,,5
62-12,DREW MURRAY,REP,13
62-12,ISAIAH THOMAS,DEM,86
62-12,JIM HARRITY,DEM,74
62-12,JIM HASHER,REP,13
62-12,KATHERINE GILMORE RICHARDSON,DEM,77
62-12,KENDRA BROOKS,WFP,15
62-12,NICOLAS O'ROURKE,WFP,9
62-12,NINA AHMAD,DEM,76
62-12,RUE LANDAU,DEM,66
62-12,WRITE-IN,,0
62-13,DREW MURRAY,REP,15
62-13,ISAIAH THOMAS,DEM,100
62-13,JIM HARRITY,DEM,99
62-13,JIM HASHER,REP,17
62-13,KATHERINE GILMORE RICHARDSON,DEM,102
62-13,KENDRA BROOKS,WFP,12
62-13,NICOLAS O'ROURKE,WFP,8
62-13,NINA AHMAD,DEM,102
62-13,RUE LANDAU,DEM,100
62-13,WRITE-IN,,0
62-14,DREW MURRAY,REP,27
62-14,ISAIAH THOMAS,DEM,103
62-14,JIM HARRITY,DEM,91
62-14,JIM HASHER,REP,27
62-14,KATHERINE GILMORE RICHARDSON,DEM,97
62-14,KENDRA BROOKS,WFP,16
62-14,NICOLAS O'ROURKE,WFP,13
62-14,NINA AHMAD,DEM,98
62-14,RUE LANDAU,DEM,93
62-14,WRITE-IN,,9
62-15,DREW MURRAY,REP,21
62-15,ISAIAH THOMAS,DEM,67
62-15,JIM HARRITY,DEM,66
62-15,JIM HASHER,REP,21
62-15,KATHERINE GILMORE RICHARDSON,DEM,67
62-15,KENDRA BROOKS,WFP,20
62-15,NICOLAS O'ROURKE,WFP,18
62-15,NINA AHMAD,DEM,68
62-15,RUE LANDAU,DEM,61
62-15,WRITE-IN,,0
62-16,DREW MURRAY,REP,14
62-16,ISAIAH THOMAS,DEM,79
62-16,JIM HARRITY,DEM,74
62-16,JIM HASHER,REP,13
62-16,KATHERINE GILMORE RICHARDSON,DEM,85
62-16,KENDRA BROOKS,WFP,25
62-16,NICOLAS O'ROURKE,WFP,17
62-16,NINA AHMAD,DEM,77
62-16,RUE LANDAU,DEM,69
62-16,WRITE-IN,,2
62-17,DREW MURRAY,REP,19
62-17,ISAIAH THOMAS,DEM,64
62-17,JIM HARRITY,DEM,51
62-17,JIM HASHER,REP,24
62-17,KATHERINE GILMORE RICHARDSON,DEM,56
62-17,KENDRA BROOKS,WFP,24
62-17,NICOLAS O'ROURKE,WFP,16
62-17,NINA AHMAD,DEM,56
62-17,RUE LANDAU,DEM,46
62-17,WRITE-IN,,3
62-18,DREW MURRAY,REP,36
62-18,ISAIAH THOMAS,DEM,79
62-18,JIM HARRITY,DEM,88
62-18,JIM HASHER,REP,37
62-18,KATHERINE GILMORE RICHARDSON,DEM,84
62-18,KENDRA BROOKS,WFP,19
62-18,NICOLAS O'ROURKE,WFP,18
62-18,NINA AHMAD,DEM,82
62-18,RUE LANDAU,DEM,75
62-18,WRITE-IN,,0
62-19,DREW MURRAY,REP,42
62-19,ISAIAH THOMAS,DEM,46
62-19,JIM HARRITY,DEM,40
62-19,JIM HASHER,REP,38
62-19,KATHERINE GILMORE RICHARDSON,DEM,44
62-19,KENDRA BROOKS,WFP,14
62-19,NICOLAS O'ROURKE,WFP,8
62-19,NINA AHMAD,DEM,52
62-19,RUE LANDAU,DEM,43
62-19,WRITE-IN,,3
62-20,DREW MURRAY,REP,27
62-20,ISAIAH THOMAS,DEM,90
62-20,JIM HARRITY,DEM,76
62-20,JIM HASHER,REP,27
62-20,KATHERINE GILMORE RICHARDSON,DEM,95
62-20,KENDRA BROOKS,WFP,23
62-20,NICOLAS O'ROURKE,WFP,14
62-20,NINA AHMAD,DEM,86
62-20,RUE LANDAU,DEM,72
62-20,WRITE-IN,,0
62-21,DREW MURRAY,REP,27
62-21,ISAIAH THOMAS,DEM,41
62-21,JIM HARRITY,DEM,37
62-21,JIM HASHER,REP,28
62-21,KATHERINE GILMORE RICHARDSON,DEM,37
62-21,KENDRA BROOKS,WFP,16
62-21,NICOLAS O'ROURKE,WFP,14
62-21,NINA AHMAD,DEM,46
62-21,RUE LANDAU,DEM,31
62-21,WRITE-IN,,1
62-22,DREW MURRAY,REP,18
62-22,ISAIAH THOMAS,DEM,59
62-22,JIM HARRITY,DEM,54
62-22,JIM HASHER,REP,22
62-22,KATHERINE GILMORE RICHARDSON,DEM,53
62-22,KENDRA BROOKS,WFP,18
62-22,NICOLAS O'ROURKE,WFP,17
62-22,NINA AHMAD,DEM,58
62-22,RUE LANDAU,DEM,44
62-22,WRITE-IN,,1
62-23,DREW MURRAY,REP,24
62-23,ISAIAH THOMAS,DEM,45
62-23,JIM HARRITY,DEM,39
62-23,JIM HASHER,REP,30
62-23,KATHERINE GILMORE RICHARDSON,DEM,53
62-23,KENDRA BROOKS,WFP,15
62-23,NICOLAS O'ROURKE,WFP,9
62-23,NINA AHMAD,DEM,43
62-23,RUE LANDAU,DEM,41
62-23,WRITE-IN,,0
62-24,DREW MURRAY,REP,22
62-24,ISAIAH THOMAS,DEM,36
62-24,JIM HARRITY,DEM,37
62-24,JIM HASHER,REP,24
62-24,KATHERINE GILMORE RICHARDSON,DEM,38
62-24,KENDRA BROOKS,WFP,9
62-24,NICOLAS O'ROURKE,WFP,7
62-24,NINA AHMAD,DEM,35
62-24,RUE LANDAU,DEM,32
62-24,WRITE-IN,,1
62-25,DREW MURRAY,REP,30
62-25,ISAIAH THOMAS,DEM,27
62-25,JIM HARRITY,DEM,31
62-25,JIM HASHER,REP,33
62-25,KATHERINE GILMORE RICHARDSON,DEM,28
62-25,KENDRA BROOKS,WFP,9
62-25,NICOLAS O'ROURKE,WFP,12
62-25,NINA AHMAD,DEM,28
62-25,RUE LANDAU,DEM,26
62-25,WRITE-IN,,0
62-26,DREW MURRAY,REP,28
62-26,ISAIAH THOMAS,DEM,41
62-26,JIM HARRITY,DEM,38
62-26,JIM HASHER,REP,27
62-26,KATHERINE GILMORE RICHARDSON,DEM,35
62-26,KENDRA BROOKS,WFP,12
62-26,NICOLAS O'ROURKE,WFP,11
62-26,NINA AHMAD,DEM,39
62-26,RUE LANDAU,DEM,30
62-26,WRITE-IN,,0
63-01,DREW MURRAY,REP,132
63-01,ISAIAH THOMAS,DEM,98
63-01,JIM HARRITY,DEM,112
63-01,JIM HASHER,REP,137
63-01,KATHERINE GILMORE RICHARDSON,DEM,104
63-01,KENDRA BROOKS,WFP,24
63-01,NICOLAS O'ROURKE,WFP,27
63-01,NINA AHMAD,DEM,91
63-01,RUE LANDAU,DEM,90
63-01,WRITE-IN,,11
63-02,DREW MURRAY,REP,155
63-02,ISAIAH THOMAS,DEM,84
63-02,JIM HARRITY,DEM,94
63-02,JIM HASHER,REP,156
63-02,KATHERINE GILMORE RICHARDSON,DEM,97
63-02,KENDRA BROOKS,WFP,35
63-02,NICOLAS O'ROURKE,WFP,36
63-02,NINA AHMAD,DEM,84
63-02,RUE LANDAU,DEM,78
63-02,WRITE-IN,,2
63-03,DREW MURRAY,REP,200
63-03,ISAIAH THOMAS,DEM,81
63-03,JIM HARRITY,DEM,101
63-03,JIM HASHER,REP,216
63-03,KATHERINE GILMORE RICHARDSON,DEM,94
63-03,KENDRA BROOKS,WFP,36
63-03,NICOLAS O'ROURKE,WFP,35
63-03,NINA AHMAD,DEM,85
63-03,RUE LANDAU,DEM,75
63-03,WRITE-IN,,1
63-04,DREW MURRAY,REP,119
63-04,ISAIAH THOMAS,DEM,89
63-04,JIM HARRITY,DEM,117
63-04,JIM HASHER,REP,127
63-04,KATHERINE GILMORE RICHARDSON,DEM,103
63-04,KENDRA BROOKS,WFP,20
63-04,NICOLAS O'ROURKE,WFP,25
63-04,NINA AHMAD,DEM,87
63-04,RUE LANDAU,DEM,75
63-04,WRITE-IN,,0
63-05,DREW MURRAY,REP,113
63-05,ISAIAH THOMAS,DEM,95
63-05,JIM HARRITY,DEM,101
63-05,JIM HASHER,REP,118
63-05,KATHERINE GILMORE RICHARDSON,DEM,99
63-05,KENDRA BROOKS,WFP,29
63-05,NICOLAS O'ROURKE,WFP,29
63-05,NINA AHMAD,DEM,91
63-05,RUE LANDAU,DEM,75
63-05,WRITE-IN,,1
63-06,DREW MURRAY,REP,82
63-06,ISAIAH THOMAS,DEM,101
63-06,JIM HARRITY,DEM,91
63-06,JIM HASHER,REP,84
63-06,KATHERINE GILMORE RICHARDSON,DEM,107
63-06,KENDRA BROOKS,WFP,34
63-06,NICOLAS O'ROURKE,WFP,32
63-06,NINA AHMAD,DEM,93
63-06,RUE LANDAU,DEM,93
63-06,WRITE-IN,,0
63-07,DREW MURRAY,REP,35
63-07,ISAIAH THOMAS,DEM,55
63-07,JIM HARRITY,DEM,49
63-07,JIM HASHER,REP,35
63-07,KATHERINE GILMORE RICHARDSON,DEM,61
63-07,KENDRA BROOKS,WFP,14
63-07,NICOLAS O'ROURKE,WFP,8
63-07,NINA AHMAD,DEM,55
63-07,RUE LANDAU,DEM,51
63-07,WRITE-IN,,1
63-08,DREW MURRAY,REP,108
63-08,ISAIAH THOMAS,DEM,105
63-08,JIM HARRITY,DEM,118
63-08,JIM HASHER,REP,118
63-08,KATHERINE GILMORE RICHARDSON,DEM,119
63-08,KENDRA BROOKS,WFP,32
63-08,NICOLAS O'ROURKE,WFP,22
63-08,NINA AHMAD,DEM,114
63-08,RUE LANDAU,DEM,94
63-08,WRITE-IN,,4
63-09,DREW MURRAY,REP,120
63-09,ISAIAH THOMAS,DEM,86
63-09,JIM HARRITY,DEM,89
63-09,JIM HASHER,REP,138
63-09,KATHERINE GILMORE RICHARDSON,DEM,93
63-09,KENDRA BROOKS,WFP,38
63-09,NICOLAS O'ROURKE,WFP,30
63-09,NINA AHMAD,DEM,83
63-09,RUE LANDAU,DEM,70
63-09,WRITE-IN,,3
63-10,DREW MURRAY,REP,122
63-10,ISAIAH THOMAS,DEM,85
63-10,JIM HARRITY,DEM,96
63-10,JIM HASHER,REP,141
63-10,KATHERINE GILMORE RICHARDSON,DEM,92
63-10,KENDRA BROOKS,WFP,24
63-10,NICOLAS O'ROURKE,WFP,23
63-10,NINA AHMAD,DEM,94
63-10,RUE LANDAU,DEM,86
63-10,WRITE-IN,,0
63-11,DREW MURRAY,REP,221
63-11,ISAIAH THOMAS,DEM,185
63-11,JIM HARRITY,DEM,219
63-11,JIM HASHER,REP,223
63-11,KATHERINE GILMORE RICHARDSON,DEM,213
63-11,KENDRA BROOKS,WFP,47
63-11,NICOLAS O'ROURKE,WFP,43
63-11,NINA AHMAD,DEM,182
63-11,RUE LANDAU,DEM,179
63-11,WRITE-IN,,1
63-12,DREW MURRAY,REP,97
63-12,ISAIAH THOMAS,DEM,70
63-12,JIM HARRITY,DEM,88
63-12,JIM HASHER,REP,104
63-12,KATHERINE GILMORE RICHARDSON,DEM,81
63-12,KENDRA BROOKS,WFP,30
63-12,NICOLAS O'ROURKE,WFP,25
63-12,NINA AHMAD,DEM,85
63-12,RUE LANDAU,DEM,71
63-12,WRITE-IN,,1
63-13,DREW MURRAY,REP,115
63-13,ISAIAH THOMAS,DEM,102
63-13,JIM HARRITY,DEM,107
63-13,JIM HASHER,REP,125
63-13,KATHERINE GILMORE RICHARDSON,DEM,106
63-13,KENDRA BROOKS,WFP,33
63-13,NICOLAS O'ROURKE,WFP,29
63-13,NINA AHMAD,DEM,104
63-13,RUE LANDAU,DEM,92
63-13,WRITE-IN,,2
63-14,DREW MURRAY,REP,144
63-14,ISAIAH THOMAS,DEM,84
63-14,JIM HARRITY,DEM,96
63-14,JIM HASHER,REP,149
63-14,KATHERINE GILMORE RICHARDSON,DEM,89
63-14,KENDRA BROOKS,WFP,17
63-14,NICOLAS O'ROURKE,WFP,21
63-14,NINA AHMAD,DEM,80
63-14,RUE LANDAU,DEM,74
63-14,WRITE-IN,,2
63-15,DREW MURRAY,REP,147
63-15,ISAIAH THOMAS,DEM,81
63-15,JIM HARRITY,DEM,104
63-15,JIM HASHER,REP,150
63-15,KATHERINE GILMORE RICHARDSON,DEM,102
63-15,KENDRA BROOKS,WFP,30
63-15,NICOLAS O'ROURKE,WFP,25
63-15,NINA AHMAD,DEM,94
63-15,RUE LANDAU,DEM,81
63-15,WRITE-IN,,4
63-16,DREW MURRAY,REP,97
63-16,ISAIAH THOMAS,DEM,37
63-16,JIM HARRITY,DEM,54
63-16,JIM HASHER,REP,95
63-16,KATHERINE GILMORE RICHARDSON,DEM,47
63-16,KENDRA BROOKS,WFP,12
63-16,NICOLAS O'ROURKE,WFP,12
63-16,NINA AHMAD,DEM,44
63-16,RUE LANDAU,DEM,41
63-16,WRITE-IN,,1
63-17,DREW MURRAY,REP,135
63-17,ISAIAH THOMAS,DEM,34
63-17,JIM HARRITY,DEM,47
63-17,JIM HASHER,REP,156
63-17,KATHERINE GILMORE RICHARDSON,DEM,44
63-17,KENDRA BROOKS,WFP,10
63-17,NICOLAS O'ROURKE,WFP,11
63-17,NINA AHMAD,DEM,25
63-17,RUE LANDAU,DEM,20
63-17,WRITE-IN,,1
63-18,DREW MURRAY,REP,137
63-18,ISAIAH THOMAS,DEM,95
63-18,JIM HARRITY,DEM,92
63-18,JIM HASHER,REP,140
63-18,KATHERINE GILMORE RICHARDSON,DEM,89
63-18,KENDRA BROOKS,WFP,22
63-18,NICOLAS O'ROURKE,WFP,15
63-18,NINA AHMAD,DEM,87
63-18,RUE LANDAU,DEM,73
63-18,WRITE-IN,,0
63-19,DREW MURRAY,REP,113
63-19,ISAIAH THOMAS,DEM,86
63-19,JIM HARRITY,DEM,103
63-19,JIM HASHER,REP,116
63-19,KATHERINE GILMORE RICHARDSON,DEM,88
63-19,KENDRA BROOKS,WFP,16
63-19,NICOLAS O'ROURKE,WFP,18
63-19,NINA AHMAD,DEM,95
63-19,RUE LANDAU,DEM,83
63-19,WRITE-IN,,1
63-20,DREW MURRAY,REP,135
63-20,ISAIAH THOMAS,DEM,79
63-20,JIM HARRITY,DEM,88
63-20,JIM HASHER,REP,141
63-20,KATHERINE GILMORE RICHARDSON,DEM,92
63-20,KENDRA BROOKS,WFP,25
63-20,NICOLAS O'ROURKE,WFP,34
63-20,NINA AHMAD,DEM,78
63-20,RUE LANDAU,DEM,67
63-20,WRITE-IN,,0
63-21,DREW MURRAY,REP,94
63-21,ISAIAH THOMAS,DEM,106
63-21,JIM HARRITY,DEM,109
63-21,JIM HASHER,REP,106
63-21,KATHERINE GILMORE RICHARDSON,DEM,110
63-21,KENDRA BROOKS,WFP,32
63-21,NICOLAS O'ROURKE,WFP,29
63-21,NINA AHMAD,DEM,105
63-21,RUE LANDAU,DEM,93
63-21,WRITE-IN,,0
63-22,DREW MURRAY,REP,67
63-22,ISAIAH THOMAS,DEM,81
63-22,JIM HARRITY,DEM,84
63-22,JIM HASHER,REP,67
63-22,KATHERINE GILMORE RICHARDSON,DEM,86
63-22,KENDRA BROOKS,WFP,21
63-22,NICOLAS O'ROURKE,WFP,17
63-22,NINA AHMAD,DEM,70
63-22,RUE LANDAU,DEM,66
63-22,WRITE-IN,,1
63-23,DREW MURRAY,REP,133
63-23,ISAIAH THOMAS,DEM,165
63-23,JIM HARRITY,DEM,178
63-23,JIM HASHER,REP,145
63-23,KATHERINE GILMORE RICHARDSON,DEM,181
63-23,KENDRA BROOKS,WFP,42
63-23,NICOLAS O'ROURKE,WFP,38
63-23,NINA AHMAD,DEM,161
63-23,RUE LANDAU,DEM,153
63-23,WRITE-IN,,4
63-24,DREW MURRAY,REP,109
63-24,ISAIAH THOMAS,DEM,70
63-24,JIM HARRITY,DEM,79
63-24,JIM HASHER,REP,109
63-24,KATHERINE GILMORE RICHARDSON,DEM,76
63-24,KENDRA BROOKS,WFP,25
63-24,NICOLAS O'ROURKE,WFP,25
63-24,NINA AHMAD,DEM,68
63-24,RUE LANDAU,DEM,60
63-24,WRITE-IN,,0
63-25,DREW MURRAY,REP,73
63-25,ISAIAH THOMAS,DEM,41
63-25,JIM HARRITY,DEM,51
63-25,JIM HASHER,REP,74
63-25,KATHERINE GILMORE RICHARDSON,DEM,50
63-25,KENDRA BROOKS,WFP,18
63-25,NICOLAS O'ROURKE,WFP,17
63-25,NINA AHMAD,DEM,45
63-25,RUE LANDAU,DEM,41
63-25,WRITE-IN,,5
64-01,DREW MURRAY,REP,61
64-01,ISAIAH THOMAS,DEM,62
64-01,JIM HARRITY,DEM,67
64-01,JIM HASHER,REP,66
64-01,KATHERINE GILMORE RICHARDSON,DEM,57
64-01,KENDRA BROOKS,WFP,16
64-01,NICOLAS O'ROURKE,WFP,20
64-01,NINA AHMAD,DEM,61
64-01,RUE LANDAU,DEM,56
64-01,WRITE-IN,,0
64-02,DREW MURRAY,REP,137
64-02,ISAIAH THOMAS,DEM,77
64-02,JIM HARRITY,DEM,110
64-02,JIM HASHER,REP,154
64-02,KATHERINE GILMORE RICHARDSON,DEM,84
64-02,KENDRA BROOKS,WFP,30
64-02,NICOLAS O'ROURKE,WFP,33
64-02,NINA AHMAD,DEM,78
64-02,RUE LANDAU,DEM,74
64-02,WRITE-IN,,1
64-03,DREW MURRAY,REP,66
64-03,ISAIAH THOMAS,DEM,64
64-03,JIM HARRITY,DEM,70
64-03,JIM HASHER,REP,74
64-03,KATHERINE GILMORE RICHARDSON,DEM,65
64-03,KENDRA BROOKS,WFP,16
64-03,NICOLAS O'ROURKE,WFP,11
64-03,NINA AHMAD,DEM,58
64-03,RUE LANDAU,DEM,46
64-03,WRITE-IN,,0
64-04,DREW MURRAY,REP,69
64-04,ISAIAH THOMAS,DEM,43
64-04,JIM HARRITY,DEM,54
64-04,JIM HASHER,REP,74
64-04,KATHERINE GILMORE RICHARDSON,DEM,52
64-04,KENDRA BROOKS,WFP,15
64-04,NICOLAS O'ROURKE,WFP,14
64-04,NINA AHMAD,DEM,51
64-04,RUE LANDAU,DEM,42
64-04,WRITE-IN,,0
64-05,DREW MURRAY,REP,74
64-05,ISAIAH THOMAS,DEM,45
64-05,JIM HARRITY,DEM,58
64-05,JIM HASHER,REP,84
64-05,KATHERINE GILMORE RICHARDSON,DEM,54
64-05,KENDRA BROOKS,WFP,17
64-05,NICOLAS O'ROURKE,WFP,16
64-05,NINA AHMAD,DEM,54
64-05,RUE LANDAU,DEM,42
64-05,WRITE-IN,,1
64-06,DREW MURRAY,REP,65
64-06,ISAIAH THOMAS,DEM,29
64-06,JIM HARRITY,DEM,50
64-06,JIM HASHER,REP,79
64-06,KATHERINE GILMORE RICHARDSON,DEM,38
64-06,KENDRA BROOKS,WFP,12
64-06,NICOLAS O'ROURKE,WFP,16
64-06,NINA AHMAD,DEM,34
64-06,RUE LANDAU,DEM,31
64-06,WRITE-IN,,9
64-07,DREW MURRAY,REP,76
64-07,ISAIAH THOMAS,DEM,60
64-07,JIM HARRITY,DEM,75
64-07,JIM HASHER,REP,84
64-07,KATHERINE GILMORE RICHARDSON,DEM,71
64-07,KENDRA BROOKS,WFP,11
64-07,NICOLAS O'ROURKE,WFP,9
64-07,NINA AHMAD,DEM,61
64-07,RUE LANDAU,DEM,56
64-07,WRITE-IN,,0
64-08,DREW MURRAY,REP,68
64-08,ISAIAH THOMAS,DEM,44
64-08,JIM HARRITY,DEM,48
64-08,JIM HASHER,REP,82
64-08,KATHERINE GILMORE RICHARDSON,DEM,39
64-08,KENDRA BROOKS,WFP,18
64-08,NICOLAS O'ROURKE,WFP,15
64-08,NINA AHMAD,DEM,40
64-08,RUE LANDAU,DEM,34
64-08,WRITE-IN,,3
64-09,DREW MURRAY,REP,31
64-09,ISAIAH THOMAS,DEM,24
64-09,JIM HARRITY,DEM,28
64-09,JIM HASHER,REP,37
64-09,KATHERINE GILMORE RICHARDSON,DEM,29
64-09,KENDRA BROOKS,WFP,5
64-09,NICOLAS O'ROURKE,WFP,5
64-09,NINA AHMAD,DEM,24
64-09,RUE LANDAU,DEM,20
64-09,WRITE-IN,,0
64-10,DREW MURRAY,REP,46
64-10,ISAIAH THOMAS,DEM,49
64-10,JIM HARRITY,DEM,51
64-10,JIM HASHER,REP,47
64-10,KATHERINE GILMORE RICHARDSON,DEM,49
64-10,KENDRA BROOKS,WFP,16
64-10,NICOLAS O'ROURKE,WFP,13
64-10,NINA AHMAD,DEM,42
64-10,RUE LANDAU,DEM,46
64-10,WRITE-IN,,1
64-11,DREW MURRAY,REP,42
64-11,ISAIAH THOMAS,DEM,29
64-11,JIM HARRITY,DEM,28
64-11,JIM HASHER,REP,55
64-11,KATHERINE GILMORE RICHARDSON,DEM,30
64-11,KENDRA BROOKS,WFP,11
64-11,NICOLAS O'ROURKE,WFP,6
64-11,NINA AHMAD,DEM,24
64-11,RUE LANDAU,DEM,22
64-11,WRITE-IN,,0
64-12,DREW MURRAY,REP,21
64-12,ISAIAH THOMAS,DEM,26
64-12,JIM HARRITY,DEM,26
64-12,JIM HASHER,REP,25
64-12,KATHERINE GILMORE RICHARDSON,DEM,25
64-12,KENDRA BROOKS,WFP,8
64-12,NICOLAS O'ROURKE,WFP,5
64-12,NINA AHMAD,DEM,21
64-12,RUE LANDAU,DEM,23
64-12,WRITE-IN,,0
64-13,DREW MURRAY,REP,47
64-13,ISAIAH THOMAS,DEM,21
64-13,JIM HARRITY,DEM,26
64-13,JIM HASHER,REP,52
64-13,KATHERINE GILMORE RICHARDSON,DEM,20
64-13,KENDRA BROOKS,WFP,6
64-13,NICOLAS O'ROURKE,WFP,7
64-13,NINA AHMAD,DEM,18
64-13,RUE LANDAU,DEM,18
64-13,WRITE-IN,,0
64-14,DREW MURRAY,REP,54
64-14,ISAIAH THOMAS,DEM,29
64-14,JIM HARRITY,DEM,29
64-14,JIM HASHER,REP,63
64-14,KATHERINE GILMORE RICHARDSON,DEM,34
64-14,KENDRA BROOKS,WFP,19
64-14,NICOLAS O'ROURKE,WFP,12
64-14,NINA AHMAD,DEM,31
64-14,RUE LANDAU,DEM,25
64-14,WRITE-IN,,1
64-15,DREW MURRAY,REP,61
64-15,ISAIAH THOMAS,DEM,76
64-15,JIM HARRITY,DEM,80
64-15,JIM HASHER,REP,56
64-15,KATHERINE GILMORE RICHARDSON,DEM,79
64-15,KENDRA BROOKS,WFP,15
64-15,NICOLAS O'ROURKE,WFP,14
64-15,NINA AHMAD,DEM,74
64-15,RUE LANDAU,DEM,67
64-15,WRITE-IN,,0
64-16,DREW MURRAY,REP,112
64-16,ISAIAH THOMAS,DEM,61
64-16,JIM HARRITY,DEM,90
64-16,JIM HASHER,REP,131
64-16,KATHERINE GILMORE RICHARDSON,DEM,70
64-16,KENDRA BROOKS,WFP,6
64-16,NICOLAS O'ROURKE,WFP,12
64-16,NINA AHMAD,DEM,61
64-16,RUE LANDAU,DEM,61
64-16,WRITE-IN,,1
64-17,DREW MURRAY,REP,52
64-17,ISAIAH THOMAS,DEM,21
64-17,JIM HARRITY,DEM,40
64-17,JIM HASHER,REP,58
64-17,KATHERINE GILMORE RICHARDSON,DEM,28
64-17,KENDRA BROOKS,WFP,11
64-17,NICOLAS O'ROURKE,WFP,8
64-17,NINA AHMAD,DEM,23
64-17,RUE LANDAU,DEM,19
64-17,WRITE-IN,,3
64-18,DREW MURRAY,REP,143
64-18,ISAIAH THOMAS,DEM,84
64-18,JIM HARRITY,DEM,106
64-18,JIM HASHER,REP,156
64-18,KATHERINE GILMORE RICHARDSON,DEM,93
64-18,KENDRA BROOKS,WFP,29
64-18,NICOLAS O'ROURKE,WFP,27
64-18,NINA AHMAD,DEM,83
64-18,RUE LANDAU,DEM,78
64-18,WRITE-IN,,1
65-01,DREW MURRAY,REP,212
65-01,ISAIAH THOMAS,DEM,100
65-01,JIM HARRITY,DEM,146
65-01,JIM HASHER,REP,325
65-01,KATHERINE GILMORE RICHARDSON,DEM,108
65-01,KENDRA BROOKS,WFP,27
65-01,NICOLAS O'ROURKE,WFP,35
65-01,NINA AHMAD,DEM,96
65-01,RUE LANDAU,DEM,81
65-01,WRITE-IN,,0
65-02,DREW MURRAY,REP,169
65-02,ISAIAH THOMAS,DEM,76
65-02,JIM HARRITY,DEM,132
65-02,JIM HASHER,REP,251
65-02,KATHERINE GILMORE RICHARDSON,DEM,100
65-02,KENDRA BROOKS,WFP,32
65-02,NICOLAS O'ROURKE,WFP,32
65-02,NINA AHMAD,DEM,81
65-02,RUE LANDAU,DEM,68
65-02,WRITE-IN,,3
65-03,DREW MURRAY,REP,55
65-03,ISAIAH THOMAS,DEM,53
65-03,JIM HARRITY,DEM,56
65-03,JIM HASHER,REP,67
65-03,KATHERINE GILMORE RICHARDSON,DEM,56
65-03,KENDRA BROOKS,WFP,20
65-03,NICOLAS O'ROURKE,WFP,14
65-03,NINA AHMAD,DEM,60
65-03,RUE LANDAU,DEM,49
65-03,WRITE-IN,,3
65-04,DREW MURRAY,REP,166
65-04,ISAIAH THOMAS,DEM,184
65-04,JIM HARRITY,DEM,230
65-04,JIM HASHER,REP,224
65-04,KATHERINE GILMORE RICHARDSON,DEM,195
65-04,KENDRA BROOKS,WFP,36
65-04,NICOLAS O'ROURKE,WFP,36
65-04,NINA AHMAD,DEM,173
65-04,RUE LANDAU,DEM,170
65-04,WRITE-IN,,0
65-05,DREW MURRAY,REP,38
65-05,ISAIAH THOMAS,DEM,33
65-05,JIM HARRITY,DEM,44
65-05,JIM HASHER,REP,48
65-05,KATHERINE GILMORE RICHARDSON,DEM,35
65-05,KENDRA BROOKS,WFP,8
65-05,NICOLAS O'ROURKE,WFP,9
65-05,NINA AHMAD,DEM,36
65-05,RUE LANDAU,DEM,30
65-05,WRITE-IN,,0
65-06,DREW MURRAY,REP,24
65-06,ISAIAH THOMAS,DEM,41
65-06,JIM HARRITY,DEM,40
65-06,JIM HASHER,REP,32
65-06,KATHERINE GILMORE RICHARDSON,DEM,38
65-06,KENDRA BROOKS,WFP,9
65-06,NICOLAS O'ROURKE,WFP,7
65-06,NINA AHMAD,DEM,35
65-06,RUE LANDAU,DEM,28
65-06,WRITE-IN,,7
65-07,DREW MURRAY,REP,208
65-07,ISAIAH THOMAS,DEM,109
65-07,JIM HARRITY,DEM,154
65-07,JIM HASHER,REP,294
65-07,KATHERINE GILMORE RICHARDSON,DEM,121
65-07,KENDRA BROOKS,WFP,33
65-07,NICOLAS O'ROURKE,WFP,33
65-07,NINA AHMAD,DEM,112
65-07,RUE LANDAU,DEM,97
65-07,WRITE-IN,,3
65-08,DREW MURRAY,REP,50
65-08,ISAIAH THOMAS,DEM,64
65-08,JIM HARRITY,DEM,68
65-08,JIM HASHER,REP,66
65-08,KATHERINE GILMORE RICHARDSON,DEM,61
65-08,KENDRA BROOKS,WFP,8
65-08,NICOLAS O'ROURKE,WFP,18
65-08,NINA AHMAD,DEM,63
65-08,RUE LANDAU,DEM,50
65-08,WRITE-IN,,0
65-09,DREW MURRAY,REP,93
65-09,ISAIAH THOMAS,DEM,77
65-09,JIM HARRITY,DEM,93
65-09,JIM HASHER,REP,113
65-09,KATHERINE GILMORE RICHARDSON,DEM,101
65-09,KENDRA BROOKS,WFP,25
65-09,NICOLAS O'ROURKE,WFP,15
65-09,NINA AHMAD,DEM,93
65-09,RUE LANDAU,DEM,71
65-09,WRITE-IN,,3
65-10,DREW MURRAY,REP,171
65-10,ISAIAH THOMAS,DEM,95
65-10,JIM HARRITY,DEM,120
65-10,JIM HASHER,REP,209
65-10,KATHERINE GILMORE RICHARDSON,DEM,116
65-10,KENDRA BROOKS,WFP,29
65-10,NICOLAS O'ROURKE,WFP,29
65-10,NINA AHMAD,DEM,96
65-10,RUE LANDAU,DEM,86
65-10,WRITE-IN,,3
65-11,DREW MURRAY,REP,43
65-11,ISAIAH THOMAS,DEM,87
65-11,JIM HARRITY,DEM,86
65-11,JIM HASHER,REP,53
65-11,KATHERINE GILMORE RICHARDSON,DEM,87
65-11,KENDRA BROOKS,WFP,26
65-11,NICOLAS O'ROURKE,WFP,22
65-11,NINA AHMAD,DEM,86
65-11,RUE LANDAU,DEM,72
65-11,WRITE-IN,,1
65-12,DREW MURRAY,REP,14
65-12,ISAIAH THOMAS,DEM,27
65-12,JIM HARRITY,DEM,17
65-12,JIM HASHER,REP,12
65-12,KATHERINE GILMORE RICHARDSON,DEM,20
65-12,KENDRA BROOKS,WFP,10
65-12,NICOLAS O'ROURKE,WFP,8
65-12,NINA AHMAD,DEM,21
65-12,RUE LANDAU,DEM,15
65-12,WRITE-IN,,1
65-13,DREW MURRAY,REP,31
65-13,ISAIAH THOMAS,DEM,37
65-13,JIM HARRITY,DEM,35
65-13,JIM HASHER,REP,35
65-13,KATHERINE GILMORE RICHARDSON,DEM,35
65-13,KENDRA BROOKS,WFP,6
65-13,NICOLAS O'ROURKE,WFP,5
65-13,NINA AHMAD,DEM,38
65-13,RUE LANDAU,DEM,28
65-13,WRITE-IN,,3
65-14,DREW MURRAY,REP,17
65-14,ISAIAH THOMAS,DEM,35
65-14,JIM HARRITY,DEM,33
65-14,JIM HASHER,REP,22
65-14,KATHERINE GILMORE RICHARDSON,DEM,35
65-14,KENDRA BROOKS,WFP,10
65-14,NICOLAS O'ROURKE,WFP,10
65-14,NINA AHMAD,DEM,33
65-14,RUE LANDAU,DEM,27
65-14,WRITE-IN,,1
65-15,DREW MURRAY,REP,16
65-15,ISAIAH THOMAS,DEM,45
65-15,JIM HARRITY,DEM,41
65-15,JIM HASHER,REP,21
65-15,KATHERINE GILMORE RICHARDSON,DEM,42
65-15,KENDRA BROOKS,WFP,9
65-15,NICOLAS O'ROURKE,WFP,5
65-15,NINA AHMAD,DEM,48
65-15,RUE LANDAU,DEM,39
65-15,WRITE-IN,,0
65-16,DREW MURRAY,REP,45
65-16,ISAIAH THOMAS,DEM,64
65-16,JIM HARRITY,DEM,61
65-16,JIM HASHER,REP,53
65-16,KATHERINE GILMORE RICHARDSON,DEM,65
65-16,KENDRA BROOKS,WFP,8
65-16,NICOLAS O'ROURKE,WFP,6
65-16,NINA AHMAD,DEM,61
65-16,RUE LANDAU,DEM,57
65-16,WRITE-IN,,3
65-17,DREW MURRAY,REP,59
65-17,ISAIAH THOMAS,DEM,73
65-17,JIM HARRITY,DEM,79
65-17,JIM HASHER,REP,62
65-17,KATHERINE GILMORE RICHARDSON,DEM,84
65-17,KENDRA BROOKS,WFP,28
65-17,NICOLAS O'ROURKE,WFP,23
65-17,NINA AHMAD,DEM,77
65-17,RUE LANDAU,DEM,69
65-17,WRITE-IN,,1
65-18,DREW MURRAY,REP,26
65-18,ISAIAH THOMAS,DEM,94
65-18,JIM HARRITY,DEM,84
65-18,JIM HASHER,REP,25
65-18,KATHERINE GILMORE RICHARDSON,DEM,90
65-18,KENDRA BROOKS,WFP,15
65-18,NICOLAS O'ROURKE,WFP,14
65-18,NINA AHMAD,DEM,86
65-18,RUE LANDAU,DEM,75
65-18,WRITE-IN,,0
65-19,DREW MURRAY,REP,44
65-19,ISAIAH THOMAS,DEM,43
65-19,JIM HARRITY,DEM,52
65-19,JIM HASHER,REP,46
65-19,KATHERINE GILMORE RICHARDSON,DEM,44
65-19,KENDRA BROOKS,WFP,10
65-19,NICOLAS O'ROURKE,WFP,12
65-19,NINA AHMAD,DEM,45
65-19,RUE LANDAU,DEM,40
65-19,WRITE-IN,,0
65-20,DREW MURRAY,REP,240
65-20,ISAIAH THOMAS,DEM,206
65-20,JIM HARRITY,DEM,309
65-20,JIM HASHER,REP,364
65-20,KATHERINE GILMORE RICHARDSON,DEM,250
65-20,KENDRA BROOKS,WFP,62
65-20,NICOLAS O'ROURKE,WFP,50
65-20,NINA AHMAD,DEM,206
65-20,RUE LANDAU,DEM,189
65-20,WRITE-IN,,1
65-21,DREW MURRAY,REP,27
65-21,ISAIAH THOMAS,DEM,42
65-21,JIM HARRITY,DEM,49
65-21,JIM HASHER,REP,42
65-21,KATHERINE GILMORE RICHARDSON,DEM,39
65-21,KENDRA BROOKS,WFP,3
65-21,NICOLAS O'ROURKE,WFP,9
65-21,NINA AHMAD,DEM,42
65-21,RUE LANDAU,DEM,33
65-21,WRITE-IN,,3
65-22,DREW MURRAY,REP,31
65-22,ISAIAH THOMAS,DEM,52
65-22,JIM HARRITY,DEM,52
65-22,JIM HASHER,REP,34
65-22,KATHERINE GILMORE RICHARDSON,DEM,57
65-22,KENDRA BROOKS,WFP,15
65-22,NICOLAS O'ROURKE,WFP,11
65-22,NINA AHMAD,DEM,56
65-22,RUE LANDAU,DEM,48
65-22,WRITE-IN,,0
65-23,DREW MURRAY,REP,125
65-23,ISAIAH THOMAS,DEM,66
65-23,JIM HARRITY,DEM,97
65-23,JIM HASHER,REP,165
65-23,KATHERINE GILMORE RICHARDSON,DEM,82
65-23,KENDRA BROOKS,WFP,13
65-23,NICOLAS O'ROURKE,WFP,15
65-23,NINA AHMAD,DEM,61
65-23,RUE LANDAU,DEM,60
65-23,WRITE-IN,,0
66-01,DREW MURRAY,REP,71
66-01,ISAIAH THOMAS,DEM,60
66-01,JIM HARRITY,DEM,70
66-01,JIM HASHER,REP,91
66-01,KATHERINE GILMORE RICHARDSON,DEM,57
66-01,KENDRA BROOKS,WFP,15
66-01,NICOLAS O'ROURKE,WFP,12
66-01,NINA AHMAD,DEM,66
66-01,RUE LANDAU,DEM,54
66-01,WRITE-IN,,0
66-02,DREW MURRAY,REP,104
66-02,ISAIAH THOMAS,DEM,41
66-02,JIM HARRITY,DEM,52
66-02,JIM HASHER,REP,109
66-02,KATHERINE GILMORE RICHARDSON,DEM,47
66-02,KENDRA BROOKS,WFP,15
66-02,NICOLAS O'ROURKE,WFP,15
66-02,NINA AHMAD,DEM,52
66-02,RUE LANDAU,DEM,45
66-02,WRITE-IN,,1
66-03,DREW MURRAY,REP,102
66-03,ISAIAH THOMAS,DEM,41
66-03,JIM HARRITY,DEM,56
66-03,JIM HASHER,REP,115
66-03,KATHERINE GILMORE RICHARDSON,DEM,43
66-03,KENDRA BROOKS,WFP,8
66-03,NICOLAS O'ROURKE,WFP,15
66-03,NINA AHMAD,DEM,37
66-03,RUE LANDAU,DEM,42
66-03,WRITE-IN,,0
66-04,DREW MURRAY,REP,69
66-04,ISAIAH THOMAS,DEM,47
66-04,JIM HARRITY,DEM,64
66-04,JIM HASHER,REP,82
66-04,KATHERINE GILMORE RICHARDSON,DEM,54
66-04,KENDRA BROOKS,WFP,5
66-04,NICOLAS O'ROURKE,WFP,6
66-04,NINA AHMAD,DEM,55
66-04,RUE LANDAU,DEM,48
66-04,WRITE-IN,,0
66-05,DREW MURRAY,REP,83
66-05,ISAIAH THOMAS,DEM,87
66-05,JIM HARRITY,DEM,92
66-05,JIM HASHER,REP,91
66-05,KATHERINE GILMORE RICHARDSON,DEM,90
66-05,KENDRA BROOKS,WFP,21
66-05,NICOLAS O'ROURKE,WFP,23
66-05,NINA AHMAD,DEM,84
66-05,RUE LANDAU,DEM,71
66-05,WRITE-IN,,0
66-06,DREW MURRAY,REP,128
66-06,ISAIAH THOMAS,DEM,52
66-06,JIM HARRITY,DEM,68
66-06,JIM HASHER,REP,149
66-06,KATHERINE GILMORE RICHARDSON,DEM,60
66-06,KENDRA BROOKS,WFP,11
66-06,NICOLAS O'ROURKE,WFP,17
66-06,NINA AHMAD,DEM,45
66-06,RUE LANDAU,DEM,45
66-06,WRITE-IN,,0
66-07,DREW MURRAY,REP,130
66-07,ISAIAH THOMAS,DEM,48
66-07,JIM HARRITY,DEM,74
66-07,JIM HASHER,REP,142
66-07,KATHERINE GILMORE RICHARDSON,DEM,60
66-07,KENDRA BROOKS,WFP,22
66-07,NICOLAS O'ROURKE,WFP,25
66-07,NINA AHMAD,DEM,53
66-07,RUE LANDAU,DEM,51
66-07,WRITE-IN,,8
66-08,DREW MURRAY,REP,132
66-08,ISAIAH THOMAS,DEM,86
66-08,JIM HARRITY,DEM,100
66-08,JIM HASHER,REP,151
66-08,KATHERINE GILMORE RICHARDSON,DEM,90
66-08,KENDRA BROOKS,WFP,24
66-08,NICOLAS O'ROURKE,WFP,28
66-08,NINA AHMAD,DEM,90
66-08,RUE LANDAU,DEM,82
66-08,WRITE-IN,,3
66-09,DREW MURRAY,REP,127
66-09,ISAIAH THOMAS,DEM,58
66-09,JIM HARRITY,DEM,87
66-09,JIM HASHER,REP,157
66-09,KATHERINE GILMORE RICHARDSON,DEM,73
66-09,KENDRA BROOKS,WFP,15
66-09,NICOLAS O'ROURKE,WFP,19
66-09,NINA AHMAD,DEM,54
66-09,RUE LANDAU,DEM,55
66-09,WRITE-IN,,1
66-10,DREW MURRAY,REP,147
66-10,ISAIAH THOMAS,DEM,79
66-10,JIM HARRITY,DEM,85
66-10,JIM HASHER,REP,166
66-10,KATHERINE GILMORE RICHARDSON,DEM,83
66-10,KENDRA BROOKS,WFP,37
66-10,NICOLAS O'ROURKE,WFP,31
66-10,NINA AHMAD,DEM,70
66-10,RUE LANDAU,DEM,65
66-10,WRITE-IN,,6
66-11,DREW MURRAY,REP,110
66-11,ISAIAH THOMAS,DEM,47
66-11,JIM HARRITY,DEM,67
66-11,JIM HASHER,REP,129
66-11,KATHERINE GILMORE RICHARDSON,DEM,54
66-11,KENDRA BROOKS,WFP,17
66-11,NICOLAS O'ROURKE,WFP,19
66-11,NINA AHMAD,DEM,53
66-11,RUE LANDAU,DEM,45
66-11,WRITE-IN,,1
66-12,DREW MURRAY,REP,60
66-12,ISAIAH THOMAS,DEM,64
66-12,JIM HARRITY,DEM,68
66-12,JIM HASHER,REP,70
66-12,KATHERINE GILMORE RICHARDSON,DEM,64
66-12,KENDRA BROOKS,WFP,18
66-12,NICOLAS O'ROURKE,WFP,21
66-12,NINA AHMAD,DEM,66
66-12,RUE LANDAU,DEM,57
66-12,WRITE-IN,,0
66-13,DREW MURRAY,REP,83
66-13,ISAIAH THOMAS,DEM,35
66-13,JIM HARRITY,DEM,48
66-13,JIM HASHER,REP,86
66-13,KATHERINE GILMORE RICHARDSON,DEM,48
66-13,KENDRA BROOKS,WFP,14
66-13,NICOLAS O'ROURKE,WFP,15
66-13,NINA AHMAD,DEM,30
66-13,RUE LANDAU,DEM,29
66-13,WRITE-IN,,0
66-14,DREW MURRAY,REP,115
66-14,ISAIAH THOMAS,DEM,47
66-14,JIM HARRITY,DEM,75
66-14,JIM HASHER,REP,149
66-14,KATHERINE GILMORE RICHARDSON,DEM,60
66-14,KENDRA BROOKS,WFP,19
66-14,NICOLAS O'ROURKE,WFP,17
66-14,NINA AHMAD,DEM,54
66-14,RUE LANDAU,DEM,46
66-14,WRITE-IN,,0
66-15,DREW MURRAY,REP,87
66-15,ISAIAH THOMAS,DEM,72
66-15,JIM HARRITY,DEM,72
66-15,JIM HASHER,REP,93
66-15,KATHERINE GILMORE RICHARDSON,DEM,77
66-15,KENDRA BROOKS,WFP,24
66-15,NICOLAS O'ROURKE,WFP,14
66-15,NINA AHMAD,DEM,78
66-15,RUE LANDAU,DEM,66
66-15,WRITE-IN,,1
66-16,DREW MURRAY,REP,77
66-16,ISAIAH THOMAS,DEM,44
66-16,JIM HARRITY,DEM,58
66-16,JIM HASHER,REP,94
66-16,KATHERINE GILMORE RICHARDSON,DEM,43
66-16,KENDRA BROOKS,WFP,9
66-16,NICOLAS O'ROURKE,WFP,9
66-16,NINA AHMAD,DEM,42
66-16,RUE LANDAU,DEM,39
66-16,WRITE-IN,,4
66-17,DREW MURRAY,REP,118
66-17,ISAIAH THOMAS,DEM,45
66-17,JIM HARRITY,DEM,58
66-17,JIM HASHER,REP,133
66-17,KATHERINE GILMORE RICHARDSON,DEM,56
66-17,KENDRA BROOKS,WFP,20
66-17,NICOLAS O'ROURKE,WFP,16
66-17,NINA AHMAD,DEM,51
66-17,RUE LANDAU,DEM,41
66-17,WRITE-IN,,0
66-18,DREW MURRAY,REP,97
66-18,ISAIAH THOMAS,DEM,60
66-18,JIM HARRITY,DEM,82
66-18,JIM HASHER,REP,108
66-18,KATHERINE GILMORE RICHARDSON,DEM,75
66-18,KENDRA BROOKS,WFP,21
66-18,NICOLAS O'ROURKE,WFP,19
66-18,NINA AHMAD,DEM,69
66-18,RUE LANDAU,DEM,59
66-18,WRITE-IN,,0
66-19,DREW MURRAY,REP,107
66-19,ISAIAH THOMAS,DEM,71
66-19,JIM HARRITY,DEM,83
66-19,JIM HASHER,REP,113
66-19,KATHERINE GILMORE RICHARDSON,DEM,81
66-19,KENDRA BROOKS,WFP,19
66-19,NICOLAS O'ROURKE,WFP,20
66-19,NINA AHMAD,DEM,77
66-19,RUE LANDAU,DEM,58
66-19,WRITE-IN,,0
66-20,DREW MURRAY,REP,93
66-20,ISAIAH THOMAS,DEM,76
66-20,JIM HARRITY,DEM,101
66-20,JIM HASHER,REP,104
66-20,KATHERINE GILMORE RICHARDSON,DEM,93
66-20,KENDRA BROOKS,WFP,19
66-20,NICOLAS O'ROURKE,WFP,18
66-20,NINA AHMAD,DEM,85
66-20,RUE LANDAU,DEM,83
66-20,WRITE-IN,,1
66-21,DREW MURRAY,REP,158
66-21,ISAIAH THOMAS,DEM,108
66-21,JIM HARRITY,DEM,138
66-21,JIM HASHER,REP,181
66-21,KATHERINE GILMORE RICHARDSON,DEM,123
66-21,KENDRA BROOKS,WFP,38
66-21,NICOLAS O'ROURKE,WFP,42
66-21,NINA AHMAD,DEM,123
66-21,RUE LANDAU,DEM,104
66-21,WRITE-IN,,2
66-22,DREW MURRAY,REP,162
66-22,ISAIAH THOMAS,DEM,91
66-22,JIM HARRITY,DEM,101
66-22,JIM HASHER,REP,179
66-22,KATHERINE GILMORE RICHARDSON,DEM,97
66-22,KENDRA BROOKS,WFP,36
66-22,NICOLAS O'ROURKE,WFP,35
66-22,NINA AHMAD,DEM,96
66-22,RUE LANDAU,DEM,76
66-22,WRITE-IN,,3
66-23,DREW MURRAY,REP,107
66-23,ISAIAH THOMAS,DEM,63
66-23,JIM HARRITY,DEM,75
66-23,JIM HASHER,REP,119
66-23,KATHERINE GILMORE RICHARDSON,DEM,63
66-23,KENDRA BROOKS,WFP,18
66-23,NICOLAS O'ROURKE,WFP,21
66-23,NINA AHMAD,DEM,69
66-23,RUE LANDAU,DEM,59
66-23,WRITE-IN,,0
66-24,DREW MURRAY,REP,109
66-24,ISAIAH THOMAS,DEM,54
66-24,JIM HARRITY,DEM,69
66-24,JIM HASHER,REP,121
66-24,KATHERINE GILMORE RICHARDSON,DEM,59
66-24,KENDRA BROOKS,WFP,22
66-24,NICOLAS O'ROURKE,WFP,21
66-24,NINA AHMAD,DEM,57
66-24,RUE LANDAU,DEM,47
66-24,WRITE-IN,,0
66-25,DREW MURRAY,REP,113
66-25,ISAIAH THOMAS,DEM,43
66-25,JIM HARRITY,DEM,81
66-25,JIM HASHER,REP,136
66-25,KATHERINE GILMORE RICHARDSON,DEM,51
66-25,KENDRA BROOKS,WFP,7
66-25,NICOLAS O'ROURKE,WFP,14
66-25,NINA AHMAD,DEM,45
66-25,RUE LANDAU,DEM,39
66-25,WRITE-IN,,0
66-26,DREW MURRAY,REP,125
66-26,ISAIAH THOMAS,DEM,71
66-26,JIM HARRITY,DEM,93
66-26,JIM HASHER,REP,140
66-26,KATHERINE GILMORE RICHARDSON,DEM,78
66-26,KENDRA BROOKS,WFP,16
66-26,NICOLAS O'ROURKE,WFP,15
66-26,NINA AHMAD,DEM,73
66-26,RUE LANDAU,DEM,72
66-26,WRITE-IN,,0
66-27,DREW MURRAY,REP,65
66-27,ISAIAH THOMAS,DEM,46
66-27,JIM HARRITY,DEM,65
66-27,JIM HASHER,REP,101
66-27,KATHERINE GILMORE RICHARDSON,DEM,50
66-27,KENDRA BROOKS,WFP,10
66-27,NICOLAS O'ROURKE,WFP,11
66-27,NINA AHMAD,DEM,49
66-27,RUE LANDAU,DEM,45
66-27,WRITE-IN,,0
66-28,DREW MURRAY,REP,93
66-28,ISAIAH THOMAS,DEM,88
66-28,JIM HARRITY,DEM,91
66-28,JIM HASHER,REP,113
66-28,KATHERINE GILMORE RICHARDSON,DEM,86
66-28,KENDRA BROOKS,WFP,23
66-28,NICOLAS O'ROURKE,WFP,23
66-28,NINA AHMAD,DEM,78
66-28,RUE LANDAU,DEM,72
66-28,WRITE-IN,,0
66-29,DREW MURRAY,REP,190
66-29,ISAIAH THOMAS,DEM,85
66-29,JIM HARRITY,DEM,117
66-29,JIM HASHER,REP,250
66-29,KATHERINE GILMORE RICHARDSON,DEM,92
66-29,KENDRA BROOKS,WFP,20
66-29,NICOLAS O'ROURKE,WFP,30
66-29,NINA AHMAD,DEM,83
66-29,RUE LANDAU,DEM,82
66-29,WRITE-IN,,0
66-30,DREW MURRAY,REP,104
66-30,ISAIAH THOMAS,DEM,64
66-30,JIM HARRITY,DEM,89
66-30,JIM HASHER,REP,138
66-30,KATHERINE GILMORE RICHARDSON,DEM,72
66-30,KENDRA BROOKS,WFP,12
66-30,NICOLAS O'ROURKE,WFP,13
66-30,NINA AHMAD,DEM,65
66-30,RUE LANDAU,DEM,58
66-30,WRITE-IN,,1
66-31,DREW MURRAY,REP,82
66-31,ISAIAH THOMAS,DEM,67
66-31,JIM HARRITY,DEM,68
66-31,JIM HASHER,REP,109
66-31,KATHERINE GILMORE RICHARDSON,DEM,69
66-31,KENDRA BROOKS,WFP,22
66-31,NICOLAS O'ROURKE,WFP,21
66-31,NINA AHMAD,DEM,60
66-31,RUE LANDAU,DEM,53
66-31,WRITE-IN,,3
66-32,DREW MURRAY,REP,76
66-32,ISAIAH THOMAS,DEM,64
66-32,JIM HARRITY,DEM,76
66-32,JIM HASHER,REP,94
66-32,KATHERINE GILMORE RICHARDSON,DEM,77
66-32,KENDRA BROOKS,WFP,15
66-32,NICOLAS O'ROURKE,WFP,17
66-32,NINA AHMAD,DEM,74
66-32,RUE LANDAU,DEM,57
66-32,WRITE-IN,,0
66-33,DREW MURRAY,REP,139
66-33,ISAIAH THOMAS,DEM,91
66-33,JIM HARRITY,DEM,112
66-33,JIM HASHER,REP,177
66-33,KATHERINE GILMORE RICHARDSON,DEM,95
66-33,KENDRA BROOKS,WFP,21
66-33,NICOLAS O'ROURKE,WFP,24
66-33,NINA AHMAD,DEM,83
66-33,RUE LANDAU,DEM,75
66-33,WRITE-IN,,0
66-34,DREW MURRAY,REP,127
66-34,ISAIAH THOMAS,DEM,39
66-34,JIM HARRITY,DEM,56
66-34,JIM HASHER,REP,144
66-34,KATHERINE GILMORE RICHARDSON,DEM,43
66-34,KENDRA BROOKS,WFP,9
66-34,NICOLAS O'ROURKE,WFP,13
66-34,NINA AHMAD,DEM,39
66-34,RUE LANDAU,DEM,34
66-34,WRITE-IN,,1
66-35,DREW MURRAY,REP,121
66-35,ISAIAH THOMAS,DEM,66
66-35,JIM HARRITY,DEM,99
66-35,JIM HASHER,REP,141
66-35,KATHERINE GILMORE RICHARDSON,DEM,80
66-35,KENDRA BROOKS,WFP,18
66-35,NICOLAS O'ROURKE,WFP,24
66-35,NINA AHMAD,DEM,74
66-35,RUE LANDAU,DEM,70
66-35,WRITE-IN,,5
66-36,DREW MURRAY,REP,173
66-36,ISAIAH THOMAS,DEM,77
66-36,JIM HARRITY,DEM,106
66-36,JIM HASHER,REP,209
66-36,KATHERINE GILMORE RICHARDSON,DEM,91
66-36,KENDRA BROOKS,WFP,25
66-36,NICOLAS O'ROURKE,WFP,32
66-36,NINA AHMAD,DEM,86
66-36,RUE LANDAU,DEM,70
66-36,WRITE-IN,,0
66-37,DREW MURRAY,REP,41
66-37,ISAIAH THOMAS,DEM,64
66-37,JIM HARRITY,DEM,66
66-37,JIM HASHER,REP,46
66-37,KATHERINE GILMORE RICHARDSON,DEM,67
66-37,KENDRA BROOKS,WFP,9
66-37,NICOLAS O'ROURKE,WFP,9
66-37,NINA AHMAD,DEM,58
66-37,RUE LANDAU,DEM,55
66-37,WRITE-IN,,0
66-38,DREW MURRAY,REP,110
66-38,ISAIAH THOMAS,DEM,66
66-38,JIM HARRITY,DEM,82
66-38,JIM HASHER,REP,134
66-38,KATHERINE GILMORE RICHARDSON,DEM,69
66-38,KENDRA BROOKS,WFP,18
66-38,NICOLAS O'ROURKE,WFP,13
66-38,NINA AHMAD,DEM,62
66-38,RUE LANDAU,DEM,58
66-38,WRITE-IN,,0
66-39,DREW MURRAY,REP,114
66-39,ISAIAH THOMAS,DEM,75
66-39,JIM HARRITY,DEM,94
66-39,JIM HASHER,REP,136
66-39,KATHERINE GILMORE RICHARDSON,DEM,75
66-39,KENDRA BROOKS,WFP,26
66-39,NICOLAS O'ROURKE,WFP,26
66-39,NINA AHMAD,DEM,76
66-39,RUE LANDAU,DEM,73
66-39,WRITE-IN,,1
66-40,DREW MURRAY,REP,82
66-40,ISAIAH THOMAS,DEM,41
66-40,JIM HARRITY,DEM,45
66-40,JIM HASHER,REP,92
66-40,KATHERINE GILMORE RICHARDSON,DEM,38
66-40,KENDRA BROOKS,WFP,14
66-40,NICOLAS O'ROURKE,WFP,14
66-40,NINA AHMAD,DEM,37
66-40,RUE LANDAU,DEM,28
66-40,WRITE-IN,,0
66-41,DREW MURRAY,REP,67
66-41,ISAIAH THOMAS,DEM,105
66-41,JIM HARRITY,DEM,109
66-41,JIM HASHER,REP,77
66-41,KATHERINE GILMORE RICHARDSON,DEM,108
66-41,KENDRA BROOKS,WFP,22
66-41,NICOLAS O'ROURKE,WFP,18
66-41,NINA AHMAD,DEM,112
66-41,RUE LANDAU,DEM,92
66-41,WRITE-IN,,1
66-42,DREW MURRAY,REP,121
66-42,ISAIAH THOMAS,DEM,51
66-42,JIM HARRITY,DEM,76
66-42,JIM HASHER,REP,142
66-42,KATHERINE GILMORE RICHARDSON,DEM,63
66-42,KENDRA BROOKS,WFP,19
66-42,NICOLAS O'ROURKE,WFP,19
66-42,NINA AHMAD,DEM,53
66-42,RUE LANDAU,DEM,45
66-42,WRITE-IN,,0
66-43,DREW MURRAY,REP,198
66-43,ISAIAH THOMAS,DEM,61
66-43,JIM HARRITY,DEM,101
66-43,JIM HASHER,REP,251
66-43,KATHERINE GILMORE RICHARDSON,DEM,79
66-43,KENDRA BROOKS,WFP,22
66-43,NICOLAS O'ROURKE,WFP,21
66-43,NINA AHMAD,DEM,75
66-43,RUE LANDAU,DEM,72
66-43,WRITE-IN,,0
66-44,DREW MURRAY,REP,134
66-44,ISAIAH THOMAS,DEM,61
66-44,JIM HARRITY,DEM,84
66-44,JIM HASHER,REP,157
66-44,KATHERINE GILMORE RICHARDSON,DEM,70
66-44,KENDRA BROOKS,WFP,23
66-44,NICOLAS O'ROURKE,WFP,24
66-44,NINA AHMAD,DEM,69
66-44,RUE LANDAU,DEM,49
66-44,WRITE-IN,,0
66-45,DREW MURRAY,REP,99
66-45,ISAIAH THOMAS,DEM,28
66-45,JIM HARRITY,DEM,52
66-45,JIM HASHER,REP,115
66-45,KATHERINE GILMORE RICHARDSON,DEM,30
66-45,KENDRA BROOKS,WFP,18
66-45,NICOLAS O'ROURKE,WFP,16
66-45,NINA AHMAD,DEM,31
66-45,RUE LANDAU,DEM,33
66-45,WRITE-IN,,0
66-46,DREW MURRAY,REP,115
66-46,ISAIAH THOMAS,DEM,51
66-46,JIM HARRITY,DEM,71
66-46,JIM HASHER,REP,147
66-46,KATHERINE GILMORE RICHARDSON,DEM,58
66-46,KENDRA BROOKS,WFP,23
66-46,NICOLAS O'ROURKE,WFP,23
66-46,NINA AHMAD,DEM,56
66-46,RUE LANDAU,DEM,49
66-46,WRITE-IN,,1
