division,candidate,party,votes
01-01,ALLAN DOMB,DEM,21
01-01,AMEN  BROWN,DEM,0
01-01,CHERELLE L PARKER,DEM,10
01-01,DAVID OH,REP,11
01-01,DELSCIA GRAY,DEM,1
01-01,HELEN GYM,DEM,111
01-01,JAMES M DELEON,DEM,1
01-01,JEFF BROWN,DEM,5
01-01,REBECCA RHYNHART,DEM,57
01-01,WARREN BLOOM,DEM,0
01-01,WRITE-IN,DEM,0
01-01,WRITE-IN,REP,1
01-02,ALLAN DOMB,DEM,17
01-02,AMEN  BROWN,DEM,0
01-02,CHERELLE L PARKER,DEM,10
01-02,DAVID OH,REP,6
01-02,DELSCIA GRAY,DEM,0
01-02,HELEN GYM,DEM,127
01-02,JAMES M DELEON,DEM,0
01-02,JEFF BROWN,DEM,6
01-02,REBECCA RHYNHART,DEM,97
01-02,WARREN BLOOM,DEM,0
01-02,WRITE-IN,DEM,0
01-02,WRITE-IN,REP,0
01-03,ALLAN DOMB,DEM,41
01-03,AMEN  BROWN,DEM,1
01-03,CHERELLE L PARKER,DEM,11
01-03,DAVID OH,REP,15
01-03,DELSCIA GRAY,DEM,0
01-03,HELEN GYM,DEM,130
01-03,JAMES M DELEON,DEM,1
01-03,JEFF BROWN,DEM,12
01-03,REBECCA RHYNHART,DEM,96
01-03,WARREN BLOOM,DEM,0
01-03,WRITE-IN,DEM,1
01-03,WRITE-IN,REP,2
01-04,ALLAN DOMB,DEM,18
01-04,AMEN  BROWN,DEM,0
01-04,CHERELLE L PARKER,DEM,11
01-04,DAVID OH,REP,18
01-04,DELSCIA GRAY,DEM,0
01-04,HELEN GYM,DEM,113
01-04,JAMES M DELEON,DEM,0
01-04,JEFF BROWN,DEM,6
01-04,REBECCA RHYNHART,DEM,95
01-04,WARREN BLOOM,DEM,0
01-04,WRITE-IN,DEM,0
01-04,WRITE-IN,REP,0
01-05,ALLAN DOMB,DEM,8
01-05,AMEN  BROWN,DEM,3
01-05,CHERELLE L PARKER,DEM,5
01-05,DAVID OH,REP,1
01-05,DELSCIA GRAY,DEM,0
01-05,HELEN GYM,DEM,72
01-05,JAMES M DELEON,DEM,0
01-05,JEFF BROWN,DEM,3
01-05,REBECCA RHYNHART,DEM,30
01-05,WARREN BLOOM,DEM,0
01-05,WRITE-IN,DEM,0
01-05,WRITE-IN,REP,0
01-06,ALLAN DOMB,DEM,13
01-06,AMEN  BROWN,DEM,0
01-06,CHERELLE L PARKER,DEM,9
01-06,DAVID OH,REP,3
01-06,DELSCIA GRAY,DEM,0
01-06,HELEN GYM,DEM,92
01-06,JAMES M DELEON,DEM,0
01-06,JEFF BROWN,DEM,9
01-06,REBECCA RHYNHART,DEM,48
01-06,WARREN BLOOM,DEM,0
01-06,WRITE-IN,DEM,0
01-06,WRITE-IN,REP,0
01-07,ALLAN DOMB,DEM,8
01-07,AMEN  BROWN,DEM,0
01-07,CHERELLE L PARKER,DEM,16
01-07,DAVID OH,REP,4
01-07,DELSCIA GRAY,DEM,0
01-07,HELEN GYM,DEM,78
01-07,JAMES M DELEON,DEM,1
01-07,JEFF BROWN,DEM,8
01-07,REBECCA RHYNHART,DEM,26
01-07,WARREN BLOOM,DEM,0
01-07,WRITE-IN,DEM,0
01-07,WRITE-IN,REP,0
01-08,ALLAN DOMB,DEM,13
01-08,AMEN  BROWN,DEM,2
01-08,CHERELLE L PARKER,DEM,5
01-08,DAVID OH,REP,3
01-08,DELSCIA GRAY,DEM,0
01-08,HELEN GYM,DEM,105
01-08,JAMES M DELEON,DEM,1
01-08,JEFF BROWN,DEM,11
01-08,REBECCA RHYNHART,DEM,53
01-08,WARREN BLOOM,DEM,0
01-08,WRITE-IN,DEM,0
01-08,WRITE-IN,REP,1
01-09,ALLAN DOMB,DEM,13
01-09,AMEN  BROWN,DEM,2
01-09,CHERELLE L PARKER,DEM,10
01-09,DAVID OH,REP,10
01-09,DELSCIA GRAY,DEM,1
01-09,HELEN GYM,DEM,96
01-09,JAMES M DELEON,DEM,0
01-09,JEFF BROWN,DEM,4
01-09,REBECCA RHYNHART,DEM,56
01-09,WARREN BLOOM,DEM,0
01-09,WRITE-IN,DEM,0
01-09,WRITE-IN,REP,1
01-10,ALLAN DOMB,DEM,14
01-10,AMEN  BROWN,DEM,2
01-10,CHERELLE L PARKER,DEM,13
01-10,DAVID OH,REP,8
01-10,DELSCIA GRAY,DEM,1
01-10,HELEN GYM,DEM,102
01-10,JAMES M DELEON,DEM,0
01-10,JEFF BROWN,DEM,2
01-10,REBECCA RHYNHART,DEM,78
01-10,WARREN BLOOM,DEM,0
01-10,WRITE-IN,DEM,0
01-10,WRITE-IN,REP,1
01-11,ALLAN DOMB,DEM,26
01-11,AMEN  BROWN,DEM,0
01-11,CHERELLE L PARKER,DEM,18
01-11,DAVID OH,REP,15
01-11,DELSCIA GRAY,DEM,0
01-11,HELEN GYM,DEM,158
01-11,JAMES M DELEON,DEM,1
01-11,JEFF BROWN,DEM,4
01-11,REBECCA RHYNHART,DEM,120
01-11,WARREN BLOOM,DEM,0
01-11,WRITE-IN,DEM,0
01-11,WRITE-IN,REP,0
01-12,ALLAN DOMB,DEM,15
01-12,AMEN  BROWN,DEM,1
01-12,CHERELLE L PARKER,DEM,18
01-12,DAVID OH,REP,2
01-12,DELSCIA GRAY,DEM,0
01-12,HELEN GYM,DEM,73
01-12,JAMES M DELEON,DEM,0
01-12,JEFF BROWN,DEM,3
01-12,REBECCA RHYNHART,DEM,38
01-12,WARREN BLOOM,DEM,0
01-12,WRITE-IN,DEM,0
01-12,WRITE-IN,REP,0
01-13,ALLAN DOMB,DEM,20
01-13,AMEN  BROWN,DEM,0
01-13,CHERELLE L PARKER,DEM,30
01-13,DAVID OH,REP,6
01-13,DELSCIA GRAY,DEM,0
01-13,HELEN GYM,DEM,112
01-13,JAMES M DELEON,DEM,0
01-13,JEFF BROWN,DEM,9
01-13,REBECCA RHYNHART,DEM,95
01-13,WARREN BLOOM,DEM,0
01-13,WRITE-IN,DEM,0
01-13,WRITE-IN,REP,1
01-14,ALLAN DOMB,DEM,7
01-14,AMEN  BROWN,DEM,2
01-14,CHERELLE L PARKER,DEM,21
01-14,DAVID OH,REP,5
01-14,DELSCIA GRAY,DEM,0
01-14,HELEN GYM,DEM,137
01-14,JAMES M DELEON,DEM,1
01-14,JEFF BROWN,DEM,8
01-14,REBECCA RHYNHART,DEM,62
01-14,WARREN BLOOM,DEM,0
01-14,WRITE-IN,DEM,0
01-14,WRITE-IN,REP,0
01-15,ALLAN DOMB,DEM,22
01-15,AMEN  BROWN,DEM,2
01-15,CHERELLE L PARKER,DEM,33
01-15,DAVID OH,REP,15
01-15,DELSCIA GRAY,DEM,1
01-15,HELEN GYM,DEM,145
01-15,JAMES M DELEON,DEM,2
01-15,JEFF BROWN,DEM,10
01-15,REBECCA RHYNHART,DEM,107
01-15,WARREN BLOOM,DEM,0
01-15,WRITE-IN,DEM,0
01-15,WRITE-IN,REP,0
01-16,ALLAN DOMB,DEM,12
01-16,AMEN  BROWN,DEM,1
01-16,CHERELLE L PARKER,DEM,11
01-16,DAVID OH,REP,1
01-16,DELSCIA GRAY,DEM,0
01-16,HELEN GYM,DEM,88
01-16,JAMES M DELEON,DEM,2
01-16,JEFF BROWN,DEM,7
01-16,REBECCA RHYNHART,DEM,68
01-16,WARREN BLOOM,DEM,0
01-16,WRITE-IN,DEM,0
01-16,WRITE-IN,REP,1
01-17,ALLAN DOMB,DEM,41
01-17,AMEN  BROWN,DEM,1
01-17,CHERELLE L PARKER,DEM,30
01-17,DAVID OH,REP,11
01-17,DELSCIA GRAY,DEM,0
01-17,HELEN GYM,DEM,68
01-17,JAMES M DELEON,DEM,1
01-17,JEFF BROWN,DEM,13
01-17,REBECCA RHYNHART,DEM,81
01-17,WARREN BLOOM,DEM,0
01-17,WRITE-IN,DEM,0
01-17,WRITE-IN,REP,1
01-18,ALLAN DOMB,DEM,38
01-18,AMEN  BROWN,DEM,2
01-18,CHERELLE L PARKER,DEM,29
01-18,DAVID OH,REP,23
01-18,DELSCIA GRAY,DEM,0
01-18,HELEN GYM,DEM,48
01-18,JAMES M DELEON,DEM,0
01-18,JEFF BROWN,DEM,8
01-18,REBECCA RHYNHART,DEM,78
01-18,WARREN BLOOM,DEM,0
01-18,WRITE-IN,DEM,0
01-18,WRITE-IN,REP,2
01-19,ALLAN DOMB,DEM,38
01-19,AMEN  BROWN,DEM,0
01-19,CHERELLE L PARKER,DEM,29
01-19,DAVID OH,REP,19
01-19,DELSCIA GRAY,DEM,0
01-19,HELEN GYM,DEM,66
01-19,JAMES M DELEON,DEM,0
01-19,JEFF BROWN,DEM,6
01-19,REBECCA RHYNHART,DEM,82
01-19,WARREN BLOOM,DEM,0
01-19,WRITE-IN,DEM,0
01-19,WRITE-IN,REP,0
01-20,ALLAN DOMB,DEM,30
01-20,AMEN  BROWN,DEM,1
01-20,CHERELLE L PARKER,DEM,36
01-20,DAVID OH,REP,13
01-20,DELSCIA GRAY,DEM,0
01-20,HELEN GYM,DEM,123
01-20,JAMES M DELEON,DEM,0
01-20,JEFF BROWN,DEM,15
01-20,REBECCA RHYNHART,DEM,100
01-20,WARREN BLOOM,DEM,0
01-20,WRITE-IN,DEM,0
01-20,WRITE-IN,REP,0
01-21,ALLAN DOMB,DEM,49
01-21,AMEN  BROWN,DEM,0
01-21,CHERELLE L PARKER,DEM,31
01-21,DAVID OH,REP,15
01-21,DELSCIA GRAY,DEM,0
01-21,HELEN GYM,DEM,70
01-21,JAMES M DELEON,DEM,0
01-21,JEFF BROWN,DEM,19
01-21,REBECCA RHYNHART,DEM,80
01-21,WARREN BLOOM,DEM,0
01-21,WRITE-IN,DEM,0
01-21,WRITE-IN,REP,1
02-01,ALLAN DOMB,DEM,45
02-01,AMEN  BROWN,DEM,2
02-01,CHERELLE L PARKER,DEM,29
02-01,DAVID OH,REP,29
02-01,DELSCIA GRAY,DEM,1
02-01,HELEN GYM,DEM,96
02-01,JAMES M DELEON,DEM,1
02-01,JEFF BROWN,DEM,9
02-01,REBECCA RHYNHART,DEM,206
02-01,WARREN BLOOM,DEM,1
02-01,WRITE-IN,DEM,2
02-01,WRITE-IN,REP,3
02-02,ALLAN DOMB,DEM,16
02-02,AMEN  BROWN,DEM,3
02-02,CHERELLE L PARKER,DEM,22
02-02,DAVID OH,REP,12
02-02,DELSCIA GRAY,DEM,0
02-02,HELEN GYM,DEM,56
02-02,JAMES M DELEON,DEM,1
02-02,JEFF BROWN,DEM,6
02-02,REBECCA RHYNHART,DEM,79
02-02,WARREN BLOOM,DEM,0
02-02,WRITE-IN,DEM,0
02-02,WRITE-IN,REP,0
02-03,ALLAN DOMB,DEM,18
02-03,AMEN  BROWN,DEM,0
02-03,CHERELLE L PARKER,DEM,11
02-03,DAVID OH,REP,6
02-03,DELSCIA GRAY,DEM,0
02-03,HELEN GYM,DEM,79
02-03,JAMES M DELEON,DEM,0
02-03,JEFF BROWN,DEM,3
02-03,REBECCA RHYNHART,DEM,57
02-03,WARREN BLOOM,DEM,0
02-03,WRITE-IN,DEM,0
02-03,WRITE-IN,REP,1
02-04,ALLAN DOMB,DEM,24
02-04,AMEN  BROWN,DEM,0
02-04,CHERELLE L PARKER,DEM,17
02-04,DAVID OH,REP,12
02-04,DELSCIA GRAY,DEM,1
02-04,HELEN GYM,DEM,125
02-04,JAMES M DELEON,DEM,0
02-04,JEFF BROWN,DEM,5
02-04,REBECCA RHYNHART,DEM,123
02-04,WARREN BLOOM,DEM,0
02-04,WRITE-IN,DEM,1
02-04,WRITE-IN,REP,0
02-05,ALLAN DOMB,DEM,23
02-05,AMEN  BROWN,DEM,0
02-05,CHERELLE L PARKER,DEM,12
02-05,DAVID OH,REP,8
02-05,DELSCIA GRAY,DEM,0
02-05,HELEN GYM,DEM,99
02-05,JAMES M DELEON,DEM,1
02-05,JEFF BROWN,DEM,6
02-05,REBECCA RHYNHART,DEM,80
02-05,WARREN BLOOM,DEM,0
02-05,WRITE-IN,DEM,1
02-05,WRITE-IN,REP,0
02-06,ALLAN DOMB,DEM,21
02-06,AMEN  BROWN,DEM,1
02-06,CHERELLE L PARKER,DEM,10
02-06,DAVID OH,REP,9
02-06,DELSCIA GRAY,DEM,0
02-06,HELEN GYM,DEM,127
02-06,JAMES M DELEON,DEM,0
02-06,JEFF BROWN,DEM,8
02-06,REBECCA RHYNHART,DEM,118
02-06,WARREN BLOOM,DEM,0
02-06,WRITE-IN,DEM,0
02-06,WRITE-IN,REP,2
02-07,ALLAN DOMB,DEM,42
02-07,AMEN  BROWN,DEM,0
02-07,CHERELLE L PARKER,DEM,23
02-07,DAVID OH,REP,7
02-07,DELSCIA GRAY,DEM,0
02-07,HELEN GYM,DEM,153
02-07,JAMES M DELEON,DEM,0
02-07,JEFF BROWN,DEM,8
02-07,REBECCA RHYNHART,DEM,126
02-07,WARREN BLOOM,DEM,0
02-07,WRITE-IN,DEM,0
02-07,WRITE-IN,REP,3
02-08,ALLAN DOMB,DEM,24
02-08,AMEN  BROWN,DEM,2
02-08,CHERELLE L PARKER,DEM,25
02-08,DAVID OH,REP,12
02-08,DELSCIA GRAY,DEM,0
02-08,HELEN GYM,DEM,104
02-08,JAMES M DELEON,DEM,0
02-08,JEFF BROWN,DEM,10
02-08,REBECCA RHYNHART,DEM,79
02-08,WARREN BLOOM,DEM,0
02-08,WRITE-IN,DEM,0
02-08,WRITE-IN,REP,0
02-09,ALLAN DOMB,DEM,15
02-09,AMEN  BROWN,DEM,0
02-09,CHERELLE L PARKER,DEM,60
02-09,DAVID OH,REP,4
02-09,DELSCIA GRAY,DEM,0
02-09,HELEN GYM,DEM,78
02-09,JAMES M DELEON,DEM,2
02-09,JEFF BROWN,DEM,6
02-09,REBECCA RHYNHART,DEM,95
02-09,WARREN BLOOM,DEM,0
02-09,WRITE-IN,DEM,0
02-09,WRITE-IN,REP,0
02-10,ALLAN DOMB,DEM,19
02-10,AMEN  BROWN,DEM,0
02-10,CHERELLE L PARKER,DEM,20
02-10,DAVID OH,REP,9
02-10,DELSCIA GRAY,DEM,0
02-10,HELEN GYM,DEM,119
02-10,JAMES M DELEON,DEM,1
02-10,JEFF BROWN,DEM,7
02-10,REBECCA RHYNHART,DEM,111
02-10,WARREN BLOOM,DEM,0
02-10,WRITE-IN,DEM,0
02-10,WRITE-IN,REP,2
02-11,ALLAN DOMB,DEM,23
02-11,AMEN  BROWN,DEM,1
02-11,CHERELLE L PARKER,DEM,19
02-11,DAVID OH,REP,11
02-11,DELSCIA GRAY,DEM,0
02-11,HELEN GYM,DEM,98
02-11,JAMES M DELEON,DEM,1
02-11,JEFF BROWN,DEM,3
02-11,REBECCA RHYNHART,DEM,118
02-11,WARREN BLOOM,DEM,0
02-11,WRITE-IN,DEM,0
02-11,WRITE-IN,REP,0
02-12,ALLAN DOMB,DEM,21
02-12,AMEN  BROWN,DEM,0
02-12,CHERELLE L PARKER,DEM,29
02-12,DAVID OH,REP,3
02-12,DELSCIA GRAY,DEM,1
02-12,HELEN GYM,DEM,128
02-12,JAMES M DELEON,DEM,2
02-12,JEFF BROWN,DEM,7
02-12,REBECCA RHYNHART,DEM,120
02-12,WARREN BLOOM,DEM,0
02-12,WRITE-IN,DEM,1
02-12,WRITE-IN,REP,0
02-13,ALLAN DOMB,DEM,6
02-13,AMEN  BROWN,DEM,0
02-13,CHERELLE L PARKER,DEM,13
02-13,DAVID OH,REP,2
02-13,DELSCIA GRAY,DEM,0
02-13,HELEN GYM,DEM,36
02-13,JAMES M DELEON,DEM,0
02-13,JEFF BROWN,DEM,7
02-13,REBECCA RHYNHART,DEM,32
02-13,WARREN BLOOM,DEM,0
02-13,WRITE-IN,DEM,0
02-13,WRITE-IN,REP,0
02-14,ALLAN DOMB,DEM,20
02-14,AMEN  BROWN,DEM,3
02-14,CHERELLE L PARKER,DEM,55
02-14,DAVID OH,REP,12
02-14,DELSCIA GRAY,DEM,1
02-14,HELEN GYM,DEM,65
02-14,JAMES M DELEON,DEM,1
02-14,JEFF BROWN,DEM,9
02-14,REBECCA RHYNHART,DEM,78
02-14,WARREN BLOOM,DEM,1
02-14,WRITE-IN,DEM,0
02-14,WRITE-IN,REP,0
02-15,ALLAN DOMB,DEM,13
02-15,AMEN  BROWN,DEM,0
02-15,CHERELLE L PARKER,DEM,30
02-15,DAVID OH,REP,6
02-15,DELSCIA GRAY,DEM,1
02-15,HELEN GYM,DEM,74
02-15,JAMES M DELEON,DEM,1
02-15,JEFF BROWN,DEM,4
02-15,REBECCA RHYNHART,DEM,141
02-15,WARREN BLOOM,DEM,0
02-15,WRITE-IN,DEM,0
02-15,WRITE-IN,REP,0
02-16,ALLAN DOMB,DEM,24
02-16,AMEN  BROWN,DEM,0
02-16,CHERELLE L PARKER,DEM,27
02-16,DAVID OH,REP,2
02-16,DELSCIA GRAY,DEM,0
02-16,HELEN GYM,DEM,126
02-16,JAMES M DELEON,DEM,0
02-16,JEFF BROWN,DEM,10
02-16,REBECCA RHYNHART,DEM,147
02-16,WARREN BLOOM,DEM,0
02-16,WRITE-IN,DEM,0
02-16,WRITE-IN,REP,0
02-17,ALLAN DOMB,DEM,23
02-17,AMEN  BROWN,DEM,0
02-17,CHERELLE L PARKER,DEM,20
02-17,DAVID OH,REP,12
02-17,DELSCIA GRAY,DEM,0
02-17,HELEN GYM,DEM,122
02-17,JAMES M DELEON,DEM,0
02-17,JEFF BROWN,DEM,7
02-17,REBECCA RHYNHART,DEM,147
02-17,WARREN BLOOM,DEM,0
02-17,WRITE-IN,DEM,0
02-17,WRITE-IN,REP,3
02-18,ALLAN DOMB,DEM,22
02-18,AMEN  BROWN,DEM,0
02-18,CHERELLE L PARKER,DEM,13
02-18,DAVID OH,REP,11
02-18,DELSCIA GRAY,DEM,0
02-18,HELEN GYM,DEM,118
02-18,JAMES M DELEON,DEM,1
02-18,JEFF BROWN,DEM,3
02-18,REBECCA RHYNHART,DEM,104
02-18,WARREN BLOOM,DEM,0
02-18,WRITE-IN,DEM,0
02-18,WRITE-IN,REP,0
02-19,ALLAN DOMB,DEM,17
02-19,AMEN  BROWN,DEM,1
02-19,CHERELLE L PARKER,DEM,23
02-19,DAVID OH,REP,8
02-19,DELSCIA GRAY,DEM,0
02-19,HELEN GYM,DEM,94
02-19,JAMES M DELEON,DEM,0
02-19,JEFF BROWN,DEM,5
02-19,REBECCA RHYNHART,DEM,99
02-19,WARREN BLOOM,DEM,0
02-19,WRITE-IN,DEM,0
02-19,WRITE-IN,REP,0
02-20,ALLAN DOMB,DEM,14
02-20,AMEN  BROWN,DEM,0
02-20,CHERELLE L PARKER,DEM,30
02-20,DAVID OH,REP,0
02-20,DELSCIA GRAY,DEM,0
02-20,HELEN GYM,DEM,32
02-20,JAMES M DELEON,DEM,1
02-20,JEFF BROWN,DEM,3
02-20,REBECCA RHYNHART,DEM,55
02-20,WARREN BLOOM,DEM,1
02-20,WRITE-IN,DEM,0
02-20,WRITE-IN,REP,0
02-21,ALLAN DOMB,DEM,12
02-21,AMEN  BROWN,DEM,2
02-21,CHERELLE L PARKER,DEM,46
02-21,DAVID OH,REP,0
02-21,DELSCIA GRAY,DEM,0
02-21,HELEN GYM,DEM,50
02-21,JAMES M DELEON,DEM,3
02-21,JEFF BROWN,DEM,6
02-21,REBECCA RHYNHART,DEM,45
02-21,WARREN BLOOM,DEM,0
02-21,WRITE-IN,DEM,0
02-21,WRITE-IN,REP,0
02-22,ALLAN DOMB,DEM,23
02-22,AMEN  BROWN,DEM,0
02-22,CHERELLE L PARKER,DEM,46
02-22,DAVID OH,REP,8
02-22,DELSCIA GRAY,DEM,0
02-22,HELEN GYM,DEM,142
02-22,JAMES M DELEON,DEM,1
02-22,JEFF BROWN,DEM,0
02-22,REBECCA RHYNHART,DEM,187
02-22,WARREN BLOOM,DEM,1
02-22,WRITE-IN,DEM,0
02-22,WRITE-IN,REP,0
02-23,ALLAN DOMB,DEM,35
02-23,AMEN  BROWN,DEM,0
02-23,CHERELLE L PARKER,DEM,26
02-23,DAVID OH,REP,8
02-23,DELSCIA GRAY,DEM,0
02-23,HELEN GYM,DEM,124
02-23,JAMES M DELEON,DEM,0
02-23,JEFF BROWN,DEM,3
02-23,REBECCA RHYNHART,DEM,150
02-23,WARREN BLOOM,DEM,0
02-23,WRITE-IN,DEM,0
02-23,WRITE-IN,REP,0
02-24,ALLAN DOMB,DEM,30
02-24,AMEN  BROWN,DEM,1
02-24,CHERELLE L PARKER,DEM,21
02-24,DAVID OH,REP,16
02-24,DELSCIA GRAY,DEM,1
02-24,HELEN GYM,DEM,108
02-24,JAMES M DELEON,DEM,0
02-24,JEFF BROWN,DEM,5
02-24,REBECCA RHYNHART,DEM,169
02-24,WARREN BLOOM,DEM,0
02-24,WRITE-IN,DEM,0
02-24,WRITE-IN,REP,1
02-25,ALLAN DOMB,DEM,19
02-25,AMEN  BROWN,DEM,2
02-25,CHERELLE L PARKER,DEM,10
02-25,DAVID OH,REP,4
02-25,DELSCIA GRAY,DEM,0
02-25,HELEN GYM,DEM,90
02-25,JAMES M DELEON,DEM,0
02-25,JEFF BROWN,DEM,2
02-25,REBECCA RHYNHART,DEM,104
02-25,WARREN BLOOM,DEM,0
02-25,WRITE-IN,DEM,0
02-25,WRITE-IN,REP,0
02-26,ALLAN DOMB,DEM,25
02-26,AMEN  BROWN,DEM,0
02-26,CHERELLE L PARKER,DEM,16
02-26,DAVID OH,REP,2
02-26,DELSCIA GRAY,DEM,0
02-26,HELEN GYM,DEM,90
02-26,JAMES M DELEON,DEM,0
02-26,JEFF BROWN,DEM,4
02-26,REBECCA RHYNHART,DEM,108
02-26,WARREN BLOOM,DEM,0
02-26,WRITE-IN,DEM,0
02-26,WRITE-IN,REP,0
02-27,ALLAN DOMB,DEM,40
02-27,AMEN  BROWN,DEM,0
02-27,CHERELLE L PARKER,DEM,23
02-27,DAVID OH,REP,17
02-27,DELSCIA GRAY,DEM,1
02-27,HELEN GYM,DEM,92
02-27,JAMES M DELEON,DEM,0
02-27,JEFF BROWN,DEM,4
02-27,REBECCA RHYNHART,DEM,162
02-27,WARREN BLOOM,DEM,0
02-27,WRITE-IN,DEM,0
02-27,WRITE-IN,REP,1
02-28,ALLAN DOMB,DEM,59
02-28,AMEN  BROWN,DEM,0
02-28,CHERELLE L PARKER,DEM,34
02-28,DAVID OH,REP,37
02-28,DELSCIA GRAY,DEM,0
02-28,HELEN GYM,DEM,55
02-28,JAMES M DELEON,DEM,0
02-28,JEFF BROWN,DEM,16
02-28,REBECCA RHYNHART,DEM,106
02-28,WARREN BLOOM,DEM,0
02-28,WRITE-IN,DEM,1
02-28,WRITE-IN,REP,0
02-29,ALLAN DOMB,DEM,19
02-29,AMEN  BROWN,DEM,1
02-29,CHERELLE L PARKER,DEM,26
02-29,DAVID OH,REP,10
02-29,DELSCIA GRAY,DEM,0
02-29,HELEN GYM,DEM,126
02-29,JAMES M DELEON,DEM,0
02-29,JEFF BROWN,DEM,4
02-29,REBECCA RHYNHART,DEM,198
02-29,WARREN BLOOM,DEM,0
02-29,WRITE-IN,DEM,0
02-29,WRITE-IN,REP,0
03-01,ALLAN DOMB,DEM,10
03-01,AMEN  BROWN,DEM,6
03-01,CHERELLE L PARKER,DEM,66
03-01,DAVID OH,REP,0
03-01,DELSCIA GRAY,DEM,1
03-01,HELEN GYM,DEM,14
03-01,JAMES M DELEON,DEM,1
03-01,JEFF BROWN,DEM,16
03-01,REBECCA RHYNHART,DEM,13
03-01,WARREN BLOOM,DEM,1
03-01,WRITE-IN,DEM,0
03-01,WRITE-IN,REP,1
03-02,ALLAN DOMB,DEM,8
03-02,AMEN  BROWN,DEM,3
03-02,CHERELLE L PARKER,DEM,81
03-02,DAVID OH,REP,2
03-02,DELSCIA GRAY,DEM,0
03-02,HELEN GYM,DEM,12
03-02,JAMES M DELEON,DEM,1
03-02,JEFF BROWN,DEM,9
03-02,REBECCA RHYNHART,DEM,15
03-02,WARREN BLOOM,DEM,0
03-02,WRITE-IN,DEM,0
03-02,WRITE-IN,REP,1
03-03,ALLAN DOMB,DEM,7
03-03,AMEN  BROWN,DEM,13
03-03,CHERELLE L PARKER,DEM,79
03-03,DAVID OH,REP,2
03-03,DELSCIA GRAY,DEM,0
03-03,HELEN GYM,DEM,22
03-03,JAMES M DELEON,DEM,0
03-03,JEFF BROWN,DEM,27
03-03,REBECCA RHYNHART,DEM,12
03-03,WARREN BLOOM,DEM,1
03-03,WRITE-IN,DEM,0
03-03,WRITE-IN,REP,0
03-04,ALLAN DOMB,DEM,16
03-04,AMEN  BROWN,DEM,6
03-04,CHERELLE L PARKER,DEM,87
03-04,DAVID OH,REP,1
03-04,DELSCIA GRAY,DEM,1
03-04,HELEN GYM,DEM,15
03-04,JAMES M DELEON,DEM,2
03-04,JEFF BROWN,DEM,16
03-04,REBECCA RHYNHART,DEM,16
03-04,WARREN BLOOM,DEM,0
03-04,WRITE-IN,DEM,0
03-04,WRITE-IN,REP,0
03-05,ALLAN DOMB,DEM,5
03-05,AMEN  BROWN,DEM,7
03-05,CHERELLE L PARKER,DEM,56
03-05,DAVID OH,REP,1
03-05,DELSCIA GRAY,DEM,0
03-05,HELEN GYM,DEM,8
03-05,JAMES M DELEON,DEM,0
03-05,JEFF BROWN,DEM,16
03-05,REBECCA RHYNHART,DEM,13
03-05,WARREN BLOOM,DEM,0
03-05,WRITE-IN,DEM,0
03-05,WRITE-IN,REP,1
03-06,ALLAN DOMB,DEM,9
03-06,AMEN  BROWN,DEM,1
03-06,CHERELLE L PARKER,DEM,72
03-06,DAVID OH,REP,3
03-06,DELSCIA GRAY,DEM,0
03-06,HELEN GYM,DEM,14
03-06,JAMES M DELEON,DEM,1
03-06,JEFF BROWN,DEM,12
03-06,REBECCA RHYNHART,DEM,12
03-06,WARREN BLOOM,DEM,1
03-06,WRITE-IN,DEM,0
03-06,WRITE-IN,REP,0
03-07,ALLAN DOMB,DEM,17
03-07,AMEN  BROWN,DEM,8
03-07,CHERELLE L PARKER,DEM,54
03-07,DAVID OH,REP,1
03-07,DELSCIA GRAY,DEM,0
03-07,HELEN GYM,DEM,17
03-07,JAMES M DELEON,DEM,0
03-07,JEFF BROWN,DEM,23
03-07,REBECCA RHYNHART,DEM,14
03-07,WARREN BLOOM,DEM,0
03-07,WRITE-IN,DEM,0
03-07,WRITE-IN,REP,1
03-08,ALLAN DOMB,DEM,11
03-08,AMEN  BROWN,DEM,4
03-08,CHERELLE L PARKER,DEM,94
03-08,DAVID OH,REP,1
03-08,DELSCIA GRAY,DEM,0
03-08,HELEN GYM,DEM,10
03-08,JAMES M DELEON,DEM,1
03-08,JEFF BROWN,DEM,18
03-08,REBECCA RHYNHART,DEM,14
03-08,WARREN BLOOM,DEM,2
03-08,WRITE-IN,DEM,0
03-08,WRITE-IN,REP,0
03-09,ALLAN DOMB,DEM,17
03-09,AMEN  BROWN,DEM,1
03-09,CHERELLE L PARKER,DEM,100
03-09,DAVID OH,REP,0
03-09,DELSCIA GRAY,DEM,1
03-09,HELEN GYM,DEM,22
03-09,JAMES M DELEON,DEM,0
03-09,JEFF BROWN,DEM,25
03-09,REBECCA RHYNHART,DEM,14
03-09,WARREN BLOOM,DEM,0
03-09,WRITE-IN,DEM,0
03-09,WRITE-IN,REP,0
03-10,ALLAN DOMB,DEM,16
03-10,AMEN  BROWN,DEM,6
03-10,CHERELLE L PARKER,DEM,91
03-10,DAVID OH,REP,0
03-10,DELSCIA GRAY,DEM,0
03-10,HELEN GYM,DEM,16
03-10,JAMES M DELEON,DEM,0
03-10,JEFF BROWN,DEM,22
03-10,REBECCA RHYNHART,DEM,7
03-10,WARREN BLOOM,DEM,1
03-10,WRITE-IN,DEM,0
03-10,WRITE-IN,REP,0
03-11,ALLAN DOMB,DEM,23
03-11,AMEN  BROWN,DEM,4
03-11,CHERELLE L PARKER,DEM,124
03-11,DAVID OH,REP,1
03-11,DELSCIA GRAY,DEM,0
03-11,HELEN GYM,DEM,29
03-11,JAMES M DELEON,DEM,2
03-11,JEFF BROWN,DEM,24
03-11,REBECCA RHYNHART,DEM,30
03-11,WARREN BLOOM,DEM,0
03-11,WRITE-IN,DEM,0
03-11,WRITE-IN,REP,0
03-12,ALLAN DOMB,DEM,14
03-12,AMEN  BROWN,DEM,8
03-12,CHERELLE L PARKER,DEM,89
03-12,DAVID OH,REP,0
03-12,DELSCIA GRAY,DEM,0
03-12,HELEN GYM,DEM,11
03-12,JAMES M DELEON,DEM,2
03-12,JEFF BROWN,DEM,17
03-12,REBECCA RHYNHART,DEM,11
03-12,WARREN BLOOM,DEM,0
03-12,WRITE-IN,DEM,0
03-12,WRITE-IN,REP,0
03-13,ALLAN DOMB,DEM,8
03-13,AMEN  BROWN,DEM,5
03-13,CHERELLE L PARKER,DEM,66
03-13,DAVID OH,REP,0
03-13,DELSCIA GRAY,DEM,0
03-13,HELEN GYM,DEM,10
03-13,JAMES M DELEON,DEM,2
03-13,JEFF BROWN,DEM,21
03-13,REBECCA RHYNHART,DEM,11
03-13,WARREN BLOOM,DEM,0
03-13,WRITE-IN,DEM,0
03-13,WRITE-IN,REP,0
03-14,ALLAN DOMB,DEM,10
03-14,AMEN  BROWN,DEM,5
03-14,CHERELLE L PARKER,DEM,101
03-14,DAVID OH,REP,2
03-14,DELSCIA GRAY,DEM,0
03-14,HELEN GYM,DEM,11
03-14,JAMES M DELEON,DEM,1
03-14,JEFF BROWN,DEM,27
03-14,REBECCA RHYNHART,DEM,11
03-14,WARREN BLOOM,DEM,0
03-14,WRITE-IN,DEM,0
03-14,WRITE-IN,REP,0
03-15,ALLAN DOMB,DEM,8
03-15,AMEN  BROWN,DEM,2
03-15,CHERELLE L PARKER,DEM,87
03-15,DAVID OH,REP,1
03-15,DELSCIA GRAY,DEM,1
03-15,HELEN GYM,DEM,32
03-15,JAMES M DELEON,DEM,1
03-15,JEFF BROWN,DEM,20
03-15,REBECCA RHYNHART,DEM,19
03-15,WARREN BLOOM,DEM,0
03-15,WRITE-IN,DEM,0
03-15,WRITE-IN,REP,1
03-16,ALLAN DOMB,DEM,7
03-16,AMEN  BROWN,DEM,4
03-16,CHERELLE L PARKER,DEM,93
03-16,DAVID OH,REP,1
03-16,DELSCIA GRAY,DEM,0
03-16,HELEN GYM,DEM,23
03-16,JAMES M DELEON,DEM,1
03-16,JEFF BROWN,DEM,29
03-16,REBECCA RHYNHART,DEM,22
03-16,WARREN BLOOM,DEM,0
03-16,WRITE-IN,DEM,0
03-16,WRITE-IN,REP,0
03-17,ALLAN DOMB,DEM,15
03-17,AMEN  BROWN,DEM,3
03-17,CHERELLE L PARKER,DEM,119
03-17,DAVID OH,REP,1
03-17,DELSCIA GRAY,DEM,1
03-17,HELEN GYM,DEM,33
03-17,JAMES M DELEON,DEM,0
03-17,JEFF BROWN,DEM,22
03-17,REBECCA RHYNHART,DEM,11
03-17,WARREN BLOOM,DEM,1
03-17,WRITE-IN,DEM,0
03-17,WRITE-IN,REP,0
03-18,ALLAN DOMB,DEM,13
03-18,AMEN  BROWN,DEM,5
03-18,CHERELLE L PARKER,DEM,111
03-18,DAVID OH,REP,0
03-18,DELSCIA GRAY,DEM,1
03-18,HELEN GYM,DEM,20
03-18,JAMES M DELEON,DEM,0
03-18,JEFF BROWN,DEM,24
03-18,REBECCA RHYNHART,DEM,15
03-18,WARREN BLOOM,DEM,1
03-18,WRITE-IN,DEM,0
03-18,WRITE-IN,REP,1
03-19,ALLAN DOMB,DEM,21
03-19,AMEN  BROWN,DEM,6
03-19,CHERELLE L PARKER,DEM,106
03-19,DAVID OH,REP,0
03-19,DELSCIA GRAY,DEM,0
03-19,HELEN GYM,DEM,13
03-19,JAMES M DELEON,DEM,2
03-19,JEFF BROWN,DEM,23
03-19,REBECCA RHYNHART,DEM,15
03-19,WARREN BLOOM,DEM,0
03-19,WRITE-IN,DEM,0
03-19,WRITE-IN,REP,2
03-20,ALLAN DOMB,DEM,11
03-20,AMEN  BROWN,DEM,2
03-20,CHERELLE L PARKER,DEM,83
03-20,DAVID OH,REP,7
03-20,DELSCIA GRAY,DEM,1
03-20,HELEN GYM,DEM,22
03-20,JAMES M DELEON,DEM,0
03-20,JEFF BROWN,DEM,14
03-20,REBECCA RHYNHART,DEM,9
03-20,WARREN BLOOM,DEM,2
03-20,WRITE-IN,DEM,0
03-20,WRITE-IN,REP,0
03-21,ALLAN DOMB,DEM,8
03-21,AMEN  BROWN,DEM,2
03-21,CHERELLE L PARKER,DEM,40
03-21,DAVID OH,REP,0
03-21,DELSCIA GRAY,DEM,0
03-21,HELEN GYM,DEM,7
03-21,JAMES M DELEON,DEM,0
03-21,JEFF BROWN,DEM,19
03-21,REBECCA RHYNHART,DEM,3
03-21,WARREN BLOOM,DEM,0
03-21,WRITE-IN,DEM,1
03-21,WRITE-IN,REP,0
03-22,ALLAN DOMB,DEM,11
03-22,AMEN  BROWN,DEM,1
03-22,CHERELLE L PARKER,DEM,65
03-22,DAVID OH,REP,0
03-22,DELSCIA GRAY,DEM,0
03-22,HELEN GYM,DEM,16
03-22,JAMES M DELEON,DEM,2
03-22,JEFF BROWN,DEM,14
03-22,REBECCA RHYNHART,DEM,3
03-22,WARREN BLOOM,DEM,0
03-22,WRITE-IN,DEM,0
03-22,WRITE-IN,REP,0
04-01,ALLAN DOMB,DEM,6
04-01,AMEN  BROWN,DEM,5
04-01,CHERELLE L PARKER,DEM,65
04-01,DAVID OH,REP,3
04-01,DELSCIA GRAY,DEM,0
04-01,HELEN GYM,DEM,15
04-01,JAMES M DELEON,DEM,3
04-01,JEFF BROWN,DEM,17
04-01,REBECCA RHYNHART,DEM,9
04-01,WARREN BLOOM,DEM,0
04-01,WRITE-IN,DEM,0
04-01,WRITE-IN,REP,0
04-02,ALLAN DOMB,DEM,9
04-02,AMEN  BROWN,DEM,5
04-02,CHERELLE L PARKER,DEM,79
04-02,DAVID OH,REP,1
04-02,DELSCIA GRAY,DEM,0
04-02,HELEN GYM,DEM,19
04-02,JAMES M DELEON,DEM,1
04-02,JEFF BROWN,DEM,30
04-02,REBECCA RHYNHART,DEM,6
04-02,WARREN BLOOM,DEM,1
04-02,WRITE-IN,DEM,0
04-02,WRITE-IN,REP,0
04-03,ALLAN DOMB,DEM,9
04-03,AMEN  BROWN,DEM,6
04-03,CHERELLE L PARKER,DEM,110
04-03,DAVID OH,REP,4
04-03,DELSCIA GRAY,DEM,0
04-03,HELEN GYM,DEM,13
04-03,JAMES M DELEON,DEM,1
04-03,JEFF BROWN,DEM,23
04-03,REBECCA RHYNHART,DEM,14
04-03,WARREN BLOOM,DEM,0
04-03,WRITE-IN,DEM,1
04-03,WRITE-IN,REP,0
04-04,ALLAN DOMB,DEM,7
04-04,AMEN  BROWN,DEM,3
04-04,CHERELLE L PARKER,DEM,60
04-04,DAVID OH,REP,2
04-04,DELSCIA GRAY,DEM,0
04-04,HELEN GYM,DEM,7
04-04,JAMES M DELEON,DEM,1
04-04,JEFF BROWN,DEM,14
04-04,REBECCA RHYNHART,DEM,9
04-04,WARREN BLOOM,DEM,0
04-04,WRITE-IN,DEM,0
04-04,WRITE-IN,REP,1
04-05,ALLAN DOMB,DEM,3
04-05,AMEN  BROWN,DEM,12
04-05,CHERELLE L PARKER,DEM,96
04-05,DAVID OH,REP,0
04-05,DELSCIA GRAY,DEM,1
04-05,HELEN GYM,DEM,8
04-05,JAMES M DELEON,DEM,0
04-05,JEFF BROWN,DEM,17
04-05,REBECCA RHYNHART,DEM,9
04-05,WARREN BLOOM,DEM,0
04-05,WRITE-IN,DEM,0
04-05,WRITE-IN,REP,0
04-06,ALLAN DOMB,DEM,5
04-06,AMEN  BROWN,DEM,5
04-06,CHERELLE L PARKER,DEM,80
04-06,DAVID OH,REP,1
04-06,DELSCIA GRAY,DEM,1
04-06,HELEN GYM,DEM,16
04-06,JAMES M DELEON,DEM,3
04-06,JEFF BROWN,DEM,28
04-06,REBECCA RHYNHART,DEM,10
04-06,WARREN BLOOM,DEM,0
04-06,WRITE-IN,DEM,1
04-06,WRITE-IN,REP,0
04-07,ALLAN DOMB,DEM,11
04-07,AMEN  BROWN,DEM,11
04-07,CHERELLE L PARKER,DEM,84
04-07,DAVID OH,REP,3
04-07,DELSCIA GRAY,DEM,1
04-07,HELEN GYM,DEM,9
04-07,JAMES M DELEON,DEM,2
04-07,JEFF BROWN,DEM,28
04-07,REBECCA RHYNHART,DEM,10
04-07,WARREN BLOOM,DEM,0
04-07,WRITE-IN,DEM,0
04-07,WRITE-IN,REP,0
04-08,ALLAN DOMB,DEM,15
04-08,AMEN  BROWN,DEM,26
04-08,CHERELLE L PARKER,DEM,63
04-08,DAVID OH,REP,2
04-08,DELSCIA GRAY,DEM,1
04-08,HELEN GYM,DEM,15
04-08,JAMES M DELEON,DEM,0
04-08,JEFF BROWN,DEM,22
04-08,REBECCA RHYNHART,DEM,6
04-08,WARREN BLOOM,DEM,0
04-08,WRITE-IN,DEM,0
04-08,WRITE-IN,REP,0
04-09,ALLAN DOMB,DEM,14
04-09,AMEN  BROWN,DEM,2
04-09,CHERELLE L PARKER,DEM,81
04-09,DAVID OH,REP,2
04-09,DELSCIA GRAY,DEM,2
04-09,HELEN GYM,DEM,12
04-09,JAMES M DELEON,DEM,0
04-09,JEFF BROWN,DEM,31
04-09,REBECCA RHYNHART,DEM,11
04-09,WARREN BLOOM,DEM,0
04-09,WRITE-IN,DEM,0
04-09,WRITE-IN,REP,0
04-10,ALLAN DOMB,DEM,5
04-10,AMEN  BROWN,DEM,2
04-10,CHERELLE L PARKER,DEM,92
04-10,DAVID OH,REP,2
04-10,DELSCIA GRAY,DEM,1
04-10,HELEN GYM,DEM,10
04-10,JAMES M DELEON,DEM,2
04-10,JEFF BROWN,DEM,20
04-10,REBECCA RHYNHART,DEM,10
04-10,WARREN BLOOM,DEM,0
04-10,WRITE-IN,DEM,0
04-10,WRITE-IN,REP,0
04-11,ALLAN DOMB,DEM,6
04-11,AMEN  BROWN,DEM,7
04-11,CHERELLE L PARKER,DEM,99
04-11,DAVID OH,REP,0
04-11,DELSCIA GRAY,DEM,1
04-11,HELEN GYM,DEM,15
04-11,JAMES M DELEON,DEM,0
04-11,JEFF BROWN,DEM,24
04-11,REBECCA RHYNHART,DEM,4
04-11,WARREN BLOOM,DEM,0
04-11,WRITE-IN,DEM,0
04-11,WRITE-IN,REP,0
04-12,ALLAN DOMB,DEM,8
04-12,AMEN  BROWN,DEM,5
04-12,CHERELLE L PARKER,DEM,60
04-12,DAVID OH,REP,0
04-12,DELSCIA GRAY,DEM,0
04-12,HELEN GYM,DEM,12
04-12,JAMES M DELEON,DEM,2
04-12,JEFF BROWN,DEM,18
04-12,REBECCA RHYNHART,DEM,6
04-12,WARREN BLOOM,DEM,0
04-12,WRITE-IN,DEM,0
04-12,WRITE-IN,REP,0
04-13,ALLAN DOMB,DEM,20
04-13,AMEN  BROWN,DEM,12
04-13,CHERELLE L PARKER,DEM,72
04-13,DAVID OH,REP,1
04-13,DELSCIA GRAY,DEM,0
04-13,HELEN GYM,DEM,7
04-13,JAMES M DELEON,DEM,3
04-13,JEFF BROWN,DEM,18
04-13,REBECCA RHYNHART,DEM,11
04-13,WARREN BLOOM,DEM,2
04-13,WRITE-IN,DEM,0
04-13,WRITE-IN,REP,0
04-14,ALLAN DOMB,DEM,5
04-14,AMEN  BROWN,DEM,7
04-14,CHERELLE L PARKER,DEM,65
04-14,DAVID OH,REP,2
04-14,DELSCIA GRAY,DEM,0
04-14,HELEN GYM,DEM,9
04-14,JAMES M DELEON,DEM,0
04-14,JEFF BROWN,DEM,23
04-14,REBECCA RHYNHART,DEM,8
04-14,WARREN BLOOM,DEM,0
04-14,WRITE-IN,DEM,0
04-14,WRITE-IN,REP,0
04-15,ALLAN DOMB,DEM,16
04-15,AMEN  BROWN,DEM,3
04-15,CHERELLE L PARKER,DEM,102
04-15,DAVID OH,REP,1
04-15,DELSCIA GRAY,DEM,3
04-15,HELEN GYM,DEM,9
04-15,JAMES M DELEON,DEM,0
04-15,JEFF BROWN,DEM,13
04-15,REBECCA RHYNHART,DEM,11
04-15,WARREN BLOOM,DEM,0
04-15,WRITE-IN,DEM,0
04-15,WRITE-IN,REP,0
04-16,ALLAN DOMB,DEM,6
04-16,AMEN  BROWN,DEM,4
04-16,CHERELLE L PARKER,DEM,76
04-16,DAVID OH,REP,0
04-16,DELSCIA GRAY,DEM,0
04-16,HELEN GYM,DEM,18
04-16,JAMES M DELEON,DEM,1
04-16,JEFF BROWN,DEM,24
04-16,REBECCA RHYNHART,DEM,12
04-16,WARREN BLOOM,DEM,3
04-16,WRITE-IN,DEM,1
04-16,WRITE-IN,REP,0
04-17,ALLAN DOMB,DEM,13
04-17,AMEN  BROWN,DEM,6
04-17,CHERELLE L PARKER,DEM,92
04-17,DAVID OH,REP,2
04-17,DELSCIA GRAY,DEM,0
04-17,HELEN GYM,DEM,9
04-17,JAMES M DELEON,DEM,0
04-17,JEFF BROWN,DEM,22
04-17,REBECCA RHYNHART,DEM,5
04-17,WARREN BLOOM,DEM,0
04-17,WRITE-IN,DEM,0
04-17,WRITE-IN,REP,0
04-18,ALLAN DOMB,DEM,11
04-18,AMEN  BROWN,DEM,4
04-18,CHERELLE L PARKER,DEM,116
04-18,DAVID OH,REP,1
04-18,DELSCIA GRAY,DEM,0
04-18,HELEN GYM,DEM,12
04-18,JAMES M DELEON,DEM,0
04-18,JEFF BROWN,DEM,20
04-18,REBECCA RHYNHART,DEM,22
04-18,WARREN BLOOM,DEM,0
04-18,WRITE-IN,DEM,0
04-18,WRITE-IN,REP,0
04-19,ALLAN DOMB,DEM,8
04-19,AMEN  BROWN,DEM,9
04-19,CHERELLE L PARKER,DEM,42
04-19,DAVID OH,REP,0
04-19,DELSCIA GRAY,DEM,0
04-19,HELEN GYM,DEM,10
04-19,JAMES M DELEON,DEM,0
04-19,JEFF BROWN,DEM,17
04-19,REBECCA RHYNHART,DEM,6
04-19,WARREN BLOOM,DEM,0
04-19,WRITE-IN,DEM,0
04-19,WRITE-IN,REP,0
04-20,ALLAN DOMB,DEM,7
04-20,AMEN  BROWN,DEM,11
04-20,CHERELLE L PARKER,DEM,83
04-20,DAVID OH,REP,1
04-20,DELSCIA GRAY,DEM,0
04-20,HELEN GYM,DEM,9
04-20,JAMES M DELEON,DEM,0
04-20,JEFF BROWN,DEM,18
04-20,REBECCA RHYNHART,DEM,17
04-20,WARREN BLOOM,DEM,0
04-20,WRITE-IN,DEM,0
04-20,WRITE-IN,REP,0
04-21,ALLAN DOMB,DEM,15
04-21,AMEN  BROWN,DEM,1
04-21,CHERELLE L PARKER,DEM,119
04-21,DAVID OH,REP,1
04-21,DELSCIA GRAY,DEM,0
04-21,HELEN GYM,DEM,23
04-21,JAMES M DELEON,DEM,1
04-21,JEFF BROWN,DEM,30
04-21,REBECCA RHYNHART,DEM,27
04-21,WARREN BLOOM,DEM,0
04-21,WRITE-IN,DEM,0
04-21,WRITE-IN,REP,0
05-01,ALLAN DOMB,DEM,87
05-01,AMEN  BROWN,DEM,0
05-01,CHERELLE L PARKER,DEM,19
05-01,DAVID OH,REP,17
05-01,DELSCIA GRAY,DEM,0
05-01,HELEN GYM,DEM,36
05-01,JAMES M DELEON,DEM,2
05-01,JEFF BROWN,DEM,11
05-01,REBECCA RHYNHART,DEM,171
05-01,WARREN BLOOM,DEM,0
05-01,WRITE-IN,DEM,0
05-01,WRITE-IN,REP,1
05-02,ALLAN DOMB,DEM,48
05-02,AMEN  BROWN,DEM,0
05-02,CHERELLE L PARKER,DEM,36
05-02,DAVID OH,REP,15
05-02,DELSCIA GRAY,DEM,0
05-02,HELEN GYM,DEM,82
05-02,JAMES M DELEON,DEM,0
05-02,JEFF BROWN,DEM,7
05-02,REBECCA RHYNHART,DEM,190
05-02,WARREN BLOOM,DEM,0
05-02,WRITE-IN,DEM,0
05-02,WRITE-IN,REP,0
05-03,ALLAN DOMB,DEM,85
05-03,AMEN  BROWN,DEM,1
05-03,CHERELLE L PARKER,DEM,29
05-03,DAVID OH,REP,21
05-03,DELSCIA GRAY,DEM,0
05-03,HELEN GYM,DEM,62
05-03,JAMES M DELEON,DEM,0
05-03,JEFF BROWN,DEM,11
05-03,REBECCA RHYNHART,DEM,254
05-03,WARREN BLOOM,DEM,0
05-03,WRITE-IN,DEM,0
05-03,WRITE-IN,REP,1
05-04,ALLAN DOMB,DEM,54
05-04,AMEN  BROWN,DEM,0
05-04,CHERELLE L PARKER,DEM,24
05-04,DAVID OH,REP,15
05-04,DELSCIA GRAY,DEM,0
05-04,HELEN GYM,DEM,121
05-04,JAMES M DELEON,DEM,0
05-04,JEFF BROWN,DEM,8
05-04,REBECCA RHYNHART,DEM,206
05-04,WARREN BLOOM,DEM,0
05-04,WRITE-IN,DEM,0
05-04,WRITE-IN,REP,0
05-05,ALLAN DOMB,DEM,39
05-05,AMEN  BROWN,DEM,2
05-05,CHERELLE L PARKER,DEM,33
05-05,DAVID OH,REP,8
05-05,DELSCIA GRAY,DEM,0
05-05,HELEN GYM,DEM,100
05-05,JAMES M DELEON,DEM,0
05-05,JEFF BROWN,DEM,12
05-05,REBECCA RHYNHART,DEM,147
05-05,WARREN BLOOM,DEM,1
05-05,WRITE-IN,DEM,0
05-05,WRITE-IN,REP,1
05-06,ALLAN DOMB,DEM,19
05-06,AMEN  BROWN,DEM,0
05-06,CHERELLE L PARKER,DEM,29
05-06,DAVID OH,REP,4
05-06,DELSCIA GRAY,DEM,1
05-06,HELEN GYM,DEM,115
05-06,JAMES M DELEON,DEM,1
05-06,JEFF BROWN,DEM,7
05-06,REBECCA RHYNHART,DEM,182
05-06,WARREN BLOOM,DEM,0
05-06,WRITE-IN,DEM,0
05-06,WRITE-IN,REP,2
05-07,ALLAN DOMB,DEM,17
05-07,AMEN  BROWN,DEM,0
05-07,CHERELLE L PARKER,DEM,10
05-07,DAVID OH,REP,1
05-07,DELSCIA GRAY,DEM,0
05-07,HELEN GYM,DEM,112
05-07,JAMES M DELEON,DEM,0
05-07,JEFF BROWN,DEM,1
05-07,REBECCA RHYNHART,DEM,125
05-07,WARREN BLOOM,DEM,0
05-07,WRITE-IN,DEM,0
05-07,WRITE-IN,REP,0
05-08,ALLAN DOMB,DEM,36
05-08,AMEN  BROWN,DEM,2
05-08,CHERELLE L PARKER,DEM,29
05-08,DAVID OH,REP,10
05-08,DELSCIA GRAY,DEM,1
05-08,HELEN GYM,DEM,139
05-08,JAMES M DELEON,DEM,0
05-08,JEFF BROWN,DEM,5
05-08,REBECCA RHYNHART,DEM,179
05-08,WARREN BLOOM,DEM,1
05-08,WRITE-IN,DEM,0
05-08,WRITE-IN,REP,1
05-09,ALLAN DOMB,DEM,54
05-09,AMEN  BROWN,DEM,6
05-09,CHERELLE L PARKER,DEM,34
05-09,DAVID OH,REP,19
05-09,DELSCIA GRAY,DEM,0
05-09,HELEN GYM,DEM,99
05-09,JAMES M DELEON,DEM,1
05-09,JEFF BROWN,DEM,6
05-09,REBECCA RHYNHART,DEM,130
05-09,WARREN BLOOM,DEM,1
05-09,WRITE-IN,DEM,0
05-09,WRITE-IN,REP,2
05-10,ALLAN DOMB,DEM,55
05-10,AMEN  BROWN,DEM,1
05-10,CHERELLE L PARKER,DEM,32
05-10,DAVID OH,REP,18
05-10,DELSCIA GRAY,DEM,0
05-10,HELEN GYM,DEM,102
05-10,JAMES M DELEON,DEM,0
05-10,JEFF BROWN,DEM,5
05-10,REBECCA RHYNHART,DEM,168
05-10,WARREN BLOOM,DEM,1
05-10,WRITE-IN,DEM,0
05-10,WRITE-IN,REP,2
05-11,ALLAN DOMB,DEM,36
05-11,AMEN  BROWN,DEM,2
05-11,CHERELLE L PARKER,DEM,38
05-11,DAVID OH,REP,6
05-11,DELSCIA GRAY,DEM,0
05-11,HELEN GYM,DEM,106
05-11,JAMES M DELEON,DEM,2
05-11,JEFF BROWN,DEM,10
05-11,REBECCA RHYNHART,DEM,127
05-11,WARREN BLOOM,DEM,0
05-11,WRITE-IN,DEM,0
05-11,WRITE-IN,REP,2
05-12,ALLAN DOMB,DEM,40
05-12,AMEN  BROWN,DEM,0
05-12,CHERELLE L PARKER,DEM,25
05-12,DAVID OH,REP,6
05-12,DELSCIA GRAY,DEM,1
05-12,HELEN GYM,DEM,42
05-12,JAMES M DELEON,DEM,0
05-12,JEFF BROWN,DEM,7
05-12,REBECCA RHYNHART,DEM,155
05-12,WARREN BLOOM,DEM,0
05-12,WRITE-IN,DEM,0
05-12,WRITE-IN,REP,2
05-13,ALLAN DOMB,DEM,7
05-13,AMEN  BROWN,DEM,1
05-13,CHERELLE L PARKER,DEM,11
05-13,DAVID OH,REP,2
05-13,DELSCIA GRAY,DEM,0
05-13,HELEN GYM,DEM,49
05-13,JAMES M DELEON,DEM,0
05-13,JEFF BROWN,DEM,4
05-13,REBECCA RHYNHART,DEM,27
05-13,WARREN BLOOM,DEM,0
05-13,WRITE-IN,DEM,0
05-13,WRITE-IN,REP,0
05-14,ALLAN DOMB,DEM,20
05-14,AMEN  BROWN,DEM,0
05-14,CHERELLE L PARKER,DEM,25
05-14,DAVID OH,REP,3
05-14,DELSCIA GRAY,DEM,0
05-14,HELEN GYM,DEM,97
05-14,JAMES M DELEON,DEM,0
05-14,JEFF BROWN,DEM,9
05-14,REBECCA RHYNHART,DEM,102
05-14,WARREN BLOOM,DEM,0
05-14,WRITE-IN,DEM,0
05-14,WRITE-IN,REP,0
05-15,ALLAN DOMB,DEM,15
05-15,AMEN  BROWN,DEM,1
05-15,CHERELLE L PARKER,DEM,21
05-15,DAVID OH,REP,6
05-15,DELSCIA GRAY,DEM,1
05-15,HELEN GYM,DEM,77
05-15,JAMES M DELEON,DEM,0
05-15,JEFF BROWN,DEM,5
05-15,REBECCA RHYNHART,DEM,92
05-15,WARREN BLOOM,DEM,0
05-15,WRITE-IN,DEM,0
05-15,WRITE-IN,REP,0
05-16,ALLAN DOMB,DEM,23
05-16,AMEN  BROWN,DEM,1
05-16,CHERELLE L PARKER,DEM,19
05-16,DAVID OH,REP,6
05-16,DELSCIA GRAY,DEM,0
05-16,HELEN GYM,DEM,78
05-16,JAMES M DELEON,DEM,0
05-16,JEFF BROWN,DEM,7
05-16,REBECCA RHYNHART,DEM,88
05-16,WARREN BLOOM,DEM,0
05-16,WRITE-IN,DEM,0
05-16,WRITE-IN,REP,1
05-17,ALLAN DOMB,DEM,19
05-17,AMEN  BROWN,DEM,1
05-17,CHERELLE L PARKER,DEM,28
05-17,DAVID OH,REP,10
05-17,DELSCIA GRAY,DEM,0
05-17,HELEN GYM,DEM,90
05-17,JAMES M DELEON,DEM,0
05-17,JEFF BROWN,DEM,2
05-17,REBECCA RHYNHART,DEM,144
05-17,WARREN BLOOM,DEM,0
05-17,WRITE-IN,DEM,0
05-17,WRITE-IN,REP,2
05-18,ALLAN DOMB,DEM,82
05-18,AMEN  BROWN,DEM,1
05-18,CHERELLE L PARKER,DEM,57
05-18,DAVID OH,REP,26
05-18,DELSCIA GRAY,DEM,0
05-18,HELEN GYM,DEM,70
05-18,JAMES M DELEON,DEM,3
05-18,JEFF BROWN,DEM,11
05-18,REBECCA RHYNHART,DEM,368
05-18,WARREN BLOOM,DEM,1
05-18,WRITE-IN,DEM,0
05-18,WRITE-IN,REP,0
05-19,ALLAN DOMB,DEM,152
05-19,AMEN  BROWN,DEM,0
05-19,CHERELLE L PARKER,DEM,25
05-19,DAVID OH,REP,19
05-19,DELSCIA GRAY,DEM,1
05-19,HELEN GYM,DEM,74
05-19,JAMES M DELEON,DEM,0
05-19,JEFF BROWN,DEM,6
05-19,REBECCA RHYNHART,DEM,283
05-19,WARREN BLOOM,DEM,1
05-19,WRITE-IN,DEM,0
05-19,WRITE-IN,REP,2
05-20,ALLAN DOMB,DEM,10
05-20,AMEN  BROWN,DEM,1
05-20,CHERELLE L PARKER,DEM,9
05-20,DAVID OH,REP,2
05-20,DELSCIA GRAY,DEM,0
05-20,HELEN GYM,DEM,46
05-20,JAMES M DELEON,DEM,1
05-20,JEFF BROWN,DEM,5
05-20,REBECCA RHYNHART,DEM,79
05-20,WARREN BLOOM,DEM,0
05-20,WRITE-IN,DEM,0
05-20,WRITE-IN,REP,0
05-21,ALLAN DOMB,DEM,33
05-21,AMEN  BROWN,DEM,0
05-21,CHERELLE L PARKER,DEM,11
05-21,DAVID OH,REP,10
05-21,DELSCIA GRAY,DEM,1
05-21,HELEN GYM,DEM,82
05-21,JAMES M DELEON,DEM,1
05-21,JEFF BROWN,DEM,2
05-21,REBECCA RHYNHART,DEM,108
05-21,WARREN BLOOM,DEM,0
05-21,WRITE-IN,DEM,0
05-21,WRITE-IN,REP,0
05-22,ALLAN DOMB,DEM,35
05-22,AMEN  BROWN,DEM,3
05-22,CHERELLE L PARKER,DEM,41
05-22,DAVID OH,REP,8
05-22,DELSCIA GRAY,DEM,0
05-22,HELEN GYM,DEM,77
05-22,JAMES M DELEON,DEM,0
05-22,JEFF BROWN,DEM,7
05-22,REBECCA RHYNHART,DEM,96
05-22,WARREN BLOOM,DEM,1
05-22,WRITE-IN,DEM,0
05-22,WRITE-IN,REP,0
05-23,ALLAN DOMB,DEM,29
05-23,AMEN  BROWN,DEM,0
05-23,CHERELLE L PARKER,DEM,70
05-23,DAVID OH,REP,8
05-23,DELSCIA GRAY,DEM,0
05-23,HELEN GYM,DEM,123
05-23,JAMES M DELEON,DEM,1
05-23,JEFF BROWN,DEM,15
05-23,REBECCA RHYNHART,DEM,182
05-23,WARREN BLOOM,DEM,0
05-23,WRITE-IN,DEM,0
05-23,WRITE-IN,REP,2
05-24,ALLAN DOMB,DEM,19
05-24,AMEN  BROWN,DEM,0
05-24,CHERELLE L PARKER,DEM,3
05-24,DAVID OH,REP,12
05-24,DELSCIA GRAY,DEM,0
05-24,HELEN GYM,DEM,68
05-24,JAMES M DELEON,DEM,0
05-24,JEFF BROWN,DEM,2
05-24,REBECCA RHYNHART,DEM,26
05-24,WARREN BLOOM,DEM,1
05-24,WRITE-IN,DEM,1
05-24,WRITE-IN,REP,1
05-25,ALLAN DOMB,DEM,16
05-25,AMEN  BROWN,DEM,1
05-25,CHERELLE L PARKER,DEM,21
05-25,DAVID OH,REP,4
05-25,DELSCIA GRAY,DEM,0
05-25,HELEN GYM,DEM,72
05-25,JAMES M DELEON,DEM,2
05-25,JEFF BROWN,DEM,5
05-25,REBECCA RHYNHART,DEM,90
05-25,WARREN BLOOM,DEM,0
05-25,WRITE-IN,DEM,0
05-25,WRITE-IN,REP,0
05-26,ALLAN DOMB,DEM,17
05-26,AMEN  BROWN,DEM,0
05-26,CHERELLE L PARKER,DEM,25
05-26,DAVID OH,REP,3
05-26,DELSCIA GRAY,DEM,0
05-26,HELEN GYM,DEM,86
05-26,JAMES M DELEON,DEM,0
05-26,JEFF BROWN,DEM,8
05-26,REBECCA RHYNHART,DEM,171
05-26,WARREN BLOOM,DEM,0
05-26,WRITE-IN,DEM,2
05-26,WRITE-IN,REP,0
05-27,ALLAN DOMB,DEM,29
05-27,AMEN  BROWN,DEM,0
05-27,CHERELLE L PARKER,DEM,41
05-27,DAVID OH,REP,15
05-27,DELSCIA GRAY,DEM,0
05-27,HELEN GYM,DEM,94
05-27,JAMES M DELEON,DEM,0
05-27,JEFF BROWN,DEM,4
05-27,REBECCA RHYNHART,DEM,152
05-27,WARREN BLOOM,DEM,0
05-27,WRITE-IN,DEM,0
05-27,WRITE-IN,REP,0
05-28,ALLAN DOMB,DEM,24
05-28,AMEN  BROWN,DEM,0
05-28,CHERELLE L PARKER,DEM,26
05-28,DAVID OH,REP,12
05-28,DELSCIA GRAY,DEM,0
05-28,HELEN GYM,DEM,100
05-28,JAMES M DELEON,DEM,3
05-28,JEFF BROWN,DEM,5
05-28,REBECCA RHYNHART,DEM,111
05-28,WARREN BLOOM,DEM,0
05-28,WRITE-IN,DEM,0
05-28,WRITE-IN,REP,0
05-29,ALLAN DOMB,DEM,7
05-29,AMEN  BROWN,DEM,0
05-29,CHERELLE L PARKER,DEM,10
05-29,DAVID OH,REP,3
05-29,DELSCIA GRAY,DEM,1
05-29,HELEN GYM,DEM,33
05-29,JAMES M DELEON,DEM,0
05-29,JEFF BROWN,DEM,2
05-29,REBECCA RHYNHART,DEM,24
05-29,WARREN BLOOM,DEM,0
05-29,WRITE-IN,DEM,1
05-29,WRITE-IN,REP,1
05-30,ALLAN DOMB,DEM,17
05-30,AMEN  BROWN,DEM,0
05-30,CHERELLE L PARKER,DEM,16
05-30,DAVID OH,REP,9
05-30,DELSCIA GRAY,DEM,0
05-30,HELEN GYM,DEM,65
05-30,JAMES M DELEON,DEM,0
05-30,JEFF BROWN,DEM,2
05-30,REBECCA RHYNHART,DEM,88
05-30,WARREN BLOOM,DEM,0
05-30,WRITE-IN,DEM,0
05-30,WRITE-IN,REP,0
05-31,ALLAN DOMB,DEM,2
05-31,AMEN  BROWN,DEM,0
05-31,CHERELLE L PARKER,DEM,11
05-31,DAVID OH,REP,1
05-31,DELSCIA GRAY,DEM,0
05-31,HELEN GYM,DEM,59
05-31,JAMES M DELEON,DEM,1
05-31,JEFF BROWN,DEM,1
05-31,REBECCA RHYNHART,DEM,46
05-31,WARREN BLOOM,DEM,0
05-31,WRITE-IN,DEM,0
05-31,WRITE-IN,REP,0
05-32,ALLAN DOMB,DEM,26
05-32,AMEN  BROWN,DEM,1
05-32,CHERELLE L PARKER,DEM,31
05-32,DAVID OH,REP,1
05-32,DELSCIA GRAY,DEM,0
05-32,HELEN GYM,DEM,106
05-32,JAMES M DELEON,DEM,0
05-32,JEFF BROWN,DEM,11
05-32,REBECCA RHYNHART,DEM,175
05-32,WARREN BLOOM,DEM,1
05-32,WRITE-IN,DEM,0
05-32,WRITE-IN,REP,0
05-33,ALLAN DOMB,DEM,16
05-33,AMEN  BROWN,DEM,1
05-33,CHERELLE L PARKER,DEM,13
05-33,DAVID OH,REP,10
05-33,DELSCIA GRAY,DEM,0
05-33,HELEN GYM,DEM,67
05-33,JAMES M DELEON,DEM,0
05-33,JEFF BROWN,DEM,4
05-33,REBECCA RHYNHART,DEM,54
05-33,WARREN BLOOM,DEM,0
05-33,WRITE-IN,DEM,0
05-33,WRITE-IN,REP,2
05-34,ALLAN DOMB,DEM,29
05-34,AMEN  BROWN,DEM,0
05-34,CHERELLE L PARKER,DEM,19
05-34,DAVID OH,REP,14
05-34,DELSCIA GRAY,DEM,0
05-34,HELEN GYM,DEM,46
05-34,JAMES M DELEON,DEM,0
05-34,JEFF BROWN,DEM,3
05-34,REBECCA RHYNHART,DEM,66
05-34,WARREN BLOOM,DEM,0
05-34,WRITE-IN,DEM,0
05-34,WRITE-IN,REP,1
05-35,ALLAN DOMB,DEM,10
05-35,AMEN  BROWN,DEM,1
05-35,CHERELLE L PARKER,DEM,9
05-35,DAVID OH,REP,4
05-35,DELSCIA GRAY,DEM,0
05-35,HELEN GYM,DEM,48
05-35,JAMES M DELEON,DEM,0
05-35,JEFF BROWN,DEM,3
05-35,REBECCA RHYNHART,DEM,36
05-35,WARREN BLOOM,DEM,0
05-35,WRITE-IN,DEM,0
05-35,WRITE-IN,REP,0
05-36,ALLAN DOMB,DEM,15
05-36,AMEN  BROWN,DEM,0
05-36,CHERELLE L PARKER,DEM,24
05-36,DAVID OH,REP,0
05-36,DELSCIA GRAY,DEM,0
05-36,HELEN GYM,DEM,34
05-36,JAMES M DELEON,DEM,1
05-36,JEFF BROWN,DEM,4
05-36,REBECCA RHYNHART,DEM,30
05-36,WARREN BLOOM,DEM,1
05-36,WRITE-IN,DEM,0
05-36,WRITE-IN,REP,0
05-37,ALLAN DOMB,DEM,17
05-37,AMEN  BROWN,DEM,0
05-37,CHERELLE L PARKER,DEM,27
05-37,DAVID OH,REP,0
05-37,DELSCIA GRAY,DEM,1
05-37,HELEN GYM,DEM,51
05-37,JAMES M DELEON,DEM,0
05-37,JEFF BROWN,DEM,5
05-37,REBECCA RHYNHART,DEM,105
05-37,WARREN BLOOM,DEM,0
05-37,WRITE-IN,DEM,0
05-37,WRITE-IN,REP,1
06-01,ALLAN DOMB,DEM,15
06-01,AMEN  BROWN,DEM,3
06-01,CHERELLE L PARKER,DEM,55
06-01,DAVID OH,REP,2
06-01,DELSCIA GRAY,DEM,1
06-01,HELEN GYM,DEM,83
06-01,JAMES M DELEON,DEM,3
06-01,JEFF BROWN,DEM,9
06-01,REBECCA RHYNHART,DEM,38
06-01,WARREN BLOOM,DEM,1
06-01,WRITE-IN,DEM,0
06-01,WRITE-IN,REP,0
06-02,ALLAN DOMB,DEM,6
06-02,AMEN  BROWN,DEM,16
06-02,CHERELLE L PARKER,DEM,78
06-02,DAVID OH,REP,1
06-02,DELSCIA GRAY,DEM,0
06-02,HELEN GYM,DEM,10
06-02,JAMES M DELEON,DEM,2
06-02,JEFF BROWN,DEM,20
06-02,REBECCA RHYNHART,DEM,9
06-02,WARREN BLOOM,DEM,0
06-02,WRITE-IN,DEM,0
06-02,WRITE-IN,REP,0
06-03,ALLAN DOMB,DEM,3
06-03,AMEN  BROWN,DEM,5
06-03,CHERELLE L PARKER,DEM,51
06-03,DAVID OH,REP,5
06-03,DELSCIA GRAY,DEM,0
06-03,HELEN GYM,DEM,94
06-03,JAMES M DELEON,DEM,2
06-03,JEFF BROWN,DEM,9
06-03,REBECCA RHYNHART,DEM,40
06-03,WARREN BLOOM,DEM,0
06-03,WRITE-IN,DEM,0
06-03,WRITE-IN,REP,0
06-04,ALLAN DOMB,DEM,8
06-04,AMEN  BROWN,DEM,8
06-04,CHERELLE L PARKER,DEM,32
06-04,DAVID OH,REP,0
06-04,DELSCIA GRAY,DEM,0
06-04,HELEN GYM,DEM,13
06-04,JAMES M DELEON,DEM,0
06-04,JEFF BROWN,DEM,12
06-04,REBECCA RHYNHART,DEM,4
06-04,WARREN BLOOM,DEM,0
06-04,WRITE-IN,DEM,0
06-04,WRITE-IN,REP,0
06-05,ALLAN DOMB,DEM,6
06-05,AMEN  BROWN,DEM,6
06-05,CHERELLE L PARKER,DEM,38
06-05,DAVID OH,REP,2
06-05,DELSCIA GRAY,DEM,0
06-05,HELEN GYM,DEM,24
06-05,JAMES M DELEON,DEM,2
06-05,JEFF BROWN,DEM,15
06-05,REBECCA RHYNHART,DEM,2
06-05,WARREN BLOOM,DEM,2
06-05,WRITE-IN,DEM,0
06-05,WRITE-IN,REP,0
06-06,ALLAN DOMB,DEM,5
06-06,AMEN  BROWN,DEM,2
06-06,CHERELLE L PARKER,DEM,97
06-06,DAVID OH,REP,0
06-06,DELSCIA GRAY,DEM,0
06-06,HELEN GYM,DEM,13
06-06,JAMES M DELEON,DEM,2
06-06,JEFF BROWN,DEM,11
06-06,REBECCA RHYNHART,DEM,11
06-06,WARREN BLOOM,DEM,0
06-06,WRITE-IN,DEM,0
06-06,WRITE-IN,REP,0
06-07,ALLAN DOMB,DEM,7
06-07,AMEN  BROWN,DEM,8
06-07,CHERELLE L PARKER,DEM,83
06-07,DAVID OH,REP,1
06-07,DELSCIA GRAY,DEM,1
06-07,HELEN GYM,DEM,20
06-07,JAMES M DELEON,DEM,1
06-07,JEFF BROWN,DEM,10
06-07,REBECCA RHYNHART,DEM,9
06-07,WARREN BLOOM,DEM,1
06-07,WRITE-IN,DEM,0
06-07,WRITE-IN,REP,0
06-08,ALLAN DOMB,DEM,4
06-08,AMEN  BROWN,DEM,4
06-08,CHERELLE L PARKER,DEM,42
06-08,DAVID OH,REP,0
06-08,DELSCIA GRAY,DEM,1
06-08,HELEN GYM,DEM,17
06-08,JAMES M DELEON,DEM,0
06-08,JEFF BROWN,DEM,12
06-08,REBECCA RHYNHART,DEM,10
06-08,WARREN BLOOM,DEM,0
06-08,WRITE-IN,DEM,0
06-08,WRITE-IN,REP,0
06-09,ALLAN DOMB,DEM,6
06-09,AMEN  BROWN,DEM,7
06-09,CHERELLE L PARKER,DEM,50
06-09,DAVID OH,REP,1
06-09,DELSCIA GRAY,DEM,0
06-09,HELEN GYM,DEM,23
06-09,JAMES M DELEON,DEM,0
06-09,JEFF BROWN,DEM,11
06-09,REBECCA RHYNHART,DEM,5
06-09,WARREN BLOOM,DEM,1
06-09,WRITE-IN,DEM,0
06-09,WRITE-IN,REP,0
06-10,ALLAN DOMB,DEM,7
06-10,AMEN  BROWN,DEM,4
06-10,CHERELLE L PARKER,DEM,50
06-10,DAVID OH,REP,3
06-10,DELSCIA GRAY,DEM,0
06-10,HELEN GYM,DEM,12
06-10,JAMES M DELEON,DEM,0
06-10,JEFF BROWN,DEM,7
06-10,REBECCA RHYNHART,DEM,4
06-10,WARREN BLOOM,DEM,1
06-10,WRITE-IN,DEM,0
06-10,WRITE-IN,REP,0
06-11,ALLAN DOMB,DEM,15
06-11,AMEN  BROWN,DEM,6
06-11,CHERELLE L PARKER,DEM,71
06-11,DAVID OH,REP,1
06-11,DELSCIA GRAY,DEM,0
06-11,HELEN GYM,DEM,15
06-11,JAMES M DELEON,DEM,1
06-11,JEFF BROWN,DEM,28
06-11,REBECCA RHYNHART,DEM,11
06-11,WARREN BLOOM,DEM,1
06-11,WRITE-IN,DEM,0
06-11,WRITE-IN,REP,0
06-12,ALLAN DOMB,DEM,2
06-12,AMEN  BROWN,DEM,11
06-12,CHERELLE L PARKER,DEM,47
06-12,DAVID OH,REP,0
06-12,DELSCIA GRAY,DEM,1
06-12,HELEN GYM,DEM,4
06-12,JAMES M DELEON,DEM,0
06-12,JEFF BROWN,DEM,13
06-12,REBECCA RHYNHART,DEM,4
06-12,WARREN BLOOM,DEM,0
06-12,WRITE-IN,DEM,0
06-12,WRITE-IN,REP,0
06-13,ALLAN DOMB,DEM,5
06-13,AMEN  BROWN,DEM,5
06-13,CHERELLE L PARKER,DEM,45
06-13,DAVID OH,REP,1
06-13,DELSCIA GRAY,DEM,0
06-13,HELEN GYM,DEM,11
06-13,JAMES M DELEON,DEM,0
06-13,JEFF BROWN,DEM,13
06-13,REBECCA RHYNHART,DEM,6
06-13,WARREN BLOOM,DEM,0
06-13,WRITE-IN,DEM,0
06-13,WRITE-IN,REP,0
06-14,ALLAN DOMB,DEM,8
06-14,AMEN  BROWN,DEM,3
06-14,CHERELLE L PARKER,DEM,32
06-14,DAVID OH,REP,0
06-14,DELSCIA GRAY,DEM,0
06-14,HELEN GYM,DEM,7
06-14,JAMES M DELEON,DEM,0
06-14,JEFF BROWN,DEM,18
06-14,REBECCA RHYNHART,DEM,7
06-14,WARREN BLOOM,DEM,1
06-14,WRITE-IN,DEM,0
06-14,WRITE-IN,REP,0
06-15,ALLAN DOMB,DEM,1
06-15,AMEN  BROWN,DEM,3
06-15,CHERELLE L PARKER,DEM,59
06-15,DAVID OH,REP,2
06-15,DELSCIA GRAY,DEM,0
06-15,HELEN GYM,DEM,16
06-15,JAMES M DELEON,DEM,1
06-15,JEFF BROWN,DEM,20
06-15,REBECCA RHYNHART,DEM,15
06-15,WARREN BLOOM,DEM,0
06-15,WRITE-IN,DEM,0
06-15,WRITE-IN,REP,0
06-16,ALLAN DOMB,DEM,9
06-16,AMEN  BROWN,DEM,15
06-16,CHERELLE L PARKER,DEM,38
06-16,DAVID OH,REP,1
06-16,DELSCIA GRAY,DEM,0
06-16,HELEN GYM,DEM,8
06-16,JAMES M DELEON,DEM,1
06-16,JEFF BROWN,DEM,17
06-16,REBECCA RHYNHART,DEM,12
06-16,WARREN BLOOM,DEM,0
06-16,WRITE-IN,DEM,0
06-16,WRITE-IN,REP,0
06-17,ALLAN DOMB,DEM,3
06-17,AMEN  BROWN,DEM,6
06-17,CHERELLE L PARKER,DEM,66
06-17,DAVID OH,REP,4
06-17,DELSCIA GRAY,DEM,0
06-17,HELEN GYM,DEM,18
06-17,JAMES M DELEON,DEM,0
06-17,JEFF BROWN,DEM,28
06-17,REBECCA RHYNHART,DEM,15
06-17,WARREN BLOOM,DEM,0
06-17,WRITE-IN,DEM,0
06-17,WRITE-IN,REP,2
06-18,ALLAN DOMB,DEM,8
06-18,AMEN  BROWN,DEM,9
06-18,CHERELLE L PARKER,DEM,99
06-18,DAVID OH,REP,3
06-18,DELSCIA GRAY,DEM,0
06-18,HELEN GYM,DEM,8
06-18,JAMES M DELEON,DEM,3
06-18,JEFF BROWN,DEM,32
06-18,REBECCA RHYNHART,DEM,11
06-18,WARREN BLOOM,DEM,0
06-18,WRITE-IN,DEM,0
06-18,WRITE-IN,REP,1
07-01,ALLAN DOMB,DEM,11
07-01,AMEN  BROWN,DEM,0
07-01,CHERELLE L PARKER,DEM,23
07-01,DAVID OH,REP,1
07-01,DELSCIA GRAY,DEM,0
07-01,HELEN GYM,DEM,4
07-01,JAMES M DELEON,DEM,3
07-01,JEFF BROWN,DEM,5
07-01,REBECCA RHYNHART,DEM,3
07-01,WARREN BLOOM,DEM,0
07-01,WRITE-IN,DEM,0
07-01,WRITE-IN,REP,1
07-02,ALLAN DOMB,DEM,3
07-02,AMEN  BROWN,DEM,2
07-02,CHERELLE L PARKER,DEM,16
07-02,DAVID OH,REP,0
07-02,DELSCIA GRAY,DEM,0
07-02,HELEN GYM,DEM,0
07-02,JAMES M DELEON,DEM,2
07-02,JEFF BROWN,DEM,1
07-02,REBECCA RHYNHART,DEM,1
07-02,WARREN BLOOM,DEM,0
07-02,WRITE-IN,DEM,0
07-02,WRITE-IN,REP,0
07-03,ALLAN DOMB,DEM,13
07-03,AMEN  BROWN,DEM,0
07-03,CHERELLE L PARKER,DEM,21
07-03,DAVID OH,REP,0
07-03,DELSCIA GRAY,DEM,0
07-03,HELEN GYM,DEM,2
07-03,JAMES M DELEON,DEM,4
07-03,JEFF BROWN,DEM,4
07-03,REBECCA RHYNHART,DEM,2
07-03,WARREN BLOOM,DEM,1
07-03,WRITE-IN,DEM,0
07-03,WRITE-IN,REP,0
07-04,ALLAN DOMB,DEM,9
07-04,AMEN  BROWN,DEM,2
07-04,CHERELLE L PARKER,DEM,34
07-04,DAVID OH,REP,0
07-04,DELSCIA GRAY,DEM,0
07-04,HELEN GYM,DEM,3
07-04,JAMES M DELEON,DEM,3
07-04,JEFF BROWN,DEM,2
07-04,REBECCA RHYNHART,DEM,13
07-04,WARREN BLOOM,DEM,0
07-04,WRITE-IN,DEM,0
07-04,WRITE-IN,REP,0
07-05,ALLAN DOMB,DEM,26
07-05,AMEN  BROWN,DEM,0
07-05,CHERELLE L PARKER,DEM,43
07-05,DAVID OH,REP,5
07-05,DELSCIA GRAY,DEM,1
07-05,HELEN GYM,DEM,2
07-05,JAMES M DELEON,DEM,4
07-05,JEFF BROWN,DEM,4
07-05,REBECCA RHYNHART,DEM,12
07-05,WARREN BLOOM,DEM,2
07-05,WRITE-IN,DEM,0
07-05,WRITE-IN,REP,1
07-06,ALLAN DOMB,DEM,13
07-06,AMEN  BROWN,DEM,3
07-06,CHERELLE L PARKER,DEM,27
07-06,DAVID OH,REP,0
07-06,DELSCIA GRAY,DEM,1
07-06,HELEN GYM,DEM,12
07-06,JAMES M DELEON,DEM,4
07-06,JEFF BROWN,DEM,7
07-06,REBECCA RHYNHART,DEM,5
07-06,WARREN BLOOM,DEM,1
07-06,WRITE-IN,DEM,0
07-06,WRITE-IN,REP,1
07-07,ALLAN DOMB,DEM,8
07-07,AMEN  BROWN,DEM,0
07-07,CHERELLE L PARKER,DEM,25
07-07,DAVID OH,REP,0
07-07,DELSCIA GRAY,DEM,0
07-07,HELEN GYM,DEM,5
07-07,JAMES M DELEON,DEM,0
07-07,JEFF BROWN,DEM,5
07-07,REBECCA RHYNHART,DEM,1
07-07,WARREN BLOOM,DEM,0
07-07,WRITE-IN,DEM,0
07-07,WRITE-IN,REP,0
07-08,ALLAN DOMB,DEM,10
07-08,AMEN  BROWN,DEM,1
07-08,CHERELLE L PARKER,DEM,48
07-08,DAVID OH,REP,2
07-08,DELSCIA GRAY,DEM,1
07-08,HELEN GYM,DEM,3
07-08,JAMES M DELEON,DEM,1
07-08,JEFF BROWN,DEM,9
07-08,REBECCA RHYNHART,DEM,4
07-08,WARREN BLOOM,DEM,0
07-08,WRITE-IN,DEM,0
07-08,WRITE-IN,REP,1
07-09,ALLAN DOMB,DEM,9
07-09,AMEN  BROWN,DEM,2
07-09,CHERELLE L PARKER,DEM,18
07-09,DAVID OH,REP,3
07-09,DELSCIA GRAY,DEM,0
07-09,HELEN GYM,DEM,7
07-09,JAMES M DELEON,DEM,3
07-09,JEFF BROWN,DEM,3
07-09,REBECCA RHYNHART,DEM,6
07-09,WARREN BLOOM,DEM,0
07-09,WRITE-IN,DEM,0
07-09,WRITE-IN,REP,0
07-10,ALLAN DOMB,DEM,13
07-10,AMEN  BROWN,DEM,1
07-10,CHERELLE L PARKER,DEM,10
07-10,DAVID OH,REP,1
07-10,DELSCIA GRAY,DEM,0
07-10,HELEN GYM,DEM,9
07-10,JAMES M DELEON,DEM,0
07-10,JEFF BROWN,DEM,0
07-10,REBECCA RHYNHART,DEM,6
07-10,WARREN BLOOM,DEM,2
07-10,WRITE-IN,DEM,0
07-10,WRITE-IN,REP,0
07-11,ALLAN DOMB,DEM,7
07-11,AMEN  BROWN,DEM,0
07-11,CHERELLE L PARKER,DEM,27
07-11,DAVID OH,REP,1
07-11,DELSCIA GRAY,DEM,0
07-11,HELEN GYM,DEM,4
07-11,JAMES M DELEON,DEM,0
07-11,JEFF BROWN,DEM,3
07-11,REBECCA RHYNHART,DEM,4
07-11,WARREN BLOOM,DEM,0
07-11,WRITE-IN,DEM,0
07-11,WRITE-IN,REP,0
07-12,ALLAN DOMB,DEM,7
07-12,AMEN  BROWN,DEM,0
07-12,CHERELLE L PARKER,DEM,19
07-12,DAVID OH,REP,2
07-12,DELSCIA GRAY,DEM,0
07-12,HELEN GYM,DEM,15
07-12,JAMES M DELEON,DEM,1
07-12,JEFF BROWN,DEM,4
07-12,REBECCA RHYNHART,DEM,14
07-12,WARREN BLOOM,DEM,1
07-12,WRITE-IN,DEM,0
07-12,WRITE-IN,REP,0
07-13,ALLAN DOMB,DEM,1
07-13,AMEN  BROWN,DEM,0
07-13,CHERELLE L PARKER,DEM,7
07-13,DAVID OH,REP,1
07-13,DELSCIA GRAY,DEM,0
07-13,HELEN GYM,DEM,3
07-13,JAMES M DELEON,DEM,1
07-13,JEFF BROWN,DEM,3
07-13,REBECCA RHYNHART,DEM,3
07-13,WARREN BLOOM,DEM,0
07-13,WRITE-IN,DEM,0
07-13,WRITE-IN,REP,0
07-14,ALLAN DOMB,DEM,9
07-14,AMEN  BROWN,DEM,2
07-14,CHERELLE L PARKER,DEM,19
07-14,DAVID OH,REP,2
07-14,DELSCIA GRAY,DEM,2
07-14,HELEN GYM,DEM,7
07-14,JAMES M DELEON,DEM,0
07-14,JEFF BROWN,DEM,4
07-14,REBECCA RHYNHART,DEM,6
07-14,WARREN BLOOM,DEM,0
07-14,WRITE-IN,DEM,0
07-14,WRITE-IN,REP,0
07-15,ALLAN DOMB,DEM,12
07-15,AMEN  BROWN,DEM,0
07-15,CHERELLE L PARKER,DEM,13
07-15,DAVID OH,REP,2
07-15,DELSCIA GRAY,DEM,0
07-15,HELEN GYM,DEM,9
07-15,JAMES M DELEON,DEM,0
07-15,JEFF BROWN,DEM,4
07-15,REBECCA RHYNHART,DEM,5
07-15,WARREN BLOOM,DEM,0
07-15,WRITE-IN,DEM,0
07-15,WRITE-IN,REP,0
07-16,ALLAN DOMB,DEM,1
07-16,AMEN  BROWN,DEM,0
07-16,CHERELLE L PARKER,DEM,5
07-16,DAVID OH,REP,4
07-16,DELSCIA GRAY,DEM,0
07-16,HELEN GYM,DEM,0
07-16,JAMES M DELEON,DEM,0
07-16,JEFF BROWN,DEM,2
07-16,REBECCA RHYNHART,DEM,2
07-16,WARREN BLOOM,DEM,0
07-16,WRITE-IN,DEM,1
07-16,WRITE-IN,REP,1
07-17,ALLAN DOMB,DEM,12
07-17,AMEN  BROWN,DEM,3
07-17,CHERELLE L PARKER,DEM,31
07-17,DAVID OH,REP,4
07-17,DELSCIA GRAY,DEM,0
07-17,HELEN GYM,DEM,4
07-17,JAMES M DELEON,DEM,1
07-17,JEFF BROWN,DEM,3
07-17,REBECCA RHYNHART,DEM,4
07-17,WARREN BLOOM,DEM,0
07-17,WRITE-IN,DEM,0
07-17,WRITE-IN,REP,1
07-18,ALLAN DOMB,DEM,5
07-18,AMEN  BROWN,DEM,1
07-18,CHERELLE L PARKER,DEM,29
07-18,DAVID OH,REP,1
07-18,DELSCIA GRAY,DEM,1
07-18,HELEN GYM,DEM,4
07-18,JAMES M DELEON,DEM,0
07-18,JEFF BROWN,DEM,4
07-18,REBECCA RHYNHART,DEM,10
07-18,WARREN BLOOM,DEM,0
07-18,WRITE-IN,DEM,0
07-18,WRITE-IN,REP,0
07-19,ALLAN DOMB,DEM,5
07-19,AMEN  BROWN,DEM,0
07-19,CHERELLE L PARKER,DEM,16
07-19,DAVID OH,REP,1
07-19,DELSCIA GRAY,DEM,0
07-19,HELEN GYM,DEM,2
07-19,JAMES M DELEON,DEM,1
07-19,JEFF BROWN,DEM,0
07-19,REBECCA RHYNHART,DEM,2
07-19,WARREN BLOOM,DEM,0
07-19,WRITE-IN,DEM,0
07-19,WRITE-IN,REP,0
07-20,ALLAN DOMB,DEM,3
07-20,AMEN  BROWN,DEM,0
07-20,CHERELLE L PARKER,DEM,8
07-20,DAVID OH,REP,1
07-20,DELSCIA GRAY,DEM,0
07-20,HELEN GYM,DEM,2
07-20,JAMES M DELEON,DEM,1
07-20,JEFF BROWN,DEM,2
07-20,REBECCA RHYNHART,DEM,3
07-20,WARREN BLOOM,DEM,0
07-20,WRITE-IN,DEM,0
07-20,WRITE-IN,REP,1
07-21,ALLAN DOMB,DEM,5
07-21,AMEN  BROWN,DEM,1
07-21,CHERELLE L PARKER,DEM,6
07-21,DAVID OH,REP,1
07-21,DELSCIA GRAY,DEM,0
07-21,HELEN GYM,DEM,7
07-21,JAMES M DELEON,DEM,6
07-21,JEFF BROWN,DEM,5
07-21,REBECCA RHYNHART,DEM,6
07-21,WARREN BLOOM,DEM,1
07-21,WRITE-IN,DEM,0
07-21,WRITE-IN,REP,0
07-22,ALLAN DOMB,DEM,3
07-22,AMEN  BROWN,DEM,1
07-22,CHERELLE L PARKER,DEM,10
07-22,DAVID OH,REP,3
07-22,DELSCIA GRAY,DEM,0
07-22,HELEN GYM,DEM,4
07-22,JAMES M DELEON,DEM,8
07-22,JEFF BROWN,DEM,4
07-22,REBECCA RHYNHART,DEM,3
07-22,WARREN BLOOM,DEM,0
07-22,WRITE-IN,DEM,0
07-22,WRITE-IN,REP,0
07-23,ALLAN DOMB,DEM,2
07-23,AMEN  BROWN,DEM,0
07-23,CHERELLE L PARKER,DEM,13
07-23,DAVID OH,REP,0
07-23,DELSCIA GRAY,DEM,0
07-23,HELEN GYM,DEM,4
07-23,JAMES M DELEON,DEM,0
07-23,JEFF BROWN,DEM,1
07-23,REBECCA RHYNHART,DEM,3
07-23,WARREN BLOOM,DEM,0
07-23,WRITE-IN,DEM,0
07-23,WRITE-IN,REP,0
08-01,ALLAN DOMB,DEM,17
08-01,AMEN  BROWN,DEM,1
08-01,CHERELLE L PARKER,DEM,17
08-01,DAVID OH,REP,15
08-01,DELSCIA GRAY,DEM,0
08-01,HELEN GYM,DEM,105
08-01,JAMES M DELEON,DEM,0
08-01,JEFF BROWN,DEM,2
08-01,REBECCA RHYNHART,DEM,169
08-01,WARREN BLOOM,DEM,0
08-01,WRITE-IN,DEM,0
08-01,WRITE-IN,REP,0
08-02,ALLAN DOMB,DEM,45
08-02,AMEN  BROWN,DEM,1
08-02,CHERELLE L PARKER,DEM,21
08-02,DAVID OH,REP,4
08-02,DELSCIA GRAY,DEM,0
08-02,HELEN GYM,DEM,70
08-02,JAMES M DELEON,DEM,0
08-02,JEFF BROWN,DEM,7
08-02,REBECCA RHYNHART,DEM,163
08-02,WARREN BLOOM,DEM,0
08-02,WRITE-IN,DEM,0
08-02,WRITE-IN,REP,1
08-03,ALLAN DOMB,DEM,52
08-03,AMEN  BROWN,DEM,0
08-03,CHERELLE L PARKER,DEM,20
08-03,DAVID OH,REP,9
08-03,DELSCIA GRAY,DEM,0
08-03,HELEN GYM,DEM,136
08-03,JAMES M DELEON,DEM,2
08-03,JEFF BROWN,DEM,17
08-03,REBECCA RHYNHART,DEM,191
08-03,WARREN BLOOM,DEM,0
08-03,WRITE-IN,DEM,0
08-03,WRITE-IN,REP,4
08-04,ALLAN DOMB,DEM,35
08-04,AMEN  BROWN,DEM,0
08-04,CHERELLE L PARKER,DEM,20
08-04,DAVID OH,REP,10
08-04,DELSCIA GRAY,DEM,0
08-04,HELEN GYM,DEM,84
08-04,JAMES M DELEON,DEM,1
08-04,JEFF BROWN,DEM,10
08-04,REBECCA RHYNHART,DEM,165
08-04,WARREN BLOOM,DEM,0
08-04,WRITE-IN,DEM,0
08-04,WRITE-IN,REP,1
08-05,ALLAN DOMB,DEM,29
08-05,AMEN  BROWN,DEM,0
08-05,CHERELLE L PARKER,DEM,3
08-05,DAVID OH,REP,6
08-05,DELSCIA GRAY,DEM,0
08-05,HELEN GYM,DEM,46
08-05,JAMES M DELEON,DEM,0
08-05,JEFF BROWN,DEM,7
08-05,REBECCA RHYNHART,DEM,85
08-05,WARREN BLOOM,DEM,0
08-05,WRITE-IN,DEM,0
08-05,WRITE-IN,REP,0
08-06,ALLAN DOMB,DEM,102
08-06,AMEN  BROWN,DEM,0
08-06,CHERELLE L PARKER,DEM,24
08-06,DAVID OH,REP,16
08-06,DELSCIA GRAY,DEM,0
08-06,HELEN GYM,DEM,50
08-06,JAMES M DELEON,DEM,1
08-06,JEFF BROWN,DEM,7
08-06,REBECCA RHYNHART,DEM,148
08-06,WARREN BLOOM,DEM,2
08-06,WRITE-IN,DEM,0
08-06,WRITE-IN,REP,4
08-07,ALLAN DOMB,DEM,58
08-07,AMEN  BROWN,DEM,0
08-07,CHERELLE L PARKER,DEM,37
08-07,DAVID OH,REP,20
08-07,DELSCIA GRAY,DEM,0
08-07,HELEN GYM,DEM,62
08-07,JAMES M DELEON,DEM,0
08-07,JEFF BROWN,DEM,7
08-07,REBECCA RHYNHART,DEM,155
08-07,WARREN BLOOM,DEM,1
08-07,WRITE-IN,DEM,1
08-07,WRITE-IN,REP,0
08-08,ALLAN DOMB,DEM,70
08-08,AMEN  BROWN,DEM,1
08-08,CHERELLE L PARKER,DEM,29
08-08,DAVID OH,REP,10
08-08,DELSCIA GRAY,DEM,0
08-08,HELEN GYM,DEM,76
08-08,JAMES M DELEON,DEM,0
08-08,JEFF BROWN,DEM,16
08-08,REBECCA RHYNHART,DEM,170
08-08,WARREN BLOOM,DEM,0
08-08,WRITE-IN,DEM,0
08-08,WRITE-IN,REP,2
08-09,ALLAN DOMB,DEM,46
08-09,AMEN  BROWN,DEM,1
08-09,CHERELLE L PARKER,DEM,15
08-09,DAVID OH,REP,11
08-09,DELSCIA GRAY,DEM,1
08-09,HELEN GYM,DEM,111
08-09,JAMES M DELEON,DEM,0
08-09,JEFF BROWN,DEM,4
08-09,REBECCA RHYNHART,DEM,205
08-09,WARREN BLOOM,DEM,0
08-09,WRITE-IN,DEM,0
08-09,WRITE-IN,REP,2
08-10,ALLAN DOMB,DEM,151
08-10,AMEN  BROWN,DEM,0
08-10,CHERELLE L PARKER,DEM,31
08-10,DAVID OH,REP,20
08-10,DELSCIA GRAY,DEM,0
08-10,HELEN GYM,DEM,58
08-10,JAMES M DELEON,DEM,1
08-10,JEFF BROWN,DEM,25
08-10,REBECCA RHYNHART,DEM,254
08-10,WARREN BLOOM,DEM,0
08-10,WRITE-IN,DEM,0
08-10,WRITE-IN,REP,2
08-11,ALLAN DOMB,DEM,81
08-11,AMEN  BROWN,DEM,0
08-11,CHERELLE L PARKER,DEM,19
08-11,DAVID OH,REP,8
08-11,DELSCIA GRAY,DEM,0
08-11,HELEN GYM,DEM,44
08-11,JAMES M DELEON,DEM,1
08-11,JEFF BROWN,DEM,4
08-11,REBECCA RHYNHART,DEM,122
08-11,WARREN BLOOM,DEM,0
08-11,WRITE-IN,DEM,0
08-11,WRITE-IN,REP,0
08-12,ALLAN DOMB,DEM,81
08-12,AMEN  BROWN,DEM,0
08-12,CHERELLE L PARKER,DEM,14
08-12,DAVID OH,REP,3
08-12,DELSCIA GRAY,DEM,0
08-12,HELEN GYM,DEM,88
08-12,JAMES M DELEON,DEM,1
08-12,JEFF BROWN,DEM,7
08-12,REBECCA RHYNHART,DEM,119
08-12,WARREN BLOOM,DEM,0
08-12,WRITE-IN,DEM,0
08-12,WRITE-IN,REP,2
08-13,ALLAN DOMB,DEM,26
08-13,AMEN  BROWN,DEM,0
08-13,CHERELLE L PARKER,DEM,4
08-13,DAVID OH,REP,7
08-13,DELSCIA GRAY,DEM,0
08-13,HELEN GYM,DEM,60
08-13,JAMES M DELEON,DEM,0
08-13,JEFF BROWN,DEM,4
08-13,REBECCA RHYNHART,DEM,138
08-13,WARREN BLOOM,DEM,1
08-13,WRITE-IN,DEM,0
08-13,WRITE-IN,REP,0
08-14,ALLAN DOMB,DEM,47
08-14,AMEN  BROWN,DEM,1
08-14,CHERELLE L PARKER,DEM,14
08-14,DAVID OH,REP,5
08-14,DELSCIA GRAY,DEM,0
08-14,HELEN GYM,DEM,63
08-14,JAMES M DELEON,DEM,2
08-14,JEFF BROWN,DEM,4
08-14,REBECCA RHYNHART,DEM,103
08-14,WARREN BLOOM,DEM,0
08-14,WRITE-IN,DEM,0
08-14,WRITE-IN,REP,0
08-15,ALLAN DOMB,DEM,66
08-15,AMEN  BROWN,DEM,2
08-15,CHERELLE L PARKER,DEM,24
08-15,DAVID OH,REP,11
08-15,DELSCIA GRAY,DEM,0
08-15,HELEN GYM,DEM,43
08-15,JAMES M DELEON,DEM,0
08-15,JEFF BROWN,DEM,10
08-15,REBECCA RHYNHART,DEM,118
08-15,WARREN BLOOM,DEM,0
08-15,WRITE-IN,DEM,0
08-15,WRITE-IN,REP,3
08-16,ALLAN DOMB,DEM,81
08-16,AMEN  BROWN,DEM,0
08-16,CHERELLE L PARKER,DEM,31
08-16,DAVID OH,REP,15
08-16,DELSCIA GRAY,DEM,0
08-16,HELEN GYM,DEM,41
08-16,JAMES M DELEON,DEM,1
08-16,JEFF BROWN,DEM,6
08-16,REBECCA RHYNHART,DEM,188
08-16,WARREN BLOOM,DEM,1
08-16,WRITE-IN,DEM,0
08-16,WRITE-IN,REP,2
08-17,ALLAN DOMB,DEM,39
08-17,AMEN  BROWN,DEM,0
08-17,CHERELLE L PARKER,DEM,17
08-17,DAVID OH,REP,16
08-17,DELSCIA GRAY,DEM,0
08-17,HELEN GYM,DEM,72
08-17,JAMES M DELEON,DEM,0
08-17,JEFF BROWN,DEM,7
08-17,REBECCA RHYNHART,DEM,117
08-17,WARREN BLOOM,DEM,0
08-17,WRITE-IN,DEM,0
08-17,WRITE-IN,REP,1
08-18,ALLAN DOMB,DEM,83
08-18,AMEN  BROWN,DEM,3
08-18,CHERELLE L PARKER,DEM,28
08-18,DAVID OH,REP,21
08-18,DELSCIA GRAY,DEM,0
08-18,HELEN GYM,DEM,61
08-18,JAMES M DELEON,DEM,0
08-18,JEFF BROWN,DEM,14
08-18,REBECCA RHYNHART,DEM,181
08-18,WARREN BLOOM,DEM,0
08-18,WRITE-IN,DEM,1
08-18,WRITE-IN,REP,1
08-19,ALLAN DOMB,DEM,31
08-19,AMEN  BROWN,DEM,0
08-19,CHERELLE L PARKER,DEM,29
08-19,DAVID OH,REP,17
08-19,DELSCIA GRAY,DEM,0
08-19,HELEN GYM,DEM,105
08-19,JAMES M DELEON,DEM,0
08-19,JEFF BROWN,DEM,4
08-19,REBECCA RHYNHART,DEM,170
08-19,WARREN BLOOM,DEM,1
08-19,WRITE-IN,DEM,0
08-19,WRITE-IN,REP,0
08-20,ALLAN DOMB,DEM,30
08-20,AMEN  BROWN,DEM,0
08-20,CHERELLE L PARKER,DEM,7
08-20,DAVID OH,REP,5
08-20,DELSCIA GRAY,DEM,0
08-20,HELEN GYM,DEM,45
08-20,JAMES M DELEON,DEM,0
08-20,JEFF BROWN,DEM,6
08-20,REBECCA RHYNHART,DEM,81
08-20,WARREN BLOOM,DEM,0
08-20,WRITE-IN,DEM,0
08-20,WRITE-IN,REP,2
08-21,ALLAN DOMB,DEM,96
08-21,AMEN  BROWN,DEM,0
08-21,CHERELLE L PARKER,DEM,20
08-21,DAVID OH,REP,23
08-21,DELSCIA GRAY,DEM,1
08-21,HELEN GYM,DEM,50
08-21,JAMES M DELEON,DEM,0
08-21,JEFF BROWN,DEM,5
08-21,REBECCA RHYNHART,DEM,150
08-21,WARREN BLOOM,DEM,1
08-21,WRITE-IN,DEM,0
08-21,WRITE-IN,REP,3
08-22,ALLAN DOMB,DEM,24
08-22,AMEN  BROWN,DEM,1
08-22,CHERELLE L PARKER,DEM,11
08-22,DAVID OH,REP,15
08-22,DELSCIA GRAY,DEM,0
08-22,HELEN GYM,DEM,38
08-22,JAMES M DELEON,DEM,1
08-22,JEFF BROWN,DEM,5
08-22,REBECCA RHYNHART,DEM,87
08-22,WARREN BLOOM,DEM,0
08-22,WRITE-IN,DEM,0
08-22,WRITE-IN,REP,3
08-23,ALLAN DOMB,DEM,71
08-23,AMEN  BROWN,DEM,4
08-23,CHERELLE L PARKER,DEM,52
08-23,DAVID OH,REP,13
08-23,DELSCIA GRAY,DEM,1
08-23,HELEN GYM,DEM,89
08-23,JAMES M DELEON,DEM,1
08-23,JEFF BROWN,DEM,10
08-23,REBECCA RHYNHART,DEM,202
08-23,WARREN BLOOM,DEM,1
08-23,WRITE-IN,DEM,0
08-23,WRITE-IN,REP,2
08-24,ALLAN DOMB,DEM,44
08-24,AMEN  BROWN,DEM,1
08-24,CHERELLE L PARKER,DEM,26
08-24,DAVID OH,REP,23
08-24,DELSCIA GRAY,DEM,0
08-24,HELEN GYM,DEM,86
08-24,JAMES M DELEON,DEM,0
08-24,JEFF BROWN,DEM,7
08-24,REBECCA RHYNHART,DEM,148
08-24,WARREN BLOOM,DEM,2
08-24,WRITE-IN,DEM,0
08-24,WRITE-IN,REP,1
08-25,ALLAN DOMB,DEM,51
08-25,AMEN  BROWN,DEM,3
08-25,CHERELLE L PARKER,DEM,45
08-25,DAVID OH,REP,21
08-25,DELSCIA GRAY,DEM,0
08-25,HELEN GYM,DEM,103
08-25,JAMES M DELEON,DEM,2
08-25,JEFF BROWN,DEM,18
08-25,REBECCA RHYNHART,DEM,148
08-25,WARREN BLOOM,DEM,1
08-25,WRITE-IN,DEM,0
08-25,WRITE-IN,REP,1
08-26,ALLAN DOMB,DEM,18
08-26,AMEN  BROWN,DEM,2
08-26,CHERELLE L PARKER,DEM,34
08-26,DAVID OH,REP,4
08-26,DELSCIA GRAY,DEM,0
08-26,HELEN GYM,DEM,82
08-26,JAMES M DELEON,DEM,0
08-26,JEFF BROWN,DEM,5
08-26,REBECCA RHYNHART,DEM,123
08-26,WARREN BLOOM,DEM,0
08-26,WRITE-IN,DEM,0
08-26,WRITE-IN,REP,0
08-27,ALLAN DOMB,DEM,13
08-27,AMEN  BROWN,DEM,1
08-27,CHERELLE L PARKER,DEM,12
08-27,DAVID OH,REP,8
08-27,DELSCIA GRAY,DEM,0
08-27,HELEN GYM,DEM,68
08-27,JAMES M DELEON,DEM,0
08-27,JEFF BROWN,DEM,6
08-27,REBECCA RHYNHART,DEM,78
08-27,WARREN BLOOM,DEM,0
08-27,WRITE-IN,DEM,0
08-27,WRITE-IN,REP,0
08-28,ALLAN DOMB,DEM,27
08-28,AMEN  BROWN,DEM,0
08-28,CHERELLE L PARKER,DEM,23
08-28,DAVID OH,REP,6
08-28,DELSCIA GRAY,DEM,0
08-28,HELEN GYM,DEM,88
08-28,JAMES M DELEON,DEM,2
08-28,JEFF BROWN,DEM,4
08-28,REBECCA RHYNHART,DEM,235
08-28,WARREN BLOOM,DEM,0
08-28,WRITE-IN,DEM,0
08-28,WRITE-IN,REP,0
08-29,ALLAN DOMB,DEM,135
08-29,AMEN  BROWN,DEM,2
08-29,CHERELLE L PARKER,DEM,44
08-29,DAVID OH,REP,28
08-29,DELSCIA GRAY,DEM,2
08-29,HELEN GYM,DEM,57
08-29,JAMES M DELEON,DEM,1
08-29,JEFF BROWN,DEM,18
08-29,REBECCA RHYNHART,DEM,245
08-29,WARREN BLOOM,DEM,1
08-29,WRITE-IN,DEM,0
08-29,WRITE-IN,REP,3
08-30,ALLAN DOMB,DEM,39
08-30,AMEN  BROWN,DEM,0
08-30,CHERELLE L PARKER,DEM,50
08-30,DAVID OH,REP,10
08-30,DELSCIA GRAY,DEM,0
08-30,HELEN GYM,DEM,108
08-30,JAMES M DELEON,DEM,0
08-30,JEFF BROWN,DEM,15
08-30,REBECCA RHYNHART,DEM,151
08-30,WARREN BLOOM,DEM,0
08-30,WRITE-IN,DEM,1
08-30,WRITE-IN,REP,1
08-31,ALLAN DOMB,DEM,43
08-31,AMEN  BROWN,DEM,1
08-31,CHERELLE L PARKER,DEM,33
08-31,DAVID OH,REP,12
08-31,DELSCIA GRAY,DEM,2
08-31,HELEN GYM,DEM,85
08-31,JAMES M DELEON,DEM,1
08-31,JEFF BROWN,DEM,6
08-31,REBECCA RHYNHART,DEM,173
08-31,WARREN BLOOM,DEM,0
08-31,WRITE-IN,DEM,0
08-31,WRITE-IN,REP,1
08-32,ALLAN DOMB,DEM,11
08-32,AMEN  BROWN,DEM,0
08-32,CHERELLE L PARKER,DEM,23
08-32,DAVID OH,REP,2
08-32,DELSCIA GRAY,DEM,0
08-32,HELEN GYM,DEM,85
08-32,JAMES M DELEON,DEM,1
08-32,JEFF BROWN,DEM,3
08-32,REBECCA RHYNHART,DEM,74
08-32,WARREN BLOOM,DEM,0
08-32,WRITE-IN,DEM,0
08-32,WRITE-IN,REP,0
08-33,ALLAN DOMB,DEM,14
08-33,AMEN  BROWN,DEM,2
08-33,CHERELLE L PARKER,DEM,13
08-33,DAVID OH,REP,9
08-33,DELSCIA GRAY,DEM,0
08-33,HELEN GYM,DEM,64
08-33,JAMES M DELEON,DEM,1
08-33,JEFF BROWN,DEM,1
08-33,REBECCA RHYNHART,DEM,56
08-33,WARREN BLOOM,DEM,0
08-33,WRITE-IN,DEM,0
08-33,WRITE-IN,REP,2
08-34,ALLAN DOMB,DEM,23
08-34,AMEN  BROWN,DEM,1
08-34,CHERELLE L PARKER,DEM,11
08-34,DAVID OH,REP,10
08-34,DELSCIA GRAY,DEM,0
08-34,HELEN GYM,DEM,54
08-34,JAMES M DELEON,DEM,0
08-34,JEFF BROWN,DEM,5
08-34,REBECCA RHYNHART,DEM,69
08-34,WARREN BLOOM,DEM,0
08-34,WRITE-IN,DEM,0
08-34,WRITE-IN,REP,0
08-35,ALLAN DOMB,DEM,46
08-35,AMEN  BROWN,DEM,0
08-35,CHERELLE L PARKER,DEM,15
08-35,DAVID OH,REP,9
08-35,DELSCIA GRAY,DEM,0
08-35,HELEN GYM,DEM,62
08-35,JAMES M DELEON,DEM,0
08-35,JEFF BROWN,DEM,5
08-35,REBECCA RHYNHART,DEM,122
08-35,WARREN BLOOM,DEM,0
08-35,WRITE-IN,DEM,0
08-35,WRITE-IN,REP,3
09-01,ALLAN DOMB,DEM,18
09-01,AMEN  BROWN,DEM,3
09-01,CHERELLE L PARKER,DEM,93
09-01,DAVID OH,REP,9
09-01,DELSCIA GRAY,DEM,1
09-01,HELEN GYM,DEM,94
09-01,JAMES M DELEON,DEM,1
09-01,JEFF BROWN,DEM,20
09-01,REBECCA RHYNHART,DEM,131
09-01,WARREN BLOOM,DEM,0
09-01,WRITE-IN,DEM,0
09-01,WRITE-IN,REP,0
09-02,ALLAN DOMB,DEM,14
09-02,AMEN  BROWN,DEM,3
09-02,CHERELLE L PARKER,DEM,78
09-02,DAVID OH,REP,4
09-02,DELSCIA GRAY,DEM,1
09-02,HELEN GYM,DEM,89
09-02,JAMES M DELEON,DEM,0
09-02,JEFF BROWN,DEM,19
09-02,REBECCA RHYNHART,DEM,135
09-02,WARREN BLOOM,DEM,0
09-02,WRITE-IN,DEM,0
09-02,WRITE-IN,REP,0
09-03,ALLAN DOMB,DEM,16
09-03,AMEN  BROWN,DEM,0
09-03,CHERELLE L PARKER,DEM,76
09-03,DAVID OH,REP,4
09-03,DELSCIA GRAY,DEM,1
09-03,HELEN GYM,DEM,172
09-03,JAMES M DELEON,DEM,1
09-03,JEFF BROWN,DEM,18
09-03,REBECCA RHYNHART,DEM,179
09-03,WARREN BLOOM,DEM,0
09-03,WRITE-IN,DEM,0
09-03,WRITE-IN,REP,0
09-04,ALLAN DOMB,DEM,20
09-04,AMEN  BROWN,DEM,1
09-04,CHERELLE L PARKER,DEM,36
09-04,DAVID OH,REP,9
09-04,DELSCIA GRAY,DEM,0
09-04,HELEN GYM,DEM,118
09-04,JAMES M DELEON,DEM,0
09-04,JEFF BROWN,DEM,7
09-04,REBECCA RHYNHART,DEM,142
09-04,WARREN BLOOM,DEM,0
09-04,WRITE-IN,DEM,0
09-04,WRITE-IN,REP,0
09-05,ALLAN DOMB,DEM,35
09-05,AMEN  BROWN,DEM,0
09-05,CHERELLE L PARKER,DEM,49
09-05,DAVID OH,REP,11
09-05,DELSCIA GRAY,DEM,0
09-05,HELEN GYM,DEM,97
09-05,JAMES M DELEON,DEM,1
09-05,JEFF BROWN,DEM,16
09-05,REBECCA RHYNHART,DEM,148
09-05,WARREN BLOOM,DEM,0
09-05,WRITE-IN,DEM,0
09-05,WRITE-IN,REP,2
09-06,ALLAN DOMB,DEM,25
09-06,AMEN  BROWN,DEM,0
09-06,CHERELLE L PARKER,DEM,47
09-06,DAVID OH,REP,15
09-06,DELSCIA GRAY,DEM,0
09-06,HELEN GYM,DEM,77
09-06,JAMES M DELEON,DEM,1
09-06,JEFF BROWN,DEM,9
09-06,REBECCA RHYNHART,DEM,203
09-06,WARREN BLOOM,DEM,1
09-06,WRITE-IN,DEM,0
09-06,WRITE-IN,REP,0
09-07,ALLAN DOMB,DEM,17
09-07,AMEN  BROWN,DEM,0
09-07,CHERELLE L PARKER,DEM,31
09-07,DAVID OH,REP,19
09-07,DELSCIA GRAY,DEM,0
09-07,HELEN GYM,DEM,25
09-07,JAMES M DELEON,DEM,3
09-07,JEFF BROWN,DEM,9
09-07,REBECCA RHYNHART,DEM,184
09-07,WARREN BLOOM,DEM,0
09-07,WRITE-IN,DEM,1
09-07,WRITE-IN,REP,0
09-08,ALLAN DOMB,DEM,30
09-08,AMEN  BROWN,DEM,1
09-08,CHERELLE L PARKER,DEM,17
09-08,DAVID OH,REP,11
09-08,DELSCIA GRAY,DEM,0
09-08,HELEN GYM,DEM,39
09-08,JAMES M DELEON,DEM,1
09-08,JEFF BROWN,DEM,4
09-08,REBECCA RHYNHART,DEM,111
09-08,WARREN BLOOM,DEM,0
09-08,WRITE-IN,DEM,0
09-08,WRITE-IN,REP,2
09-09,ALLAN DOMB,DEM,53
09-09,AMEN  BROWN,DEM,2
09-09,CHERELLE L PARKER,DEM,24
09-09,DAVID OH,REP,24
09-09,DELSCIA GRAY,DEM,0
09-09,HELEN GYM,DEM,132
09-09,JAMES M DELEON,DEM,1
09-09,JEFF BROWN,DEM,7
09-09,REBECCA RHYNHART,DEM,259
09-09,WARREN BLOOM,DEM,0
09-09,WRITE-IN,DEM,1
09-09,WRITE-IN,REP,1
09-10,ALLAN DOMB,DEM,42
09-10,AMEN  BROWN,DEM,1
09-10,CHERELLE L PARKER,DEM,31
09-10,DAVID OH,REP,23
09-10,DELSCIA GRAY,DEM,0
09-10,HELEN GYM,DEM,71
09-10,JAMES M DELEON,DEM,0
09-10,JEFF BROWN,DEM,9
09-10,REBECCA RHYNHART,DEM,286
09-10,WARREN BLOOM,DEM,1
09-10,WRITE-IN,DEM,0
09-10,WRITE-IN,REP,4
09-11,ALLAN DOMB,DEM,38
09-11,AMEN  BROWN,DEM,0
09-11,CHERELLE L PARKER,DEM,72
09-11,DAVID OH,REP,18
09-11,DELSCIA GRAY,DEM,1
09-11,HELEN GYM,DEM,107
09-11,JAMES M DELEON,DEM,0
09-11,JEFF BROWN,DEM,9
09-11,REBECCA RHYNHART,DEM,252
09-11,WARREN BLOOM,DEM,0
09-11,WRITE-IN,DEM,0
09-11,WRITE-IN,REP,0
09-12,ALLAN DOMB,DEM,32
09-12,AMEN  BROWN,DEM,1
09-12,CHERELLE L PARKER,DEM,67
09-12,DAVID OH,REP,9
09-12,DELSCIA GRAY,DEM,0
09-12,HELEN GYM,DEM,137
09-12,JAMES M DELEON,DEM,2
09-12,JEFF BROWN,DEM,23
09-12,REBECCA RHYNHART,DEM,159
09-12,WARREN BLOOM,DEM,0
09-12,WRITE-IN,DEM,0
09-12,WRITE-IN,REP,1
09-13,ALLAN DOMB,DEM,3
09-13,AMEN  BROWN,DEM,2
09-13,CHERELLE L PARKER,DEM,48
09-13,DAVID OH,REP,2
09-13,DELSCIA GRAY,DEM,0
09-13,HELEN GYM,DEM,205
09-13,JAMES M DELEON,DEM,0
09-13,JEFF BROWN,DEM,7
09-13,REBECCA RHYNHART,DEM,121
09-13,WARREN BLOOM,DEM,0
09-13,WRITE-IN,DEM,1
09-13,WRITE-IN,REP,0
09-14,ALLAN DOMB,DEM,6
09-14,AMEN  BROWN,DEM,1
09-14,CHERELLE L PARKER,DEM,36
09-14,DAVID OH,REP,3
09-14,DELSCIA GRAY,DEM,0
09-14,HELEN GYM,DEM,111
09-14,JAMES M DELEON,DEM,0
09-14,JEFF BROWN,DEM,4
09-14,REBECCA RHYNHART,DEM,138
09-14,WARREN BLOOM,DEM,0
09-14,WRITE-IN,DEM,0
09-14,WRITE-IN,REP,0
09-15,ALLAN DOMB,DEM,24
09-15,AMEN  BROWN,DEM,0
09-15,CHERELLE L PARKER,DEM,46
09-15,DAVID OH,REP,2
09-15,DELSCIA GRAY,DEM,0
09-15,HELEN GYM,DEM,137
09-15,JAMES M DELEON,DEM,1
09-15,JEFF BROWN,DEM,5
09-15,REBECCA RHYNHART,DEM,178
09-15,WARREN BLOOM,DEM,0
09-15,WRITE-IN,DEM,0
09-15,WRITE-IN,REP,0
09-16,ALLAN DOMB,DEM,13
09-16,AMEN  BROWN,DEM,1
09-16,CHERELLE L PARKER,DEM,96
09-16,DAVID OH,REP,3
09-16,DELSCIA GRAY,DEM,0
09-16,HELEN GYM,DEM,58
09-16,JAMES M DELEON,DEM,0
09-16,JEFF BROWN,DEM,16
09-16,REBECCA RHYNHART,DEM,34
09-16,WARREN BLOOM,DEM,0
09-16,WRITE-IN,DEM,0
09-16,WRITE-IN,REP,0
09-17,ALLAN DOMB,DEM,18
09-17,AMEN  BROWN,DEM,3
09-17,CHERELLE L PARKER,DEM,75
09-17,DAVID OH,REP,0
09-17,DELSCIA GRAY,DEM,1
09-17,HELEN GYM,DEM,21
09-17,JAMES M DELEON,DEM,3
09-17,JEFF BROWN,DEM,15
09-17,REBECCA RHYNHART,DEM,25
09-17,WARREN BLOOM,DEM,0
09-17,WRITE-IN,DEM,0
09-17,WRITE-IN,REP,0
10-01,ALLAN DOMB,DEM,10
10-01,AMEN  BROWN,DEM,1
10-01,CHERELLE L PARKER,DEM,114
10-01,DAVID OH,REP,2
10-01,DELSCIA GRAY,DEM,0
10-01,HELEN GYM,DEM,7
10-01,JAMES M DELEON,DEM,1
10-01,JEFF BROWN,DEM,23
10-01,REBECCA RHYNHART,DEM,10
10-01,WARREN BLOOM,DEM,2
10-01,WRITE-IN,DEM,0
10-01,WRITE-IN,REP,0
10-02,ALLAN DOMB,DEM,16
10-02,AMEN  BROWN,DEM,3
10-02,CHERELLE L PARKER,DEM,169
10-02,DAVID OH,REP,1
10-02,DELSCIA GRAY,DEM,0
10-02,HELEN GYM,DEM,6
10-02,JAMES M DELEON,DEM,1
10-02,JEFF BROWN,DEM,10
10-02,REBECCA RHYNHART,DEM,9
10-02,WARREN BLOOM,DEM,1
10-02,WRITE-IN,DEM,0
10-02,WRITE-IN,REP,0
10-03,ALLAN DOMB,DEM,11
10-03,AMEN  BROWN,DEM,2
10-03,CHERELLE L PARKER,DEM,146
10-03,DAVID OH,REP,2
10-03,DELSCIA GRAY,DEM,0
10-03,HELEN GYM,DEM,11
10-03,JAMES M DELEON,DEM,1
10-03,JEFF BROWN,DEM,22
10-03,REBECCA RHYNHART,DEM,17
10-03,WARREN BLOOM,DEM,0
10-03,WRITE-IN,DEM,0
10-03,WRITE-IN,REP,0
10-04,ALLAN DOMB,DEM,15
10-04,AMEN  BROWN,DEM,2
10-04,CHERELLE L PARKER,DEM,122
10-04,DAVID OH,REP,1
10-04,DELSCIA GRAY,DEM,0
10-04,HELEN GYM,DEM,15
10-04,JAMES M DELEON,DEM,1
10-04,JEFF BROWN,DEM,19
10-04,REBECCA RHYNHART,DEM,7
10-04,WARREN BLOOM,DEM,0
10-04,WRITE-IN,DEM,0
10-04,WRITE-IN,REP,0
10-05,ALLAN DOMB,DEM,7
10-05,AMEN  BROWN,DEM,1
10-05,CHERELLE L PARKER,DEM,136
10-05,DAVID OH,REP,1
10-05,DELSCIA GRAY,DEM,1
10-05,HELEN GYM,DEM,9
10-05,JAMES M DELEON,DEM,2
10-05,JEFF BROWN,DEM,21
10-05,REBECCA RHYNHART,DEM,12
10-05,WARREN BLOOM,DEM,0
10-05,WRITE-IN,DEM,0
10-05,WRITE-IN,REP,0
10-06,ALLAN DOMB,DEM,8
10-06,AMEN  BROWN,DEM,2
10-06,CHERELLE L PARKER,DEM,134
10-06,DAVID OH,REP,1
10-06,DELSCIA GRAY,DEM,0
10-06,HELEN GYM,DEM,13
10-06,JAMES M DELEON,DEM,5
10-06,JEFF BROWN,DEM,17
10-06,REBECCA RHYNHART,DEM,16
10-06,WARREN BLOOM,DEM,0
10-06,WRITE-IN,DEM,0
10-06,WRITE-IN,REP,0
10-07,ALLAN DOMB,DEM,9
10-07,AMEN  BROWN,DEM,0
10-07,CHERELLE L PARKER,DEM,131
10-07,DAVID OH,REP,0
10-07,DELSCIA GRAY,DEM,2
10-07,HELEN GYM,DEM,8
10-07,JAMES M DELEON,DEM,0
10-07,JEFF BROWN,DEM,18
10-07,REBECCA RHYNHART,DEM,16
10-07,WARREN BLOOM,DEM,0
10-07,WRITE-IN,DEM,0
10-07,WRITE-IN,REP,2
10-08,ALLAN DOMB,DEM,3
10-08,AMEN  BROWN,DEM,1
10-08,CHERELLE L PARKER,DEM,92
10-08,DAVID OH,REP,0
10-08,DELSCIA GRAY,DEM,0
10-08,HELEN GYM,DEM,6
10-08,JAMES M DELEON,DEM,5
10-08,JEFF BROWN,DEM,13
10-08,REBECCA RHYNHART,DEM,16
10-08,WARREN BLOOM,DEM,0
10-08,WRITE-IN,DEM,0
10-08,WRITE-IN,REP,0
10-09,ALLAN DOMB,DEM,8
10-09,AMEN  BROWN,DEM,1
10-09,CHERELLE L PARKER,DEM,126
10-09,DAVID OH,REP,0
10-09,DELSCIA GRAY,DEM,0
10-09,HELEN GYM,DEM,10
10-09,JAMES M DELEON,DEM,0
10-09,JEFF BROWN,DEM,19
10-09,REBECCA RHYNHART,DEM,10
10-09,WARREN BLOOM,DEM,0
10-09,WRITE-IN,DEM,0
10-09,WRITE-IN,REP,0
10-10,ALLAN DOMB,DEM,4
10-10,AMEN  BROWN,DEM,3
10-10,CHERELLE L PARKER,DEM,99
10-10,DAVID OH,REP,1
10-10,DELSCIA GRAY,DEM,0
10-10,HELEN GYM,DEM,10
10-10,JAMES M DELEON,DEM,4
10-10,JEFF BROWN,DEM,8
10-10,REBECCA RHYNHART,DEM,5
10-10,WARREN BLOOM,DEM,0
10-10,WRITE-IN,DEM,0
10-10,WRITE-IN,REP,0
10-11,ALLAN DOMB,DEM,11
10-11,AMEN  BROWN,DEM,2
10-11,CHERELLE L PARKER,DEM,90
10-11,DAVID OH,REP,0
10-11,DELSCIA GRAY,DEM,1
10-11,HELEN GYM,DEM,13
10-11,JAMES M DELEON,DEM,1
10-11,JEFF BROWN,DEM,19
10-11,REBECCA RHYNHART,DEM,4
10-11,WARREN BLOOM,DEM,0
10-11,WRITE-IN,DEM,0
10-11,WRITE-IN,REP,0
10-12,ALLAN DOMB,DEM,15
10-12,AMEN  BROWN,DEM,2
10-12,CHERELLE L PARKER,DEM,145
10-12,DAVID OH,REP,1
10-12,DELSCIA GRAY,DEM,0
10-12,HELEN GYM,DEM,11
10-12,JAMES M DELEON,DEM,0
10-12,JEFF BROWN,DEM,19
10-12,REBECCA RHYNHART,DEM,8
10-12,WARREN BLOOM,DEM,0
10-12,WRITE-IN,DEM,0
10-12,WRITE-IN,REP,0
10-13,ALLAN DOMB,DEM,14
10-13,AMEN  BROWN,DEM,1
10-13,CHERELLE L PARKER,DEM,213
10-13,DAVID OH,REP,1
10-13,DELSCIA GRAY,DEM,0
10-13,HELEN GYM,DEM,11
10-13,JAMES M DELEON,DEM,2
10-13,JEFF BROWN,DEM,20
10-13,REBECCA RHYNHART,DEM,10
10-13,WARREN BLOOM,DEM,1
10-13,WRITE-IN,DEM,0
10-13,WRITE-IN,REP,0
10-14,ALLAN DOMB,DEM,9
10-14,AMEN  BROWN,DEM,1
10-14,CHERELLE L PARKER,DEM,154
10-14,DAVID OH,REP,1
10-14,DELSCIA GRAY,DEM,3
10-14,HELEN GYM,DEM,15
10-14,JAMES M DELEON,DEM,1
10-14,JEFF BROWN,DEM,31
10-14,REBECCA RHYNHART,DEM,10
10-14,WARREN BLOOM,DEM,0
10-14,WRITE-IN,DEM,0
10-14,WRITE-IN,REP,0
10-15,ALLAN DOMB,DEM,5
10-15,AMEN  BROWN,DEM,1
10-15,CHERELLE L PARKER,DEM,130
10-15,DAVID OH,REP,0
10-15,DELSCIA GRAY,DEM,0
10-15,HELEN GYM,DEM,15
10-15,JAMES M DELEON,DEM,0
10-15,JEFF BROWN,DEM,22
10-15,REBECCA RHYNHART,DEM,21
10-15,WARREN BLOOM,DEM,0
10-15,WRITE-IN,DEM,0
10-15,WRITE-IN,REP,0
10-16,ALLAN DOMB,DEM,8
10-16,AMEN  BROWN,DEM,5
10-16,CHERELLE L PARKER,DEM,140
10-16,DAVID OH,REP,2
10-16,DELSCIA GRAY,DEM,0
10-16,HELEN GYM,DEM,12
10-16,JAMES M DELEON,DEM,1
10-16,JEFF BROWN,DEM,15
10-16,REBECCA RHYNHART,DEM,8
10-16,WARREN BLOOM,DEM,0
10-16,WRITE-IN,DEM,0
10-16,WRITE-IN,REP,0
10-17,ALLAN DOMB,DEM,6
10-17,AMEN  BROWN,DEM,2
10-17,CHERELLE L PARKER,DEM,133
10-17,DAVID OH,REP,2
10-17,DELSCIA GRAY,DEM,1
10-17,HELEN GYM,DEM,8
10-17,JAMES M DELEON,DEM,1
10-17,JEFF BROWN,DEM,25
10-17,REBECCA RHYNHART,DEM,9
10-17,WARREN BLOOM,DEM,0
10-17,WRITE-IN,DEM,0
10-17,WRITE-IN,REP,0
10-18,ALLAN DOMB,DEM,15
10-18,AMEN  BROWN,DEM,5
10-18,CHERELLE L PARKER,DEM,104
10-18,DAVID OH,REP,0
10-18,DELSCIA GRAY,DEM,0
10-18,HELEN GYM,DEM,10
10-18,JAMES M DELEON,DEM,1
10-18,JEFF BROWN,DEM,13
10-18,REBECCA RHYNHART,DEM,19
10-18,WARREN BLOOM,DEM,0
10-18,WRITE-IN,DEM,0
10-18,WRITE-IN,REP,0
10-19,ALLAN DOMB,DEM,11
10-19,AMEN  BROWN,DEM,4
10-19,CHERELLE L PARKER,DEM,133
10-19,DAVID OH,REP,2
10-19,DELSCIA GRAY,DEM,0
10-19,HELEN GYM,DEM,10
10-19,JAMES M DELEON,DEM,0
10-19,JEFF BROWN,DEM,22
10-19,REBECCA RHYNHART,DEM,16
10-19,WARREN BLOOM,DEM,1
10-19,WRITE-IN,DEM,0
10-19,WRITE-IN,REP,0
10-20,ALLAN DOMB,DEM,8
10-20,AMEN  BROWN,DEM,4
10-20,CHERELLE L PARKER,DEM,139
10-20,DAVID OH,REP,1
10-20,DELSCIA GRAY,DEM,0
10-20,HELEN GYM,DEM,14
10-20,JAMES M DELEON,DEM,0
10-20,JEFF BROWN,DEM,13
10-20,REBECCA RHYNHART,DEM,6
10-20,WARREN BLOOM,DEM,0
10-20,WRITE-IN,DEM,0
10-20,WRITE-IN,REP,0
10-21,ALLAN DOMB,DEM,10
10-21,AMEN  BROWN,DEM,1
10-21,CHERELLE L PARKER,DEM,143
10-21,DAVID OH,REP,0
10-21,DELSCIA GRAY,DEM,2
10-21,HELEN GYM,DEM,19
10-21,JAMES M DELEON,DEM,2
10-21,JEFF BROWN,DEM,30
10-21,REBECCA RHYNHART,DEM,16
10-21,WARREN BLOOM,DEM,1
10-21,WRITE-IN,DEM,0
10-21,WRITE-IN,REP,3
10-22,ALLAN DOMB,DEM,12
10-22,AMEN  BROWN,DEM,4
10-22,CHERELLE L PARKER,DEM,95
10-22,DAVID OH,REP,1
10-22,DELSCIA GRAY,DEM,1
10-22,HELEN GYM,DEM,9
10-22,JAMES M DELEON,DEM,1
10-22,JEFF BROWN,DEM,14
10-22,REBECCA RHYNHART,DEM,8
10-22,WARREN BLOOM,DEM,0
10-22,WRITE-IN,DEM,0
10-22,WRITE-IN,REP,0
10-23,ALLAN DOMB,DEM,13
10-23,AMEN  BROWN,DEM,6
10-23,CHERELLE L PARKER,DEM,144
10-23,DAVID OH,REP,1
10-23,DELSCIA GRAY,DEM,0
10-23,HELEN GYM,DEM,15
10-23,JAMES M DELEON,DEM,3
10-23,JEFF BROWN,DEM,19
10-23,REBECCA RHYNHART,DEM,10
10-23,WARREN BLOOM,DEM,0
10-23,WRITE-IN,DEM,0
10-23,WRITE-IN,REP,0
10-24,ALLAN DOMB,DEM,11
10-24,AMEN  BROWN,DEM,2
10-24,CHERELLE L PARKER,DEM,144
10-24,DAVID OH,REP,1
10-24,DELSCIA GRAY,DEM,0
10-24,HELEN GYM,DEM,11
10-24,JAMES M DELEON,DEM,2
10-24,JEFF BROWN,DEM,30
10-24,REBECCA RHYNHART,DEM,12
10-24,WARREN BLOOM,DEM,0
10-24,WRITE-IN,DEM,0
10-24,WRITE-IN,REP,0
10-25,ALLAN DOMB,DEM,15
10-25,AMEN  BROWN,DEM,5
10-25,CHERELLE L PARKER,DEM,139
10-25,DAVID OH,REP,3
10-25,DELSCIA GRAY,DEM,0
10-25,HELEN GYM,DEM,15
10-25,JAMES M DELEON,DEM,2
10-25,JEFF BROWN,DEM,19
10-25,REBECCA RHYNHART,DEM,11
10-25,WARREN BLOOM,DEM,1
10-25,WRITE-IN,DEM,0
10-25,WRITE-IN,REP,0
10-26,ALLAN DOMB,DEM,6
10-26,AMEN  BROWN,DEM,4
10-26,CHERELLE L PARKER,DEM,151
10-26,DAVID OH,REP,0
10-26,DELSCIA GRAY,DEM,0
10-26,HELEN GYM,DEM,13
10-26,JAMES M DELEON,DEM,2
10-26,JEFF BROWN,DEM,17
10-26,REBECCA RHYNHART,DEM,9
10-26,WARREN BLOOM,DEM,0
10-26,WRITE-IN,DEM,0
10-26,WRITE-IN,REP,0
10-27,ALLAN DOMB,DEM,3
10-27,AMEN  BROWN,DEM,4
10-27,CHERELLE L PARKER,DEM,141
10-27,DAVID OH,REP,0
10-27,DELSCIA GRAY,DEM,1
10-27,HELEN GYM,DEM,8
10-27,JAMES M DELEON,DEM,0
10-27,JEFF BROWN,DEM,24
10-27,REBECCA RHYNHART,DEM,11
10-27,WARREN BLOOM,DEM,0
10-27,WRITE-IN,DEM,0
10-27,WRITE-IN,REP,1
10-28,ALLAN DOMB,DEM,5
10-28,AMEN  BROWN,DEM,4
10-28,CHERELLE L PARKER,DEM,128
10-28,DAVID OH,REP,1
10-28,DELSCIA GRAY,DEM,0
10-28,HELEN GYM,DEM,13
10-28,JAMES M DELEON,DEM,0
10-28,JEFF BROWN,DEM,20
10-28,REBECCA RHYNHART,DEM,12
10-28,WARREN BLOOM,DEM,0
10-28,WRITE-IN,DEM,0
10-28,WRITE-IN,REP,0
10-29,ALLAN DOMB,DEM,10
10-29,AMEN  BROWN,DEM,4
10-29,CHERELLE L PARKER,DEM,193
10-29,DAVID OH,REP,3
10-29,DELSCIA GRAY,DEM,0
10-29,HELEN GYM,DEM,19
10-29,JAMES M DELEON,DEM,2
10-29,JEFF BROWN,DEM,27
10-29,REBECCA RHYNHART,DEM,18
10-29,WARREN BLOOM,DEM,2
10-29,WRITE-IN,DEM,0
10-29,WRITE-IN,REP,0
11-01,ALLAN DOMB,DEM,6
11-01,AMEN  BROWN,DEM,2
11-01,CHERELLE L PARKER,DEM,27
11-01,DAVID OH,REP,3
11-01,DELSCIA GRAY,DEM,1
11-01,HELEN GYM,DEM,7
11-01,JAMES M DELEON,DEM,1
11-01,JEFF BROWN,DEM,8
11-01,REBECCA RHYNHART,DEM,5
11-01,WARREN BLOOM,DEM,1
11-01,WRITE-IN,DEM,0
11-01,WRITE-IN,REP,0
11-02,ALLAN DOMB,DEM,8
11-02,AMEN  BROWN,DEM,2
11-02,CHERELLE L PARKER,DEM,72
11-02,DAVID OH,REP,0
11-02,DELSCIA GRAY,DEM,1
11-02,HELEN GYM,DEM,3
11-02,JAMES M DELEON,DEM,1
11-02,JEFF BROWN,DEM,18
11-02,REBECCA RHYNHART,DEM,11
11-02,WARREN BLOOM,DEM,0
11-02,WRITE-IN,DEM,0
11-02,WRITE-IN,REP,0
11-03,ALLAN DOMB,DEM,25
11-03,AMEN  BROWN,DEM,2
11-03,CHERELLE L PARKER,DEM,22
11-03,DAVID OH,REP,2
11-03,DELSCIA GRAY,DEM,2
11-03,HELEN GYM,DEM,6
11-03,JAMES M DELEON,DEM,2
11-03,JEFF BROWN,DEM,18
11-03,REBECCA RHYNHART,DEM,5
11-03,WARREN BLOOM,DEM,1
11-03,WRITE-IN,DEM,0
11-03,WRITE-IN,REP,0
11-04,ALLAN DOMB,DEM,2
11-04,AMEN  BROWN,DEM,1
11-04,CHERELLE L PARKER,DEM,25
11-04,DAVID OH,REP,1
11-04,DELSCIA GRAY,DEM,0
11-04,HELEN GYM,DEM,3
11-04,JAMES M DELEON,DEM,0
11-04,JEFF BROWN,DEM,2
11-04,REBECCA RHYNHART,DEM,6
11-04,WARREN BLOOM,DEM,0
11-04,WRITE-IN,DEM,0
11-04,WRITE-IN,REP,0
11-05,ALLAN DOMB,DEM,12
11-05,AMEN  BROWN,DEM,4
11-05,CHERELLE L PARKER,DEM,33
11-05,DAVID OH,REP,1
11-05,DELSCIA GRAY,DEM,1
11-05,HELEN GYM,DEM,3
11-05,JAMES M DELEON,DEM,1
11-05,JEFF BROWN,DEM,10
11-05,REBECCA RHYNHART,DEM,7
11-05,WARREN BLOOM,DEM,0
11-05,WRITE-IN,DEM,0
11-05,WRITE-IN,REP,0
11-06,ALLAN DOMB,DEM,7
11-06,AMEN  BROWN,DEM,2
11-06,CHERELLE L PARKER,DEM,27
11-06,DAVID OH,REP,0
11-06,DELSCIA GRAY,DEM,1
11-06,HELEN GYM,DEM,9
11-06,JAMES M DELEON,DEM,0
11-06,JEFF BROWN,DEM,7
11-06,REBECCA RHYNHART,DEM,5
11-06,WARREN BLOOM,DEM,1
11-06,WRITE-IN,DEM,0
11-06,WRITE-IN,REP,0
11-07,ALLAN DOMB,DEM,11
11-07,AMEN  BROWN,DEM,4
11-07,CHERELLE L PARKER,DEM,66
11-07,DAVID OH,REP,0
11-07,DELSCIA GRAY,DEM,0
11-07,HELEN GYM,DEM,10
11-07,JAMES M DELEON,DEM,1
11-07,JEFF BROWN,DEM,11
11-07,REBECCA RHYNHART,DEM,8
11-07,WARREN BLOOM,DEM,0
11-07,WRITE-IN,DEM,0
11-07,WRITE-IN,REP,0
11-08,ALLAN DOMB,DEM,14
11-08,AMEN  BROWN,DEM,0
11-08,CHERELLE L PARKER,DEM,58
11-08,DAVID OH,REP,1
11-08,DELSCIA GRAY,DEM,0
11-08,HELEN GYM,DEM,14
11-08,JAMES M DELEON,DEM,1
11-08,JEFF BROWN,DEM,15
11-08,REBECCA RHYNHART,DEM,17
11-08,WARREN BLOOM,DEM,0
11-08,WRITE-IN,DEM,1
11-08,WRITE-IN,REP,0
11-09,ALLAN DOMB,DEM,14
11-09,AMEN  BROWN,DEM,1
11-09,CHERELLE L PARKER,DEM,87
11-09,DAVID OH,REP,1
11-09,DELSCIA GRAY,DEM,1
11-09,HELEN GYM,DEM,9
11-09,JAMES M DELEON,DEM,1
11-09,JEFF BROWN,DEM,22
11-09,REBECCA RHYNHART,DEM,10
11-09,WARREN BLOOM,DEM,1
11-09,WRITE-IN,DEM,0
11-09,WRITE-IN,REP,0
11-10,ALLAN DOMB,DEM,3
11-10,AMEN  BROWN,DEM,2
11-10,CHERELLE L PARKER,DEM,23
11-10,DAVID OH,REP,3
11-10,DELSCIA GRAY,DEM,1
11-10,HELEN GYM,DEM,3
11-10,JAMES M DELEON,DEM,2
11-10,JEFF BROWN,DEM,6
11-10,REBECCA RHYNHART,DEM,1
11-10,WARREN BLOOM,DEM,1
11-10,WRITE-IN,DEM,0
11-10,WRITE-IN,REP,1
11-11,ALLAN DOMB,DEM,5
11-11,AMEN  BROWN,DEM,3
11-11,CHERELLE L PARKER,DEM,75
11-11,DAVID OH,REP,3
11-11,DELSCIA GRAY,DEM,1
11-11,HELEN GYM,DEM,14
11-11,JAMES M DELEON,DEM,1
11-11,JEFF BROWN,DEM,18
11-11,REBECCA RHYNHART,DEM,10
11-11,WARREN BLOOM,DEM,1
11-11,WRITE-IN,DEM,1
11-11,WRITE-IN,REP,0
11-12,ALLAN DOMB,DEM,4
11-12,AMEN  BROWN,DEM,1
11-12,CHERELLE L PARKER,DEM,45
11-12,DAVID OH,REP,0
11-12,DELSCIA GRAY,DEM,1
11-12,HELEN GYM,DEM,9
11-12,JAMES M DELEON,DEM,1
11-12,JEFF BROWN,DEM,10
11-12,REBECCA RHYNHART,DEM,9
11-12,WARREN BLOOM,DEM,0
11-12,WRITE-IN,DEM,0
11-12,WRITE-IN,REP,0
11-13,ALLAN DOMB,DEM,9
11-13,AMEN  BROWN,DEM,3
11-13,CHERELLE L PARKER,DEM,65
11-13,DAVID OH,REP,0
11-13,DELSCIA GRAY,DEM,1
11-13,HELEN GYM,DEM,10
11-13,JAMES M DELEON,DEM,0
11-13,JEFF BROWN,DEM,12
11-13,REBECCA RHYNHART,DEM,11
11-13,WARREN BLOOM,DEM,1
11-13,WRITE-IN,DEM,0
11-13,WRITE-IN,REP,0
11-14,ALLAN DOMB,DEM,11
11-14,AMEN  BROWN,DEM,3
11-14,CHERELLE L PARKER,DEM,54
11-14,DAVID OH,REP,1
11-14,DELSCIA GRAY,DEM,0
11-14,HELEN GYM,DEM,4
11-14,JAMES M DELEON,DEM,1
11-14,JEFF BROWN,DEM,13
11-14,REBECCA RHYNHART,DEM,5
11-14,WARREN BLOOM,DEM,0
11-14,WRITE-IN,DEM,0
11-14,WRITE-IN,REP,0
11-15,ALLAN DOMB,DEM,8
11-15,AMEN  BROWN,DEM,0
11-15,CHERELLE L PARKER,DEM,28
11-15,DAVID OH,REP,1
11-15,DELSCIA GRAY,DEM,0
11-15,HELEN GYM,DEM,7
11-15,JAMES M DELEON,DEM,0
11-15,JEFF BROWN,DEM,14
11-15,REBECCA RHYNHART,DEM,4
11-15,WARREN BLOOM,DEM,0
11-15,WRITE-IN,DEM,0
11-15,WRITE-IN,REP,0
11-16,ALLAN DOMB,DEM,9
11-16,AMEN  BROWN,DEM,2
11-16,CHERELLE L PARKER,DEM,70
11-16,DAVID OH,REP,0
11-16,DELSCIA GRAY,DEM,1
11-16,HELEN GYM,DEM,8
11-16,JAMES M DELEON,DEM,1
11-16,JEFF BROWN,DEM,23
11-16,REBECCA RHYNHART,DEM,11
11-16,WARREN BLOOM,DEM,2
11-16,WRITE-IN,DEM,0
11-16,WRITE-IN,REP,0
11-17,ALLAN DOMB,DEM,5
11-17,AMEN  BROWN,DEM,1
11-17,CHERELLE L PARKER,DEM,32
11-17,DAVID OH,REP,1
11-17,DELSCIA GRAY,DEM,0
11-17,HELEN GYM,DEM,3
11-17,JAMES M DELEON,DEM,1
11-17,JEFF BROWN,DEM,16
11-17,REBECCA RHYNHART,DEM,5
11-17,WARREN BLOOM,DEM,0
11-17,WRITE-IN,DEM,0
11-17,WRITE-IN,REP,0
11-18,ALLAN DOMB,DEM,7
11-18,AMEN  BROWN,DEM,2
11-18,CHERELLE L PARKER,DEM,49
11-18,DAVID OH,REP,1
11-18,DELSCIA GRAY,DEM,0
11-18,HELEN GYM,DEM,3
11-18,JAMES M DELEON,DEM,1
11-18,JEFF BROWN,DEM,14
11-18,REBECCA RHYNHART,DEM,3
11-18,WARREN BLOOM,DEM,0
11-18,WRITE-IN,DEM,0
11-18,WRITE-IN,REP,0
11-19,ALLAN DOMB,DEM,5
11-19,AMEN  BROWN,DEM,3
11-19,CHERELLE L PARKER,DEM,80
11-19,DAVID OH,REP,1
11-19,DELSCIA GRAY,DEM,0
11-19,HELEN GYM,DEM,4
11-19,JAMES M DELEON,DEM,0
11-19,JEFF BROWN,DEM,12
11-19,REBECCA RHYNHART,DEM,9
11-19,WARREN BLOOM,DEM,0
11-19,WRITE-IN,DEM,0
11-19,WRITE-IN,REP,0
11-20,ALLAN DOMB,DEM,7
11-20,AMEN  BROWN,DEM,4
11-20,CHERELLE L PARKER,DEM,89
11-20,DAVID OH,REP,2
11-20,DELSCIA GRAY,DEM,2
11-20,HELEN GYM,DEM,12
11-20,JAMES M DELEON,DEM,3
11-20,JEFF BROWN,DEM,17
11-20,REBECCA RHYNHART,DEM,11
11-20,WARREN BLOOM,DEM,0
11-20,WRITE-IN,DEM,0
11-20,WRITE-IN,REP,1
12-01,ALLAN DOMB,DEM,15
12-01,AMEN  BROWN,DEM,4
12-01,CHERELLE L PARKER,DEM,101
12-01,DAVID OH,REP,0
12-01,DELSCIA GRAY,DEM,1
12-01,HELEN GYM,DEM,13
12-01,JAMES M DELEON,DEM,0
12-01,JEFF BROWN,DEM,23
12-01,REBECCA RHYNHART,DEM,12
12-01,WARREN BLOOM,DEM,0
12-01,WRITE-IN,DEM,0
12-01,WRITE-IN,REP,0
12-02,ALLAN DOMB,DEM,6
12-02,AMEN  BROWN,DEM,0
12-02,CHERELLE L PARKER,DEM,85
12-02,DAVID OH,REP,1
12-02,DELSCIA GRAY,DEM,0
12-02,HELEN GYM,DEM,4
12-02,JAMES M DELEON,DEM,0
12-02,JEFF BROWN,DEM,11
12-02,REBECCA RHYNHART,DEM,12
12-02,WARREN BLOOM,DEM,0
12-02,WRITE-IN,DEM,0
12-02,WRITE-IN,REP,0
12-03,ALLAN DOMB,DEM,3
12-03,AMEN  BROWN,DEM,1
12-03,CHERELLE L PARKER,DEM,65
12-03,DAVID OH,REP,0
12-03,DELSCIA GRAY,DEM,0
12-03,HELEN GYM,DEM,4
12-03,JAMES M DELEON,DEM,1
12-03,JEFF BROWN,DEM,13
12-03,REBECCA RHYNHART,DEM,1
12-03,WARREN BLOOM,DEM,0
12-03,WRITE-IN,DEM,0
12-03,WRITE-IN,REP,0
12-04,ALLAN DOMB,DEM,3
12-04,AMEN  BROWN,DEM,2
12-04,CHERELLE L PARKER,DEM,40
12-04,DAVID OH,REP,0
12-04,DELSCIA GRAY,DEM,1
12-04,HELEN GYM,DEM,2
12-04,JAMES M DELEON,DEM,0
12-04,JEFF BROWN,DEM,9
12-04,REBECCA RHYNHART,DEM,7
12-04,WARREN BLOOM,DEM,0
12-04,WRITE-IN,DEM,0
12-04,WRITE-IN,REP,0
12-05,ALLAN DOMB,DEM,10
12-05,AMEN  BROWN,DEM,3
12-05,CHERELLE L PARKER,DEM,132
12-05,DAVID OH,REP,4
12-05,DELSCIA GRAY,DEM,1
12-05,HELEN GYM,DEM,37
12-05,JAMES M DELEON,DEM,3
12-05,JEFF BROWN,DEM,18
12-05,REBECCA RHYNHART,DEM,18
12-05,WARREN BLOOM,DEM,0
12-05,WRITE-IN,DEM,0
12-05,WRITE-IN,REP,2
12-06,ALLAN DOMB,DEM,6
12-06,AMEN  BROWN,DEM,3
12-06,CHERELLE L PARKER,DEM,67
12-06,DAVID OH,REP,4
12-06,DELSCIA GRAY,DEM,0
12-06,HELEN GYM,DEM,18
12-06,JAMES M DELEON,DEM,0
12-06,JEFF BROWN,DEM,24
12-06,REBECCA RHYNHART,DEM,10
12-06,WARREN BLOOM,DEM,0
12-06,WRITE-IN,DEM,0
12-06,WRITE-IN,REP,0
12-07,ALLAN DOMB,DEM,11
12-07,AMEN  BROWN,DEM,3
12-07,CHERELLE L PARKER,DEM,82
12-07,DAVID OH,REP,1
12-07,DELSCIA GRAY,DEM,0
12-07,HELEN GYM,DEM,25
12-07,JAMES M DELEON,DEM,0
12-07,JEFF BROWN,DEM,15
12-07,REBECCA RHYNHART,DEM,11
12-07,WARREN BLOOM,DEM,0
12-07,WRITE-IN,DEM,0
12-07,WRITE-IN,REP,0
12-08,ALLAN DOMB,DEM,3
12-08,AMEN  BROWN,DEM,4
12-08,CHERELLE L PARKER,DEM,94
12-08,DAVID OH,REP,3
12-08,DELSCIA GRAY,DEM,0
12-08,HELEN GYM,DEM,47
12-08,JAMES M DELEON,DEM,1
12-08,JEFF BROWN,DEM,12
12-08,REBECCA RHYNHART,DEM,17
12-08,WARREN BLOOM,DEM,0
12-08,WRITE-IN,DEM,0
12-08,WRITE-IN,REP,0
12-09,ALLAN DOMB,DEM,4
12-09,AMEN  BROWN,DEM,1
12-09,CHERELLE L PARKER,DEM,59
12-09,DAVID OH,REP,1
12-09,DELSCIA GRAY,DEM,0
12-09,HELEN GYM,DEM,65
12-09,JAMES M DELEON,DEM,1
12-09,JEFF BROWN,DEM,9
12-09,REBECCA RHYNHART,DEM,21
12-09,WARREN BLOOM,DEM,0
12-09,WRITE-IN,DEM,1
12-09,WRITE-IN,REP,0
12-10,ALLAN DOMB,DEM,6
12-10,AMEN  BROWN,DEM,1
12-10,CHERELLE L PARKER,DEM,69
12-10,DAVID OH,REP,1
12-10,DELSCIA GRAY,DEM,2
12-10,HELEN GYM,DEM,10
12-10,JAMES M DELEON,DEM,2
12-10,JEFF BROWN,DEM,20
12-10,REBECCA RHYNHART,DEM,12
12-10,WARREN BLOOM,DEM,0
12-10,WRITE-IN,DEM,0
12-10,WRITE-IN,REP,0
12-11,ALLAN DOMB,DEM,15
12-11,AMEN  BROWN,DEM,2
12-11,CHERELLE L PARKER,DEM,76
12-11,DAVID OH,REP,1
12-11,DELSCIA GRAY,DEM,0
12-11,HELEN GYM,DEM,38
12-11,JAMES M DELEON,DEM,1
12-11,JEFF BROWN,DEM,18
12-11,REBECCA RHYNHART,DEM,23
12-11,WARREN BLOOM,DEM,0
12-11,WRITE-IN,DEM,1
12-11,WRITE-IN,REP,1
12-12,ALLAN DOMB,DEM,8
12-12,AMEN  BROWN,DEM,4
12-12,CHERELLE L PARKER,DEM,83
12-12,DAVID OH,REP,1
12-12,DELSCIA GRAY,DEM,2
12-12,HELEN GYM,DEM,23
12-12,JAMES M DELEON,DEM,0
12-12,JEFF BROWN,DEM,24
12-12,REBECCA RHYNHART,DEM,12
12-12,WARREN BLOOM,DEM,0
12-12,WRITE-IN,DEM,0
12-12,WRITE-IN,REP,0
12-13,ALLAN DOMB,DEM,8
12-13,AMEN  BROWN,DEM,1
12-13,CHERELLE L PARKER,DEM,82
12-13,DAVID OH,REP,0
12-13,DELSCIA GRAY,DEM,0
12-13,HELEN GYM,DEM,11
12-13,JAMES M DELEON,DEM,2
12-13,JEFF BROWN,DEM,12
12-13,REBECCA RHYNHART,DEM,10
12-13,WARREN BLOOM,DEM,0
12-13,WRITE-IN,DEM,0
12-13,WRITE-IN,REP,0
12-14,ALLAN DOMB,DEM,16
12-14,AMEN  BROWN,DEM,3
12-14,CHERELLE L PARKER,DEM,76
12-14,DAVID OH,REP,1
12-14,DELSCIA GRAY,DEM,1
12-14,HELEN GYM,DEM,20
12-14,JAMES M DELEON,DEM,0
12-14,JEFF BROWN,DEM,19
12-14,REBECCA RHYNHART,DEM,8
12-14,WARREN BLOOM,DEM,1
12-14,WRITE-IN,DEM,0
12-14,WRITE-IN,REP,0
12-15,ALLAN DOMB,DEM,16
12-15,AMEN  BROWN,DEM,4
12-15,CHERELLE L PARKER,DEM,104
12-15,DAVID OH,REP,5
12-15,DELSCIA GRAY,DEM,0
12-15,HELEN GYM,DEM,70
12-15,JAMES M DELEON,DEM,4
12-15,JEFF BROWN,DEM,25
12-15,REBECCA RHYNHART,DEM,29
12-15,WARREN BLOOM,DEM,1
12-15,WRITE-IN,DEM,0
12-15,WRITE-IN,REP,1
12-16,ALLAN DOMB,DEM,5
12-16,AMEN  BROWN,DEM,4
12-16,CHERELLE L PARKER,DEM,91
12-16,DAVID OH,REP,3
12-16,DELSCIA GRAY,DEM,0
12-16,HELEN GYM,DEM,94
12-16,JAMES M DELEON,DEM,1
12-16,JEFF BROWN,DEM,15
12-16,REBECCA RHYNHART,DEM,50
12-16,WARREN BLOOM,DEM,1
12-16,WRITE-IN,DEM,1
12-16,WRITE-IN,REP,0
12-17,ALLAN DOMB,DEM,5
12-17,AMEN  BROWN,DEM,4
12-17,CHERELLE L PARKER,DEM,103
12-17,DAVID OH,REP,3
12-17,DELSCIA GRAY,DEM,0
12-17,HELEN GYM,DEM,32
12-17,JAMES M DELEON,DEM,1
12-17,JEFF BROWN,DEM,24
12-17,REBECCA RHYNHART,DEM,21
12-17,WARREN BLOOM,DEM,0
12-17,WRITE-IN,DEM,0
12-17,WRITE-IN,REP,0
12-18,ALLAN DOMB,DEM,9
12-18,AMEN  BROWN,DEM,3
12-18,CHERELLE L PARKER,DEM,51
12-18,DAVID OH,REP,3
12-18,DELSCIA GRAY,DEM,1
12-18,HELEN GYM,DEM,35
12-18,JAMES M DELEON,DEM,1
12-18,JEFF BROWN,DEM,22
12-18,REBECCA RHYNHART,DEM,5
12-18,WARREN BLOOM,DEM,0
12-18,WRITE-IN,DEM,0
12-18,WRITE-IN,REP,1
12-19,ALLAN DOMB,DEM,10
12-19,AMEN  BROWN,DEM,1
12-19,CHERELLE L PARKER,DEM,51
12-19,DAVID OH,REP,0
12-19,DELSCIA GRAY,DEM,0
12-19,HELEN GYM,DEM,31
12-19,JAMES M DELEON,DEM,1
12-19,JEFF BROWN,DEM,10
12-19,REBECCA RHYNHART,DEM,8
12-19,WARREN BLOOM,DEM,0
12-19,WRITE-IN,DEM,0
12-19,WRITE-IN,REP,0
12-20,ALLAN DOMB,DEM,3
12-20,AMEN  BROWN,DEM,2
12-20,CHERELLE L PARKER,DEM,59
12-20,DAVID OH,REP,1
12-20,DELSCIA GRAY,DEM,0
12-20,HELEN GYM,DEM,41
12-20,JAMES M DELEON,DEM,5
12-20,JEFF BROWN,DEM,20
12-20,REBECCA RHYNHART,DEM,15
12-20,WARREN BLOOM,DEM,0
12-20,WRITE-IN,DEM,0
12-20,WRITE-IN,REP,0
12-21,ALLAN DOMB,DEM,6
12-21,AMEN  BROWN,DEM,3
12-21,CHERELLE L PARKER,DEM,55
12-21,DAVID OH,REP,0
12-21,DELSCIA GRAY,DEM,0
12-21,HELEN GYM,DEM,9
12-21,JAMES M DELEON,DEM,3
12-21,JEFF BROWN,DEM,13
12-21,REBECCA RHYNHART,DEM,13
12-21,WARREN BLOOM,DEM,0
12-21,WRITE-IN,DEM,0
12-21,WRITE-IN,REP,2
12-22,ALLAN DOMB,DEM,8
12-22,AMEN  BROWN,DEM,1
12-22,CHERELLE L PARKER,DEM,90
12-22,DAVID OH,REP,2
12-22,DELSCIA GRAY,DEM,1
12-22,HELEN GYM,DEM,65
12-22,JAMES M DELEON,DEM,2
12-22,JEFF BROWN,DEM,25
12-22,REBECCA RHYNHART,DEM,46
12-22,WARREN BLOOM,DEM,1
12-22,WRITE-IN,DEM,0
12-22,WRITE-IN,REP,0
12-23,ALLAN DOMB,DEM,7
12-23,AMEN  BROWN,DEM,3
12-23,CHERELLE L PARKER,DEM,83
12-23,DAVID OH,REP,2
12-23,DELSCIA GRAY,DEM,1
12-23,HELEN GYM,DEM,116
12-23,JAMES M DELEON,DEM,2
12-23,JEFF BROWN,DEM,30
12-23,REBECCA RHYNHART,DEM,63
12-23,WARREN BLOOM,DEM,0
12-23,WRITE-IN,DEM,0
12-23,WRITE-IN,REP,0
12-24,ALLAN DOMB,DEM,3
12-24,AMEN  BROWN,DEM,0
12-24,CHERELLE L PARKER,DEM,51
12-24,DAVID OH,REP,1
12-24,DELSCIA GRAY,DEM,0
12-24,HELEN GYM,DEM,20
12-24,JAMES M DELEON,DEM,1
12-24,JEFF BROWN,DEM,29
12-24,REBECCA RHYNHART,DEM,13
12-24,WARREN BLOOM,DEM,0
12-24,WRITE-IN,DEM,0
12-24,WRITE-IN,REP,1
13-01,ALLAN DOMB,DEM,5
13-01,AMEN  BROWN,DEM,1
13-01,CHERELLE L PARKER,DEM,92
13-01,DAVID OH,REP,2
13-01,DELSCIA GRAY,DEM,2
13-01,HELEN GYM,DEM,26
13-01,JAMES M DELEON,DEM,1
13-01,JEFF BROWN,DEM,25
13-01,REBECCA RHYNHART,DEM,20
13-01,WARREN BLOOM,DEM,0
13-01,WRITE-IN,DEM,0
13-01,WRITE-IN,REP,0
13-02,ALLAN DOMB,DEM,11
13-02,AMEN  BROWN,DEM,1
13-02,CHERELLE L PARKER,DEM,57
13-02,DAVID OH,REP,0
13-02,DELSCIA GRAY,DEM,1
13-02,HELEN GYM,DEM,34
13-02,JAMES M DELEON,DEM,1
13-02,JEFF BROWN,DEM,17
13-02,REBECCA RHYNHART,DEM,13
13-02,WARREN BLOOM,DEM,0
13-02,WRITE-IN,DEM,0
13-02,WRITE-IN,REP,2
13-03,ALLAN DOMB,DEM,8
13-03,AMEN  BROWN,DEM,4
13-03,CHERELLE L PARKER,DEM,77
13-03,DAVID OH,REP,4
13-03,DELSCIA GRAY,DEM,0
13-03,HELEN GYM,DEM,28
13-03,JAMES M DELEON,DEM,0
13-03,JEFF BROWN,DEM,13
13-03,REBECCA RHYNHART,DEM,6
13-03,WARREN BLOOM,DEM,0
13-03,WRITE-IN,DEM,0
13-03,WRITE-IN,REP,0
13-04,ALLAN DOMB,DEM,13
13-04,AMEN  BROWN,DEM,4
13-04,CHERELLE L PARKER,DEM,93
13-04,DAVID OH,REP,2
13-04,DELSCIA GRAY,DEM,2
13-04,HELEN GYM,DEM,84
13-04,JAMES M DELEON,DEM,0
13-04,JEFF BROWN,DEM,28
13-04,REBECCA RHYNHART,DEM,33
13-04,WARREN BLOOM,DEM,0
13-04,WRITE-IN,DEM,0
13-04,WRITE-IN,REP,0
13-05,ALLAN DOMB,DEM,9
13-05,AMEN  BROWN,DEM,1
13-05,CHERELLE L PARKER,DEM,62
13-05,DAVID OH,REP,3
13-05,DELSCIA GRAY,DEM,0
13-05,HELEN GYM,DEM,52
13-05,JAMES M DELEON,DEM,0
13-05,JEFF BROWN,DEM,15
13-05,REBECCA RHYNHART,DEM,25
13-05,WARREN BLOOM,DEM,0
13-05,WRITE-IN,DEM,0
13-05,WRITE-IN,REP,0
13-06,ALLAN DOMB,DEM,8
13-06,AMEN  BROWN,DEM,3
13-06,CHERELLE L PARKER,DEM,62
13-06,DAVID OH,REP,3
13-06,DELSCIA GRAY,DEM,0
13-06,HELEN GYM,DEM,11
13-06,JAMES M DELEON,DEM,2
13-06,JEFF BROWN,DEM,26
13-06,REBECCA RHYNHART,DEM,7
13-06,WARREN BLOOM,DEM,1
13-06,WRITE-IN,DEM,0
13-06,WRITE-IN,REP,0
13-07,ALLAN DOMB,DEM,11
13-07,AMEN  BROWN,DEM,2
13-07,CHERELLE L PARKER,DEM,57
13-07,DAVID OH,REP,3
13-07,DELSCIA GRAY,DEM,1
13-07,HELEN GYM,DEM,4
13-07,JAMES M DELEON,DEM,1
13-07,JEFF BROWN,DEM,12
13-07,REBECCA RHYNHART,DEM,9
13-07,WARREN BLOOM,DEM,0
13-07,WRITE-IN,DEM,0
13-07,WRITE-IN,REP,0
13-08,ALLAN DOMB,DEM,5
13-08,AMEN  BROWN,DEM,1
13-08,CHERELLE L PARKER,DEM,55
13-08,DAVID OH,REP,1
13-08,DELSCIA GRAY,DEM,0
13-08,HELEN GYM,DEM,4
13-08,JAMES M DELEON,DEM,1
13-08,JEFF BROWN,DEM,9
13-08,REBECCA RHYNHART,DEM,11
13-08,WARREN BLOOM,DEM,0
13-08,WRITE-IN,DEM,0
13-08,WRITE-IN,REP,0
13-09,ALLAN DOMB,DEM,14
13-09,AMEN  BROWN,DEM,0
13-09,CHERELLE L PARKER,DEM,51
13-09,DAVID OH,REP,0
13-09,DELSCIA GRAY,DEM,0
13-09,HELEN GYM,DEM,13
13-09,JAMES M DELEON,DEM,6
13-09,JEFF BROWN,DEM,22
13-09,REBECCA RHYNHART,DEM,4
13-09,WARREN BLOOM,DEM,0
13-09,WRITE-IN,DEM,0
13-09,WRITE-IN,REP,0
13-10,ALLAN DOMB,DEM,5
13-10,AMEN  BROWN,DEM,2
13-10,CHERELLE L PARKER,DEM,58
13-10,DAVID OH,REP,4
13-10,DELSCIA GRAY,DEM,0
13-10,HELEN GYM,DEM,12
13-10,JAMES M DELEON,DEM,0
13-10,JEFF BROWN,DEM,15
13-10,REBECCA RHYNHART,DEM,9
13-10,WARREN BLOOM,DEM,0
13-10,WRITE-IN,DEM,0
13-10,WRITE-IN,REP,0
13-11,ALLAN DOMB,DEM,6
13-11,AMEN  BROWN,DEM,2
13-11,CHERELLE L PARKER,DEM,43
13-11,DAVID OH,REP,0
13-11,DELSCIA GRAY,DEM,0
13-11,HELEN GYM,DEM,5
13-11,JAMES M DELEON,DEM,0
13-11,JEFF BROWN,DEM,17
13-11,REBECCA RHYNHART,DEM,5
13-11,WARREN BLOOM,DEM,1
13-11,WRITE-IN,DEM,0
13-11,WRITE-IN,REP,1
13-12,ALLAN DOMB,DEM,3
13-12,AMEN  BROWN,DEM,1
13-12,CHERELLE L PARKER,DEM,50
13-12,DAVID OH,REP,3
13-12,DELSCIA GRAY,DEM,0
13-12,HELEN GYM,DEM,12
13-12,JAMES M DELEON,DEM,1
13-12,JEFF BROWN,DEM,7
13-12,REBECCA RHYNHART,DEM,14
13-12,WARREN BLOOM,DEM,1
13-12,WRITE-IN,DEM,0
13-12,WRITE-IN,REP,0
13-13,ALLAN DOMB,DEM,9
13-13,AMEN  BROWN,DEM,1
13-13,CHERELLE L PARKER,DEM,48
13-13,DAVID OH,REP,0
13-13,DELSCIA GRAY,DEM,0
13-13,HELEN GYM,DEM,19
13-13,JAMES M DELEON,DEM,0
13-13,JEFF BROWN,DEM,19
13-13,REBECCA RHYNHART,DEM,7
13-13,WARREN BLOOM,DEM,0
13-13,WRITE-IN,DEM,0
13-13,WRITE-IN,REP,0
13-14,ALLAN DOMB,DEM,17
13-14,AMEN  BROWN,DEM,5
13-14,CHERELLE L PARKER,DEM,66
13-14,DAVID OH,REP,1
13-14,DELSCIA GRAY,DEM,0
13-14,HELEN GYM,DEM,8
13-14,JAMES M DELEON,DEM,1
13-14,JEFF BROWN,DEM,19
13-14,REBECCA RHYNHART,DEM,12
13-14,WARREN BLOOM,DEM,1
13-14,WRITE-IN,DEM,0
13-14,WRITE-IN,REP,0
13-15,ALLAN DOMB,DEM,7
13-15,AMEN  BROWN,DEM,1
13-15,CHERELLE L PARKER,DEM,55
13-15,DAVID OH,REP,2
13-15,DELSCIA GRAY,DEM,0
13-15,HELEN GYM,DEM,9
13-15,JAMES M DELEON,DEM,1
13-15,JEFF BROWN,DEM,21
13-15,REBECCA RHYNHART,DEM,5
13-15,WARREN BLOOM,DEM,0
13-15,WRITE-IN,DEM,0
13-15,WRITE-IN,REP,0
13-16,ALLAN DOMB,DEM,20
13-16,AMEN  BROWN,DEM,1
13-16,CHERELLE L PARKER,DEM,67
13-16,DAVID OH,REP,1
13-16,DELSCIA GRAY,DEM,0
13-16,HELEN GYM,DEM,14
13-16,JAMES M DELEON,DEM,3
13-16,JEFF BROWN,DEM,13
13-16,REBECCA RHYNHART,DEM,11
13-16,WARREN BLOOM,DEM,1
13-16,WRITE-IN,DEM,0
13-16,WRITE-IN,REP,0
13-17,ALLAN DOMB,DEM,10
13-17,AMEN  BROWN,DEM,0
13-17,CHERELLE L PARKER,DEM,74
13-17,DAVID OH,REP,1
13-17,DELSCIA GRAY,DEM,0
13-17,HELEN GYM,DEM,8
13-17,JAMES M DELEON,DEM,2
13-17,JEFF BROWN,DEM,20
13-17,REBECCA RHYNHART,DEM,10
13-17,WARREN BLOOM,DEM,0
13-17,WRITE-IN,DEM,0
13-17,WRITE-IN,REP,0
13-18,ALLAN DOMB,DEM,21
13-18,AMEN  BROWN,DEM,2
13-18,CHERELLE L PARKER,DEM,134
13-18,DAVID OH,REP,2
13-18,DELSCIA GRAY,DEM,1
13-18,HELEN GYM,DEM,9
13-18,JAMES M DELEON,DEM,2
13-18,JEFF BROWN,DEM,34
13-18,REBECCA RHYNHART,DEM,8
13-18,WARREN BLOOM,DEM,1
13-18,WRITE-IN,DEM,1
13-18,WRITE-IN,REP,0
13-19,ALLAN DOMB,DEM,13
13-19,AMEN  BROWN,DEM,2
13-19,CHERELLE L PARKER,DEM,75
13-19,DAVID OH,REP,4
13-19,DELSCIA GRAY,DEM,1
13-19,HELEN GYM,DEM,10
13-19,JAMES M DELEON,DEM,3
13-19,JEFF BROWN,DEM,25
13-19,REBECCA RHYNHART,DEM,11
13-19,WARREN BLOOM,DEM,0
13-19,WRITE-IN,DEM,0
13-19,WRITE-IN,REP,2
13-20,ALLAN DOMB,DEM,3
13-20,AMEN  BROWN,DEM,2
13-20,CHERELLE L PARKER,DEM,71
13-20,DAVID OH,REP,2
13-20,DELSCIA GRAY,DEM,0
13-20,HELEN GYM,DEM,10
13-20,JAMES M DELEON,DEM,0
13-20,JEFF BROWN,DEM,22
13-20,REBECCA RHYNHART,DEM,8
13-20,WARREN BLOOM,DEM,0
13-20,WRITE-IN,DEM,0
13-20,WRITE-IN,REP,1
13-21,ALLAN DOMB,DEM,7
13-21,AMEN  BROWN,DEM,1
13-21,CHERELLE L PARKER,DEM,45
13-21,DAVID OH,REP,2
13-21,DELSCIA GRAY,DEM,0
13-21,HELEN GYM,DEM,12
13-21,JAMES M DELEON,DEM,2
13-21,JEFF BROWN,DEM,10
13-21,REBECCA RHYNHART,DEM,7
13-21,WARREN BLOOM,DEM,0
13-21,WRITE-IN,DEM,0
13-21,WRITE-IN,REP,0
13-22,ALLAN DOMB,DEM,13
13-22,AMEN  BROWN,DEM,3
13-22,CHERELLE L PARKER,DEM,77
13-22,DAVID OH,REP,4
13-22,DELSCIA GRAY,DEM,1
13-22,HELEN GYM,DEM,13
13-22,JAMES M DELEON,DEM,2
13-22,JEFF BROWN,DEM,29
13-22,REBECCA RHYNHART,DEM,9
13-22,WARREN BLOOM,DEM,0
13-22,WRITE-IN,DEM,0
13-22,WRITE-IN,REP,0
13-23,ALLAN DOMB,DEM,7
13-23,AMEN  BROWN,DEM,0
13-23,CHERELLE L PARKER,DEM,48
13-23,DAVID OH,REP,2
13-23,DELSCIA GRAY,DEM,0
13-23,HELEN GYM,DEM,6
13-23,JAMES M DELEON,DEM,4
13-23,JEFF BROWN,DEM,18
13-23,REBECCA RHYNHART,DEM,8
13-23,WARREN BLOOM,DEM,0
13-23,WRITE-IN,DEM,0
13-23,WRITE-IN,REP,0
13-24,ALLAN DOMB,DEM,5
13-24,AMEN  BROWN,DEM,5
13-24,CHERELLE L PARKER,DEM,49
13-24,DAVID OH,REP,1
13-24,DELSCIA GRAY,DEM,0
13-24,HELEN GYM,DEM,5
13-24,JAMES M DELEON,DEM,1
13-24,JEFF BROWN,DEM,14
13-24,REBECCA RHYNHART,DEM,1
13-24,WARREN BLOOM,DEM,1
13-24,WRITE-IN,DEM,1
13-24,WRITE-IN,REP,0
13-25,ALLAN DOMB,DEM,10
13-25,AMEN  BROWN,DEM,3
13-25,CHERELLE L PARKER,DEM,51
13-25,DAVID OH,REP,0
13-25,DELSCIA GRAY,DEM,0
13-25,HELEN GYM,DEM,6
13-25,JAMES M DELEON,DEM,1
13-25,JEFF BROWN,DEM,18
13-25,REBECCA RHYNHART,DEM,6
13-25,WARREN BLOOM,DEM,1
13-25,WRITE-IN,DEM,0
13-25,WRITE-IN,REP,0
14-01,ALLAN DOMB,DEM,22
14-01,AMEN  BROWN,DEM,2
14-01,CHERELLE L PARKER,DEM,46
14-01,DAVID OH,REP,6
14-01,DELSCIA GRAY,DEM,1
14-01,HELEN GYM,DEM,120
14-01,JAMES M DELEON,DEM,1
14-01,JEFF BROWN,DEM,22
14-01,REBECCA RHYNHART,DEM,80
14-01,WARREN BLOOM,DEM,0
14-01,WRITE-IN,DEM,0
14-01,WRITE-IN,REP,0
14-02,ALLAN DOMB,DEM,16
14-02,AMEN  BROWN,DEM,3
14-02,CHERELLE L PARKER,DEM,62
14-02,DAVID OH,REP,2
14-02,DELSCIA GRAY,DEM,0
14-02,HELEN GYM,DEM,7
14-02,JAMES M DELEON,DEM,2
14-02,JEFF BROWN,DEM,7
14-02,REBECCA RHYNHART,DEM,8
14-02,WARREN BLOOM,DEM,1
14-02,WRITE-IN,DEM,0
14-02,WRITE-IN,REP,0
14-03,ALLAN DOMB,DEM,12
14-03,AMEN  BROWN,DEM,3
14-03,CHERELLE L PARKER,DEM,84
14-03,DAVID OH,REP,0
14-03,DELSCIA GRAY,DEM,0
14-03,HELEN GYM,DEM,21
14-03,JAMES M DELEON,DEM,0
14-03,JEFF BROWN,DEM,28
14-03,REBECCA RHYNHART,DEM,20
14-03,WARREN BLOOM,DEM,0
14-03,WRITE-IN,DEM,0
14-03,WRITE-IN,REP,0
14-04,ALLAN DOMB,DEM,14
14-04,AMEN  BROWN,DEM,4
14-04,CHERELLE L PARKER,DEM,116
14-04,DAVID OH,REP,1
14-04,DELSCIA GRAY,DEM,4
14-04,HELEN GYM,DEM,38
14-04,JAMES M DELEON,DEM,4
14-04,JEFF BROWN,DEM,37
14-04,REBECCA RHYNHART,DEM,38
14-04,WARREN BLOOM,DEM,1
14-04,WRITE-IN,DEM,0
14-04,WRITE-IN,REP,1
14-05,ALLAN DOMB,DEM,9
14-05,AMEN  BROWN,DEM,1
14-05,CHERELLE L PARKER,DEM,41
14-05,DAVID OH,REP,2
14-05,DELSCIA GRAY,DEM,0
14-05,HELEN GYM,DEM,25
14-05,JAMES M DELEON,DEM,0
14-05,JEFF BROWN,DEM,9
14-05,REBECCA RHYNHART,DEM,8
14-05,WARREN BLOOM,DEM,1
14-05,WRITE-IN,DEM,0
14-05,WRITE-IN,REP,0
14-06,ALLAN DOMB,DEM,4
14-06,AMEN  BROWN,DEM,1
14-06,CHERELLE L PARKER,DEM,56
14-06,DAVID OH,REP,1
14-06,DELSCIA GRAY,DEM,0
14-06,HELEN GYM,DEM,3
14-06,JAMES M DELEON,DEM,0
14-06,JEFF BROWN,DEM,7
14-06,REBECCA RHYNHART,DEM,3
14-06,WARREN BLOOM,DEM,0
14-06,WRITE-IN,DEM,0
14-06,WRITE-IN,REP,0
14-07,ALLAN DOMB,DEM,10
14-07,AMEN  BROWN,DEM,3
14-07,CHERELLE L PARKER,DEM,35
14-07,DAVID OH,REP,3
14-07,DELSCIA GRAY,DEM,0
14-07,HELEN GYM,DEM,47
14-07,JAMES M DELEON,DEM,0
14-07,JEFF BROWN,DEM,6
14-07,REBECCA RHYNHART,DEM,27
14-07,WARREN BLOOM,DEM,0
14-07,WRITE-IN,DEM,1
14-07,WRITE-IN,REP,1
14-08,ALLAN DOMB,DEM,2
14-08,AMEN  BROWN,DEM,1
14-08,CHERELLE L PARKER,DEM,20
14-08,DAVID OH,REP,0
14-08,DELSCIA GRAY,DEM,0
14-08,HELEN GYM,DEM,3
14-08,JAMES M DELEON,DEM,0
14-08,JEFF BROWN,DEM,5
14-08,REBECCA RHYNHART,DEM,1
14-08,WARREN BLOOM,DEM,0
14-08,WRITE-IN,DEM,0
14-08,WRITE-IN,REP,0
14-09,ALLAN DOMB,DEM,19
14-09,AMEN  BROWN,DEM,3
14-09,CHERELLE L PARKER,DEM,54
14-09,DAVID OH,REP,2
14-09,DELSCIA GRAY,DEM,1
14-09,HELEN GYM,DEM,23
14-09,JAMES M DELEON,DEM,1
14-09,JEFF BROWN,DEM,12
14-09,REBECCA RHYNHART,DEM,33
14-09,WARREN BLOOM,DEM,1
14-09,WRITE-IN,DEM,0
14-09,WRITE-IN,REP,1
14-10,ALLAN DOMB,DEM,6
14-10,AMEN  BROWN,DEM,3
14-10,CHERELLE L PARKER,DEM,73
14-10,DAVID OH,REP,3
14-10,DELSCIA GRAY,DEM,1
14-10,HELEN GYM,DEM,38
14-10,JAMES M DELEON,DEM,1
14-10,JEFF BROWN,DEM,12
14-10,REBECCA RHYNHART,DEM,29
14-10,WARREN BLOOM,DEM,0
14-10,WRITE-IN,DEM,0
14-10,WRITE-IN,REP,0
14-11,ALLAN DOMB,DEM,11
14-11,AMEN  BROWN,DEM,0
14-11,CHERELLE L PARKER,DEM,61
14-11,DAVID OH,REP,0
14-11,DELSCIA GRAY,DEM,0
14-11,HELEN GYM,DEM,15
14-11,JAMES M DELEON,DEM,0
14-11,JEFF BROWN,DEM,13
14-11,REBECCA RHYNHART,DEM,14
14-11,WARREN BLOOM,DEM,0
14-11,WRITE-IN,DEM,0
14-11,WRITE-IN,REP,0
15-01,ALLAN DOMB,DEM,44
15-01,AMEN  BROWN,DEM,0
15-01,CHERELLE L PARKER,DEM,47
15-01,DAVID OH,REP,8
15-01,DELSCIA GRAY,DEM,0
15-01,HELEN GYM,DEM,118
15-01,JAMES M DELEON,DEM,1
15-01,JEFF BROWN,DEM,10
15-01,REBECCA RHYNHART,DEM,148
15-01,WARREN BLOOM,DEM,0
15-01,WRITE-IN,DEM,0
15-01,WRITE-IN,REP,1
15-02,ALLAN DOMB,DEM,42
15-02,AMEN  BROWN,DEM,1
15-02,CHERELLE L PARKER,DEM,28
15-02,DAVID OH,REP,8
15-02,DELSCIA GRAY,DEM,0
15-02,HELEN GYM,DEM,101
15-02,JAMES M DELEON,DEM,0
15-02,JEFF BROWN,DEM,10
15-02,REBECCA RHYNHART,DEM,192
15-02,WARREN BLOOM,DEM,0
15-02,WRITE-IN,DEM,0
15-02,WRITE-IN,REP,0
15-03,ALLAN DOMB,DEM,23
15-03,AMEN  BROWN,DEM,0
15-03,CHERELLE L PARKER,DEM,20
15-03,DAVID OH,REP,2
15-03,DELSCIA GRAY,DEM,0
15-03,HELEN GYM,DEM,144
15-03,JAMES M DELEON,DEM,1
15-03,JEFF BROWN,DEM,6
15-03,REBECCA RHYNHART,DEM,155
15-03,WARREN BLOOM,DEM,1
15-03,WRITE-IN,DEM,0
15-03,WRITE-IN,REP,1
15-04,ALLAN DOMB,DEM,18
15-04,AMEN  BROWN,DEM,0
15-04,CHERELLE L PARKER,DEM,21
15-04,DAVID OH,REP,9
15-04,DELSCIA GRAY,DEM,1
15-04,HELEN GYM,DEM,87
15-04,JAMES M DELEON,DEM,3
15-04,JEFF BROWN,DEM,7
15-04,REBECCA RHYNHART,DEM,96
15-04,WARREN BLOOM,DEM,0
15-04,WRITE-IN,DEM,0
15-04,WRITE-IN,REP,2
15-05,ALLAN DOMB,DEM,31
15-05,AMEN  BROWN,DEM,1
15-05,CHERELLE L PARKER,DEM,17
15-05,DAVID OH,REP,14
15-05,DELSCIA GRAY,DEM,0
15-05,HELEN GYM,DEM,79
15-05,JAMES M DELEON,DEM,0
15-05,JEFF BROWN,DEM,5
15-05,REBECCA RHYNHART,DEM,180
15-05,WARREN BLOOM,DEM,0
15-05,WRITE-IN,DEM,0
15-05,WRITE-IN,REP,0
15-06,ALLAN DOMB,DEM,159
15-06,AMEN  BROWN,DEM,2
15-06,CHERELLE L PARKER,DEM,52
15-06,DAVID OH,REP,21
15-06,DELSCIA GRAY,DEM,1
15-06,HELEN GYM,DEM,72
15-06,JAMES M DELEON,DEM,2
15-06,JEFF BROWN,DEM,13
15-06,REBECCA RHYNHART,DEM,257
15-06,WARREN BLOOM,DEM,3
15-06,WRITE-IN,DEM,0
15-06,WRITE-IN,REP,1
15-07,ALLAN DOMB,DEM,18
15-07,AMEN  BROWN,DEM,4
15-07,CHERELLE L PARKER,DEM,58
15-07,DAVID OH,REP,5
15-07,DELSCIA GRAY,DEM,0
15-07,HELEN GYM,DEM,128
15-07,JAMES M DELEON,DEM,0
15-07,JEFF BROWN,DEM,10
15-07,REBECCA RHYNHART,DEM,88
15-07,WARREN BLOOM,DEM,1
15-07,WRITE-IN,DEM,0
15-07,WRITE-IN,REP,1
15-08,ALLAN DOMB,DEM,27
15-08,AMEN  BROWN,DEM,0
15-08,CHERELLE L PARKER,DEM,16
15-08,DAVID OH,REP,11
15-08,DELSCIA GRAY,DEM,0
15-08,HELEN GYM,DEM,115
15-08,JAMES M DELEON,DEM,0
15-08,JEFF BROWN,DEM,10
15-08,REBECCA RHYNHART,DEM,151
15-08,WARREN BLOOM,DEM,0
15-08,WRITE-IN,DEM,0
15-08,WRITE-IN,REP,0
15-09,ALLAN DOMB,DEM,36
15-09,AMEN  BROWN,DEM,0
15-09,CHERELLE L PARKER,DEM,25
15-09,DAVID OH,REP,8
15-09,DELSCIA GRAY,DEM,0
15-09,HELEN GYM,DEM,80
15-09,JAMES M DELEON,DEM,0
15-09,JEFF BROWN,DEM,13
15-09,REBECCA RHYNHART,DEM,170
15-09,WARREN BLOOM,DEM,1
15-09,WRITE-IN,DEM,1
15-09,WRITE-IN,REP,0
15-10,ALLAN DOMB,DEM,16
15-10,AMEN  BROWN,DEM,3
15-10,CHERELLE L PARKER,DEM,96
15-10,DAVID OH,REP,4
15-10,DELSCIA GRAY,DEM,2
15-10,HELEN GYM,DEM,91
15-10,JAMES M DELEON,DEM,0
15-10,JEFF BROWN,DEM,8
15-10,REBECCA RHYNHART,DEM,81
15-10,WARREN BLOOM,DEM,0
15-10,WRITE-IN,DEM,0
15-10,WRITE-IN,REP,0
15-11,ALLAN DOMB,DEM,13
15-11,AMEN  BROWN,DEM,1
15-11,CHERELLE L PARKER,DEM,42
15-11,DAVID OH,REP,7
15-11,DELSCIA GRAY,DEM,0
15-11,HELEN GYM,DEM,92
15-11,JAMES M DELEON,DEM,1
15-11,JEFF BROWN,DEM,11
15-11,REBECCA RHYNHART,DEM,91
15-11,WARREN BLOOM,DEM,0
15-11,WRITE-IN,DEM,0
15-11,WRITE-IN,REP,1
15-12,ALLAN DOMB,DEM,12
15-12,AMEN  BROWN,DEM,0
15-12,CHERELLE L PARKER,DEM,31
15-12,DAVID OH,REP,5
15-12,DELSCIA GRAY,DEM,0
15-12,HELEN GYM,DEM,123
15-12,JAMES M DELEON,DEM,0
15-12,JEFF BROWN,DEM,15
15-12,REBECCA RHYNHART,DEM,122
15-12,WARREN BLOOM,DEM,0
15-12,WRITE-IN,DEM,0
15-12,WRITE-IN,REP,0
15-13,ALLAN DOMB,DEM,22
15-13,AMEN  BROWN,DEM,0
15-13,CHERELLE L PARKER,DEM,28
15-13,DAVID OH,REP,9
15-13,DELSCIA GRAY,DEM,0
15-13,HELEN GYM,DEM,75
15-13,JAMES M DELEON,DEM,1
15-13,JEFF BROWN,DEM,9
15-13,REBECCA RHYNHART,DEM,159
15-13,WARREN BLOOM,DEM,1
15-13,WRITE-IN,DEM,0
15-13,WRITE-IN,REP,1
15-14,ALLAN DOMB,DEM,34
15-14,AMEN  BROWN,DEM,0
15-14,CHERELLE L PARKER,DEM,18
15-14,DAVID OH,REP,7
15-14,DELSCIA GRAY,DEM,0
15-14,HELEN GYM,DEM,92
15-14,JAMES M DELEON,DEM,0
15-14,JEFF BROWN,DEM,8
15-14,REBECCA RHYNHART,DEM,151
15-14,WARREN BLOOM,DEM,0
15-14,WRITE-IN,DEM,1
15-14,WRITE-IN,REP,0
15-15,ALLAN DOMB,DEM,7
15-15,AMEN  BROWN,DEM,0
15-15,CHERELLE L PARKER,DEM,10
15-15,DAVID OH,REP,4
15-15,DELSCIA GRAY,DEM,0
15-15,HELEN GYM,DEM,55
15-15,JAMES M DELEON,DEM,0
15-15,JEFF BROWN,DEM,3
15-15,REBECCA RHYNHART,DEM,102
15-15,WARREN BLOOM,DEM,0
15-15,WRITE-IN,DEM,0
15-15,WRITE-IN,REP,2
15-16,ALLAN DOMB,DEM,34
15-16,AMEN  BROWN,DEM,0
15-16,CHERELLE L PARKER,DEM,20
15-16,DAVID OH,REP,9
15-16,DELSCIA GRAY,DEM,0
15-16,HELEN GYM,DEM,95
15-16,JAMES M DELEON,DEM,1
15-16,JEFF BROWN,DEM,6
15-16,REBECCA RHYNHART,DEM,162
15-16,WARREN BLOOM,DEM,0
15-16,WRITE-IN,DEM,0
15-16,WRITE-IN,REP,2
15-17,ALLAN DOMB,DEM,27
15-17,AMEN  BROWN,DEM,0
15-17,CHERELLE L PARKER,DEM,24
15-17,DAVID OH,REP,6
15-17,DELSCIA GRAY,DEM,0
15-17,HELEN GYM,DEM,72
15-17,JAMES M DELEON,DEM,0
15-17,JEFF BROWN,DEM,0
15-17,REBECCA RHYNHART,DEM,145
15-17,WARREN BLOOM,DEM,0
15-17,WRITE-IN,DEM,0
15-17,WRITE-IN,REP,0
15-18,ALLAN DOMB,DEM,35
15-18,AMEN  BROWN,DEM,0
15-18,CHERELLE L PARKER,DEM,26
15-18,DAVID OH,REP,6
15-18,DELSCIA GRAY,DEM,0
15-18,HELEN GYM,DEM,96
15-18,JAMES M DELEON,DEM,0
15-18,JEFF BROWN,DEM,1
15-18,REBECCA RHYNHART,DEM,190
15-18,WARREN BLOOM,DEM,0
15-18,WRITE-IN,DEM,0
15-18,WRITE-IN,REP,0
15-19,ALLAN DOMB,DEM,35
15-19,AMEN  BROWN,DEM,1
15-19,CHERELLE L PARKER,DEM,19
15-19,DAVID OH,REP,8
15-19,DELSCIA GRAY,DEM,0
15-19,HELEN GYM,DEM,66
15-19,JAMES M DELEON,DEM,0
15-19,JEFF BROWN,DEM,2
15-19,REBECCA RHYNHART,DEM,169
15-19,WARREN BLOOM,DEM,0
15-19,WRITE-IN,DEM,0
15-19,WRITE-IN,REP,0
16-01,ALLAN DOMB,DEM,3
16-01,AMEN  BROWN,DEM,1
16-01,CHERELLE L PARKER,DEM,41
16-01,DAVID OH,REP,0
16-01,DELSCIA GRAY,DEM,0
16-01,HELEN GYM,DEM,15
16-01,JAMES M DELEON,DEM,1
16-01,JEFF BROWN,DEM,3
16-01,REBECCA RHYNHART,DEM,5
16-01,WARREN BLOOM,DEM,0
16-01,WRITE-IN,DEM,0
16-01,WRITE-IN,REP,0
16-02,ALLAN DOMB,DEM,5
16-02,AMEN  BROWN,DEM,6
16-02,CHERELLE L PARKER,DEM,42
16-02,DAVID OH,REP,2
16-02,DELSCIA GRAY,DEM,0
16-02,HELEN GYM,DEM,3
16-02,JAMES M DELEON,DEM,1
16-02,JEFF BROWN,DEM,12
16-02,REBECCA RHYNHART,DEM,6
16-02,WARREN BLOOM,DEM,0
16-02,WRITE-IN,DEM,0
16-02,WRITE-IN,REP,0
16-03,ALLAN DOMB,DEM,13
16-03,AMEN  BROWN,DEM,7
16-03,CHERELLE L PARKER,DEM,62
16-03,DAVID OH,REP,2
16-03,DELSCIA GRAY,DEM,0
16-03,HELEN GYM,DEM,9
16-03,JAMES M DELEON,DEM,0
16-03,JEFF BROWN,DEM,7
16-03,REBECCA RHYNHART,DEM,4
16-03,WARREN BLOOM,DEM,0
16-03,WRITE-IN,DEM,0
16-03,WRITE-IN,REP,0
16-04,ALLAN DOMB,DEM,8
16-04,AMEN  BROWN,DEM,0
16-04,CHERELLE L PARKER,DEM,47
16-04,DAVID OH,REP,1
16-04,DELSCIA GRAY,DEM,0
16-04,HELEN GYM,DEM,9
16-04,JAMES M DELEON,DEM,0
16-04,JEFF BROWN,DEM,6
16-04,REBECCA RHYNHART,DEM,6
16-04,WARREN BLOOM,DEM,2
16-04,WRITE-IN,DEM,0
16-04,WRITE-IN,REP,0
16-05,ALLAN DOMB,DEM,5
16-05,AMEN  BROWN,DEM,0
16-05,CHERELLE L PARKER,DEM,35
16-05,DAVID OH,REP,0
16-05,DELSCIA GRAY,DEM,0
16-05,HELEN GYM,DEM,5
16-05,JAMES M DELEON,DEM,1
16-05,JEFF BROWN,DEM,6
16-05,REBECCA RHYNHART,DEM,8
16-05,WARREN BLOOM,DEM,1
16-05,WRITE-IN,DEM,0
16-05,WRITE-IN,REP,0
16-06,ALLAN DOMB,DEM,5
16-06,AMEN  BROWN,DEM,4
16-06,CHERELLE L PARKER,DEM,42
16-06,DAVID OH,REP,3
16-06,DELSCIA GRAY,DEM,2
16-06,HELEN GYM,DEM,8
16-06,JAMES M DELEON,DEM,1
16-06,JEFF BROWN,DEM,7
16-06,REBECCA RHYNHART,DEM,5
16-06,WARREN BLOOM,DEM,0
16-06,WRITE-IN,DEM,0
16-06,WRITE-IN,REP,0
16-07,ALLAN DOMB,DEM,7
16-07,AMEN  BROWN,DEM,1
16-07,CHERELLE L PARKER,DEM,56
16-07,DAVID OH,REP,0
16-07,DELSCIA GRAY,DEM,2
16-07,HELEN GYM,DEM,5
16-07,JAMES M DELEON,DEM,2
16-07,JEFF BROWN,DEM,6
16-07,REBECCA RHYNHART,DEM,8
16-07,WARREN BLOOM,DEM,0
16-07,WRITE-IN,DEM,0
16-07,WRITE-IN,REP,0
16-08,ALLAN DOMB,DEM,9
16-08,AMEN  BROWN,DEM,3
16-08,CHERELLE L PARKER,DEM,31
16-08,DAVID OH,REP,2
16-08,DELSCIA GRAY,DEM,0
16-08,HELEN GYM,DEM,3
16-08,JAMES M DELEON,DEM,1
16-08,JEFF BROWN,DEM,13
16-08,REBECCA RHYNHART,DEM,7
16-08,WARREN BLOOM,DEM,0
16-08,WRITE-IN,DEM,0
16-08,WRITE-IN,REP,0
16-09,ALLAN DOMB,DEM,3
16-09,AMEN  BROWN,DEM,1
16-09,CHERELLE L PARKER,DEM,50
16-09,DAVID OH,REP,0
16-09,DELSCIA GRAY,DEM,0
16-09,HELEN GYM,DEM,5
16-09,JAMES M DELEON,DEM,0
16-09,JEFF BROWN,DEM,15
16-09,REBECCA RHYNHART,DEM,4
16-09,WARREN BLOOM,DEM,0
16-09,WRITE-IN,DEM,0
16-09,WRITE-IN,REP,0
16-10,ALLAN DOMB,DEM,2
16-10,AMEN  BROWN,DEM,3
16-10,CHERELLE L PARKER,DEM,22
16-10,DAVID OH,REP,3
16-10,DELSCIA GRAY,DEM,0
16-10,HELEN GYM,DEM,6
16-10,JAMES M DELEON,DEM,1
16-10,JEFF BROWN,DEM,11
16-10,REBECCA RHYNHART,DEM,4
16-10,WARREN BLOOM,DEM,1
16-10,WRITE-IN,DEM,0
16-10,WRITE-IN,REP,0
16-11,ALLAN DOMB,DEM,7
16-11,AMEN  BROWN,DEM,1
16-11,CHERELLE L PARKER,DEM,41
16-11,DAVID OH,REP,0
16-11,DELSCIA GRAY,DEM,1
16-11,HELEN GYM,DEM,6
16-11,JAMES M DELEON,DEM,0
16-11,JEFF BROWN,DEM,9
16-11,REBECCA RHYNHART,DEM,4
16-11,WARREN BLOOM,DEM,0
16-11,WRITE-IN,DEM,0
16-11,WRITE-IN,REP,0
16-12,ALLAN DOMB,DEM,5
16-12,AMEN  BROWN,DEM,1
16-12,CHERELLE L PARKER,DEM,48
16-12,DAVID OH,REP,2
16-12,DELSCIA GRAY,DEM,0
16-12,HELEN GYM,DEM,6
16-12,JAMES M DELEON,DEM,0
16-12,JEFF BROWN,DEM,6
16-12,REBECCA RHYNHART,DEM,3
16-12,WARREN BLOOM,DEM,0
16-12,WRITE-IN,DEM,0
16-12,WRITE-IN,REP,0
16-13,ALLAN DOMB,DEM,6
16-13,AMEN  BROWN,DEM,1
16-13,CHERELLE L PARKER,DEM,34
16-13,DAVID OH,REP,0
16-13,DELSCIA GRAY,DEM,0
16-13,HELEN GYM,DEM,8
16-13,JAMES M DELEON,DEM,1
16-13,JEFF BROWN,DEM,15
16-13,REBECCA RHYNHART,DEM,4
16-13,WARREN BLOOM,DEM,0
16-13,WRITE-IN,DEM,0
16-13,WRITE-IN,REP,0
16-14,ALLAN DOMB,DEM,2
16-14,AMEN  BROWN,DEM,1
16-14,CHERELLE L PARKER,DEM,33
16-14,DAVID OH,REP,0
16-14,DELSCIA GRAY,DEM,0
16-14,HELEN GYM,DEM,5
16-14,JAMES M DELEON,DEM,0
16-14,JEFF BROWN,DEM,6
16-14,REBECCA RHYNHART,DEM,2
16-14,WARREN BLOOM,DEM,0
16-14,WRITE-IN,DEM,0
16-14,WRITE-IN,REP,0
16-15,ALLAN DOMB,DEM,1
16-15,AMEN  BROWN,DEM,4
16-15,CHERELLE L PARKER,DEM,54
16-15,DAVID OH,REP,0
16-15,DELSCIA GRAY,DEM,0
16-15,HELEN GYM,DEM,2
16-15,JAMES M DELEON,DEM,0
16-15,JEFF BROWN,DEM,1
16-15,REBECCA RHYNHART,DEM,2
16-15,WARREN BLOOM,DEM,0
16-15,WRITE-IN,DEM,0
16-15,WRITE-IN,REP,0
16-16,ALLAN DOMB,DEM,1
16-16,AMEN  BROWN,DEM,4
16-16,CHERELLE L PARKER,DEM,30
16-16,DAVID OH,REP,0
16-16,DELSCIA GRAY,DEM,0
16-16,HELEN GYM,DEM,2
16-16,JAMES M DELEON,DEM,2
16-16,JEFF BROWN,DEM,6
16-16,REBECCA RHYNHART,DEM,1
16-16,WARREN BLOOM,DEM,0
16-16,WRITE-IN,DEM,0
16-16,WRITE-IN,REP,0
16-17,ALLAN DOMB,DEM,6
16-17,AMEN  BROWN,DEM,0
16-17,CHERELLE L PARKER,DEM,57
16-17,DAVID OH,REP,0
16-17,DELSCIA GRAY,DEM,1
16-17,HELEN GYM,DEM,17
16-17,JAMES M DELEON,DEM,0
16-17,JEFF BROWN,DEM,21
16-17,REBECCA RHYNHART,DEM,13
16-17,WARREN BLOOM,DEM,0
16-17,WRITE-IN,DEM,0
16-17,WRITE-IN,REP,0
16-18,ALLAN DOMB,DEM,19
16-18,AMEN  BROWN,DEM,3
16-18,CHERELLE L PARKER,DEM,62
16-18,DAVID OH,REP,1
16-18,DELSCIA GRAY,DEM,0
16-18,HELEN GYM,DEM,7
16-18,JAMES M DELEON,DEM,4
16-18,JEFF BROWN,DEM,14
16-18,REBECCA RHYNHART,DEM,13
16-18,WARREN BLOOM,DEM,0
16-18,WRITE-IN,DEM,0
16-18,WRITE-IN,REP,1
17-01,ALLAN DOMB,DEM,6
17-01,AMEN  BROWN,DEM,2
17-01,CHERELLE L PARKER,DEM,95
17-01,DAVID OH,REP,0
17-01,DELSCIA GRAY,DEM,1
17-01,HELEN GYM,DEM,12
17-01,JAMES M DELEON,DEM,0
17-01,JEFF BROWN,DEM,23
17-01,REBECCA RHYNHART,DEM,13
17-01,WARREN BLOOM,DEM,0
17-01,WRITE-IN,DEM,0
17-01,WRITE-IN,REP,0
17-02,ALLAN DOMB,DEM,3
17-02,AMEN  BROWN,DEM,2
17-02,CHERELLE L PARKER,DEM,107
17-02,DAVID OH,REP,0
17-02,DELSCIA GRAY,DEM,2
17-02,HELEN GYM,DEM,17
17-02,JAMES M DELEON,DEM,1
17-02,JEFF BROWN,DEM,12
17-02,REBECCA RHYNHART,DEM,10
17-02,WARREN BLOOM,DEM,0
17-02,WRITE-IN,DEM,0
17-02,WRITE-IN,REP,0
17-03,ALLAN DOMB,DEM,14
17-03,AMEN  BROWN,DEM,1
17-03,CHERELLE L PARKER,DEM,107
17-03,DAVID OH,REP,1
17-03,DELSCIA GRAY,DEM,0
17-03,HELEN GYM,DEM,21
17-03,JAMES M DELEON,DEM,2
17-03,JEFF BROWN,DEM,22
17-03,REBECCA RHYNHART,DEM,16
17-03,WARREN BLOOM,DEM,0
17-03,WRITE-IN,DEM,2
17-03,WRITE-IN,REP,0
17-04,ALLAN DOMB,DEM,12
17-04,AMEN  BROWN,DEM,3
17-04,CHERELLE L PARKER,DEM,86
17-04,DAVID OH,REP,12
17-04,DELSCIA GRAY,DEM,0
17-04,HELEN GYM,DEM,16
17-04,JAMES M DELEON,DEM,2
17-04,JEFF BROWN,DEM,26
17-04,REBECCA RHYNHART,DEM,10
17-04,WARREN BLOOM,DEM,0
17-04,WRITE-IN,DEM,0
17-04,WRITE-IN,REP,0
17-05,ALLAN DOMB,DEM,7
17-05,AMEN  BROWN,DEM,1
17-05,CHERELLE L PARKER,DEM,98
17-05,DAVID OH,REP,0
17-05,DELSCIA GRAY,DEM,0
17-05,HELEN GYM,DEM,8
17-05,JAMES M DELEON,DEM,0
17-05,JEFF BROWN,DEM,15
17-05,REBECCA RHYNHART,DEM,10
17-05,WARREN BLOOM,DEM,0
17-05,WRITE-IN,DEM,0
17-05,WRITE-IN,REP,0
17-06,ALLAN DOMB,DEM,6
17-06,AMEN  BROWN,DEM,2
17-06,CHERELLE L PARKER,DEM,73
17-06,DAVID OH,REP,0
17-06,DELSCIA GRAY,DEM,0
17-06,HELEN GYM,DEM,4
17-06,JAMES M DELEON,DEM,0
17-06,JEFF BROWN,DEM,15
17-06,REBECCA RHYNHART,DEM,10
17-06,WARREN BLOOM,DEM,0
17-06,WRITE-IN,DEM,0
17-06,WRITE-IN,REP,1
17-07,ALLAN DOMB,DEM,8
17-07,AMEN  BROWN,DEM,2
17-07,CHERELLE L PARKER,DEM,80
17-07,DAVID OH,REP,1
17-07,DELSCIA GRAY,DEM,0
17-07,HELEN GYM,DEM,7
17-07,JAMES M DELEON,DEM,0
17-07,JEFF BROWN,DEM,25
17-07,REBECCA RHYNHART,DEM,16
17-07,WARREN BLOOM,DEM,1
17-07,WRITE-IN,DEM,0
17-07,WRITE-IN,REP,0
17-08,ALLAN DOMB,DEM,8
17-08,AMEN  BROWN,DEM,4
17-08,CHERELLE L PARKER,DEM,79
17-08,DAVID OH,REP,1
17-08,DELSCIA GRAY,DEM,0
17-08,HELEN GYM,DEM,6
17-08,JAMES M DELEON,DEM,1
17-08,JEFF BROWN,DEM,16
17-08,REBECCA RHYNHART,DEM,3
17-08,WARREN BLOOM,DEM,0
17-08,WRITE-IN,DEM,0
17-08,WRITE-IN,REP,0
17-09,ALLAN DOMB,DEM,9
17-09,AMEN  BROWN,DEM,3
17-09,CHERELLE L PARKER,DEM,79
17-09,DAVID OH,REP,0
17-09,DELSCIA GRAY,DEM,1
17-09,HELEN GYM,DEM,6
17-09,JAMES M DELEON,DEM,1
17-09,JEFF BROWN,DEM,12
17-09,REBECCA RHYNHART,DEM,8
17-09,WARREN BLOOM,DEM,0
17-09,WRITE-IN,DEM,0
17-09,WRITE-IN,REP,0
17-10,ALLAN DOMB,DEM,9
17-10,AMEN  BROWN,DEM,6
17-10,CHERELLE L PARKER,DEM,105
17-10,DAVID OH,REP,5
17-10,DELSCIA GRAY,DEM,2
17-10,HELEN GYM,DEM,8
17-10,JAMES M DELEON,DEM,1
17-10,JEFF BROWN,DEM,41
17-10,REBECCA RHYNHART,DEM,14
17-10,WARREN BLOOM,DEM,1
17-10,WRITE-IN,DEM,0
17-10,WRITE-IN,REP,0
17-11,ALLAN DOMB,DEM,14
17-11,AMEN  BROWN,DEM,4
17-11,CHERELLE L PARKER,DEM,87
17-11,DAVID OH,REP,1
17-11,DELSCIA GRAY,DEM,1
17-11,HELEN GYM,DEM,10
17-11,JAMES M DELEON,DEM,1
17-11,JEFF BROWN,DEM,24
17-11,REBECCA RHYNHART,DEM,10
17-11,WARREN BLOOM,DEM,0
17-11,WRITE-IN,DEM,0
17-11,WRITE-IN,REP,0
17-12,ALLAN DOMB,DEM,13
17-12,AMEN  BROWN,DEM,6
17-12,CHERELLE L PARKER,DEM,117
17-12,DAVID OH,REP,1
17-12,DELSCIA GRAY,DEM,0
17-12,HELEN GYM,DEM,8
17-12,JAMES M DELEON,DEM,4
17-12,JEFF BROWN,DEM,27
17-12,REBECCA RHYNHART,DEM,14
17-12,WARREN BLOOM,DEM,0
17-12,WRITE-IN,DEM,0
17-12,WRITE-IN,REP,0
17-13,ALLAN DOMB,DEM,8
17-13,AMEN  BROWN,DEM,3
17-13,CHERELLE L PARKER,DEM,87
17-13,DAVID OH,REP,2
17-13,DELSCIA GRAY,DEM,0
17-13,HELEN GYM,DEM,6
17-13,JAMES M DELEON,DEM,2
17-13,JEFF BROWN,DEM,20
17-13,REBECCA RHYNHART,DEM,13
17-13,WARREN BLOOM,DEM,1
17-13,WRITE-IN,DEM,0
17-13,WRITE-IN,REP,0
17-14,ALLAN DOMB,DEM,17
17-14,AMEN  BROWN,DEM,3
17-14,CHERELLE L PARKER,DEM,109
17-14,DAVID OH,REP,2
17-14,DELSCIA GRAY,DEM,0
17-14,HELEN GYM,DEM,12
17-14,JAMES M DELEON,DEM,4
17-14,JEFF BROWN,DEM,30
17-14,REBECCA RHYNHART,DEM,5
17-14,WARREN BLOOM,DEM,0
17-14,WRITE-IN,DEM,0
17-14,WRITE-IN,REP,0
17-15,ALLAN DOMB,DEM,4
17-15,AMEN  BROWN,DEM,4
17-15,CHERELLE L PARKER,DEM,83
17-15,DAVID OH,REP,3
17-15,DELSCIA GRAY,DEM,1
17-15,HELEN GYM,DEM,7
17-15,JAMES M DELEON,DEM,1
17-15,JEFF BROWN,DEM,16
17-15,REBECCA RHYNHART,DEM,9
17-15,WARREN BLOOM,DEM,1
17-15,WRITE-IN,DEM,0
17-15,WRITE-IN,REP,0
17-16,ALLAN DOMB,DEM,10
17-16,AMEN  BROWN,DEM,1
17-16,CHERELLE L PARKER,DEM,56
17-16,DAVID OH,REP,0
17-16,DELSCIA GRAY,DEM,1
17-16,HELEN GYM,DEM,7
17-16,JAMES M DELEON,DEM,2
17-16,JEFF BROWN,DEM,13
17-16,REBECCA RHYNHART,DEM,4
17-16,WARREN BLOOM,DEM,1
17-16,WRITE-IN,DEM,0
17-16,WRITE-IN,REP,0
17-17,ALLAN DOMB,DEM,7
17-17,AMEN  BROWN,DEM,1
17-17,CHERELLE L PARKER,DEM,77
17-17,DAVID OH,REP,0
17-17,DELSCIA GRAY,DEM,2
17-17,HELEN GYM,DEM,8
17-17,JAMES M DELEON,DEM,2
17-17,JEFF BROWN,DEM,19
17-17,REBECCA RHYNHART,DEM,10
17-17,WARREN BLOOM,DEM,0
17-17,WRITE-IN,DEM,0
17-17,WRITE-IN,REP,0
17-18,ALLAN DOMB,DEM,3
17-18,AMEN  BROWN,DEM,4
17-18,CHERELLE L PARKER,DEM,96
17-18,DAVID OH,REP,0
17-18,DELSCIA GRAY,DEM,0
17-18,HELEN GYM,DEM,13
17-18,JAMES M DELEON,DEM,4
17-18,JEFF BROWN,DEM,16
17-18,REBECCA RHYNHART,DEM,15
17-18,WARREN BLOOM,DEM,0
17-18,WRITE-IN,DEM,0
17-18,WRITE-IN,REP,0
17-19,ALLAN DOMB,DEM,5
17-19,AMEN  BROWN,DEM,4
17-19,CHERELLE L PARKER,DEM,103
17-19,DAVID OH,REP,0
17-19,DELSCIA GRAY,DEM,0
17-19,HELEN GYM,DEM,12
17-19,JAMES M DELEON,DEM,2
17-19,JEFF BROWN,DEM,16
17-19,REBECCA RHYNHART,DEM,14
17-19,WARREN BLOOM,DEM,0
17-19,WRITE-IN,DEM,0
17-19,WRITE-IN,REP,0
17-20,ALLAN DOMB,DEM,17
17-20,AMEN  BROWN,DEM,4
17-20,CHERELLE L PARKER,DEM,86
17-20,DAVID OH,REP,0
17-20,DELSCIA GRAY,DEM,0
17-20,HELEN GYM,DEM,16
17-20,JAMES M DELEON,DEM,1
17-20,JEFF BROWN,DEM,16
17-20,REBECCA RHYNHART,DEM,12
17-20,WARREN BLOOM,DEM,1
17-20,WRITE-IN,DEM,0
17-20,WRITE-IN,REP,1
17-21,ALLAN DOMB,DEM,12
17-21,AMEN  BROWN,DEM,2
17-21,CHERELLE L PARKER,DEM,130
17-21,DAVID OH,REP,0
17-21,DELSCIA GRAY,DEM,1
17-21,HELEN GYM,DEM,11
17-21,JAMES M DELEON,DEM,4
17-21,JEFF BROWN,DEM,27
17-21,REBECCA RHYNHART,DEM,16
17-21,WARREN BLOOM,DEM,1
17-21,WRITE-IN,DEM,0
17-21,WRITE-IN,REP,0
17-22,ALLAN DOMB,DEM,9
17-22,AMEN  BROWN,DEM,3
17-22,CHERELLE L PARKER,DEM,119
17-22,DAVID OH,REP,3
17-22,DELSCIA GRAY,DEM,0
17-22,HELEN GYM,DEM,21
17-22,JAMES M DELEON,DEM,0
17-22,JEFF BROWN,DEM,24
17-22,REBECCA RHYNHART,DEM,21
17-22,WARREN BLOOM,DEM,0
17-22,WRITE-IN,DEM,0
17-22,WRITE-IN,REP,0
17-23,ALLAN DOMB,DEM,10
17-23,AMEN  BROWN,DEM,2
17-23,CHERELLE L PARKER,DEM,54
17-23,DAVID OH,REP,2
17-23,DELSCIA GRAY,DEM,1
17-23,HELEN GYM,DEM,12
17-23,JAMES M DELEON,DEM,0
17-23,JEFF BROWN,DEM,9
17-23,REBECCA RHYNHART,DEM,11
17-23,WARREN BLOOM,DEM,0
17-23,WRITE-IN,DEM,0
17-23,WRITE-IN,REP,0
17-24,ALLAN DOMB,DEM,16
17-24,AMEN  BROWN,DEM,20
17-24,CHERELLE L PARKER,DEM,70
17-24,DAVID OH,REP,2
17-24,DELSCIA GRAY,DEM,1
17-24,HELEN GYM,DEM,11
17-24,JAMES M DELEON,DEM,0
17-24,JEFF BROWN,DEM,29
17-24,REBECCA RHYNHART,DEM,5
17-24,WARREN BLOOM,DEM,0
17-24,WRITE-IN,DEM,0
17-24,WRITE-IN,REP,1
17-25,ALLAN DOMB,DEM,6
17-25,AMEN  BROWN,DEM,8
17-25,CHERELLE L PARKER,DEM,69
17-25,DAVID OH,REP,1
17-25,DELSCIA GRAY,DEM,0
17-25,HELEN GYM,DEM,10
17-25,JAMES M DELEON,DEM,0
17-25,JEFF BROWN,DEM,11
17-25,REBECCA RHYNHART,DEM,9
17-25,WARREN BLOOM,DEM,1
17-25,WRITE-IN,DEM,0
17-25,WRITE-IN,REP,0
17-26,ALLAN DOMB,DEM,4
17-26,AMEN  BROWN,DEM,1
17-26,CHERELLE L PARKER,DEM,25
17-26,DAVID OH,REP,0
17-26,DELSCIA GRAY,DEM,0
17-26,HELEN GYM,DEM,4
17-26,JAMES M DELEON,DEM,0
17-26,JEFF BROWN,DEM,5
17-26,REBECCA RHYNHART,DEM,6
17-26,WARREN BLOOM,DEM,0
17-26,WRITE-IN,DEM,0
17-26,WRITE-IN,REP,0
17-27,ALLAN DOMB,DEM,7
17-27,AMEN  BROWN,DEM,2
17-27,CHERELLE L PARKER,DEM,84
17-27,DAVID OH,REP,0
17-27,DELSCIA GRAY,DEM,0
17-27,HELEN GYM,DEM,9
17-27,JAMES M DELEON,DEM,2
17-27,JEFF BROWN,DEM,22
17-27,REBECCA RHYNHART,DEM,6
17-27,WARREN BLOOM,DEM,1
17-27,WRITE-IN,DEM,0
17-27,WRITE-IN,REP,0
17-28,ALLAN DOMB,DEM,4
17-28,AMEN  BROWN,DEM,2
17-28,CHERELLE L PARKER,DEM,68
17-28,DAVID OH,REP,0
17-28,DELSCIA GRAY,DEM,0
17-28,HELEN GYM,DEM,7
17-28,JAMES M DELEON,DEM,1
17-28,JEFF BROWN,DEM,11
17-28,REBECCA RHYNHART,DEM,9
17-28,WARREN BLOOM,DEM,1
17-28,WRITE-IN,DEM,0
17-28,WRITE-IN,REP,0
17-29,ALLAN DOMB,DEM,8
17-29,AMEN  BROWN,DEM,11
17-29,CHERELLE L PARKER,DEM,79
17-29,DAVID OH,REP,0
17-29,DELSCIA GRAY,DEM,0
17-29,HELEN GYM,DEM,12
17-29,JAMES M DELEON,DEM,1
17-29,JEFF BROWN,DEM,15
17-29,REBECCA RHYNHART,DEM,5
17-29,WARREN BLOOM,DEM,0
17-29,WRITE-IN,DEM,0
17-29,WRITE-IN,REP,0
18-01,ALLAN DOMB,DEM,18
18-01,AMEN  BROWN,DEM,1
18-01,CHERELLE L PARKER,DEM,15
18-01,DAVID OH,REP,0
18-01,DELSCIA GRAY,DEM,0
18-01,HELEN GYM,DEM,106
18-01,JAMES M DELEON,DEM,2
18-01,JEFF BROWN,DEM,9
18-01,REBECCA RHYNHART,DEM,98
18-01,WARREN BLOOM,DEM,0
18-01,WRITE-IN,DEM,0
18-01,WRITE-IN,REP,1
18-02,ALLAN DOMB,DEM,16
18-02,AMEN  BROWN,DEM,1
18-02,CHERELLE L PARKER,DEM,13
18-02,DAVID OH,REP,3
18-02,DELSCIA GRAY,DEM,0
18-02,HELEN GYM,DEM,64
18-02,JAMES M DELEON,DEM,0
18-02,JEFF BROWN,DEM,4
18-02,REBECCA RHYNHART,DEM,89
18-02,WARREN BLOOM,DEM,0
18-02,WRITE-IN,DEM,0
18-02,WRITE-IN,REP,1
18-03,ALLAN DOMB,DEM,9
18-03,AMEN  BROWN,DEM,0
18-03,CHERELLE L PARKER,DEM,37
18-03,DAVID OH,REP,3
18-03,DELSCIA GRAY,DEM,0
18-03,HELEN GYM,DEM,18
18-03,JAMES M DELEON,DEM,1
18-03,JEFF BROWN,DEM,1
18-03,REBECCA RHYNHART,DEM,8
18-03,WARREN BLOOM,DEM,1
18-03,WRITE-IN,DEM,0
18-03,WRITE-IN,REP,2
18-04,ALLAN DOMB,DEM,28
18-04,AMEN  BROWN,DEM,0
18-04,CHERELLE L PARKER,DEM,16
18-04,DAVID OH,REP,6
18-04,DELSCIA GRAY,DEM,0
18-04,HELEN GYM,DEM,80
18-04,JAMES M DELEON,DEM,0
18-04,JEFF BROWN,DEM,11
18-04,REBECCA RHYNHART,DEM,85
18-04,WARREN BLOOM,DEM,0
18-04,WRITE-IN,DEM,1
18-04,WRITE-IN,REP,1
18-05,ALLAN DOMB,DEM,34
18-05,AMEN  BROWN,DEM,1
18-05,CHERELLE L PARKER,DEM,14
18-05,DAVID OH,REP,22
18-05,DELSCIA GRAY,DEM,0
18-05,HELEN GYM,DEM,76
18-05,JAMES M DELEON,DEM,0
18-05,JEFF BROWN,DEM,12
18-05,REBECCA RHYNHART,DEM,123
18-05,WARREN BLOOM,DEM,0
18-05,WRITE-IN,DEM,0
18-05,WRITE-IN,REP,0
18-06,ALLAN DOMB,DEM,28
18-06,AMEN  BROWN,DEM,0
18-06,CHERELLE L PARKER,DEM,23
18-06,DAVID OH,REP,13
18-06,DELSCIA GRAY,DEM,0
18-06,HELEN GYM,DEM,121
18-06,JAMES M DELEON,DEM,0
18-06,JEFF BROWN,DEM,5
18-06,REBECCA RHYNHART,DEM,97
18-06,WARREN BLOOM,DEM,0
18-06,WRITE-IN,DEM,0
18-06,WRITE-IN,REP,1
18-07,ALLAN DOMB,DEM,27
18-07,AMEN  BROWN,DEM,1
18-07,CHERELLE L PARKER,DEM,18
18-07,DAVID OH,REP,7
18-07,DELSCIA GRAY,DEM,0
18-07,HELEN GYM,DEM,133
18-07,JAMES M DELEON,DEM,0
18-07,JEFF BROWN,DEM,4
18-07,REBECCA RHYNHART,DEM,109
18-07,WARREN BLOOM,DEM,0
18-07,WRITE-IN,DEM,0
18-07,WRITE-IN,REP,1
18-08,ALLAN DOMB,DEM,9
18-08,AMEN  BROWN,DEM,0
18-08,CHERELLE L PARKER,DEM,15
18-08,DAVID OH,REP,0
18-08,DELSCIA GRAY,DEM,1
18-08,HELEN GYM,DEM,24
18-08,JAMES M DELEON,DEM,0
18-08,JEFF BROWN,DEM,2
18-08,REBECCA RHYNHART,DEM,7
18-08,WARREN BLOOM,DEM,0
18-08,WRITE-IN,DEM,0
18-08,WRITE-IN,REP,0
18-09,ALLAN DOMB,DEM,21
18-09,AMEN  BROWN,DEM,3
18-09,CHERELLE L PARKER,DEM,44
18-09,DAVID OH,REP,5
18-09,DELSCIA GRAY,DEM,0
18-09,HELEN GYM,DEM,96
18-09,JAMES M DELEON,DEM,1
18-09,JEFF BROWN,DEM,6
18-09,REBECCA RHYNHART,DEM,75
18-09,WARREN BLOOM,DEM,1
18-09,WRITE-IN,DEM,1
18-09,WRITE-IN,REP,3
18-10,ALLAN DOMB,DEM,25
18-10,AMEN  BROWN,DEM,1
18-10,CHERELLE L PARKER,DEM,11
18-10,DAVID OH,REP,12
18-10,DELSCIA GRAY,DEM,0
18-10,HELEN GYM,DEM,125
18-10,JAMES M DELEON,DEM,0
18-10,JEFF BROWN,DEM,7
18-10,REBECCA RHYNHART,DEM,94
18-10,WARREN BLOOM,DEM,0
18-10,WRITE-IN,DEM,0
18-10,WRITE-IN,REP,0
18-11,ALLAN DOMB,DEM,20
18-11,AMEN  BROWN,DEM,0
18-11,CHERELLE L PARKER,DEM,14
18-11,DAVID OH,REP,6
18-11,DELSCIA GRAY,DEM,0
18-11,HELEN GYM,DEM,100
18-11,JAMES M DELEON,DEM,0
18-11,JEFF BROWN,DEM,9
18-11,REBECCA RHYNHART,DEM,93
18-11,WARREN BLOOM,DEM,1
18-11,WRITE-IN,DEM,0
18-11,WRITE-IN,REP,0
18-12,ALLAN DOMB,DEM,20
18-12,AMEN  BROWN,DEM,1
18-12,CHERELLE L PARKER,DEM,19
18-12,DAVID OH,REP,15
18-12,DELSCIA GRAY,DEM,0
18-12,HELEN GYM,DEM,110
18-12,JAMES M DELEON,DEM,0
18-12,JEFF BROWN,DEM,6
18-12,REBECCA RHYNHART,DEM,93
18-12,WARREN BLOOM,DEM,0
18-12,WRITE-IN,DEM,0
18-12,WRITE-IN,REP,0
18-13,ALLAN DOMB,DEM,6
18-13,AMEN  BROWN,DEM,6
18-13,CHERELLE L PARKER,DEM,28
18-13,DAVID OH,REP,5
18-13,DELSCIA GRAY,DEM,2
18-13,HELEN GYM,DEM,48
18-13,JAMES M DELEON,DEM,1
18-13,JEFF BROWN,DEM,9
18-13,REBECCA RHYNHART,DEM,19
18-13,WARREN BLOOM,DEM,0
18-13,WRITE-IN,DEM,0
18-13,WRITE-IN,REP,1
18-14,ALLAN DOMB,DEM,20
18-14,AMEN  BROWN,DEM,3
18-14,CHERELLE L PARKER,DEM,38
18-14,DAVID OH,REP,1
18-14,DELSCIA GRAY,DEM,0
18-14,HELEN GYM,DEM,95
18-14,JAMES M DELEON,DEM,0
18-14,JEFF BROWN,DEM,6
18-14,REBECCA RHYNHART,DEM,72
18-14,WARREN BLOOM,DEM,1
18-14,WRITE-IN,DEM,0
18-14,WRITE-IN,REP,0
18-15,ALLAN DOMB,DEM,20
18-15,AMEN  BROWN,DEM,1
18-15,CHERELLE L PARKER,DEM,29
18-15,DAVID OH,REP,3
18-15,DELSCIA GRAY,DEM,0
18-15,HELEN GYM,DEM,88
18-15,JAMES M DELEON,DEM,0
18-15,JEFF BROWN,DEM,5
18-15,REBECCA RHYNHART,DEM,38
18-15,WARREN BLOOM,DEM,2
18-15,WRITE-IN,DEM,0
18-15,WRITE-IN,REP,0
18-16,ALLAN DOMB,DEM,11
18-16,AMEN  BROWN,DEM,2
18-16,CHERELLE L PARKER,DEM,18
18-16,DAVID OH,REP,9
18-16,DELSCIA GRAY,DEM,1
18-16,HELEN GYM,DEM,104
18-16,JAMES M DELEON,DEM,1
18-16,JEFF BROWN,DEM,12
18-16,REBECCA RHYNHART,DEM,82
18-16,WARREN BLOOM,DEM,0
18-16,WRITE-IN,DEM,0
18-16,WRITE-IN,REP,0
18-17,ALLAN DOMB,DEM,25
18-17,AMEN  BROWN,DEM,0
18-17,CHERELLE L PARKER,DEM,51
18-17,DAVID OH,REP,3
18-17,DELSCIA GRAY,DEM,0
18-17,HELEN GYM,DEM,122
18-17,JAMES M DELEON,DEM,0
18-17,JEFF BROWN,DEM,14
18-17,REBECCA RHYNHART,DEM,89
18-17,WARREN BLOOM,DEM,0
18-17,WRITE-IN,DEM,0
18-17,WRITE-IN,REP,3
18-18,ALLAN DOMB,DEM,30
18-18,AMEN  BROWN,DEM,0
18-18,CHERELLE L PARKER,DEM,32
18-18,DAVID OH,REP,15
18-18,DELSCIA GRAY,DEM,0
18-18,HELEN GYM,DEM,139
18-18,JAMES M DELEON,DEM,2
18-18,JEFF BROWN,DEM,13
18-18,REBECCA RHYNHART,DEM,115
18-18,WARREN BLOOM,DEM,0
18-18,WRITE-IN,DEM,0
18-18,WRITE-IN,REP,0
18-19,ALLAN DOMB,DEM,14
18-19,AMEN  BROWN,DEM,1
18-19,CHERELLE L PARKER,DEM,7
18-19,DAVID OH,REP,10
18-19,DELSCIA GRAY,DEM,0
18-19,HELEN GYM,DEM,110
18-19,JAMES M DELEON,DEM,0
18-19,JEFF BROWN,DEM,4
18-19,REBECCA RHYNHART,DEM,100
18-19,WARREN BLOOM,DEM,0
18-19,WRITE-IN,DEM,1
18-19,WRITE-IN,REP,0
19-01,ALLAN DOMB,DEM,1
19-01,AMEN  BROWN,DEM,1
19-01,CHERELLE L PARKER,DEM,31
19-01,DAVID OH,REP,0
19-01,DELSCIA GRAY,DEM,0
19-01,HELEN GYM,DEM,4
19-01,JAMES M DELEON,DEM,2
19-01,JEFF BROWN,DEM,6
19-01,REBECCA RHYNHART,DEM,1
19-01,WARREN BLOOM,DEM,0
19-01,WRITE-IN,DEM,0
19-01,WRITE-IN,REP,0
19-02,ALLAN DOMB,DEM,4
19-02,AMEN  BROWN,DEM,2
19-02,CHERELLE L PARKER,DEM,50
19-02,DAVID OH,REP,2
19-02,DELSCIA GRAY,DEM,0
19-02,HELEN GYM,DEM,8
19-02,JAMES M DELEON,DEM,0
19-02,JEFF BROWN,DEM,2
19-02,REBECCA RHYNHART,DEM,2
19-02,WARREN BLOOM,DEM,1
19-02,WRITE-IN,DEM,0
19-02,WRITE-IN,REP,0
19-03,ALLAN DOMB,DEM,5
19-03,AMEN  BROWN,DEM,0
19-03,CHERELLE L PARKER,DEM,27
19-03,DAVID OH,REP,1
19-03,DELSCIA GRAY,DEM,0
19-03,HELEN GYM,DEM,0
19-03,JAMES M DELEON,DEM,1
19-03,JEFF BROWN,DEM,2
19-03,REBECCA RHYNHART,DEM,3
19-03,WARREN BLOOM,DEM,0
19-03,WRITE-IN,DEM,0
19-03,WRITE-IN,REP,0
19-04,ALLAN DOMB,DEM,2
19-04,AMEN  BROWN,DEM,1
19-04,CHERELLE L PARKER,DEM,8
19-04,DAVID OH,REP,0
19-04,DELSCIA GRAY,DEM,1
19-04,HELEN GYM,DEM,4
19-04,JAMES M DELEON,DEM,1
19-04,JEFF BROWN,DEM,3
19-04,REBECCA RHYNHART,DEM,1
19-04,WARREN BLOOM,DEM,0
19-04,WRITE-IN,DEM,0
19-04,WRITE-IN,REP,0
19-05,ALLAN DOMB,DEM,5
19-05,AMEN  BROWN,DEM,2
19-05,CHERELLE L PARKER,DEM,20
19-05,DAVID OH,REP,1
19-05,DELSCIA GRAY,DEM,0
19-05,HELEN GYM,DEM,5
19-05,JAMES M DELEON,DEM,0
19-05,JEFF BROWN,DEM,2
19-05,REBECCA RHYNHART,DEM,3
19-05,WARREN BLOOM,DEM,0
19-05,WRITE-IN,DEM,0
19-05,WRITE-IN,REP,0
19-06,ALLAN DOMB,DEM,10
19-06,AMEN  BROWN,DEM,0
19-06,CHERELLE L PARKER,DEM,28
19-06,DAVID OH,REP,0
19-06,DELSCIA GRAY,DEM,1
19-06,HELEN GYM,DEM,3
19-06,JAMES M DELEON,DEM,1
19-06,JEFF BROWN,DEM,0
19-06,REBECCA RHYNHART,DEM,2
19-06,WARREN BLOOM,DEM,1
19-06,WRITE-IN,DEM,0
19-06,WRITE-IN,REP,0
19-07,ALLAN DOMB,DEM,5
19-07,AMEN  BROWN,DEM,2
19-07,CHERELLE L PARKER,DEM,24
19-07,DAVID OH,REP,1
19-07,DELSCIA GRAY,DEM,1
19-07,HELEN GYM,DEM,1
19-07,JAMES M DELEON,DEM,2
19-07,JEFF BROWN,DEM,3
19-07,REBECCA RHYNHART,DEM,5
19-07,WARREN BLOOM,DEM,0
19-07,WRITE-IN,DEM,0
19-07,WRITE-IN,REP,1
19-08,ALLAN DOMB,DEM,9
19-08,AMEN  BROWN,DEM,1
19-08,CHERELLE L PARKER,DEM,27
19-08,DAVID OH,REP,2
19-08,DELSCIA GRAY,DEM,0
19-08,HELEN GYM,DEM,5
19-08,JAMES M DELEON,DEM,0
19-08,JEFF BROWN,DEM,3
19-08,REBECCA RHYNHART,DEM,10
19-08,WARREN BLOOM,DEM,1
19-08,WRITE-IN,DEM,0
19-08,WRITE-IN,REP,1
19-09,ALLAN DOMB,DEM,8
19-09,AMEN  BROWN,DEM,1
19-09,CHERELLE L PARKER,DEM,20
19-09,DAVID OH,REP,4
19-09,DELSCIA GRAY,DEM,2
19-09,HELEN GYM,DEM,5
19-09,JAMES M DELEON,DEM,3
19-09,JEFF BROWN,DEM,3
19-09,REBECCA RHYNHART,DEM,4
19-09,WARREN BLOOM,DEM,0
19-09,WRITE-IN,DEM,0
19-09,WRITE-IN,REP,0
19-10,ALLAN DOMB,DEM,9
19-10,AMEN  BROWN,DEM,0
19-10,CHERELLE L PARKER,DEM,46
19-10,DAVID OH,REP,4
19-10,DELSCIA GRAY,DEM,1
19-10,HELEN GYM,DEM,32
19-10,JAMES M DELEON,DEM,4
19-10,JEFF BROWN,DEM,6
19-10,REBECCA RHYNHART,DEM,32
19-10,WARREN BLOOM,DEM,1
19-10,WRITE-IN,DEM,0
19-10,WRITE-IN,REP,0
19-11,ALLAN DOMB,DEM,5
19-11,AMEN  BROWN,DEM,1
19-11,CHERELLE L PARKER,DEM,30
19-11,DAVID OH,REP,2
19-11,DELSCIA GRAY,DEM,1
19-11,HELEN GYM,DEM,17
19-11,JAMES M DELEON,DEM,2
19-11,JEFF BROWN,DEM,3
19-11,REBECCA RHYNHART,DEM,6
19-11,WARREN BLOOM,DEM,0
19-11,WRITE-IN,DEM,0
19-11,WRITE-IN,REP,0
19-12,ALLAN DOMB,DEM,9
19-12,AMEN  BROWN,DEM,1
19-12,CHERELLE L PARKER,DEM,37
19-12,DAVID OH,REP,2
19-12,DELSCIA GRAY,DEM,0
19-12,HELEN GYM,DEM,40
19-12,JAMES M DELEON,DEM,2
19-12,JEFF BROWN,DEM,1
19-12,REBECCA RHYNHART,DEM,6
19-12,WARREN BLOOM,DEM,0
19-12,WRITE-IN,DEM,0
19-12,WRITE-IN,REP,0
19-13,ALLAN DOMB,DEM,3
19-13,AMEN  BROWN,DEM,3
19-13,CHERELLE L PARKER,DEM,47
19-13,DAVID OH,REP,1
19-13,DELSCIA GRAY,DEM,0
19-13,HELEN GYM,DEM,9
19-13,JAMES M DELEON,DEM,0
19-13,JEFF BROWN,DEM,2
19-13,REBECCA RHYNHART,DEM,8
19-13,WARREN BLOOM,DEM,1
19-13,WRITE-IN,DEM,0
19-13,WRITE-IN,REP,0
19-14,ALLAN DOMB,DEM,2
19-14,AMEN  BROWN,DEM,0
19-14,CHERELLE L PARKER,DEM,8
19-14,DAVID OH,REP,1
19-14,DELSCIA GRAY,DEM,0
19-14,HELEN GYM,DEM,8
19-14,JAMES M DELEON,DEM,0
19-14,JEFF BROWN,DEM,1
19-14,REBECCA RHYNHART,DEM,9
19-14,WARREN BLOOM,DEM,0
19-14,WRITE-IN,DEM,0
19-14,WRITE-IN,REP,0
19-15,ALLAN DOMB,DEM,6
19-15,AMEN  BROWN,DEM,0
19-15,CHERELLE L PARKER,DEM,23
19-15,DAVID OH,REP,1
19-15,DELSCIA GRAY,DEM,0
19-15,HELEN GYM,DEM,5
19-15,JAMES M DELEON,DEM,0
19-15,JEFF BROWN,DEM,9
19-15,REBECCA RHYNHART,DEM,7
19-15,WARREN BLOOM,DEM,0
19-15,WRITE-IN,DEM,0
19-15,WRITE-IN,REP,1
19-16,ALLAN DOMB,DEM,13
19-16,AMEN  BROWN,DEM,0
19-16,CHERELLE L PARKER,DEM,33
19-16,DAVID OH,REP,4
19-16,DELSCIA GRAY,DEM,1
19-16,HELEN GYM,DEM,10
19-16,JAMES M DELEON,DEM,0
19-16,JEFF BROWN,DEM,6
19-16,REBECCA RHYNHART,DEM,7
19-16,WARREN BLOOM,DEM,0
19-16,WRITE-IN,DEM,0
19-16,WRITE-IN,REP,0
19-17,ALLAN DOMB,DEM,4
19-17,AMEN  BROWN,DEM,0
19-17,CHERELLE L PARKER,DEM,26
19-17,DAVID OH,REP,1
19-17,DELSCIA GRAY,DEM,0
19-17,HELEN GYM,DEM,10
19-17,JAMES M DELEON,DEM,1
19-17,JEFF BROWN,DEM,0
19-17,REBECCA RHYNHART,DEM,7
19-17,WARREN BLOOM,DEM,0
19-17,WRITE-IN,DEM,0
19-17,WRITE-IN,REP,0
19-18,ALLAN DOMB,DEM,5
19-18,AMEN  BROWN,DEM,0
19-18,CHERELLE L PARKER,DEM,44
19-18,DAVID OH,REP,1
19-18,DELSCIA GRAY,DEM,0
19-18,HELEN GYM,DEM,5
19-18,JAMES M DELEON,DEM,1
19-18,JEFF BROWN,DEM,3
19-18,REBECCA RHYNHART,DEM,7
19-18,WARREN BLOOM,DEM,0
19-18,WRITE-IN,DEM,0
19-18,WRITE-IN,REP,0
19-19,ALLAN DOMB,DEM,10
19-19,AMEN  BROWN,DEM,2
19-19,CHERELLE L PARKER,DEM,16
19-19,DAVID OH,REP,0
19-19,DELSCIA GRAY,DEM,0
19-19,HELEN GYM,DEM,12
19-19,JAMES M DELEON,DEM,0
19-19,JEFF BROWN,DEM,2
19-19,REBECCA RHYNHART,DEM,13
19-19,WARREN BLOOM,DEM,0
19-19,WRITE-IN,DEM,0
19-19,WRITE-IN,REP,0
20-01,ALLAN DOMB,DEM,9
20-01,AMEN  BROWN,DEM,4
20-01,CHERELLE L PARKER,DEM,44
20-01,DAVID OH,REP,1
20-01,DELSCIA GRAY,DEM,0
20-01,HELEN GYM,DEM,32
20-01,JAMES M DELEON,DEM,2
20-01,JEFF BROWN,DEM,6
20-01,REBECCA RHYNHART,DEM,9
20-01,WARREN BLOOM,DEM,1
20-01,WRITE-IN,DEM,0
20-01,WRITE-IN,REP,0
20-02,ALLAN DOMB,DEM,5
20-02,AMEN  BROWN,DEM,0
20-02,CHERELLE L PARKER,DEM,35
20-02,DAVID OH,REP,0
20-02,DELSCIA GRAY,DEM,0
20-02,HELEN GYM,DEM,16
20-02,JAMES M DELEON,DEM,0
20-02,JEFF BROWN,DEM,8
20-02,REBECCA RHYNHART,DEM,16
20-02,WARREN BLOOM,DEM,0
20-02,WRITE-IN,DEM,0
20-02,WRITE-IN,REP,0
20-03,ALLAN DOMB,DEM,9
20-03,AMEN  BROWN,DEM,1
20-03,CHERELLE L PARKER,DEM,88
20-03,DAVID OH,REP,3
20-03,DELSCIA GRAY,DEM,0
20-03,HELEN GYM,DEM,14
20-03,JAMES M DELEON,DEM,0
20-03,JEFF BROWN,DEM,22
20-03,REBECCA RHYNHART,DEM,19
20-03,WARREN BLOOM,DEM,1
20-03,WRITE-IN,DEM,0
20-03,WRITE-IN,REP,0
20-04,ALLAN DOMB,DEM,7
20-04,AMEN  BROWN,DEM,1
20-04,CHERELLE L PARKER,DEM,98
20-04,DAVID OH,REP,1
20-04,DELSCIA GRAY,DEM,0
20-04,HELEN GYM,DEM,12
20-04,JAMES M DELEON,DEM,0
20-04,JEFF BROWN,DEM,8
20-04,REBECCA RHYNHART,DEM,13
20-04,WARREN BLOOM,DEM,0
20-04,WRITE-IN,DEM,0
20-04,WRITE-IN,REP,0
20-05,ALLAN DOMB,DEM,3
20-05,AMEN  BROWN,DEM,1
20-05,CHERELLE L PARKER,DEM,21
20-05,DAVID OH,REP,1
20-05,DELSCIA GRAY,DEM,1
20-05,HELEN GYM,DEM,6
20-05,JAMES M DELEON,DEM,0
20-05,JEFF BROWN,DEM,1
20-05,REBECCA RHYNHART,DEM,3
20-05,WARREN BLOOM,DEM,0
20-05,WRITE-IN,DEM,0
20-05,WRITE-IN,REP,1
20-06,ALLAN DOMB,DEM,12
20-06,AMEN  BROWN,DEM,2
20-06,CHERELLE L PARKER,DEM,129
20-06,DAVID OH,REP,0
20-06,DELSCIA GRAY,DEM,0
20-06,HELEN GYM,DEM,26
20-06,JAMES M DELEON,DEM,1
20-06,JEFF BROWN,DEM,20
20-06,REBECCA RHYNHART,DEM,22
20-06,WARREN BLOOM,DEM,0
20-06,WRITE-IN,DEM,0
20-06,WRITE-IN,REP,0
20-07,ALLAN DOMB,DEM,10
20-07,AMEN  BROWN,DEM,4
20-07,CHERELLE L PARKER,DEM,80
20-07,DAVID OH,REP,0
20-07,DELSCIA GRAY,DEM,0
20-07,HELEN GYM,DEM,8
20-07,JAMES M DELEON,DEM,3
20-07,JEFF BROWN,DEM,20
20-07,REBECCA RHYNHART,DEM,7
20-07,WARREN BLOOM,DEM,1
20-07,WRITE-IN,DEM,0
20-07,WRITE-IN,REP,0
20-08,ALLAN DOMB,DEM,4
20-08,AMEN  BROWN,DEM,3
20-08,CHERELLE L PARKER,DEM,23
20-08,DAVID OH,REP,2
20-08,DELSCIA GRAY,DEM,0
20-08,HELEN GYM,DEM,29
20-08,JAMES M DELEON,DEM,1
20-08,JEFF BROWN,DEM,5
20-08,REBECCA RHYNHART,DEM,11
20-08,WARREN BLOOM,DEM,0
20-08,WRITE-IN,DEM,0
20-08,WRITE-IN,REP,0
20-09,ALLAN DOMB,DEM,4
20-09,AMEN  BROWN,DEM,1
20-09,CHERELLE L PARKER,DEM,18
20-09,DAVID OH,REP,0
20-09,DELSCIA GRAY,DEM,0
20-09,HELEN GYM,DEM,11
20-09,JAMES M DELEON,DEM,1
20-09,JEFF BROWN,DEM,8
20-09,REBECCA RHYNHART,DEM,4
20-09,WARREN BLOOM,DEM,0
20-09,WRITE-IN,DEM,0
20-09,WRITE-IN,REP,0
20-10,ALLAN DOMB,DEM,4
20-10,AMEN  BROWN,DEM,4
20-10,CHERELLE L PARKER,DEM,39
20-10,DAVID OH,REP,0
20-10,DELSCIA GRAY,DEM,1
20-10,HELEN GYM,DEM,14
20-10,JAMES M DELEON,DEM,0
20-10,JEFF BROWN,DEM,10
20-10,REBECCA RHYNHART,DEM,9
20-10,WARREN BLOOM,DEM,1
20-10,WRITE-IN,DEM,0
20-10,WRITE-IN,REP,1
20-11,ALLAN DOMB,DEM,0
20-11,AMEN  BROWN,DEM,0
20-11,CHERELLE L PARKER,DEM,6
20-11,DAVID OH,REP,0
20-11,DELSCIA GRAY,DEM,0
20-11,HELEN GYM,DEM,18
20-11,JAMES M DELEON,DEM,0
20-11,JEFF BROWN,DEM,1
20-11,REBECCA RHYNHART,DEM,3
20-11,WARREN BLOOM,DEM,0
20-11,WRITE-IN,DEM,0
20-11,WRITE-IN,REP,0
21-01,ALLAN DOMB,DEM,15
21-01,AMEN  BROWN,DEM,3
21-01,CHERELLE L PARKER,DEM,6
21-01,DAVID OH,REP,16
21-01,DELSCIA GRAY,DEM,1
21-01,HELEN GYM,DEM,83
21-01,JAMES M DELEON,DEM,1
21-01,JEFF BROWN,DEM,5
21-01,REBECCA RHYNHART,DEM,89
21-01,WARREN BLOOM,DEM,0
21-01,WRITE-IN,DEM,0
21-01,WRITE-IN,REP,0
21-02,ALLAN DOMB,DEM,28
21-02,AMEN  BROWN,DEM,2
21-02,CHERELLE L PARKER,DEM,26
21-02,DAVID OH,REP,25
21-02,DELSCIA GRAY,DEM,0
21-02,HELEN GYM,DEM,96
21-02,JAMES M DELEON,DEM,1
21-02,JEFF BROWN,DEM,13
21-02,REBECCA RHYNHART,DEM,78
21-02,WARREN BLOOM,DEM,0
21-02,WRITE-IN,DEM,0
21-02,WRITE-IN,REP,1
21-03,ALLAN DOMB,DEM,5
21-03,AMEN  BROWN,DEM,0
21-03,CHERELLE L PARKER,DEM,40
21-03,DAVID OH,REP,2
21-03,DELSCIA GRAY,DEM,0
21-03,HELEN GYM,DEM,15
21-03,JAMES M DELEON,DEM,0
21-03,JEFF BROWN,DEM,17
21-03,REBECCA RHYNHART,DEM,9
21-03,WARREN BLOOM,DEM,0
21-03,WRITE-IN,DEM,1
21-03,WRITE-IN,REP,0
21-04,ALLAN DOMB,DEM,16
21-04,AMEN  BROWN,DEM,0
21-04,CHERELLE L PARKER,DEM,11
21-04,DAVID OH,REP,4
21-04,DELSCIA GRAY,DEM,0
21-04,HELEN GYM,DEM,57
21-04,JAMES M DELEON,DEM,0
21-04,JEFF BROWN,DEM,1
21-04,REBECCA RHYNHART,DEM,56
21-04,WARREN BLOOM,DEM,0
21-04,WRITE-IN,DEM,0
21-04,WRITE-IN,REP,2
21-05,ALLAN DOMB,DEM,51
21-05,AMEN  BROWN,DEM,2
21-05,CHERELLE L PARKER,DEM,63
21-05,DAVID OH,REP,32
21-05,DELSCIA GRAY,DEM,0
21-05,HELEN GYM,DEM,94
21-05,JAMES M DELEON,DEM,0
21-05,JEFF BROWN,DEM,28
21-05,REBECCA RHYNHART,DEM,113
21-05,WARREN BLOOM,DEM,2
21-05,WRITE-IN,DEM,0
21-05,WRITE-IN,REP,1
21-06,ALLAN DOMB,DEM,15
21-06,AMEN  BROWN,DEM,2
21-06,CHERELLE L PARKER,DEM,16
21-06,DAVID OH,REP,6
21-06,DELSCIA GRAY,DEM,0
21-06,HELEN GYM,DEM,68
21-06,JAMES M DELEON,DEM,1
21-06,JEFF BROWN,DEM,7
21-06,REBECCA RHYNHART,DEM,59
21-06,WARREN BLOOM,DEM,1
21-06,WRITE-IN,DEM,0
21-06,WRITE-IN,REP,1
21-07,ALLAN DOMB,DEM,20
21-07,AMEN  BROWN,DEM,0
21-07,CHERELLE L PARKER,DEM,15
21-07,DAVID OH,REP,9
21-07,DELSCIA GRAY,DEM,0
21-07,HELEN GYM,DEM,99
21-07,JAMES M DELEON,DEM,0
21-07,JEFF BROWN,DEM,12
21-07,REBECCA RHYNHART,DEM,94
21-07,WARREN BLOOM,DEM,0
21-07,WRITE-IN,DEM,1
21-07,WRITE-IN,REP,0
21-08,ALLAN DOMB,DEM,14
21-08,AMEN  BROWN,DEM,0
21-08,CHERELLE L PARKER,DEM,17
21-08,DAVID OH,REP,9
21-08,DELSCIA GRAY,DEM,0
21-08,HELEN GYM,DEM,54
21-08,JAMES M DELEON,DEM,0
21-08,JEFF BROWN,DEM,8
21-08,REBECCA RHYNHART,DEM,52
21-08,WARREN BLOOM,DEM,0
21-08,WRITE-IN,DEM,0
21-08,WRITE-IN,REP,0
21-09,ALLAN DOMB,DEM,24
21-09,AMEN  BROWN,DEM,1
21-09,CHERELLE L PARKER,DEM,28
21-09,DAVID OH,REP,12
21-09,DELSCIA GRAY,DEM,0
21-09,HELEN GYM,DEM,107
21-09,JAMES M DELEON,DEM,0
21-09,JEFF BROWN,DEM,13
21-09,REBECCA RHYNHART,DEM,95
21-09,WARREN BLOOM,DEM,1
21-09,WRITE-IN,DEM,0
21-09,WRITE-IN,REP,0
21-10,ALLAN DOMB,DEM,8
21-10,AMEN  BROWN,DEM,0
21-10,CHERELLE L PARKER,DEM,17
21-10,DAVID OH,REP,9
21-10,DELSCIA GRAY,DEM,0
21-10,HELEN GYM,DEM,51
21-10,JAMES M DELEON,DEM,0
21-10,JEFF BROWN,DEM,9
21-10,REBECCA RHYNHART,DEM,57
21-10,WARREN BLOOM,DEM,0
21-10,WRITE-IN,DEM,0
21-10,WRITE-IN,REP,0
21-11,ALLAN DOMB,DEM,13
21-11,AMEN  BROWN,DEM,1
21-11,CHERELLE L PARKER,DEM,22
21-11,DAVID OH,REP,7
21-11,DELSCIA GRAY,DEM,0
21-11,HELEN GYM,DEM,83
21-11,JAMES M DELEON,DEM,2
21-11,JEFF BROWN,DEM,13
21-11,REBECCA RHYNHART,DEM,72
21-11,WARREN BLOOM,DEM,0
21-11,WRITE-IN,DEM,0
21-11,WRITE-IN,REP,1
21-12,ALLAN DOMB,DEM,11
21-12,AMEN  BROWN,DEM,0
21-12,CHERELLE L PARKER,DEM,9
21-12,DAVID OH,REP,11
21-12,DELSCIA GRAY,DEM,0
21-12,HELEN GYM,DEM,79
21-12,JAMES M DELEON,DEM,0
21-12,JEFF BROWN,DEM,3
21-12,REBECCA RHYNHART,DEM,82
21-12,WARREN BLOOM,DEM,0
21-12,WRITE-IN,DEM,0
21-12,WRITE-IN,REP,2
21-13,ALLAN DOMB,DEM,20
21-13,AMEN  BROWN,DEM,4
21-13,CHERELLE L PARKER,DEM,23
21-13,DAVID OH,REP,10
21-13,DELSCIA GRAY,DEM,0
21-13,HELEN GYM,DEM,66
21-13,JAMES M DELEON,DEM,0
21-13,JEFF BROWN,DEM,12
21-13,REBECCA RHYNHART,DEM,68
21-13,WARREN BLOOM,DEM,0
21-13,WRITE-IN,DEM,0
21-13,WRITE-IN,REP,0
21-14,ALLAN DOMB,DEM,21
21-14,AMEN  BROWN,DEM,1
21-14,CHERELLE L PARKER,DEM,51
21-14,DAVID OH,REP,9
21-14,DELSCIA GRAY,DEM,1
21-14,HELEN GYM,DEM,92
21-14,JAMES M DELEON,DEM,0
21-14,JEFF BROWN,DEM,31
21-14,REBECCA RHYNHART,DEM,108
21-14,WARREN BLOOM,DEM,1
21-14,WRITE-IN,DEM,0
21-14,WRITE-IN,REP,0
21-15,ALLAN DOMB,DEM,20
21-15,AMEN  BROWN,DEM,0
21-15,CHERELLE L PARKER,DEM,24
21-15,DAVID OH,REP,10
21-15,DELSCIA GRAY,DEM,0
21-15,HELEN GYM,DEM,109
21-15,JAMES M DELEON,DEM,0
21-15,JEFF BROWN,DEM,8
21-15,REBECCA RHYNHART,DEM,117
21-15,WARREN BLOOM,DEM,0
21-15,WRITE-IN,DEM,0
21-15,WRITE-IN,REP,1
21-16,ALLAN DOMB,DEM,10
21-16,AMEN  BROWN,DEM,1
21-16,CHERELLE L PARKER,DEM,13
21-16,DAVID OH,REP,15
21-16,DELSCIA GRAY,DEM,0
21-16,HELEN GYM,DEM,59
21-16,JAMES M DELEON,DEM,2
21-16,JEFF BROWN,DEM,21
21-16,REBECCA RHYNHART,DEM,56
21-16,WARREN BLOOM,DEM,0
21-16,WRITE-IN,DEM,1
21-16,WRITE-IN,REP,1
21-17,ALLAN DOMB,DEM,16
21-17,AMEN  BROWN,DEM,3
21-17,CHERELLE L PARKER,DEM,23
21-17,DAVID OH,REP,12
21-17,DELSCIA GRAY,DEM,0
21-17,HELEN GYM,DEM,91
21-17,JAMES M DELEON,DEM,1
21-17,JEFF BROWN,DEM,26
21-17,REBECCA RHYNHART,DEM,99
21-17,WARREN BLOOM,DEM,0
21-17,WRITE-IN,DEM,0
21-17,WRITE-IN,REP,0
21-18,ALLAN DOMB,DEM,17
21-18,AMEN  BROWN,DEM,2
21-18,CHERELLE L PARKER,DEM,17
21-18,DAVID OH,REP,15
21-18,DELSCIA GRAY,DEM,0
21-18,HELEN GYM,DEM,76
21-18,JAMES M DELEON,DEM,0
21-18,JEFF BROWN,DEM,15
21-18,REBECCA RHYNHART,DEM,58
21-18,WARREN BLOOM,DEM,0
21-18,WRITE-IN,DEM,0
21-18,WRITE-IN,REP,1
21-19,ALLAN DOMB,DEM,21
21-19,AMEN  BROWN,DEM,1
21-19,CHERELLE L PARKER,DEM,18
21-19,DAVID OH,REP,10
21-19,DELSCIA GRAY,DEM,0
21-19,HELEN GYM,DEM,75
21-19,JAMES M DELEON,DEM,0
21-19,JEFF BROWN,DEM,19
21-19,REBECCA RHYNHART,DEM,47
21-19,WARREN BLOOM,DEM,1
21-19,WRITE-IN,DEM,1
21-19,WRITE-IN,REP,0
21-20,ALLAN DOMB,DEM,12
21-20,AMEN  BROWN,DEM,0
21-20,CHERELLE L PARKER,DEM,19
21-20,DAVID OH,REP,11
21-20,DELSCIA GRAY,DEM,0
21-20,HELEN GYM,DEM,79
21-20,JAMES M DELEON,DEM,0
21-20,JEFF BROWN,DEM,9
21-20,REBECCA RHYNHART,DEM,53
21-20,WARREN BLOOM,DEM,0
21-20,WRITE-IN,DEM,0
21-20,WRITE-IN,REP,0
21-21,ALLAN DOMB,DEM,16
21-21,AMEN  BROWN,DEM,0
21-21,CHERELLE L PARKER,DEM,19
21-21,DAVID OH,REP,10
21-21,DELSCIA GRAY,DEM,0
21-21,HELEN GYM,DEM,43
21-21,JAMES M DELEON,DEM,0
21-21,JEFF BROWN,DEM,7
21-21,REBECCA RHYNHART,DEM,56
21-21,WARREN BLOOM,DEM,0
21-21,WRITE-IN,DEM,0
21-21,WRITE-IN,REP,0
21-22,ALLAN DOMB,DEM,19
21-22,AMEN  BROWN,DEM,2
21-22,CHERELLE L PARKER,DEM,43
21-22,DAVID OH,REP,19
21-22,DELSCIA GRAY,DEM,0
21-22,HELEN GYM,DEM,126
21-22,JAMES M DELEON,DEM,0
21-22,JEFF BROWN,DEM,22
21-22,REBECCA RHYNHART,DEM,67
21-22,WARREN BLOOM,DEM,0
21-22,WRITE-IN,DEM,1
21-22,WRITE-IN,REP,0
21-23,ALLAN DOMB,DEM,27
21-23,AMEN  BROWN,DEM,2
21-23,CHERELLE L PARKER,DEM,66
21-23,DAVID OH,REP,5
21-23,DELSCIA GRAY,DEM,0
21-23,HELEN GYM,DEM,61
21-23,JAMES M DELEON,DEM,0
21-23,JEFF BROWN,DEM,16
21-23,REBECCA RHYNHART,DEM,100
21-23,WARREN BLOOM,DEM,0
21-23,WRITE-IN,DEM,0
21-23,WRITE-IN,REP,0
21-24,ALLAN DOMB,DEM,30
21-24,AMEN  BROWN,DEM,3
21-24,CHERELLE L PARKER,DEM,85
21-24,DAVID OH,REP,1
21-24,DELSCIA GRAY,DEM,0
21-24,HELEN GYM,DEM,165
21-24,JAMES M DELEON,DEM,0
21-24,JEFF BROWN,DEM,16
21-24,REBECCA RHYNHART,DEM,181
21-24,WARREN BLOOM,DEM,0
21-24,WRITE-IN,DEM,0
21-24,WRITE-IN,REP,0
21-25,ALLAN DOMB,DEM,16
21-25,AMEN  BROWN,DEM,2
21-25,CHERELLE L PARKER,DEM,32
21-25,DAVID OH,REP,27
21-25,DELSCIA GRAY,DEM,0
21-25,HELEN GYM,DEM,85
21-25,JAMES M DELEON,DEM,0
21-25,JEFF BROWN,DEM,22
21-25,REBECCA RHYNHART,DEM,70
21-25,WARREN BLOOM,DEM,0
21-25,WRITE-IN,DEM,1
21-25,WRITE-IN,REP,2
21-26,ALLAN DOMB,DEM,21
21-26,AMEN  BROWN,DEM,1
21-26,CHERELLE L PARKER,DEM,28
21-26,DAVID OH,REP,18
21-26,DELSCIA GRAY,DEM,0
21-26,HELEN GYM,DEM,61
21-26,JAMES M DELEON,DEM,0
21-26,JEFF BROWN,DEM,16
21-26,REBECCA RHYNHART,DEM,63
21-26,WARREN BLOOM,DEM,0
21-26,WRITE-IN,DEM,0
21-26,WRITE-IN,REP,1
21-27,ALLAN DOMB,DEM,20
21-27,AMEN  BROWN,DEM,2
21-27,CHERELLE L PARKER,DEM,24
21-27,DAVID OH,REP,17
21-27,DELSCIA GRAY,DEM,0
21-27,HELEN GYM,DEM,58
21-27,JAMES M DELEON,DEM,1
21-27,JEFF BROWN,DEM,19
21-27,REBECCA RHYNHART,DEM,84
21-27,WARREN BLOOM,DEM,0
21-27,WRITE-IN,DEM,0
21-27,WRITE-IN,REP,1
21-28,ALLAN DOMB,DEM,34
21-28,AMEN  BROWN,DEM,1
21-28,CHERELLE L PARKER,DEM,28
21-28,DAVID OH,REP,27
21-28,DELSCIA GRAY,DEM,0
21-28,HELEN GYM,DEM,79
21-28,JAMES M DELEON,DEM,1
21-28,JEFF BROWN,DEM,20
21-28,REBECCA RHYNHART,DEM,89
21-28,WARREN BLOOM,DEM,0
21-28,WRITE-IN,DEM,0
21-28,WRITE-IN,REP,0
21-29,ALLAN DOMB,DEM,34
21-29,AMEN  BROWN,DEM,5
21-29,CHERELLE L PARKER,DEM,61
21-29,DAVID OH,REP,28
21-29,DELSCIA GRAY,DEM,1
21-29,HELEN GYM,DEM,46
21-29,JAMES M DELEON,DEM,2
21-29,JEFF BROWN,DEM,30
21-29,REBECCA RHYNHART,DEM,103
21-29,WARREN BLOOM,DEM,0
21-29,WRITE-IN,DEM,1
21-29,WRITE-IN,REP,2
21-30,ALLAN DOMB,DEM,30
21-30,AMEN  BROWN,DEM,2
21-30,CHERELLE L PARKER,DEM,42
21-30,DAVID OH,REP,27
21-30,DELSCIA GRAY,DEM,0
21-30,HELEN GYM,DEM,54
21-30,JAMES M DELEON,DEM,0
21-30,JEFF BROWN,DEM,31
21-30,REBECCA RHYNHART,DEM,73
21-30,WARREN BLOOM,DEM,0
21-30,WRITE-IN,DEM,0
21-30,WRITE-IN,REP,0
21-31,ALLAN DOMB,DEM,37
21-31,AMEN  BROWN,DEM,1
21-31,CHERELLE L PARKER,DEM,22
21-31,DAVID OH,REP,20
21-31,DELSCIA GRAY,DEM,0
21-31,HELEN GYM,DEM,46
21-31,JAMES M DELEON,DEM,0
21-31,JEFF BROWN,DEM,34
21-31,REBECCA RHYNHART,DEM,88
21-31,WARREN BLOOM,DEM,1
21-31,WRITE-IN,DEM,0
21-31,WRITE-IN,REP,0
21-32,ALLAN DOMB,DEM,36
21-32,AMEN  BROWN,DEM,1
21-32,CHERELLE L PARKER,DEM,30
21-32,DAVID OH,REP,21
21-32,DELSCIA GRAY,DEM,0
21-32,HELEN GYM,DEM,29
21-32,JAMES M DELEON,DEM,0
21-32,JEFF BROWN,DEM,17
21-32,REBECCA RHYNHART,DEM,57
21-32,WARREN BLOOM,DEM,0
21-32,WRITE-IN,DEM,0
21-32,WRITE-IN,REP,1
21-33,ALLAN DOMB,DEM,55
21-33,AMEN  BROWN,DEM,1
21-33,CHERELLE L PARKER,DEM,67
21-33,DAVID OH,REP,39
21-33,DELSCIA GRAY,DEM,0
21-33,HELEN GYM,DEM,83
21-33,JAMES M DELEON,DEM,0
21-33,JEFF BROWN,DEM,33
21-33,REBECCA RHYNHART,DEM,122
21-33,WARREN BLOOM,DEM,1
21-33,WRITE-IN,DEM,0
21-33,WRITE-IN,REP,0
21-34,ALLAN DOMB,DEM,63
21-34,AMEN  BROWN,DEM,1
21-34,CHERELLE L PARKER,DEM,78
21-34,DAVID OH,REP,52
21-34,DELSCIA GRAY,DEM,0
21-34,HELEN GYM,DEM,80
21-34,JAMES M DELEON,DEM,0
21-34,JEFF BROWN,DEM,47
21-34,REBECCA RHYNHART,DEM,99
21-34,WARREN BLOOM,DEM,1
21-34,WRITE-IN,DEM,0
21-34,WRITE-IN,REP,0
21-35,ALLAN DOMB,DEM,23
21-35,AMEN  BROWN,DEM,0
21-35,CHERELLE L PARKER,DEM,24
21-35,DAVID OH,REP,19
21-35,DELSCIA GRAY,DEM,0
21-35,HELEN GYM,DEM,96
21-35,JAMES M DELEON,DEM,0
21-35,JEFF BROWN,DEM,18
21-35,REBECCA RHYNHART,DEM,86
21-35,WARREN BLOOM,DEM,1
21-35,WRITE-IN,DEM,0
21-35,WRITE-IN,REP,0
21-36,ALLAN DOMB,DEM,14
21-36,AMEN  BROWN,DEM,1
21-36,CHERELLE L PARKER,DEM,8
21-36,DAVID OH,REP,9
21-36,DELSCIA GRAY,DEM,0
21-36,HELEN GYM,DEM,36
21-36,JAMES M DELEON,DEM,0
21-36,JEFF BROWN,DEM,9
21-36,REBECCA RHYNHART,DEM,43
21-36,WARREN BLOOM,DEM,0
21-36,WRITE-IN,DEM,0
21-36,WRITE-IN,REP,1
21-37,ALLAN DOMB,DEM,15
21-37,AMEN  BROWN,DEM,0
21-37,CHERELLE L PARKER,DEM,22
21-37,DAVID OH,REP,13
21-37,DELSCIA GRAY,DEM,1
21-37,HELEN GYM,DEM,67
21-37,JAMES M DELEON,DEM,0
21-37,JEFF BROWN,DEM,17
21-37,REBECCA RHYNHART,DEM,67
21-37,WARREN BLOOM,DEM,0
21-37,WRITE-IN,DEM,0
21-37,WRITE-IN,REP,1
21-38,ALLAN DOMB,DEM,41
21-38,AMEN  BROWN,DEM,0
21-38,CHERELLE L PARKER,DEM,52
21-38,DAVID OH,REP,36
21-38,DELSCIA GRAY,DEM,0
21-38,HELEN GYM,DEM,27
21-38,JAMES M DELEON,DEM,0
21-38,JEFF BROWN,DEM,25
21-38,REBECCA RHYNHART,DEM,62
21-38,WARREN BLOOM,DEM,1
21-38,WRITE-IN,DEM,0
21-38,WRITE-IN,REP,0
21-39,ALLAN DOMB,DEM,21
21-39,AMEN  BROWN,DEM,2
21-39,CHERELLE L PARKER,DEM,59
21-39,DAVID OH,REP,15
21-39,DELSCIA GRAY,DEM,1
21-39,HELEN GYM,DEM,64
21-39,JAMES M DELEON,DEM,2
21-39,JEFF BROWN,DEM,26
21-39,REBECCA RHYNHART,DEM,61
21-39,WARREN BLOOM,DEM,0
21-39,WRITE-IN,DEM,0
21-39,WRITE-IN,REP,0
21-40,ALLAN DOMB,DEM,27
21-40,AMEN  BROWN,DEM,4
21-40,CHERELLE L PARKER,DEM,53
21-40,DAVID OH,REP,22
21-40,DELSCIA GRAY,DEM,0
21-40,HELEN GYM,DEM,63
21-40,JAMES M DELEON,DEM,2
21-40,JEFF BROWN,DEM,29
21-40,REBECCA RHYNHART,DEM,85
21-40,WARREN BLOOM,DEM,1
21-40,WRITE-IN,DEM,1
21-40,WRITE-IN,REP,0
21-41,ALLAN DOMB,DEM,35
21-41,AMEN  BROWN,DEM,1
21-41,CHERELLE L PARKER,DEM,50
21-41,DAVID OH,REP,31
21-41,DELSCIA GRAY,DEM,0
21-41,HELEN GYM,DEM,38
21-41,JAMES M DELEON,DEM,1
21-41,JEFF BROWN,DEM,28
21-41,REBECCA RHYNHART,DEM,74
21-41,WARREN BLOOM,DEM,0
21-41,WRITE-IN,DEM,1
21-41,WRITE-IN,REP,0
21-42,ALLAN DOMB,DEM,21
21-42,AMEN  BROWN,DEM,2
21-42,CHERELLE L PARKER,DEM,27
21-42,DAVID OH,REP,36
21-42,DELSCIA GRAY,DEM,0
21-42,HELEN GYM,DEM,22
21-42,JAMES M DELEON,DEM,0
21-42,JEFF BROWN,DEM,23
21-42,REBECCA RHYNHART,DEM,47
21-42,WARREN BLOOM,DEM,0
21-42,WRITE-IN,DEM,1
21-42,WRITE-IN,REP,1
21-43,ALLAN DOMB,DEM,12
21-43,AMEN  BROWN,DEM,0
21-43,CHERELLE L PARKER,DEM,24
21-43,DAVID OH,REP,19
21-43,DELSCIA GRAY,DEM,0
21-43,HELEN GYM,DEM,37
21-43,JAMES M DELEON,DEM,4
21-43,JEFF BROWN,DEM,15
21-43,REBECCA RHYNHART,DEM,40
21-43,WARREN BLOOM,DEM,0
21-43,WRITE-IN,DEM,1
21-43,WRITE-IN,REP,2
21-44,ALLAN DOMB,DEM,29
21-44,AMEN  BROWN,DEM,1
21-44,CHERELLE L PARKER,DEM,29
21-44,DAVID OH,REP,56
21-44,DELSCIA GRAY,DEM,0
21-44,HELEN GYM,DEM,43
21-44,JAMES M DELEON,DEM,0
21-44,JEFF BROWN,DEM,33
21-44,REBECCA RHYNHART,DEM,91
21-44,WARREN BLOOM,DEM,0
21-44,WRITE-IN,DEM,0
21-44,WRITE-IN,REP,2
21-45,ALLAN DOMB,DEM,32
21-45,AMEN  BROWN,DEM,0
21-45,CHERELLE L PARKER,DEM,33
21-45,DAVID OH,REP,34
21-45,DELSCIA GRAY,DEM,1
21-45,HELEN GYM,DEM,67
21-45,JAMES M DELEON,DEM,1
21-45,JEFF BROWN,DEM,21
21-45,REBECCA RHYNHART,DEM,154
21-45,WARREN BLOOM,DEM,1
21-45,WRITE-IN,DEM,0
21-45,WRITE-IN,REP,1
22-01,ALLAN DOMB,DEM,26
22-01,AMEN  BROWN,DEM,1
22-01,CHERELLE L PARKER,DEM,69
22-01,DAVID OH,REP,8
22-01,DELSCIA GRAY,DEM,0
22-01,HELEN GYM,DEM,262
22-01,JAMES M DELEON,DEM,0
22-01,JEFF BROWN,DEM,13
22-01,REBECCA RHYNHART,DEM,159
22-01,WARREN BLOOM,DEM,0
22-01,WRITE-IN,DEM,0
22-01,WRITE-IN,REP,0
22-02,ALLAN DOMB,DEM,15
22-02,AMEN  BROWN,DEM,2
22-02,CHERELLE L PARKER,DEM,73
22-02,DAVID OH,REP,4
22-02,DELSCIA GRAY,DEM,0
22-02,HELEN GYM,DEM,180
22-02,JAMES M DELEON,DEM,1
22-02,JEFF BROWN,DEM,13
22-02,REBECCA RHYNHART,DEM,168
22-02,WARREN BLOOM,DEM,1
22-02,WRITE-IN,DEM,1
22-02,WRITE-IN,REP,0
22-03,ALLAN DOMB,DEM,16
22-03,AMEN  BROWN,DEM,2
22-03,CHERELLE L PARKER,DEM,68
22-03,DAVID OH,REP,2
22-03,DELSCIA GRAY,DEM,0
22-03,HELEN GYM,DEM,77
22-03,JAMES M DELEON,DEM,1
22-03,JEFF BROWN,DEM,7
22-03,REBECCA RHYNHART,DEM,58
22-03,WARREN BLOOM,DEM,0
22-03,WRITE-IN,DEM,0
22-03,WRITE-IN,REP,1
22-04,ALLAN DOMB,DEM,9
22-04,AMEN  BROWN,DEM,4
22-04,CHERELLE L PARKER,DEM,74
22-04,DAVID OH,REP,3
22-04,DELSCIA GRAY,DEM,0
22-04,HELEN GYM,DEM,81
22-04,JAMES M DELEON,DEM,2
22-04,JEFF BROWN,DEM,10
22-04,REBECCA RHYNHART,DEM,78
22-04,WARREN BLOOM,DEM,1
22-04,WRITE-IN,DEM,0
22-04,WRITE-IN,REP,0
22-05,ALLAN DOMB,DEM,17
22-05,AMEN  BROWN,DEM,2
22-05,CHERELLE L PARKER,DEM,96
22-05,DAVID OH,REP,3
22-05,DELSCIA GRAY,DEM,1
22-05,HELEN GYM,DEM,117
22-05,JAMES M DELEON,DEM,1
22-05,JEFF BROWN,DEM,9
22-05,REBECCA RHYNHART,DEM,82
22-05,WARREN BLOOM,DEM,1
22-05,WRITE-IN,DEM,1
22-05,WRITE-IN,REP,0
22-06,ALLAN DOMB,DEM,23
22-06,AMEN  BROWN,DEM,1
22-06,CHERELLE L PARKER,DEM,98
22-06,DAVID OH,REP,8
22-06,DELSCIA GRAY,DEM,3
22-06,HELEN GYM,DEM,192
22-06,JAMES M DELEON,DEM,1
22-06,JEFF BROWN,DEM,24
22-06,REBECCA RHYNHART,DEM,85
22-06,WARREN BLOOM,DEM,1
22-06,WRITE-IN,DEM,0
22-06,WRITE-IN,REP,0
22-07,ALLAN DOMB,DEM,25
22-07,AMEN  BROWN,DEM,3
22-07,CHERELLE L PARKER,DEM,115
22-07,DAVID OH,REP,5
22-07,DELSCIA GRAY,DEM,0
22-07,HELEN GYM,DEM,134
22-07,JAMES M DELEON,DEM,1
22-07,JEFF BROWN,DEM,19
22-07,REBECCA RHYNHART,DEM,96
22-07,WARREN BLOOM,DEM,2
22-07,WRITE-IN,DEM,0
22-07,WRITE-IN,REP,1
22-08,ALLAN DOMB,DEM,15
22-08,AMEN  BROWN,DEM,1
22-08,CHERELLE L PARKER,DEM,100
22-08,DAVID OH,REP,1
22-08,DELSCIA GRAY,DEM,1
22-08,HELEN GYM,DEM,70
22-08,JAMES M DELEON,DEM,1
22-08,JEFF BROWN,DEM,24
22-08,REBECCA RHYNHART,DEM,45
22-08,WARREN BLOOM,DEM,0
22-08,WRITE-IN,DEM,0
22-08,WRITE-IN,REP,1
22-09,ALLAN DOMB,DEM,14
22-09,AMEN  BROWN,DEM,0
22-09,CHERELLE L PARKER,DEM,93
22-09,DAVID OH,REP,0
22-09,DELSCIA GRAY,DEM,1
22-09,HELEN GYM,DEM,58
22-09,JAMES M DELEON,DEM,2
22-09,JEFF BROWN,DEM,12
22-09,REBECCA RHYNHART,DEM,39
22-09,WARREN BLOOM,DEM,0
22-09,WRITE-IN,DEM,0
22-09,WRITE-IN,REP,0
22-10,ALLAN DOMB,DEM,20
22-10,AMEN  BROWN,DEM,2
22-10,CHERELLE L PARKER,DEM,83
22-10,DAVID OH,REP,1
22-10,DELSCIA GRAY,DEM,0
22-10,HELEN GYM,DEM,66
22-10,JAMES M DELEON,DEM,2
22-10,JEFF BROWN,DEM,23
22-10,REBECCA RHYNHART,DEM,45
22-10,WARREN BLOOM,DEM,1
22-10,WRITE-IN,DEM,0
22-10,WRITE-IN,REP,0
22-11,ALLAN DOMB,DEM,4
22-11,AMEN  BROWN,DEM,1
22-11,CHERELLE L PARKER,DEM,72
22-11,DAVID OH,REP,4
22-11,DELSCIA GRAY,DEM,1
22-11,HELEN GYM,DEM,57
22-11,JAMES M DELEON,DEM,2
22-11,JEFF BROWN,DEM,14
22-11,REBECCA RHYNHART,DEM,46
22-11,WARREN BLOOM,DEM,0
22-11,WRITE-IN,DEM,0
22-11,WRITE-IN,REP,0
22-12,ALLAN DOMB,DEM,12
22-12,AMEN  BROWN,DEM,0
22-12,CHERELLE L PARKER,DEM,98
22-12,DAVID OH,REP,4
22-12,DELSCIA GRAY,DEM,0
22-12,HELEN GYM,DEM,36
22-12,JAMES M DELEON,DEM,2
22-12,JEFF BROWN,DEM,21
22-12,REBECCA RHYNHART,DEM,20
22-12,WARREN BLOOM,DEM,0
22-12,WRITE-IN,DEM,0
22-12,WRITE-IN,REP,0
22-13,ALLAN DOMB,DEM,17
22-13,AMEN  BROWN,DEM,2
22-13,CHERELLE L PARKER,DEM,108
22-13,DAVID OH,REP,1
22-13,DELSCIA GRAY,DEM,0
22-13,HELEN GYM,DEM,43
22-13,JAMES M DELEON,DEM,1
22-13,JEFF BROWN,DEM,16
22-13,REBECCA RHYNHART,DEM,22
22-13,WARREN BLOOM,DEM,0
22-13,WRITE-IN,DEM,0
22-13,WRITE-IN,REP,0
22-14,ALLAN DOMB,DEM,10
22-14,AMEN  BROWN,DEM,2
22-14,CHERELLE L PARKER,DEM,95
22-14,DAVID OH,REP,2
22-14,DELSCIA GRAY,DEM,2
22-14,HELEN GYM,DEM,67
22-14,JAMES M DELEON,DEM,1
22-14,JEFF BROWN,DEM,25
22-14,REBECCA RHYNHART,DEM,26
22-14,WARREN BLOOM,DEM,0
22-14,WRITE-IN,DEM,0
22-14,WRITE-IN,REP,0
22-15,ALLAN DOMB,DEM,9
22-15,AMEN  BROWN,DEM,3
22-15,CHERELLE L PARKER,DEM,114
22-15,DAVID OH,REP,0
22-15,DELSCIA GRAY,DEM,1
22-15,HELEN GYM,DEM,37
22-15,JAMES M DELEON,DEM,1
22-15,JEFF BROWN,DEM,20
22-15,REBECCA RHYNHART,DEM,24
22-15,WARREN BLOOM,DEM,0
22-15,WRITE-IN,DEM,0
22-15,WRITE-IN,REP,0
22-16,ALLAN DOMB,DEM,11
22-16,AMEN  BROWN,DEM,2
22-16,CHERELLE L PARKER,DEM,65
22-16,DAVID OH,REP,0
22-16,DELSCIA GRAY,DEM,0
22-16,HELEN GYM,DEM,106
22-16,JAMES M DELEON,DEM,0
22-16,JEFF BROWN,DEM,14
22-16,REBECCA RHYNHART,DEM,65
22-16,WARREN BLOOM,DEM,0
22-16,WRITE-IN,DEM,0
22-16,WRITE-IN,REP,1
22-17,ALLAN DOMB,DEM,15
22-17,AMEN  BROWN,DEM,2
22-17,CHERELLE L PARKER,DEM,95
22-17,DAVID OH,REP,3
22-17,DELSCIA GRAY,DEM,0
22-17,HELEN GYM,DEM,106
22-17,JAMES M DELEON,DEM,1
22-17,JEFF BROWN,DEM,10
22-17,REBECCA RHYNHART,DEM,65
22-17,WARREN BLOOM,DEM,0
22-17,WRITE-IN,DEM,0
22-17,WRITE-IN,REP,0
22-18,ALLAN DOMB,DEM,11
22-18,AMEN  BROWN,DEM,3
22-18,CHERELLE L PARKER,DEM,98
22-18,DAVID OH,REP,1
22-18,DELSCIA GRAY,DEM,0
22-18,HELEN GYM,DEM,55
22-18,JAMES M DELEON,DEM,1
22-18,JEFF BROWN,DEM,18
22-18,REBECCA RHYNHART,DEM,41
22-18,WARREN BLOOM,DEM,0
22-18,WRITE-IN,DEM,1
22-18,WRITE-IN,REP,1
22-19,ALLAN DOMB,DEM,17
22-19,AMEN  BROWN,DEM,3
22-19,CHERELLE L PARKER,DEM,110
22-19,DAVID OH,REP,3
22-19,DELSCIA GRAY,DEM,0
22-19,HELEN GYM,DEM,63
22-19,JAMES M DELEON,DEM,2
22-19,JEFF BROWN,DEM,25
22-19,REBECCA RHYNHART,DEM,25
22-19,WARREN BLOOM,DEM,1
22-19,WRITE-IN,DEM,1
22-19,WRITE-IN,REP,0
22-20,ALLAN DOMB,DEM,5
22-20,AMEN  BROWN,DEM,1
22-20,CHERELLE L PARKER,DEM,80
22-20,DAVID OH,REP,0
22-20,DELSCIA GRAY,DEM,0
22-20,HELEN GYM,DEM,48
22-20,JAMES M DELEON,DEM,0
22-20,JEFF BROWN,DEM,15
22-20,REBECCA RHYNHART,DEM,18
22-20,WARREN BLOOM,DEM,0
22-20,WRITE-IN,DEM,0
22-20,WRITE-IN,REP,0
22-21,ALLAN DOMB,DEM,12
22-21,AMEN  BROWN,DEM,2
22-21,CHERELLE L PARKER,DEM,110
22-21,DAVID OH,REP,1
22-21,DELSCIA GRAY,DEM,2
22-21,HELEN GYM,DEM,26
22-21,JAMES M DELEON,DEM,0
22-21,JEFF BROWN,DEM,20
22-21,REBECCA RHYNHART,DEM,14
22-21,WARREN BLOOM,DEM,0
22-21,WRITE-IN,DEM,0
22-21,WRITE-IN,REP,0
22-22,ALLAN DOMB,DEM,4
22-22,AMEN  BROWN,DEM,1
22-22,CHERELLE L PARKER,DEM,120
22-22,DAVID OH,REP,2
22-22,DELSCIA GRAY,DEM,0
22-22,HELEN GYM,DEM,14
22-22,JAMES M DELEON,DEM,3
22-22,JEFF BROWN,DEM,23
22-22,REBECCA RHYNHART,DEM,22
22-22,WARREN BLOOM,DEM,0
22-22,WRITE-IN,DEM,1
22-22,WRITE-IN,REP,0
22-23,ALLAN DOMB,DEM,6
22-23,AMEN  BROWN,DEM,3
22-23,CHERELLE L PARKER,DEM,73
22-23,DAVID OH,REP,2
22-23,DELSCIA GRAY,DEM,1
22-23,HELEN GYM,DEM,81
22-23,JAMES M DELEON,DEM,0
22-23,JEFF BROWN,DEM,10
22-23,REBECCA RHYNHART,DEM,104
22-23,WARREN BLOOM,DEM,1
22-23,WRITE-IN,DEM,0
22-23,WRITE-IN,REP,0
22-24,ALLAN DOMB,DEM,18
22-24,AMEN  BROWN,DEM,0
22-24,CHERELLE L PARKER,DEM,93
22-24,DAVID OH,REP,1
22-24,DELSCIA GRAY,DEM,0
22-24,HELEN GYM,DEM,65
22-24,JAMES M DELEON,DEM,0
22-24,JEFF BROWN,DEM,10
22-24,REBECCA RHYNHART,DEM,87
22-24,WARREN BLOOM,DEM,2
22-24,WRITE-IN,DEM,0
22-24,WRITE-IN,REP,1
22-25,ALLAN DOMB,DEM,18
22-25,AMEN  BROWN,DEM,1
22-25,CHERELLE L PARKER,DEM,120
22-25,DAVID OH,REP,2
22-25,DELSCIA GRAY,DEM,0
22-25,HELEN GYM,DEM,32
22-25,JAMES M DELEON,DEM,2
22-25,JEFF BROWN,DEM,19
22-25,REBECCA RHYNHART,DEM,29
22-25,WARREN BLOOM,DEM,1
22-25,WRITE-IN,DEM,0
22-25,WRITE-IN,REP,0
22-26,ALLAN DOMB,DEM,18
22-26,AMEN  BROWN,DEM,3
22-26,CHERELLE L PARKER,DEM,132
22-26,DAVID OH,REP,2
22-26,DELSCIA GRAY,DEM,0
22-26,HELEN GYM,DEM,21
22-26,JAMES M DELEON,DEM,1
22-26,JEFF BROWN,DEM,33
22-26,REBECCA RHYNHART,DEM,26
22-26,WARREN BLOOM,DEM,0
22-26,WRITE-IN,DEM,0
22-26,WRITE-IN,REP,0
22-27,ALLAN DOMB,DEM,14
22-27,AMEN  BROWN,DEM,0
22-27,CHERELLE L PARKER,DEM,157
22-27,DAVID OH,REP,2
22-27,DELSCIA GRAY,DEM,0
22-27,HELEN GYM,DEM,19
22-27,JAMES M DELEON,DEM,1
22-27,JEFF BROWN,DEM,32
22-27,REBECCA RHYNHART,DEM,23
22-27,WARREN BLOOM,DEM,0
22-27,WRITE-IN,DEM,0
22-27,WRITE-IN,REP,0
22-28,ALLAN DOMB,DEM,18
22-28,AMEN  BROWN,DEM,3
22-28,CHERELLE L PARKER,DEM,136
22-28,DAVID OH,REP,0
22-28,DELSCIA GRAY,DEM,0
22-28,HELEN GYM,DEM,15
22-28,JAMES M DELEON,DEM,1
22-28,JEFF BROWN,DEM,33
22-28,REBECCA RHYNHART,DEM,13
22-28,WARREN BLOOM,DEM,0
22-28,WRITE-IN,DEM,0
22-28,WRITE-IN,REP,0
22-29,ALLAN DOMB,DEM,16
22-29,AMEN  BROWN,DEM,3
22-29,CHERELLE L PARKER,DEM,146
22-29,DAVID OH,REP,4
22-29,DELSCIA GRAY,DEM,0
22-29,HELEN GYM,DEM,24
22-29,JAMES M DELEON,DEM,1
22-29,JEFF BROWN,DEM,38
22-29,REBECCA RHYNHART,DEM,29
22-29,WARREN BLOOM,DEM,0
22-29,WRITE-IN,DEM,0
22-29,WRITE-IN,REP,0
23-01,ALLAN DOMB,DEM,5
23-01,AMEN  BROWN,DEM,1
23-01,CHERELLE L PARKER,DEM,20
23-01,DAVID OH,REP,0
23-01,DELSCIA GRAY,DEM,2
23-01,HELEN GYM,DEM,6
23-01,JAMES M DELEON,DEM,1
23-01,JEFF BROWN,DEM,4
23-01,REBECCA RHYNHART,DEM,8
23-01,WARREN BLOOM,DEM,0
23-01,WRITE-IN,DEM,0
23-01,WRITE-IN,REP,0
23-02,ALLAN DOMB,DEM,8
23-02,AMEN  BROWN,DEM,0
23-02,CHERELLE L PARKER,DEM,23
23-02,DAVID OH,REP,2
23-02,DELSCIA GRAY,DEM,0
23-02,HELEN GYM,DEM,5
23-02,JAMES M DELEON,DEM,0
23-02,JEFF BROWN,DEM,7
23-02,REBECCA RHYNHART,DEM,9
23-02,WARREN BLOOM,DEM,0
23-02,WRITE-IN,DEM,0
23-02,WRITE-IN,REP,0
23-03,ALLAN DOMB,DEM,6
23-03,AMEN  BROWN,DEM,2
23-03,CHERELLE L PARKER,DEM,13
23-03,DAVID OH,REP,1
23-03,DELSCIA GRAY,DEM,0
23-03,HELEN GYM,DEM,3
23-03,JAMES M DELEON,DEM,0
23-03,JEFF BROWN,DEM,2
23-03,REBECCA RHYNHART,DEM,8
23-03,WARREN BLOOM,DEM,0
23-03,WRITE-IN,DEM,0
23-03,WRITE-IN,REP,0
23-04,ALLAN DOMB,DEM,11
23-04,AMEN  BROWN,DEM,1
23-04,CHERELLE L PARKER,DEM,44
23-04,DAVID OH,REP,11
23-04,DELSCIA GRAY,DEM,1
23-04,HELEN GYM,DEM,13
23-04,JAMES M DELEON,DEM,0
23-04,JEFF BROWN,DEM,18
23-04,REBECCA RHYNHART,DEM,10
23-04,WARREN BLOOM,DEM,0
23-04,WRITE-IN,DEM,0
23-04,WRITE-IN,REP,0
23-05,ALLAN DOMB,DEM,18
23-05,AMEN  BROWN,DEM,0
23-05,CHERELLE L PARKER,DEM,33
23-05,DAVID OH,REP,4
23-05,DELSCIA GRAY,DEM,1
23-05,HELEN GYM,DEM,11
23-05,JAMES M DELEON,DEM,0
23-05,JEFF BROWN,DEM,6
23-05,REBECCA RHYNHART,DEM,3
23-05,WARREN BLOOM,DEM,0
23-05,WRITE-IN,DEM,1
23-05,WRITE-IN,REP,2
23-06,ALLAN DOMB,DEM,13
23-06,AMEN  BROWN,DEM,2
23-06,CHERELLE L PARKER,DEM,26
23-06,DAVID OH,REP,5
23-06,DELSCIA GRAY,DEM,0
23-06,HELEN GYM,DEM,8
23-06,JAMES M DELEON,DEM,0
23-06,JEFF BROWN,DEM,10
23-06,REBECCA RHYNHART,DEM,10
23-06,WARREN BLOOM,DEM,1
23-06,WRITE-IN,DEM,0
23-06,WRITE-IN,REP,0
23-07,ALLAN DOMB,DEM,10
23-07,AMEN  BROWN,DEM,4
23-07,CHERELLE L PARKER,DEM,44
23-07,DAVID OH,REP,4
23-07,DELSCIA GRAY,DEM,0
23-07,HELEN GYM,DEM,8
23-07,JAMES M DELEON,DEM,1
23-07,JEFF BROWN,DEM,3
23-07,REBECCA RHYNHART,DEM,10
23-07,WARREN BLOOM,DEM,1
23-07,WRITE-IN,DEM,0
23-07,WRITE-IN,REP,0
23-08,ALLAN DOMB,DEM,18
23-08,AMEN  BROWN,DEM,3
23-08,CHERELLE L PARKER,DEM,57
23-08,DAVID OH,REP,8
23-08,DELSCIA GRAY,DEM,0
23-08,HELEN GYM,DEM,9
23-08,JAMES M DELEON,DEM,3
23-08,JEFF BROWN,DEM,12
23-08,REBECCA RHYNHART,DEM,12
23-08,WARREN BLOOM,DEM,0
23-08,WRITE-IN,DEM,0
23-08,WRITE-IN,REP,0
23-09,ALLAN DOMB,DEM,28
23-09,AMEN  BROWN,DEM,1
23-09,CHERELLE L PARKER,DEM,56
23-09,DAVID OH,REP,16
23-09,DELSCIA GRAY,DEM,0
23-09,HELEN GYM,DEM,23
23-09,JAMES M DELEON,DEM,0
23-09,JEFF BROWN,DEM,20
23-09,REBECCA RHYNHART,DEM,33
23-09,WARREN BLOOM,DEM,2
23-09,WRITE-IN,DEM,0
23-09,WRITE-IN,REP,1
23-10,ALLAN DOMB,DEM,27
23-10,AMEN  BROWN,DEM,2
23-10,CHERELLE L PARKER,DEM,98
23-10,DAVID OH,REP,15
23-10,DELSCIA GRAY,DEM,0
23-10,HELEN GYM,DEM,34
23-10,JAMES M DELEON,DEM,2
23-10,JEFF BROWN,DEM,27
23-10,REBECCA RHYNHART,DEM,43
23-10,WARREN BLOOM,DEM,1
23-10,WRITE-IN,DEM,0
23-10,WRITE-IN,REP,2
23-11,ALLAN DOMB,DEM,5
23-11,AMEN  BROWN,DEM,0
23-11,CHERELLE L PARKER,DEM,45
23-11,DAVID OH,REP,4
23-11,DELSCIA GRAY,DEM,0
23-11,HELEN GYM,DEM,12
23-11,JAMES M DELEON,DEM,0
23-11,JEFF BROWN,DEM,11
23-11,REBECCA RHYNHART,DEM,15
23-11,WARREN BLOOM,DEM,0
23-11,WRITE-IN,DEM,0
23-11,WRITE-IN,REP,4
23-12,ALLAN DOMB,DEM,5
23-12,AMEN  BROWN,DEM,1
23-12,CHERELLE L PARKER,DEM,33
23-12,DAVID OH,REP,2
23-12,DELSCIA GRAY,DEM,0
23-12,HELEN GYM,DEM,7
23-12,JAMES M DELEON,DEM,1
23-12,JEFF BROWN,DEM,5
23-12,REBECCA RHYNHART,DEM,11
23-12,WARREN BLOOM,DEM,0
23-12,WRITE-IN,DEM,0
23-12,WRITE-IN,REP,0
23-13,ALLAN DOMB,DEM,22
23-13,AMEN  BROWN,DEM,3
23-13,CHERELLE L PARKER,DEM,82
23-13,DAVID OH,REP,19
23-13,DELSCIA GRAY,DEM,0
23-13,HELEN GYM,DEM,40
23-13,JAMES M DELEON,DEM,2
23-13,JEFF BROWN,DEM,24
23-13,REBECCA RHYNHART,DEM,36
23-13,WARREN BLOOM,DEM,1
23-13,WRITE-IN,DEM,0
23-13,WRITE-IN,REP,1
23-14,ALLAN DOMB,DEM,29
23-14,AMEN  BROWN,DEM,1
23-14,CHERELLE L PARKER,DEM,19
23-14,DAVID OH,REP,20
23-14,DELSCIA GRAY,DEM,0
23-14,HELEN GYM,DEM,7
23-14,JAMES M DELEON,DEM,1
23-14,JEFF BROWN,DEM,12
23-14,REBECCA RHYNHART,DEM,24
23-14,WARREN BLOOM,DEM,0
23-14,WRITE-IN,DEM,0
23-14,WRITE-IN,REP,0
23-15,ALLAN DOMB,DEM,3
23-15,AMEN  BROWN,DEM,1
23-15,CHERELLE L PARKER,DEM,24
23-15,DAVID OH,REP,9
23-15,DELSCIA GRAY,DEM,2
23-15,HELEN GYM,DEM,12
23-15,JAMES M DELEON,DEM,1
23-15,JEFF BROWN,DEM,6
23-15,REBECCA RHYNHART,DEM,2
23-15,WARREN BLOOM,DEM,0
23-15,WRITE-IN,DEM,0
23-15,WRITE-IN,REP,0
23-16,ALLAN DOMB,DEM,5
23-16,AMEN  BROWN,DEM,4
23-16,CHERELLE L PARKER,DEM,64
23-16,DAVID OH,REP,0
23-16,DELSCIA GRAY,DEM,3
23-16,HELEN GYM,DEM,9
23-16,JAMES M DELEON,DEM,0
23-16,JEFF BROWN,DEM,13
23-16,REBECCA RHYNHART,DEM,8
23-16,WARREN BLOOM,DEM,1
23-16,WRITE-IN,DEM,0
23-16,WRITE-IN,REP,0
23-17,ALLAN DOMB,DEM,9
23-17,AMEN  BROWN,DEM,2
23-17,CHERELLE L PARKER,DEM,52
23-17,DAVID OH,REP,3
23-17,DELSCIA GRAY,DEM,1
23-17,HELEN GYM,DEM,6
23-17,JAMES M DELEON,DEM,3
23-17,JEFF BROWN,DEM,6
23-17,REBECCA RHYNHART,DEM,15
23-17,WARREN BLOOM,DEM,1
23-17,WRITE-IN,DEM,0
23-17,WRITE-IN,REP,0
23-18,ALLAN DOMB,DEM,4
23-18,AMEN  BROWN,DEM,3
23-18,CHERELLE L PARKER,DEM,65
23-18,DAVID OH,REP,1
23-18,DELSCIA GRAY,DEM,0
23-18,HELEN GYM,DEM,1
23-18,JAMES M DELEON,DEM,1
23-18,JEFF BROWN,DEM,6
23-18,REBECCA RHYNHART,DEM,3
23-18,WARREN BLOOM,DEM,0
23-18,WRITE-IN,DEM,0
23-18,WRITE-IN,REP,0
23-19,ALLAN DOMB,DEM,3
23-19,AMEN  BROWN,DEM,3
23-19,CHERELLE L PARKER,DEM,44
23-19,DAVID OH,REP,1
23-19,DELSCIA GRAY,DEM,0
23-19,HELEN GYM,DEM,10
23-19,JAMES M DELEON,DEM,3
23-19,JEFF BROWN,DEM,10
23-19,REBECCA RHYNHART,DEM,10
23-19,WARREN BLOOM,DEM,0
23-19,WRITE-IN,DEM,0
23-19,WRITE-IN,REP,0
23-20,ALLAN DOMB,DEM,7
23-20,AMEN  BROWN,DEM,2
23-20,CHERELLE L PARKER,DEM,35
23-20,DAVID OH,REP,6
23-20,DELSCIA GRAY,DEM,0
23-20,HELEN GYM,DEM,14
23-20,JAMES M DELEON,DEM,3
23-20,JEFF BROWN,DEM,5
23-20,REBECCA RHYNHART,DEM,7
23-20,WARREN BLOOM,DEM,2
23-20,WRITE-IN,DEM,0
23-20,WRITE-IN,REP,0
23-21,ALLAN DOMB,DEM,8
23-21,AMEN  BROWN,DEM,2
23-21,CHERELLE L PARKER,DEM,74
23-21,DAVID OH,REP,1
23-21,DELSCIA GRAY,DEM,1
23-21,HELEN GYM,DEM,8
23-21,JAMES M DELEON,DEM,0
23-21,JEFF BROWN,DEM,16
23-21,REBECCA RHYNHART,DEM,10
23-21,WARREN BLOOM,DEM,0
23-21,WRITE-IN,DEM,0
23-21,WRITE-IN,REP,0
23-22,ALLAN DOMB,DEM,8
23-22,AMEN  BROWN,DEM,0
23-22,CHERELLE L PARKER,DEM,17
23-22,DAVID OH,REP,6
23-22,DELSCIA GRAY,DEM,0
23-22,HELEN GYM,DEM,7
23-22,JAMES M DELEON,DEM,1
23-22,JEFF BROWN,DEM,7
23-22,REBECCA RHYNHART,DEM,5
23-22,WARREN BLOOM,DEM,0
23-22,WRITE-IN,DEM,0
23-22,WRITE-IN,REP,0
23-23,ALLAN DOMB,DEM,8
23-23,AMEN  BROWN,DEM,2
23-23,CHERELLE L PARKER,DEM,19
23-23,DAVID OH,REP,4
23-23,DELSCIA GRAY,DEM,0
23-23,HELEN GYM,DEM,5
23-23,JAMES M DELEON,DEM,0
23-23,JEFF BROWN,DEM,1
23-23,REBECCA RHYNHART,DEM,9
23-23,WARREN BLOOM,DEM,0
23-23,WRITE-IN,DEM,0
23-23,WRITE-IN,REP,0
24-01,ALLAN DOMB,DEM,3
24-01,AMEN  BROWN,DEM,1
24-01,CHERELLE L PARKER,DEM,20
24-01,DAVID OH,REP,2
24-01,DELSCIA GRAY,DEM,0
24-01,HELEN GYM,DEM,78
24-01,JAMES M DELEON,DEM,1
24-01,JEFF BROWN,DEM,2
24-01,REBECCA RHYNHART,DEM,43
24-01,WARREN BLOOM,DEM,0
24-01,WRITE-IN,DEM,0
24-01,WRITE-IN,REP,0
24-02,ALLAN DOMB,DEM,5
24-02,AMEN  BROWN,DEM,1
24-02,CHERELLE L PARKER,DEM,34
24-02,DAVID OH,REP,3
24-02,DELSCIA GRAY,DEM,1
24-02,HELEN GYM,DEM,30
24-02,JAMES M DELEON,DEM,2
24-02,JEFF BROWN,DEM,8
24-02,REBECCA RHYNHART,DEM,15
24-02,WARREN BLOOM,DEM,0
24-02,WRITE-IN,DEM,0
24-02,WRITE-IN,REP,0
24-03,ALLAN DOMB,DEM,11
24-03,AMEN  BROWN,DEM,7
24-03,CHERELLE L PARKER,DEM,58
24-03,DAVID OH,REP,0
24-03,DELSCIA GRAY,DEM,0
24-03,HELEN GYM,DEM,52
24-03,JAMES M DELEON,DEM,1
24-03,JEFF BROWN,DEM,24
24-03,REBECCA RHYNHART,DEM,16
24-03,WARREN BLOOM,DEM,0
24-03,WRITE-IN,DEM,0
24-03,WRITE-IN,REP,0
24-04,ALLAN DOMB,DEM,1
24-04,AMEN  BROWN,DEM,9
24-04,CHERELLE L PARKER,DEM,37
24-04,DAVID OH,REP,0
24-04,DELSCIA GRAY,DEM,0
24-04,HELEN GYM,DEM,33
24-04,JAMES M DELEON,DEM,0
24-04,JEFF BROWN,DEM,16
24-04,REBECCA RHYNHART,DEM,15
24-04,WARREN BLOOM,DEM,0
24-04,WRITE-IN,DEM,0
24-04,WRITE-IN,REP,0
24-05,ALLAN DOMB,DEM,6
24-05,AMEN  BROWN,DEM,2
24-05,CHERELLE L PARKER,DEM,17
24-05,DAVID OH,REP,6
24-05,DELSCIA GRAY,DEM,0
24-05,HELEN GYM,DEM,129
24-05,JAMES M DELEON,DEM,0
24-05,JEFF BROWN,DEM,6
24-05,REBECCA RHYNHART,DEM,54
24-05,WARREN BLOOM,DEM,0
24-05,WRITE-IN,DEM,0
24-05,WRITE-IN,REP,0
24-06,ALLAN DOMB,DEM,13
24-06,AMEN  BROWN,DEM,38
24-06,CHERELLE L PARKER,DEM,80
24-06,DAVID OH,REP,5
24-06,DELSCIA GRAY,DEM,0
24-06,HELEN GYM,DEM,73
24-06,JAMES M DELEON,DEM,3
24-06,JEFF BROWN,DEM,17
24-06,REBECCA RHYNHART,DEM,35
24-06,WARREN BLOOM,DEM,0
24-06,WRITE-IN,DEM,0
24-06,WRITE-IN,REP,1
24-07,ALLAN DOMB,DEM,7
24-07,AMEN  BROWN,DEM,2
24-07,CHERELLE L PARKER,DEM,35
24-07,DAVID OH,REP,0
24-07,DELSCIA GRAY,DEM,2
24-07,HELEN GYM,DEM,30
24-07,JAMES M DELEON,DEM,1
24-07,JEFF BROWN,DEM,3
24-07,REBECCA RHYNHART,DEM,9
24-07,WARREN BLOOM,DEM,0
24-07,WRITE-IN,DEM,0
24-07,WRITE-IN,REP,0
24-08,ALLAN DOMB,DEM,8
24-08,AMEN  BROWN,DEM,3
24-08,CHERELLE L PARKER,DEM,49
24-08,DAVID OH,REP,3
24-08,DELSCIA GRAY,DEM,0
24-08,HELEN GYM,DEM,108
24-08,JAMES M DELEON,DEM,1
24-08,JEFF BROWN,DEM,11
24-08,REBECCA RHYNHART,DEM,21
24-08,WARREN BLOOM,DEM,0
24-08,WRITE-IN,DEM,0
24-08,WRITE-IN,REP,0
24-09,ALLAN DOMB,DEM,6
24-09,AMEN  BROWN,DEM,4
24-09,CHERELLE L PARKER,DEM,56
24-09,DAVID OH,REP,2
24-09,DELSCIA GRAY,DEM,0
24-09,HELEN GYM,DEM,5
24-09,JAMES M DELEON,DEM,1
24-09,JEFF BROWN,DEM,18
24-09,REBECCA RHYNHART,DEM,7
24-09,WARREN BLOOM,DEM,0
24-09,WRITE-IN,DEM,0
24-09,WRITE-IN,REP,0
24-10,ALLAN DOMB,DEM,3
24-10,AMEN  BROWN,DEM,1
24-10,CHERELLE L PARKER,DEM,4
24-10,DAVID OH,REP,2
24-10,DELSCIA GRAY,DEM,0
24-10,HELEN GYM,DEM,19
24-10,JAMES M DELEON,DEM,0
24-10,JEFF BROWN,DEM,0
24-10,REBECCA RHYNHART,DEM,9
24-10,WARREN BLOOM,DEM,0
24-10,WRITE-IN,DEM,0
24-10,WRITE-IN,REP,0
24-11,ALLAN DOMB,DEM,1
24-11,AMEN  BROWN,DEM,2
24-11,CHERELLE L PARKER,DEM,24
24-11,DAVID OH,REP,3
24-11,DELSCIA GRAY,DEM,1
24-11,HELEN GYM,DEM,36
24-11,JAMES M DELEON,DEM,0
24-11,JEFF BROWN,DEM,12
24-11,REBECCA RHYNHART,DEM,20
24-11,WARREN BLOOM,DEM,0
24-11,WRITE-IN,DEM,0
24-11,WRITE-IN,REP,0
24-12,ALLAN DOMB,DEM,6
24-12,AMEN  BROWN,DEM,3
24-12,CHERELLE L PARKER,DEM,59
24-12,DAVID OH,REP,0
24-12,DELSCIA GRAY,DEM,1
24-12,HELEN GYM,DEM,18
24-12,JAMES M DELEON,DEM,1
24-12,JEFF BROWN,DEM,16
24-12,REBECCA RHYNHART,DEM,8
24-12,WARREN BLOOM,DEM,0
24-12,WRITE-IN,DEM,0
24-12,WRITE-IN,REP,0
24-13,ALLAN DOMB,DEM,5
24-13,AMEN  BROWN,DEM,6
24-13,CHERELLE L PARKER,DEM,50
24-13,DAVID OH,REP,1
24-13,DELSCIA GRAY,DEM,0
24-13,HELEN GYM,DEM,21
24-13,JAMES M DELEON,DEM,2
24-13,JEFF BROWN,DEM,18
24-13,REBECCA RHYNHART,DEM,6
24-13,WARREN BLOOM,DEM,0
24-13,WRITE-IN,DEM,0
24-13,WRITE-IN,REP,1
24-14,ALLAN DOMB,DEM,12
24-14,AMEN  BROWN,DEM,5
24-14,CHERELLE L PARKER,DEM,49
24-14,DAVID OH,REP,0
24-14,DELSCIA GRAY,DEM,1
24-14,HELEN GYM,DEM,7
24-14,JAMES M DELEON,DEM,0
24-14,JEFF BROWN,DEM,26
24-14,REBECCA RHYNHART,DEM,11
24-14,WARREN BLOOM,DEM,1
24-14,WRITE-IN,DEM,0
24-14,WRITE-IN,REP,2
24-15,ALLAN DOMB,DEM,5
24-15,AMEN  BROWN,DEM,9
24-15,CHERELLE L PARKER,DEM,30
24-15,DAVID OH,REP,0
24-15,DELSCIA GRAY,DEM,0
24-15,HELEN GYM,DEM,0
24-15,JAMES M DELEON,DEM,0
24-15,JEFF BROWN,DEM,9
24-15,REBECCA RHYNHART,DEM,7
24-15,WARREN BLOOM,DEM,0
24-15,WRITE-IN,DEM,0
24-15,WRITE-IN,REP,0
24-16,ALLAN DOMB,DEM,2
24-16,AMEN  BROWN,DEM,6
24-16,CHERELLE L PARKER,DEM,22
24-16,DAVID OH,REP,0
24-16,DELSCIA GRAY,DEM,0
24-16,HELEN GYM,DEM,8
24-16,JAMES M DELEON,DEM,0
24-16,JEFF BROWN,DEM,8
24-16,REBECCA RHYNHART,DEM,3
24-16,WARREN BLOOM,DEM,0
24-16,WRITE-IN,DEM,0
24-16,WRITE-IN,REP,0
24-17,ALLAN DOMB,DEM,1
24-17,AMEN  BROWN,DEM,5
24-17,CHERELLE L PARKER,DEM,20
24-17,DAVID OH,REP,2
24-17,DELSCIA GRAY,DEM,0
24-17,HELEN GYM,DEM,13
24-17,JAMES M DELEON,DEM,0
24-17,JEFF BROWN,DEM,8
24-17,REBECCA RHYNHART,DEM,5
24-17,WARREN BLOOM,DEM,0
24-17,WRITE-IN,DEM,0
24-17,WRITE-IN,REP,1
24-18,ALLAN DOMB,DEM,1
24-18,AMEN  BROWN,DEM,1
24-18,CHERELLE L PARKER,DEM,6
24-18,DAVID OH,REP,1
24-18,DELSCIA GRAY,DEM,0
24-18,HELEN GYM,DEM,13
24-18,JAMES M DELEON,DEM,0
24-18,JEFF BROWN,DEM,0
24-18,REBECCA RHYNHART,DEM,7
24-18,WARREN BLOOM,DEM,0
24-18,WRITE-IN,DEM,0
24-18,WRITE-IN,REP,0
24-19,ALLAN DOMB,DEM,1
24-19,AMEN  BROWN,DEM,0
24-19,CHERELLE L PARKER,DEM,7
24-19,DAVID OH,REP,0
24-19,DELSCIA GRAY,DEM,0
24-19,HELEN GYM,DEM,32
24-19,JAMES M DELEON,DEM,0
24-19,JEFF BROWN,DEM,1
24-19,REBECCA RHYNHART,DEM,10
24-19,WARREN BLOOM,DEM,0
24-19,WRITE-IN,DEM,0
24-19,WRITE-IN,REP,0
25-01,ALLAN DOMB,DEM,30
25-01,AMEN  BROWN,DEM,0
25-01,CHERELLE L PARKER,DEM,3
25-01,DAVID OH,REP,30
25-01,DELSCIA GRAY,DEM,0
25-01,HELEN GYM,DEM,21
25-01,JAMES M DELEON,DEM,0
25-01,JEFF BROWN,DEM,3
25-01,REBECCA RHYNHART,DEM,35
25-01,WARREN BLOOM,DEM,1
25-01,WRITE-IN,DEM,0
25-01,WRITE-IN,REP,3
25-02,ALLAN DOMB,DEM,10
25-02,AMEN  BROWN,DEM,0
25-02,CHERELLE L PARKER,DEM,3
25-02,DAVID OH,REP,4
25-02,DELSCIA GRAY,DEM,0
25-02,HELEN GYM,DEM,19
25-02,JAMES M DELEON,DEM,0
25-02,JEFF BROWN,DEM,3
25-02,REBECCA RHYNHART,DEM,12
25-02,WARREN BLOOM,DEM,0
25-02,WRITE-IN,DEM,0
25-02,WRITE-IN,REP,0
25-03,ALLAN DOMB,DEM,24
25-03,AMEN  BROWN,DEM,0
25-03,CHERELLE L PARKER,DEM,11
25-03,DAVID OH,REP,29
25-03,DELSCIA GRAY,DEM,0
25-03,HELEN GYM,DEM,29
25-03,JAMES M DELEON,DEM,1
25-03,JEFF BROWN,DEM,15
25-03,REBECCA RHYNHART,DEM,38
25-03,WARREN BLOOM,DEM,0
25-03,WRITE-IN,DEM,0
25-03,WRITE-IN,REP,2
25-04,ALLAN DOMB,DEM,13
25-04,AMEN  BROWN,DEM,0
25-04,CHERELLE L PARKER,DEM,9
25-04,DAVID OH,REP,31
25-04,DELSCIA GRAY,DEM,0
25-04,HELEN GYM,DEM,25
25-04,JAMES M DELEON,DEM,0
25-04,JEFF BROWN,DEM,8
25-04,REBECCA RHYNHART,DEM,31
25-04,WARREN BLOOM,DEM,0
25-04,WRITE-IN,DEM,0
25-04,WRITE-IN,REP,1
25-05,ALLAN DOMB,DEM,25
25-05,AMEN  BROWN,DEM,0
25-05,CHERELLE L PARKER,DEM,5
25-05,DAVID OH,REP,31
25-05,DELSCIA GRAY,DEM,1
25-05,HELEN GYM,DEM,32
25-05,JAMES M DELEON,DEM,0
25-05,JEFF BROWN,DEM,10
25-05,REBECCA RHYNHART,DEM,50
25-05,WARREN BLOOM,DEM,0
25-05,WRITE-IN,DEM,0
25-05,WRITE-IN,REP,1
25-06,ALLAN DOMB,DEM,20
25-06,AMEN  BROWN,DEM,0
25-06,CHERELLE L PARKER,DEM,6
25-06,DAVID OH,REP,16
25-06,DELSCIA GRAY,DEM,0
25-06,HELEN GYM,DEM,28
25-06,JAMES M DELEON,DEM,0
25-06,JEFF BROWN,DEM,8
25-06,REBECCA RHYNHART,DEM,27
25-06,WARREN BLOOM,DEM,0
25-06,WRITE-IN,DEM,0
25-06,WRITE-IN,REP,2
25-07,ALLAN DOMB,DEM,15
25-07,AMEN  BROWN,DEM,0
25-07,CHERELLE L PARKER,DEM,6
25-07,DAVID OH,REP,25
25-07,DELSCIA GRAY,DEM,0
25-07,HELEN GYM,DEM,27
25-07,JAMES M DELEON,DEM,1
25-07,JEFF BROWN,DEM,7
25-07,REBECCA RHYNHART,DEM,36
25-07,WARREN BLOOM,DEM,0
25-07,WRITE-IN,DEM,0
25-07,WRITE-IN,REP,2
25-08,ALLAN DOMB,DEM,20
25-08,AMEN  BROWN,DEM,0
25-08,CHERELLE L PARKER,DEM,16
25-08,DAVID OH,REP,13
25-08,DELSCIA GRAY,DEM,0
25-08,HELEN GYM,DEM,34
25-08,JAMES M DELEON,DEM,0
25-08,JEFF BROWN,DEM,6
25-08,REBECCA RHYNHART,DEM,16
25-08,WARREN BLOOM,DEM,0
25-08,WRITE-IN,DEM,0
25-08,WRITE-IN,REP,1
25-09,ALLAN DOMB,DEM,6
25-09,AMEN  BROWN,DEM,0
25-09,CHERELLE L PARKER,DEM,8
25-09,DAVID OH,REP,5
25-09,DELSCIA GRAY,DEM,0
25-09,HELEN GYM,DEM,16
25-09,JAMES M DELEON,DEM,0
25-09,JEFF BROWN,DEM,6
25-09,REBECCA RHYNHART,DEM,4
25-09,WARREN BLOOM,DEM,0
25-09,WRITE-IN,DEM,0
25-09,WRITE-IN,REP,0
25-10,ALLAN DOMB,DEM,29
25-10,AMEN  BROWN,DEM,2
25-10,CHERELLE L PARKER,DEM,10
25-10,DAVID OH,REP,25
25-10,DELSCIA GRAY,DEM,0
25-10,HELEN GYM,DEM,37
25-10,JAMES M DELEON,DEM,0
25-10,JEFF BROWN,DEM,8
25-10,REBECCA RHYNHART,DEM,35
25-10,WARREN BLOOM,DEM,0
25-10,WRITE-IN,DEM,1
25-10,WRITE-IN,REP,1
25-11,ALLAN DOMB,DEM,12
25-11,AMEN  BROWN,DEM,1
25-11,CHERELLE L PARKER,DEM,13
25-11,DAVID OH,REP,16
25-11,DELSCIA GRAY,DEM,0
25-11,HELEN GYM,DEM,33
25-11,JAMES M DELEON,DEM,0
25-11,JEFF BROWN,DEM,11
25-11,REBECCA RHYNHART,DEM,22
25-11,WARREN BLOOM,DEM,1
25-11,WRITE-IN,DEM,0
25-11,WRITE-IN,REP,1
25-12,ALLAN DOMB,DEM,21
25-12,AMEN  BROWN,DEM,0
25-12,CHERELLE L PARKER,DEM,14
25-12,DAVID OH,REP,21
25-12,DELSCIA GRAY,DEM,0
25-12,HELEN GYM,DEM,33
25-12,JAMES M DELEON,DEM,0
25-12,JEFF BROWN,DEM,9
25-12,REBECCA RHYNHART,DEM,42
25-12,WARREN BLOOM,DEM,0
25-12,WRITE-IN,DEM,0
25-12,WRITE-IN,REP,0
25-13,ALLAN DOMB,DEM,3
25-13,AMEN  BROWN,DEM,1
25-13,CHERELLE L PARKER,DEM,25
25-13,DAVID OH,REP,1
25-13,DELSCIA GRAY,DEM,0
25-13,HELEN GYM,DEM,13
25-13,JAMES M DELEON,DEM,1
25-13,JEFF BROWN,DEM,3
25-13,REBECCA RHYNHART,DEM,5
25-13,WARREN BLOOM,DEM,0
25-13,WRITE-IN,DEM,0
25-13,WRITE-IN,REP,0
25-14,ALLAN DOMB,DEM,11
25-14,AMEN  BROWN,DEM,2
25-14,CHERELLE L PARKER,DEM,8
25-14,DAVID OH,REP,4
25-14,DELSCIA GRAY,DEM,1
25-14,HELEN GYM,DEM,4
25-14,JAMES M DELEON,DEM,2
25-14,JEFF BROWN,DEM,6
25-14,REBECCA RHYNHART,DEM,5
25-14,WARREN BLOOM,DEM,0
25-14,WRITE-IN,DEM,0
25-14,WRITE-IN,REP,0
25-15,ALLAN DOMB,DEM,4
25-15,AMEN  BROWN,DEM,0
25-15,CHERELLE L PARKER,DEM,10
25-15,DAVID OH,REP,0
25-15,DELSCIA GRAY,DEM,0
25-15,HELEN GYM,DEM,9
25-15,JAMES M DELEON,DEM,0
25-15,JEFF BROWN,DEM,4
25-15,REBECCA RHYNHART,DEM,6
25-15,WARREN BLOOM,DEM,1
25-15,WRITE-IN,DEM,0
25-15,WRITE-IN,REP,0
25-16,ALLAN DOMB,DEM,3
25-16,AMEN  BROWN,DEM,0
25-16,CHERELLE L PARKER,DEM,5
25-16,DAVID OH,REP,2
25-16,DELSCIA GRAY,DEM,1
25-16,HELEN GYM,DEM,3
25-16,JAMES M DELEON,DEM,1
25-16,JEFF BROWN,DEM,2
25-16,REBECCA RHYNHART,DEM,2
25-16,WARREN BLOOM,DEM,0
25-16,WRITE-IN,DEM,0
25-16,WRITE-IN,REP,0
25-17,ALLAN DOMB,DEM,3
25-17,AMEN  BROWN,DEM,0
25-17,CHERELLE L PARKER,DEM,6
25-17,DAVID OH,REP,1
25-17,DELSCIA GRAY,DEM,1
25-17,HELEN GYM,DEM,6
25-17,JAMES M DELEON,DEM,0
25-17,JEFF BROWN,DEM,1
25-17,REBECCA RHYNHART,DEM,3
25-17,WARREN BLOOM,DEM,0
25-17,WRITE-IN,DEM,0
25-17,WRITE-IN,REP,0
25-18,ALLAN DOMB,DEM,9
25-18,AMEN  BROWN,DEM,0
25-18,CHERELLE L PARKER,DEM,7
25-18,DAVID OH,REP,1
25-18,DELSCIA GRAY,DEM,0
25-18,HELEN GYM,DEM,11
25-18,JAMES M DELEON,DEM,0
25-18,JEFF BROWN,DEM,1
25-18,REBECCA RHYNHART,DEM,8
25-18,WARREN BLOOM,DEM,0
25-18,WRITE-IN,DEM,1
25-18,WRITE-IN,REP,0
25-19,ALLAN DOMB,DEM,4
25-19,AMEN  BROWN,DEM,2
25-19,CHERELLE L PARKER,DEM,14
25-19,DAVID OH,REP,4
25-19,DELSCIA GRAY,DEM,0
25-19,HELEN GYM,DEM,16
25-19,JAMES M DELEON,DEM,1
25-19,JEFF BROWN,DEM,7
25-19,REBECCA RHYNHART,DEM,6
25-19,WARREN BLOOM,DEM,0
25-19,WRITE-IN,DEM,0
25-19,WRITE-IN,REP,0
25-20,ALLAN DOMB,DEM,8
25-20,AMEN  BROWN,DEM,0
25-20,CHERELLE L PARKER,DEM,11
25-20,DAVID OH,REP,0
25-20,DELSCIA GRAY,DEM,0
25-20,HELEN GYM,DEM,7
25-20,JAMES M DELEON,DEM,0
25-20,JEFF BROWN,DEM,3
25-20,REBECCA RHYNHART,DEM,4
25-20,WARREN BLOOM,DEM,0
25-20,WRITE-IN,DEM,0
25-20,WRITE-IN,REP,0
25-21,ALLAN DOMB,DEM,7
25-21,AMEN  BROWN,DEM,0
25-21,CHERELLE L PARKER,DEM,19
25-21,DAVID OH,REP,4
25-21,DELSCIA GRAY,DEM,1
25-21,HELEN GYM,DEM,9
25-21,JAMES M DELEON,DEM,0
25-21,JEFF BROWN,DEM,8
25-21,REBECCA RHYNHART,DEM,4
25-21,WARREN BLOOM,DEM,0
25-21,WRITE-IN,DEM,0
25-21,WRITE-IN,REP,0
25-22,ALLAN DOMB,DEM,14
25-22,AMEN  BROWN,DEM,0
25-22,CHERELLE L PARKER,DEM,12
25-22,DAVID OH,REP,29
25-22,DELSCIA GRAY,DEM,0
25-22,HELEN GYM,DEM,26
25-22,JAMES M DELEON,DEM,1
25-22,JEFF BROWN,DEM,6
25-22,REBECCA RHYNHART,DEM,23
25-22,WARREN BLOOM,DEM,1
25-22,WRITE-IN,DEM,0
25-22,WRITE-IN,REP,0
25-23,ALLAN DOMB,DEM,10
25-23,AMEN  BROWN,DEM,0
25-23,CHERELLE L PARKER,DEM,12
25-23,DAVID OH,REP,10
25-23,DELSCIA GRAY,DEM,0
25-23,HELEN GYM,DEM,27
25-23,JAMES M DELEON,DEM,0
25-23,JEFF BROWN,DEM,9
25-23,REBECCA RHYNHART,DEM,13
25-23,WARREN BLOOM,DEM,0
25-23,WRITE-IN,DEM,1
25-23,WRITE-IN,REP,0
25-24,ALLAN DOMB,DEM,8
25-24,AMEN  BROWN,DEM,2
25-24,CHERELLE L PARKER,DEM,8
25-24,DAVID OH,REP,19
25-24,DELSCIA GRAY,DEM,0
25-24,HELEN GYM,DEM,24
25-24,JAMES M DELEON,DEM,0
25-24,JEFF BROWN,DEM,4
25-24,REBECCA RHYNHART,DEM,16
25-24,WARREN BLOOM,DEM,0
25-24,WRITE-IN,DEM,0
25-24,WRITE-IN,REP,0
26-01,ALLAN DOMB,DEM,73
26-01,AMEN  BROWN,DEM,0
26-01,CHERELLE L PARKER,DEM,10
26-01,DAVID OH,REP,37
26-01,DELSCIA GRAY,DEM,1
26-01,HELEN GYM,DEM,6
26-01,JAMES M DELEON,DEM,0
26-01,JEFF BROWN,DEM,9
26-01,REBECCA RHYNHART,DEM,29
26-01,WARREN BLOOM,DEM,0
26-01,WRITE-IN,DEM,0
26-01,WRITE-IN,REP,2
26-02,ALLAN DOMB,DEM,84
26-02,AMEN  BROWN,DEM,1
26-02,CHERELLE L PARKER,DEM,15
26-02,DAVID OH,REP,49
26-02,DELSCIA GRAY,DEM,0
26-02,HELEN GYM,DEM,13
26-02,JAMES M DELEON,DEM,0
26-02,JEFF BROWN,DEM,14
26-02,REBECCA RHYNHART,DEM,46
26-02,WARREN BLOOM,DEM,0
26-02,WRITE-IN,DEM,0
26-02,WRITE-IN,REP,2
26-03,ALLAN DOMB,DEM,78
26-03,AMEN  BROWN,DEM,0
26-03,CHERELLE L PARKER,DEM,13
26-03,DAVID OH,REP,49
26-03,DELSCIA GRAY,DEM,0
26-03,HELEN GYM,DEM,4
26-03,JAMES M DELEON,DEM,0
26-03,JEFF BROWN,DEM,18
26-03,REBECCA RHYNHART,DEM,31
26-03,WARREN BLOOM,DEM,0
26-03,WRITE-IN,DEM,0
26-03,WRITE-IN,REP,2
26-04,ALLAN DOMB,DEM,48
26-04,AMEN  BROWN,DEM,2
26-04,CHERELLE L PARKER,DEM,16
26-04,DAVID OH,REP,48
26-04,DELSCIA GRAY,DEM,1
26-04,HELEN GYM,DEM,4
26-04,JAMES M DELEON,DEM,1
26-04,JEFF BROWN,DEM,16
26-04,REBECCA RHYNHART,DEM,23
26-04,WARREN BLOOM,DEM,0
26-04,WRITE-IN,DEM,0
26-04,WRITE-IN,REP,1
26-05,ALLAN DOMB,DEM,43
26-05,AMEN  BROWN,DEM,2
26-05,CHERELLE L PARKER,DEM,7
26-05,DAVID OH,REP,40
26-05,DELSCIA GRAY,DEM,0
26-05,HELEN GYM,DEM,19
26-05,JAMES M DELEON,DEM,1
26-05,JEFF BROWN,DEM,10
26-05,REBECCA RHYNHART,DEM,30
26-05,WARREN BLOOM,DEM,0
26-05,WRITE-IN,DEM,0
26-05,WRITE-IN,REP,1
26-06,ALLAN DOMB,DEM,78
26-06,AMEN  BROWN,DEM,1
26-06,CHERELLE L PARKER,DEM,16
26-06,DAVID OH,REP,49
26-06,DELSCIA GRAY,DEM,0
26-06,HELEN GYM,DEM,8
26-06,JAMES M DELEON,DEM,0
26-06,JEFF BROWN,DEM,24
26-06,REBECCA RHYNHART,DEM,47
26-06,WARREN BLOOM,DEM,0
26-06,WRITE-IN,DEM,0
26-06,WRITE-IN,REP,0
26-07,ALLAN DOMB,DEM,44
26-07,AMEN  BROWN,DEM,0
26-07,CHERELLE L PARKER,DEM,11
26-07,DAVID OH,REP,30
26-07,DELSCIA GRAY,DEM,1
26-07,HELEN GYM,DEM,22
26-07,JAMES M DELEON,DEM,1
26-07,JEFF BROWN,DEM,10
26-07,REBECCA RHYNHART,DEM,39
26-07,WARREN BLOOM,DEM,1
26-07,WRITE-IN,DEM,0
26-07,WRITE-IN,REP,0
26-08,ALLAN DOMB,DEM,36
26-08,AMEN  BROWN,DEM,0
26-08,CHERELLE L PARKER,DEM,6
26-08,DAVID OH,REP,30
26-08,DELSCIA GRAY,DEM,0
26-08,HELEN GYM,DEM,31
26-08,JAMES M DELEON,DEM,0
26-08,JEFF BROWN,DEM,11
26-08,REBECCA RHYNHART,DEM,37
26-08,WARREN BLOOM,DEM,1
26-08,WRITE-IN,DEM,0
26-08,WRITE-IN,REP,0
26-09,ALLAN DOMB,DEM,46
26-09,AMEN  BROWN,DEM,1
26-09,CHERELLE L PARKER,DEM,21
26-09,DAVID OH,REP,40
26-09,DELSCIA GRAY,DEM,0
26-09,HELEN GYM,DEM,17
26-09,JAMES M DELEON,DEM,1
26-09,JEFF BROWN,DEM,15
26-09,REBECCA RHYNHART,DEM,54
26-09,WARREN BLOOM,DEM,0
26-09,WRITE-IN,DEM,0
26-09,WRITE-IN,REP,2
26-10,ALLAN DOMB,DEM,21
26-10,AMEN  BROWN,DEM,0
26-10,CHERELLE L PARKER,DEM,8
26-10,DAVID OH,REP,20
26-10,DELSCIA GRAY,DEM,0
26-10,HELEN GYM,DEM,52
26-10,JAMES M DELEON,DEM,2
26-10,JEFF BROWN,DEM,4
26-10,REBECCA RHYNHART,DEM,31
26-10,WARREN BLOOM,DEM,0
26-10,WRITE-IN,DEM,0
26-10,WRITE-IN,REP,0
26-11,ALLAN DOMB,DEM,51
26-11,AMEN  BROWN,DEM,1
26-11,CHERELLE L PARKER,DEM,14
26-11,DAVID OH,REP,20
26-11,DELSCIA GRAY,DEM,0
26-11,HELEN GYM,DEM,43
26-11,JAMES M DELEON,DEM,0
26-11,JEFF BROWN,DEM,11
26-11,REBECCA RHYNHART,DEM,44
26-11,WARREN BLOOM,DEM,0
26-11,WRITE-IN,DEM,0
26-11,WRITE-IN,REP,1
26-12,ALLAN DOMB,DEM,33
26-12,AMEN  BROWN,DEM,0
26-12,CHERELLE L PARKER,DEM,16
26-12,DAVID OH,REP,28
26-12,DELSCIA GRAY,DEM,0
26-12,HELEN GYM,DEM,39
26-12,JAMES M DELEON,DEM,0
26-12,JEFF BROWN,DEM,8
26-12,REBECCA RHYNHART,DEM,42
26-12,WARREN BLOOM,DEM,0
26-12,WRITE-IN,DEM,1
26-12,WRITE-IN,REP,0
26-13,ALLAN DOMB,DEM,51
26-13,AMEN  BROWN,DEM,0
26-13,CHERELLE L PARKER,DEM,17
26-13,DAVID OH,REP,24
26-13,DELSCIA GRAY,DEM,0
26-13,HELEN GYM,DEM,25
26-13,JAMES M DELEON,DEM,1
26-13,JEFF BROWN,DEM,9
26-13,REBECCA RHYNHART,DEM,31
26-13,WARREN BLOOM,DEM,0
26-13,WRITE-IN,DEM,0
26-13,WRITE-IN,REP,0
26-14,ALLAN DOMB,DEM,34
26-14,AMEN  BROWN,DEM,1
26-14,CHERELLE L PARKER,DEM,16
26-14,DAVID OH,REP,23
26-14,DELSCIA GRAY,DEM,0
26-14,HELEN GYM,DEM,33
26-14,JAMES M DELEON,DEM,0
26-14,JEFF BROWN,DEM,17
26-14,REBECCA RHYNHART,DEM,64
26-14,WARREN BLOOM,DEM,0
26-14,WRITE-IN,DEM,1
26-14,WRITE-IN,REP,1
26-15,ALLAN DOMB,DEM,38
26-15,AMEN  BROWN,DEM,2
26-15,CHERELLE L PARKER,DEM,14
26-15,DAVID OH,REP,34
26-15,DELSCIA GRAY,DEM,0
26-15,HELEN GYM,DEM,19
26-15,JAMES M DELEON,DEM,1
26-15,JEFF BROWN,DEM,13
26-15,REBECCA RHYNHART,DEM,52
26-15,WARREN BLOOM,DEM,0
26-15,WRITE-IN,DEM,0
26-15,WRITE-IN,REP,0
26-16,ALLAN DOMB,DEM,23
26-16,AMEN  BROWN,DEM,1
26-16,CHERELLE L PARKER,DEM,14
26-16,DAVID OH,REP,16
26-16,DELSCIA GRAY,DEM,0
26-16,HELEN GYM,DEM,62
26-16,JAMES M DELEON,DEM,0
26-16,JEFF BROWN,DEM,15
26-16,REBECCA RHYNHART,DEM,40
26-16,WARREN BLOOM,DEM,0
26-16,WRITE-IN,DEM,0
26-16,WRITE-IN,REP,0
26-17,ALLAN DOMB,DEM,15
26-17,AMEN  BROWN,DEM,0
26-17,CHERELLE L PARKER,DEM,7
26-17,DAVID OH,REP,14
26-17,DELSCIA GRAY,DEM,0
26-17,HELEN GYM,DEM,71
26-17,JAMES M DELEON,DEM,0
26-17,JEFF BROWN,DEM,1
26-17,REBECCA RHYNHART,DEM,34
26-17,WARREN BLOOM,DEM,0
26-17,WRITE-IN,DEM,0
26-17,WRITE-IN,REP,1
26-18,ALLAN DOMB,DEM,30
26-18,AMEN  BROWN,DEM,2
26-18,CHERELLE L PARKER,DEM,18
26-18,DAVID OH,REP,22
26-18,DELSCIA GRAY,DEM,0
26-18,HELEN GYM,DEM,35
26-18,JAMES M DELEON,DEM,0
26-18,JEFF BROWN,DEM,5
26-18,REBECCA RHYNHART,DEM,38
26-18,WARREN BLOOM,DEM,0
26-18,WRITE-IN,DEM,0
26-18,WRITE-IN,REP,1
26-19,ALLAN DOMB,DEM,24
26-19,AMEN  BROWN,DEM,4
26-19,CHERELLE L PARKER,DEM,18
26-19,DAVID OH,REP,34
26-19,DELSCIA GRAY,DEM,0
26-19,HELEN GYM,DEM,51
26-19,JAMES M DELEON,DEM,0
26-19,JEFF BROWN,DEM,11
26-19,REBECCA RHYNHART,DEM,51
26-19,WARREN BLOOM,DEM,1
26-19,WRITE-IN,DEM,0
26-19,WRITE-IN,REP,0
26-20,ALLAN DOMB,DEM,41
26-20,AMEN  BROWN,DEM,0
26-20,CHERELLE L PARKER,DEM,9
26-20,DAVID OH,REP,19
26-20,DELSCIA GRAY,DEM,0
26-20,HELEN GYM,DEM,14
26-20,JAMES M DELEON,DEM,0
26-20,JEFF BROWN,DEM,7
26-20,REBECCA RHYNHART,DEM,6
26-20,WARREN BLOOM,DEM,0
26-20,WRITE-IN,DEM,0
26-20,WRITE-IN,REP,1
26-21,ALLAN DOMB,DEM,27
26-21,AMEN  BROWN,DEM,1
26-21,CHERELLE L PARKER,DEM,7
26-21,DAVID OH,REP,16
26-21,DELSCIA GRAY,DEM,0
26-21,HELEN GYM,DEM,34
26-21,JAMES M DELEON,DEM,0
26-21,JEFF BROWN,DEM,8
26-21,REBECCA RHYNHART,DEM,36
26-21,WARREN BLOOM,DEM,0
26-21,WRITE-IN,DEM,0
26-21,WRITE-IN,REP,0
26-22,ALLAN DOMB,DEM,12
26-22,AMEN  BROWN,DEM,1
26-22,CHERELLE L PARKER,DEM,15
26-22,DAVID OH,REP,14
26-22,DELSCIA GRAY,DEM,0
26-22,HELEN GYM,DEM,57
26-22,JAMES M DELEON,DEM,0
26-22,JEFF BROWN,DEM,1
26-22,REBECCA RHYNHART,DEM,44
26-22,WARREN BLOOM,DEM,0
26-22,WRITE-IN,DEM,0
26-22,WRITE-IN,REP,0
26-23,ALLAN DOMB,DEM,131
26-23,AMEN  BROWN,DEM,4
26-23,CHERELLE L PARKER,DEM,65
26-23,DAVID OH,REP,43
26-23,DELSCIA GRAY,DEM,0
26-23,HELEN GYM,DEM,18
26-23,JAMES M DELEON,DEM,0
26-23,JEFF BROWN,DEM,17
26-23,REBECCA RHYNHART,DEM,62
26-23,WARREN BLOOM,DEM,0
26-23,WRITE-IN,DEM,0
26-23,WRITE-IN,REP,6
27-01,ALLAN DOMB,DEM,3
27-01,AMEN  BROWN,DEM,0
27-01,CHERELLE L PARKER,DEM,18
27-01,DAVID OH,REP,1
27-01,DELSCIA GRAY,DEM,0
27-01,HELEN GYM,DEM,60
27-01,JAMES M DELEON,DEM,0
27-01,JEFF BROWN,DEM,2
27-01,REBECCA RHYNHART,DEM,29
27-01,WARREN BLOOM,DEM,0
27-01,WRITE-IN,DEM,0
27-01,WRITE-IN,REP,0
27-02,ALLAN DOMB,DEM,7
27-02,AMEN  BROWN,DEM,0
27-02,CHERELLE L PARKER,DEM,17
27-02,DAVID OH,REP,2
27-02,DELSCIA GRAY,DEM,1
27-02,HELEN GYM,DEM,193
27-02,JAMES M DELEON,DEM,0
27-02,JEFF BROWN,DEM,1
27-02,REBECCA RHYNHART,DEM,62
27-02,WARREN BLOOM,DEM,0
27-02,WRITE-IN,DEM,0
27-02,WRITE-IN,REP,0
27-03,ALLAN DOMB,DEM,1
27-03,AMEN  BROWN,DEM,0
27-03,CHERELLE L PARKER,DEM,1
27-03,DAVID OH,REP,0
27-03,DELSCIA GRAY,DEM,0
27-03,HELEN GYM,DEM,7
27-03,JAMES M DELEON,DEM,0
27-03,JEFF BROWN,DEM,1
27-03,REBECCA RHYNHART,DEM,5
27-03,WARREN BLOOM,DEM,0
27-03,WRITE-IN,DEM,0
27-03,WRITE-IN,REP,0
27-04,ALLAN DOMB,DEM,5
27-04,AMEN  BROWN,DEM,3
27-04,CHERELLE L PARKER,DEM,60
27-04,DAVID OH,REP,2
27-04,DELSCIA GRAY,DEM,0
27-04,HELEN GYM,DEM,21
27-04,JAMES M DELEON,DEM,3
27-04,JEFF BROWN,DEM,13
27-04,REBECCA RHYNHART,DEM,6
27-04,WARREN BLOOM,DEM,0
27-04,WRITE-IN,DEM,0
27-04,WRITE-IN,REP,0
27-05,ALLAN DOMB,DEM,4
27-05,AMEN  BROWN,DEM,0
27-05,CHERELLE L PARKER,DEM,4
27-05,DAVID OH,REP,0
27-05,DELSCIA GRAY,DEM,0
27-05,HELEN GYM,DEM,62
27-05,JAMES M DELEON,DEM,0
27-05,JEFF BROWN,DEM,3
27-05,REBECCA RHYNHART,DEM,31
27-05,WARREN BLOOM,DEM,0
27-05,WRITE-IN,DEM,0
27-05,WRITE-IN,REP,0
27-06,ALLAN DOMB,DEM,6
27-06,AMEN  BROWN,DEM,2
27-06,CHERELLE L PARKER,DEM,22
27-06,DAVID OH,REP,3
27-06,DELSCIA GRAY,DEM,1
27-06,HELEN GYM,DEM,65
27-06,JAMES M DELEON,DEM,1
27-06,JEFF BROWN,DEM,5
27-06,REBECCA RHYNHART,DEM,13
27-06,WARREN BLOOM,DEM,0
27-06,WRITE-IN,DEM,0
27-06,WRITE-IN,REP,0
27-07,ALLAN DOMB,DEM,3
27-07,AMEN  BROWN,DEM,1
27-07,CHERELLE L PARKER,DEM,26
27-07,DAVID OH,REP,5
27-07,DELSCIA GRAY,DEM,0
27-07,HELEN GYM,DEM,126
27-07,JAMES M DELEON,DEM,0
27-07,JEFF BROWN,DEM,6
27-07,REBECCA RHYNHART,DEM,45
27-07,WARREN BLOOM,DEM,1
27-07,WRITE-IN,DEM,0
27-07,WRITE-IN,REP,0
27-08,ALLAN DOMB,DEM,1
27-08,AMEN  BROWN,DEM,0
27-08,CHERELLE L PARKER,DEM,3
27-08,DAVID OH,REP,0
27-08,DELSCIA GRAY,DEM,0
27-08,HELEN GYM,DEM,27
27-08,JAMES M DELEON,DEM,0
27-08,JEFF BROWN,DEM,1
27-08,REBECCA RHYNHART,DEM,7
27-08,WARREN BLOOM,DEM,0
27-08,WRITE-IN,DEM,0
27-08,WRITE-IN,REP,0
27-09,ALLAN DOMB,DEM,1
27-09,AMEN  BROWN,DEM,0
27-09,CHERELLE L PARKER,DEM,4
27-09,DAVID OH,REP,0
27-09,DELSCIA GRAY,DEM,0
27-09,HELEN GYM,DEM,42
27-09,JAMES M DELEON,DEM,0
27-09,JEFF BROWN,DEM,0
27-09,REBECCA RHYNHART,DEM,8
27-09,WARREN BLOOM,DEM,0
27-09,WRITE-IN,DEM,0
27-09,WRITE-IN,REP,0
27-10,ALLAN DOMB,DEM,3
27-10,AMEN  BROWN,DEM,0
27-10,CHERELLE L PARKER,DEM,4
27-10,DAVID OH,REP,3
27-10,DELSCIA GRAY,DEM,1
27-10,HELEN GYM,DEM,80
27-10,JAMES M DELEON,DEM,1
27-10,JEFF BROWN,DEM,1
27-10,REBECCA RHYNHART,DEM,23
27-10,WARREN BLOOM,DEM,1
27-10,WRITE-IN,DEM,0
27-10,WRITE-IN,REP,0
27-11,ALLAN DOMB,DEM,1
27-11,AMEN  BROWN,DEM,2
27-11,CHERELLE L PARKER,DEM,5
27-11,DAVID OH,REP,0
27-11,DELSCIA GRAY,DEM,0
27-11,HELEN GYM,DEM,35
27-11,JAMES M DELEON,DEM,0
27-11,JEFF BROWN,DEM,1
27-11,REBECCA RHYNHART,DEM,18
27-11,WARREN BLOOM,DEM,0
27-11,WRITE-IN,DEM,0
27-11,WRITE-IN,REP,0
27-12,ALLAN DOMB,DEM,8
27-12,AMEN  BROWN,DEM,1
27-12,CHERELLE L PARKER,DEM,51
27-12,DAVID OH,REP,3
27-12,DELSCIA GRAY,DEM,0
27-12,HELEN GYM,DEM,45
27-12,JAMES M DELEON,DEM,2
27-12,JEFF BROWN,DEM,14
27-12,REBECCA RHYNHART,DEM,7
27-12,WARREN BLOOM,DEM,0
27-12,WRITE-IN,DEM,0
27-12,WRITE-IN,REP,0
27-13,ALLAN DOMB,DEM,6
27-13,AMEN  BROWN,DEM,6
27-13,CHERELLE L PARKER,DEM,16
27-13,DAVID OH,REP,2
27-13,DELSCIA GRAY,DEM,0
27-13,HELEN GYM,DEM,93
27-13,JAMES M DELEON,DEM,0
27-13,JEFF BROWN,DEM,0
27-13,REBECCA RHYNHART,DEM,28
27-13,WARREN BLOOM,DEM,1
27-13,WRITE-IN,DEM,0
27-13,WRITE-IN,REP,0
27-14,ALLAN DOMB,DEM,2
27-14,AMEN  BROWN,DEM,4
27-14,CHERELLE L PARKER,DEM,12
27-14,DAVID OH,REP,0
27-14,DELSCIA GRAY,DEM,0
27-14,HELEN GYM,DEM,163
27-14,JAMES M DELEON,DEM,1
27-14,JEFF BROWN,DEM,2
27-14,REBECCA RHYNHART,DEM,35
27-14,WARREN BLOOM,DEM,0
27-14,WRITE-IN,DEM,0
27-14,WRITE-IN,REP,1
27-15,ALLAN DOMB,DEM,10
27-15,AMEN  BROWN,DEM,2
27-15,CHERELLE L PARKER,DEM,54
27-15,DAVID OH,REP,3
27-15,DELSCIA GRAY,DEM,0
27-15,HELEN GYM,DEM,100
27-15,JAMES M DELEON,DEM,0
27-15,JEFF BROWN,DEM,17
27-15,REBECCA RHYNHART,DEM,25
27-15,WARREN BLOOM,DEM,0
27-15,WRITE-IN,DEM,0
27-15,WRITE-IN,REP,1
27-16,ALLAN DOMB,DEM,8
27-16,AMEN  BROWN,DEM,2
27-16,CHERELLE L PARKER,DEM,26
27-16,DAVID OH,REP,0
27-16,DELSCIA GRAY,DEM,0
27-16,HELEN GYM,DEM,33
27-16,JAMES M DELEON,DEM,0
27-16,JEFF BROWN,DEM,10
27-16,REBECCA RHYNHART,DEM,15
27-16,WARREN BLOOM,DEM,0
27-16,WRITE-IN,DEM,0
27-16,WRITE-IN,REP,0
27-17,ALLAN DOMB,DEM,3
27-17,AMEN  BROWN,DEM,1
27-17,CHERELLE L PARKER,DEM,69
27-17,DAVID OH,REP,2
27-17,DELSCIA GRAY,DEM,0
27-17,HELEN GYM,DEM,30
27-17,JAMES M DELEON,DEM,1
27-17,JEFF BROWN,DEM,8
27-17,REBECCA RHYNHART,DEM,10
27-17,WARREN BLOOM,DEM,0
27-17,WRITE-IN,DEM,0
27-17,WRITE-IN,REP,0
27-18,ALLAN DOMB,DEM,1
27-18,AMEN  BROWN,DEM,0
27-18,CHERELLE L PARKER,DEM,2
27-18,DAVID OH,REP,0
27-18,DELSCIA GRAY,DEM,0
27-18,HELEN GYM,DEM,13
27-18,JAMES M DELEON,DEM,0
27-18,JEFF BROWN,DEM,0
27-18,REBECCA RHYNHART,DEM,5
27-18,WARREN BLOOM,DEM,0
27-18,WRITE-IN,DEM,0
27-18,WRITE-IN,REP,0
27-19,ALLAN DOMB,DEM,2
27-19,AMEN  BROWN,DEM,0
27-19,CHERELLE L PARKER,DEM,8
27-19,DAVID OH,REP,4
27-19,DELSCIA GRAY,DEM,0
27-19,HELEN GYM,DEM,54
27-19,JAMES M DELEON,DEM,1
27-19,JEFF BROWN,DEM,2
27-19,REBECCA RHYNHART,DEM,25
27-19,WARREN BLOOM,DEM,0
27-19,WRITE-IN,DEM,0
27-19,WRITE-IN,REP,0
27-20,ALLAN DOMB,DEM,0
27-20,AMEN  BROWN,DEM,0
27-20,CHERELLE L PARKER,DEM,1
27-20,DAVID OH,REP,0
27-20,DELSCIA GRAY,DEM,0
27-20,HELEN GYM,DEM,7
27-20,JAMES M DELEON,DEM,1
27-20,JEFF BROWN,DEM,1
27-20,REBECCA RHYNHART,DEM,4
27-20,WARREN BLOOM,DEM,0
27-20,WRITE-IN,DEM,0
27-20,WRITE-IN,REP,0
27-21,ALLAN DOMB,DEM,0
27-21,AMEN  BROWN,DEM,0
27-21,CHERELLE L PARKER,DEM,1
27-21,DAVID OH,REP,0
27-21,DELSCIA GRAY,DEM,0
27-21,HELEN GYM,DEM,18
27-21,JAMES M DELEON,DEM,0
27-21,JEFF BROWN,DEM,1
27-21,REBECCA RHYNHART,DEM,7
27-21,WARREN BLOOM,DEM,0
27-21,WRITE-IN,DEM,0
27-21,WRITE-IN,REP,0
27-22,ALLAN DOMB,DEM,0
27-22,AMEN  BROWN,DEM,0
27-22,CHERELLE L PARKER,DEM,2
27-22,DAVID OH,REP,0
27-22,DELSCIA GRAY,DEM,0
27-22,HELEN GYM,DEM,17
27-22,JAMES M DELEON,DEM,0
27-22,JEFF BROWN,DEM,0
27-22,REBECCA RHYNHART,DEM,7
27-22,WARREN BLOOM,DEM,0
27-22,WRITE-IN,DEM,0
27-22,WRITE-IN,REP,0
27-23,ALLAN DOMB,DEM,6
27-23,AMEN  BROWN,DEM,0
27-23,CHERELLE L PARKER,DEM,26
27-23,DAVID OH,REP,4
27-23,DELSCIA GRAY,DEM,0
27-23,HELEN GYM,DEM,189
27-23,JAMES M DELEON,DEM,2
27-23,JEFF BROWN,DEM,7
27-23,REBECCA RHYNHART,DEM,71
27-23,WARREN BLOOM,DEM,0
27-23,WRITE-IN,DEM,0
27-23,WRITE-IN,REP,0
28-01,ALLAN DOMB,DEM,5
28-01,AMEN  BROWN,DEM,1
28-01,CHERELLE L PARKER,DEM,39
28-01,DAVID OH,REP,0
28-01,DELSCIA GRAY,DEM,1
28-01,HELEN GYM,DEM,5
28-01,JAMES M DELEON,DEM,0
28-01,JEFF BROWN,DEM,5
28-01,REBECCA RHYNHART,DEM,8
28-01,WARREN BLOOM,DEM,0
28-01,WRITE-IN,DEM,0
28-01,WRITE-IN,REP,0
28-02,ALLAN DOMB,DEM,2
28-02,AMEN  BROWN,DEM,3
28-02,CHERELLE L PARKER,DEM,52
28-02,DAVID OH,REP,1
28-02,DELSCIA GRAY,DEM,0
28-02,HELEN GYM,DEM,7
28-02,JAMES M DELEON,DEM,0
28-02,JEFF BROWN,DEM,8
28-02,REBECCA RHYNHART,DEM,5
28-02,WARREN BLOOM,DEM,0
28-02,WRITE-IN,DEM,0
28-02,WRITE-IN,REP,0
28-03,ALLAN DOMB,DEM,7
28-03,AMEN  BROWN,DEM,4
28-03,CHERELLE L PARKER,DEM,64
28-03,DAVID OH,REP,0
28-03,DELSCIA GRAY,DEM,0
28-03,HELEN GYM,DEM,11
28-03,JAMES M DELEON,DEM,3
28-03,JEFF BROWN,DEM,16
28-03,REBECCA RHYNHART,DEM,10
28-03,WARREN BLOOM,DEM,0
28-03,WRITE-IN,DEM,0
28-03,WRITE-IN,REP,0
28-04,ALLAN DOMB,DEM,8
28-04,AMEN  BROWN,DEM,5
28-04,CHERELLE L PARKER,DEM,53
28-04,DAVID OH,REP,1
28-04,DELSCIA GRAY,DEM,0
28-04,HELEN GYM,DEM,3
28-04,JAMES M DELEON,DEM,1
28-04,JEFF BROWN,DEM,13
28-04,REBECCA RHYNHART,DEM,10
28-04,WARREN BLOOM,DEM,1
28-04,WRITE-IN,DEM,0
28-04,WRITE-IN,REP,1
28-05,ALLAN DOMB,DEM,1
28-05,AMEN  BROWN,DEM,3
28-05,CHERELLE L PARKER,DEM,66
28-05,DAVID OH,REP,1
28-05,DELSCIA GRAY,DEM,0
28-05,HELEN GYM,DEM,8
28-05,JAMES M DELEON,DEM,2
28-05,JEFF BROWN,DEM,18
28-05,REBECCA RHYNHART,DEM,11
28-05,WARREN BLOOM,DEM,0
28-05,WRITE-IN,DEM,0
28-05,WRITE-IN,REP,0
28-06,ALLAN DOMB,DEM,3
28-06,AMEN  BROWN,DEM,7
28-06,CHERELLE L PARKER,DEM,65
28-06,DAVID OH,REP,0
28-06,DELSCIA GRAY,DEM,0
28-06,HELEN GYM,DEM,1
28-06,JAMES M DELEON,DEM,0
28-06,JEFF BROWN,DEM,12
28-06,REBECCA RHYNHART,DEM,8
28-06,WARREN BLOOM,DEM,0
28-06,WRITE-IN,DEM,0
28-06,WRITE-IN,REP,0
28-07,ALLAN DOMB,DEM,3
28-07,AMEN  BROWN,DEM,1
28-07,CHERELLE L PARKER,DEM,41
28-07,DAVID OH,REP,1
28-07,DELSCIA GRAY,DEM,2
28-07,HELEN GYM,DEM,5
28-07,JAMES M DELEON,DEM,1
28-07,JEFF BROWN,DEM,3
28-07,REBECCA RHYNHART,DEM,7
28-07,WARREN BLOOM,DEM,0
28-07,WRITE-IN,DEM,0
28-07,WRITE-IN,REP,0
28-08,ALLAN DOMB,DEM,8
28-08,AMEN  BROWN,DEM,0
28-08,CHERELLE L PARKER,DEM,77
28-08,DAVID OH,REP,0
28-08,DELSCIA GRAY,DEM,0
28-08,HELEN GYM,DEM,12
28-08,JAMES M DELEON,DEM,1
28-08,JEFF BROWN,DEM,28
28-08,REBECCA RHYNHART,DEM,8
28-08,WARREN BLOOM,DEM,0
28-08,WRITE-IN,DEM,0
28-08,WRITE-IN,REP,0
28-09,ALLAN DOMB,DEM,11
28-09,AMEN  BROWN,DEM,7
28-09,CHERELLE L PARKER,DEM,79
28-09,DAVID OH,REP,0
28-09,DELSCIA GRAY,DEM,0
28-09,HELEN GYM,DEM,11
28-09,JAMES M DELEON,DEM,1
28-09,JEFF BROWN,DEM,22
28-09,REBECCA RHYNHART,DEM,13
28-09,WARREN BLOOM,DEM,0
28-09,WRITE-IN,DEM,0
28-09,WRITE-IN,REP,0
28-10,ALLAN DOMB,DEM,2
28-10,AMEN  BROWN,DEM,6
28-10,CHERELLE L PARKER,DEM,27
28-10,DAVID OH,REP,1
28-10,DELSCIA GRAY,DEM,0
28-10,HELEN GYM,DEM,8
28-10,JAMES M DELEON,DEM,0
28-10,JEFF BROWN,DEM,10
28-10,REBECCA RHYNHART,DEM,7
28-10,WARREN BLOOM,DEM,0
28-10,WRITE-IN,DEM,0
28-10,WRITE-IN,REP,0
28-11,ALLAN DOMB,DEM,3
28-11,AMEN  BROWN,DEM,4
28-11,CHERELLE L PARKER,DEM,43
28-11,DAVID OH,REP,0
28-11,DELSCIA GRAY,DEM,1
28-11,HELEN GYM,DEM,4
28-11,JAMES M DELEON,DEM,0
28-11,JEFF BROWN,DEM,11
28-11,REBECCA RHYNHART,DEM,4
28-11,WARREN BLOOM,DEM,0
28-11,WRITE-IN,DEM,0
28-11,WRITE-IN,REP,0
28-12,ALLAN DOMB,DEM,9
28-12,AMEN  BROWN,DEM,14
28-12,CHERELLE L PARKER,DEM,46
28-12,DAVID OH,REP,1
28-12,DELSCIA GRAY,DEM,0
28-12,HELEN GYM,DEM,6
28-12,JAMES M DELEON,DEM,0
28-12,JEFF BROWN,DEM,8
28-12,REBECCA RHYNHART,DEM,4
28-12,WARREN BLOOM,DEM,0
28-12,WRITE-IN,DEM,0
28-12,WRITE-IN,REP,0
28-13,ALLAN DOMB,DEM,4
28-13,AMEN  BROWN,DEM,0
28-13,CHERELLE L PARKER,DEM,66
28-13,DAVID OH,REP,1
28-13,DELSCIA GRAY,DEM,0
28-13,HELEN GYM,DEM,11
28-13,JAMES M DELEON,DEM,1
28-13,JEFF BROWN,DEM,16
28-13,REBECCA RHYNHART,DEM,5
28-13,WARREN BLOOM,DEM,0
28-13,WRITE-IN,DEM,0
28-13,WRITE-IN,REP,0
28-14,ALLAN DOMB,DEM,5
28-14,AMEN  BROWN,DEM,4
28-14,CHERELLE L PARKER,DEM,44
28-14,DAVID OH,REP,0
28-14,DELSCIA GRAY,DEM,2
28-14,HELEN GYM,DEM,6
28-14,JAMES M DELEON,DEM,1
28-14,JEFF BROWN,DEM,15
28-14,REBECCA RHYNHART,DEM,4
28-14,WARREN BLOOM,DEM,0
28-14,WRITE-IN,DEM,0
28-14,WRITE-IN,REP,0
28-15,ALLAN DOMB,DEM,3
28-15,AMEN  BROWN,DEM,5
28-15,CHERELLE L PARKER,DEM,42
28-15,DAVID OH,REP,0
28-15,DELSCIA GRAY,DEM,1
28-15,HELEN GYM,DEM,7
28-15,JAMES M DELEON,DEM,1
28-15,JEFF BROWN,DEM,7
28-15,REBECCA RHYNHART,DEM,6
28-15,WARREN BLOOM,DEM,0
28-15,WRITE-IN,DEM,0
28-15,WRITE-IN,REP,0
28-16,ALLAN DOMB,DEM,5
28-16,AMEN  BROWN,DEM,3
28-16,CHERELLE L PARKER,DEM,62
28-16,DAVID OH,REP,0
28-16,DELSCIA GRAY,DEM,0
28-16,HELEN GYM,DEM,3
28-16,JAMES M DELEON,DEM,1
28-16,JEFF BROWN,DEM,14
28-16,REBECCA RHYNHART,DEM,5
28-16,WARREN BLOOM,DEM,1
28-16,WRITE-IN,DEM,0
28-16,WRITE-IN,REP,0
28-17,ALLAN DOMB,DEM,8
28-17,AMEN  BROWN,DEM,0
28-17,CHERELLE L PARKER,DEM,54
28-17,DAVID OH,REP,0
28-17,DELSCIA GRAY,DEM,0
28-17,HELEN GYM,DEM,5
28-17,JAMES M DELEON,DEM,0
28-17,JEFF BROWN,DEM,8
28-17,REBECCA RHYNHART,DEM,4
28-17,WARREN BLOOM,DEM,1
28-17,WRITE-IN,DEM,0
28-17,WRITE-IN,REP,0
28-18,ALLAN DOMB,DEM,8
28-18,AMEN  BROWN,DEM,0
28-18,CHERELLE L PARKER,DEM,44
28-18,DAVID OH,REP,1
28-18,DELSCIA GRAY,DEM,1
28-18,HELEN GYM,DEM,4
28-18,JAMES M DELEON,DEM,0
28-18,JEFF BROWN,DEM,15
28-18,REBECCA RHYNHART,DEM,5
28-18,WARREN BLOOM,DEM,2
28-18,WRITE-IN,DEM,0
28-18,WRITE-IN,REP,0
29-01,ALLAN DOMB,DEM,9
29-01,AMEN  BROWN,DEM,0
29-01,CHERELLE L PARKER,DEM,32
29-01,DAVID OH,REP,1
29-01,DELSCIA GRAY,DEM,0
29-01,HELEN GYM,DEM,78
29-01,JAMES M DELEON,DEM,1
29-01,JEFF BROWN,DEM,8
29-01,REBECCA RHYNHART,DEM,31
29-01,WARREN BLOOM,DEM,0
29-01,WRITE-IN,DEM,0
29-01,WRITE-IN,REP,1
29-02,ALLAN DOMB,DEM,3
29-02,AMEN  BROWN,DEM,3
29-02,CHERELLE L PARKER,DEM,18
29-02,DAVID OH,REP,0
29-02,DELSCIA GRAY,DEM,0
29-02,HELEN GYM,DEM,10
29-02,JAMES M DELEON,DEM,0
29-02,JEFF BROWN,DEM,4
29-02,REBECCA RHYNHART,DEM,7
29-02,WARREN BLOOM,DEM,0
29-02,WRITE-IN,DEM,0
29-02,WRITE-IN,REP,0
29-03,ALLAN DOMB,DEM,14
29-03,AMEN  BROWN,DEM,1
29-03,CHERELLE L PARKER,DEM,59
29-03,DAVID OH,REP,2
29-03,DELSCIA GRAY,DEM,0
29-03,HELEN GYM,DEM,91
29-03,JAMES M DELEON,DEM,0
29-03,JEFF BROWN,DEM,4
29-03,REBECCA RHYNHART,DEM,83
29-03,WARREN BLOOM,DEM,1
29-03,WRITE-IN,DEM,1
29-03,WRITE-IN,REP,1
29-04,ALLAN DOMB,DEM,1
29-04,AMEN  BROWN,DEM,2
29-04,CHERELLE L PARKER,DEM,39
29-04,DAVID OH,REP,1
29-04,DELSCIA GRAY,DEM,2
29-04,HELEN GYM,DEM,3
29-04,JAMES M DELEON,DEM,1
29-04,JEFF BROWN,DEM,8
29-04,REBECCA RHYNHART,DEM,10
29-04,WARREN BLOOM,DEM,0
29-04,WRITE-IN,DEM,0
29-04,WRITE-IN,REP,0
29-05,ALLAN DOMB,DEM,3
29-05,AMEN  BROWN,DEM,2
29-05,CHERELLE L PARKER,DEM,25
29-05,DAVID OH,REP,0
29-05,DELSCIA GRAY,DEM,0
29-05,HELEN GYM,DEM,5
29-05,JAMES M DELEON,DEM,0
29-05,JEFF BROWN,DEM,6
29-05,REBECCA RHYNHART,DEM,5
29-05,WARREN BLOOM,DEM,0
29-05,WRITE-IN,DEM,1
29-05,WRITE-IN,REP,0
29-06,ALLAN DOMB,DEM,4
29-06,AMEN  BROWN,DEM,0
29-06,CHERELLE L PARKER,DEM,26
29-06,DAVID OH,REP,0
29-06,DELSCIA GRAY,DEM,0
29-06,HELEN GYM,DEM,8
29-06,JAMES M DELEON,DEM,0
29-06,JEFF BROWN,DEM,1
29-06,REBECCA RHYNHART,DEM,2
29-06,WARREN BLOOM,DEM,0
29-06,WRITE-IN,DEM,0
29-06,WRITE-IN,REP,0
29-07,ALLAN DOMB,DEM,4
29-07,AMEN  BROWN,DEM,2
29-07,CHERELLE L PARKER,DEM,42
29-07,DAVID OH,REP,0
29-07,DELSCIA GRAY,DEM,0
29-07,HELEN GYM,DEM,2
29-07,JAMES M DELEON,DEM,1
29-07,JEFF BROWN,DEM,2
29-07,REBECCA RHYNHART,DEM,6
29-07,WARREN BLOOM,DEM,0
29-07,WRITE-IN,DEM,0
29-07,WRITE-IN,REP,0
29-08,ALLAN DOMB,DEM,3
29-08,AMEN  BROWN,DEM,0
29-08,CHERELLE L PARKER,DEM,27
29-08,DAVID OH,REP,1
29-08,DELSCIA GRAY,DEM,0
29-08,HELEN GYM,DEM,5
29-08,JAMES M DELEON,DEM,1
29-08,JEFF BROWN,DEM,2
29-08,REBECCA RHYNHART,DEM,10
29-08,WARREN BLOOM,DEM,0
29-08,WRITE-IN,DEM,0
29-08,WRITE-IN,REP,0
29-09,ALLAN DOMB,DEM,1
29-09,AMEN  BROWN,DEM,1
29-09,CHERELLE L PARKER,DEM,44
29-09,DAVID OH,REP,2
29-09,DELSCIA GRAY,DEM,0
29-09,HELEN GYM,DEM,15
29-09,JAMES M DELEON,DEM,0
29-09,JEFF BROWN,DEM,8
29-09,REBECCA RHYNHART,DEM,4
29-09,WARREN BLOOM,DEM,0
29-09,WRITE-IN,DEM,0
29-09,WRITE-IN,REP,0
29-10,ALLAN DOMB,DEM,10
29-10,AMEN  BROWN,DEM,2
29-10,CHERELLE L PARKER,DEM,95
29-10,DAVID OH,REP,6
29-10,DELSCIA GRAY,DEM,0
29-10,HELEN GYM,DEM,109
29-10,JAMES M DELEON,DEM,2
29-10,JEFF BROWN,DEM,23
29-10,REBECCA RHYNHART,DEM,79
29-10,WARREN BLOOM,DEM,0
29-10,WRITE-IN,DEM,1
29-10,WRITE-IN,REP,0
29-11,ALLAN DOMB,DEM,12
29-11,AMEN  BROWN,DEM,0
29-11,CHERELLE L PARKER,DEM,38
29-11,DAVID OH,REP,1
29-11,DELSCIA GRAY,DEM,0
29-11,HELEN GYM,DEM,73
29-11,JAMES M DELEON,DEM,0
29-11,JEFF BROWN,DEM,9
29-11,REBECCA RHYNHART,DEM,68
29-11,WARREN BLOOM,DEM,0
29-11,WRITE-IN,DEM,0
29-11,WRITE-IN,REP,0
29-12,ALLAN DOMB,DEM,12
29-12,AMEN  BROWN,DEM,3
29-12,CHERELLE L PARKER,DEM,57
29-12,DAVID OH,REP,5
29-12,DELSCIA GRAY,DEM,1
29-12,HELEN GYM,DEM,69
29-12,JAMES M DELEON,DEM,0
29-12,JEFF BROWN,DEM,6
29-12,REBECCA RHYNHART,DEM,70
29-12,WARREN BLOOM,DEM,0
29-12,WRITE-IN,DEM,0
29-12,WRITE-IN,REP,0
29-13,ALLAN DOMB,DEM,9
29-13,AMEN  BROWN,DEM,2
29-13,CHERELLE L PARKER,DEM,89
29-13,DAVID OH,REP,3
29-13,DELSCIA GRAY,DEM,1
29-13,HELEN GYM,DEM,66
29-13,JAMES M DELEON,DEM,0
29-13,JEFF BROWN,DEM,11
29-13,REBECCA RHYNHART,DEM,28
29-13,WARREN BLOOM,DEM,0
29-13,WRITE-IN,DEM,0
29-13,WRITE-IN,REP,0
29-14,ALLAN DOMB,DEM,3
29-14,AMEN  BROWN,DEM,1
29-14,CHERELLE L PARKER,DEM,50
29-14,DAVID OH,REP,0
29-14,DELSCIA GRAY,DEM,1
29-14,HELEN GYM,DEM,24
29-14,JAMES M DELEON,DEM,2
29-14,JEFF BROWN,DEM,12
29-14,REBECCA RHYNHART,DEM,19
29-14,WARREN BLOOM,DEM,0
29-14,WRITE-IN,DEM,1
29-14,WRITE-IN,REP,0
29-15,ALLAN DOMB,DEM,4
29-15,AMEN  BROWN,DEM,2
29-15,CHERELLE L PARKER,DEM,58
29-15,DAVID OH,REP,1
29-15,DELSCIA GRAY,DEM,0
29-15,HELEN GYM,DEM,25
29-15,JAMES M DELEON,DEM,0
29-15,JEFF BROWN,DEM,11
29-15,REBECCA RHYNHART,DEM,22
29-15,WARREN BLOOM,DEM,0
29-15,WRITE-IN,DEM,0
29-15,WRITE-IN,REP,0
29-16,ALLAN DOMB,DEM,9
29-16,AMEN  BROWN,DEM,1
29-16,CHERELLE L PARKER,DEM,62
29-16,DAVID OH,REP,1
29-16,DELSCIA GRAY,DEM,0
29-16,HELEN GYM,DEM,44
29-16,JAMES M DELEON,DEM,0
29-16,JEFF BROWN,DEM,15
29-16,REBECCA RHYNHART,DEM,21
29-16,WARREN BLOOM,DEM,0
29-16,WRITE-IN,DEM,0
29-16,WRITE-IN,REP,0
29-17,ALLAN DOMB,DEM,9
29-17,AMEN  BROWN,DEM,5
29-17,CHERELLE L PARKER,DEM,48
29-17,DAVID OH,REP,1
29-17,DELSCIA GRAY,DEM,0
29-17,HELEN GYM,DEM,33
29-17,JAMES M DELEON,DEM,0
29-17,JEFF BROWN,DEM,18
29-17,REBECCA RHYNHART,DEM,28
29-17,WARREN BLOOM,DEM,0
29-17,WRITE-IN,DEM,0
29-17,WRITE-IN,REP,0
29-18,ALLAN DOMB,DEM,5
29-18,AMEN  BROWN,DEM,1
29-18,CHERELLE L PARKER,DEM,53
29-18,DAVID OH,REP,2
29-18,DELSCIA GRAY,DEM,0
29-18,HELEN GYM,DEM,43
29-18,JAMES M DELEON,DEM,0
29-18,JEFF BROWN,DEM,8
29-18,REBECCA RHYNHART,DEM,31
29-18,WARREN BLOOM,DEM,0
29-18,WRITE-IN,DEM,0
29-18,WRITE-IN,REP,0
30-01,ALLAN DOMB,DEM,45
30-01,AMEN  BROWN,DEM,4
30-01,CHERELLE L PARKER,DEM,57
30-01,DAVID OH,REP,10
30-01,DELSCIA GRAY,DEM,1
30-01,HELEN GYM,DEM,102
30-01,JAMES M DELEON,DEM,1
30-01,JEFF BROWN,DEM,13
30-01,REBECCA RHYNHART,DEM,181
30-01,WARREN BLOOM,DEM,1
30-01,WRITE-IN,DEM,1
30-01,WRITE-IN,REP,0
30-02,ALLAN DOMB,DEM,37
30-02,AMEN  BROWN,DEM,4
30-02,CHERELLE L PARKER,DEM,48
30-02,DAVID OH,REP,5
30-02,DELSCIA GRAY,DEM,1
30-02,HELEN GYM,DEM,55
30-02,JAMES M DELEON,DEM,0
30-02,JEFF BROWN,DEM,4
30-02,REBECCA RHYNHART,DEM,109
30-02,WARREN BLOOM,DEM,0
30-02,WRITE-IN,DEM,0
30-02,WRITE-IN,REP,0
30-03,ALLAN DOMB,DEM,26
30-03,AMEN  BROWN,DEM,0
30-03,CHERELLE L PARKER,DEM,19
30-03,DAVID OH,REP,1
30-03,DELSCIA GRAY,DEM,0
30-03,HELEN GYM,DEM,85
30-03,JAMES M DELEON,DEM,0
30-03,JEFF BROWN,DEM,2
30-03,REBECCA RHYNHART,DEM,113
30-03,WARREN BLOOM,DEM,0
30-03,WRITE-IN,DEM,0
30-03,WRITE-IN,REP,0
30-04,ALLAN DOMB,DEM,18
30-04,AMEN  BROWN,DEM,0
30-04,CHERELLE L PARKER,DEM,36
30-04,DAVID OH,REP,2
30-04,DELSCIA GRAY,DEM,0
30-04,HELEN GYM,DEM,63
30-04,JAMES M DELEON,DEM,2
30-04,JEFF BROWN,DEM,10
30-04,REBECCA RHYNHART,DEM,70
30-04,WARREN BLOOM,DEM,0
30-04,WRITE-IN,DEM,0
30-04,WRITE-IN,REP,2
30-05,ALLAN DOMB,DEM,11
30-05,AMEN  BROWN,DEM,1
30-05,CHERELLE L PARKER,DEM,52
30-05,DAVID OH,REP,5
30-05,DELSCIA GRAY,DEM,0
30-05,HELEN GYM,DEM,66
30-05,JAMES M DELEON,DEM,0
30-05,JEFF BROWN,DEM,7
30-05,REBECCA RHYNHART,DEM,89
30-05,WARREN BLOOM,DEM,0
30-05,WRITE-IN,DEM,0
30-05,WRITE-IN,REP,2
30-06,ALLAN DOMB,DEM,42
30-06,AMEN  BROWN,DEM,0
30-06,CHERELLE L PARKER,DEM,42
30-06,DAVID OH,REP,4
30-06,DELSCIA GRAY,DEM,0
30-06,HELEN GYM,DEM,91
30-06,JAMES M DELEON,DEM,0
30-06,JEFF BROWN,DEM,4
30-06,REBECCA RHYNHART,DEM,145
30-06,WARREN BLOOM,DEM,0
30-06,WRITE-IN,DEM,0
30-06,WRITE-IN,REP,2
30-07,ALLAN DOMB,DEM,35
30-07,AMEN  BROWN,DEM,0
30-07,CHERELLE L PARKER,DEM,36
30-07,DAVID OH,REP,13
30-07,DELSCIA GRAY,DEM,0
30-07,HELEN GYM,DEM,128
30-07,JAMES M DELEON,DEM,0
30-07,JEFF BROWN,DEM,7
30-07,REBECCA RHYNHART,DEM,233
30-07,WARREN BLOOM,DEM,0
30-07,WRITE-IN,DEM,0
30-07,WRITE-IN,REP,2
30-08,ALLAN DOMB,DEM,21
30-08,AMEN  BROWN,DEM,0
30-08,CHERELLE L PARKER,DEM,16
30-08,DAVID OH,REP,3
30-08,DELSCIA GRAY,DEM,0
30-08,HELEN GYM,DEM,81
30-08,JAMES M DELEON,DEM,1
30-08,JEFF BROWN,DEM,6
30-08,REBECCA RHYNHART,DEM,219
30-08,WARREN BLOOM,DEM,0
30-08,WRITE-IN,DEM,0
30-08,WRITE-IN,REP,0
30-09,ALLAN DOMB,DEM,28
30-09,AMEN  BROWN,DEM,2
30-09,CHERELLE L PARKER,DEM,17
30-09,DAVID OH,REP,7
30-09,DELSCIA GRAY,DEM,2
30-09,HELEN GYM,DEM,130
30-09,JAMES M DELEON,DEM,0
30-09,JEFF BROWN,DEM,3
30-09,REBECCA RHYNHART,DEM,186
30-09,WARREN BLOOM,DEM,0
30-09,WRITE-IN,DEM,0
30-09,WRITE-IN,REP,0
30-10,ALLAN DOMB,DEM,23
30-10,AMEN  BROWN,DEM,0
30-10,CHERELLE L PARKER,DEM,38
30-10,DAVID OH,REP,6
30-10,DELSCIA GRAY,DEM,1
30-10,HELEN GYM,DEM,70
30-10,JAMES M DELEON,DEM,1
30-10,JEFF BROWN,DEM,4
30-10,REBECCA RHYNHART,DEM,101
30-10,WARREN BLOOM,DEM,0
30-10,WRITE-IN,DEM,0
30-10,WRITE-IN,REP,1
30-11,ALLAN DOMB,DEM,13
30-11,AMEN  BROWN,DEM,0
30-11,CHERELLE L PARKER,DEM,25
30-11,DAVID OH,REP,10
30-11,DELSCIA GRAY,DEM,0
30-11,HELEN GYM,DEM,83
30-11,JAMES M DELEON,DEM,0
30-11,JEFF BROWN,DEM,8
30-11,REBECCA RHYNHART,DEM,119
30-11,WARREN BLOOM,DEM,0
30-11,WRITE-IN,DEM,0
30-11,WRITE-IN,REP,2
30-12,ALLAN DOMB,DEM,25
30-12,AMEN  BROWN,DEM,0
30-12,CHERELLE L PARKER,DEM,35
30-12,DAVID OH,REP,5
30-12,DELSCIA GRAY,DEM,0
30-12,HELEN GYM,DEM,90
30-12,JAMES M DELEON,DEM,1
30-12,JEFF BROWN,DEM,1
30-12,REBECCA RHYNHART,DEM,118
30-12,WARREN BLOOM,DEM,2
30-12,WRITE-IN,DEM,0
30-12,WRITE-IN,REP,0
30-13,ALLAN DOMB,DEM,14
30-13,AMEN  BROWN,DEM,0
30-13,CHERELLE L PARKER,DEM,53
30-13,DAVID OH,REP,8
30-13,DELSCIA GRAY,DEM,0
30-13,HELEN GYM,DEM,108
30-13,JAMES M DELEON,DEM,0
30-13,JEFF BROWN,DEM,13
30-13,REBECCA RHYNHART,DEM,98
30-13,WARREN BLOOM,DEM,0
30-13,WRITE-IN,DEM,0
30-13,WRITE-IN,REP,1
30-14,ALLAN DOMB,DEM,15
30-14,AMEN  BROWN,DEM,1
30-14,CHERELLE L PARKER,DEM,34
30-14,DAVID OH,REP,2
30-14,DELSCIA GRAY,DEM,0
30-14,HELEN GYM,DEM,85
30-14,JAMES M DELEON,DEM,0
30-14,JEFF BROWN,DEM,0
30-14,REBECCA RHYNHART,DEM,118
30-14,WARREN BLOOM,DEM,1
30-14,WRITE-IN,DEM,0
30-14,WRITE-IN,REP,0
30-15,ALLAN DOMB,DEM,28
30-15,AMEN  BROWN,DEM,1
30-15,CHERELLE L PARKER,DEM,35
30-15,DAVID OH,REP,3
30-15,DELSCIA GRAY,DEM,0
30-15,HELEN GYM,DEM,83
30-15,JAMES M DELEON,DEM,0
30-15,JEFF BROWN,DEM,5
30-15,REBECCA RHYNHART,DEM,147
30-15,WARREN BLOOM,DEM,1
30-15,WRITE-IN,DEM,0
30-15,WRITE-IN,REP,2
30-16,ALLAN DOMB,DEM,43
30-16,AMEN  BROWN,DEM,1
30-16,CHERELLE L PARKER,DEM,37
30-16,DAVID OH,REP,12
30-16,DELSCIA GRAY,DEM,0
30-16,HELEN GYM,DEM,83
30-16,JAMES M DELEON,DEM,0
30-16,JEFF BROWN,DEM,15
30-16,REBECCA RHYNHART,DEM,188
30-16,WARREN BLOOM,DEM,0
30-16,WRITE-IN,DEM,0
30-16,WRITE-IN,REP,4
30-17,ALLAN DOMB,DEM,49
30-17,AMEN  BROWN,DEM,2
30-17,CHERELLE L PARKER,DEM,61
30-17,DAVID OH,REP,14
30-17,DELSCIA GRAY,DEM,1
30-17,HELEN GYM,DEM,150
30-17,JAMES M DELEON,DEM,1
30-17,JEFF BROWN,DEM,16
30-17,REBECCA RHYNHART,DEM,250
30-17,WARREN BLOOM,DEM,0
30-17,WRITE-IN,DEM,0
30-17,WRITE-IN,REP,4
31-01,ALLAN DOMB,DEM,8
31-01,AMEN  BROWN,DEM,1
31-01,CHERELLE L PARKER,DEM,13
31-01,DAVID OH,REP,1
31-01,DELSCIA GRAY,DEM,0
31-01,HELEN GYM,DEM,159
31-01,JAMES M DELEON,DEM,0
31-01,JEFF BROWN,DEM,6
31-01,REBECCA RHYNHART,DEM,105
31-01,WARREN BLOOM,DEM,1
31-01,WRITE-IN,DEM,0
31-01,WRITE-IN,REP,1
31-02,ALLAN DOMB,DEM,1
31-02,AMEN  BROWN,DEM,0
31-02,CHERELLE L PARKER,DEM,9
31-02,DAVID OH,REP,1
31-02,DELSCIA GRAY,DEM,0
31-02,HELEN GYM,DEM,9
31-02,JAMES M DELEON,DEM,0
31-02,JEFF BROWN,DEM,0
31-02,REBECCA RHYNHART,DEM,5
31-02,WARREN BLOOM,DEM,0
31-02,WRITE-IN,DEM,0
31-02,WRITE-IN,REP,1
31-03,ALLAN DOMB,DEM,19
31-03,AMEN  BROWN,DEM,0
31-03,CHERELLE L PARKER,DEM,15
31-03,DAVID OH,REP,4
31-03,DELSCIA GRAY,DEM,0
31-03,HELEN GYM,DEM,119
31-03,JAMES M DELEON,DEM,0
31-03,JEFF BROWN,DEM,6
31-03,REBECCA RHYNHART,DEM,126
31-03,WARREN BLOOM,DEM,0
31-03,WRITE-IN,DEM,0
31-03,WRITE-IN,REP,0
31-04,ALLAN DOMB,DEM,26
31-04,AMEN  BROWN,DEM,0
31-04,CHERELLE L PARKER,DEM,15
31-04,DAVID OH,REP,12
31-04,DELSCIA GRAY,DEM,0
31-04,HELEN GYM,DEM,120
31-04,JAMES M DELEON,DEM,0
31-04,JEFF BROWN,DEM,10
31-04,REBECCA RHYNHART,DEM,97
31-04,WARREN BLOOM,DEM,2
31-04,WRITE-IN,DEM,0
31-04,WRITE-IN,REP,1
31-05,ALLAN DOMB,DEM,13
31-05,AMEN  BROWN,DEM,2
31-05,CHERELLE L PARKER,DEM,16
31-05,DAVID OH,REP,17
31-05,DELSCIA GRAY,DEM,0
31-05,HELEN GYM,DEM,83
31-05,JAMES M DELEON,DEM,1
31-05,JEFF BROWN,DEM,9
31-05,REBECCA RHYNHART,DEM,70
31-05,WARREN BLOOM,DEM,0
31-05,WRITE-IN,DEM,0
31-05,WRITE-IN,REP,1
31-06,ALLAN DOMB,DEM,9
31-06,AMEN  BROWN,DEM,1
31-06,CHERELLE L PARKER,DEM,5
31-06,DAVID OH,REP,12
31-06,DELSCIA GRAY,DEM,0
31-06,HELEN GYM,DEM,84
31-06,JAMES M DELEON,DEM,0
31-06,JEFF BROWN,DEM,7
31-06,REBECCA RHYNHART,DEM,51
31-06,WARREN BLOOM,DEM,0
31-06,WRITE-IN,DEM,0
31-06,WRITE-IN,REP,2
31-07,ALLAN DOMB,DEM,33
31-07,AMEN  BROWN,DEM,1
31-07,CHERELLE L PARKER,DEM,33
31-07,DAVID OH,REP,23
31-07,DELSCIA GRAY,DEM,0
31-07,HELEN GYM,DEM,74
31-07,JAMES M DELEON,DEM,0
31-07,JEFF BROWN,DEM,15
31-07,REBECCA RHYNHART,DEM,91
31-07,WARREN BLOOM,DEM,0
31-07,WRITE-IN,DEM,0
31-07,WRITE-IN,REP,0
31-08,ALLAN DOMB,DEM,11
31-08,AMEN  BROWN,DEM,1
31-08,CHERELLE L PARKER,DEM,19
31-08,DAVID OH,REP,6
31-08,DELSCIA GRAY,DEM,1
31-08,HELEN GYM,DEM,130
31-08,JAMES M DELEON,DEM,1
31-08,JEFF BROWN,DEM,2
31-08,REBECCA RHYNHART,DEM,83
31-08,WARREN BLOOM,DEM,2
31-08,WRITE-IN,DEM,0
31-08,WRITE-IN,REP,1
31-09,ALLAN DOMB,DEM,10
31-09,AMEN  BROWN,DEM,1
31-09,CHERELLE L PARKER,DEM,15
31-09,DAVID OH,REP,6
31-09,DELSCIA GRAY,DEM,0
31-09,HELEN GYM,DEM,122
31-09,JAMES M DELEON,DEM,0
31-09,JEFF BROWN,DEM,5
31-09,REBECCA RHYNHART,DEM,87
31-09,WARREN BLOOM,DEM,0
31-09,WRITE-IN,DEM,0
31-09,WRITE-IN,REP,0
31-10,ALLAN DOMB,DEM,6
31-10,AMEN  BROWN,DEM,3
31-10,CHERELLE L PARKER,DEM,21
31-10,DAVID OH,REP,5
31-10,DELSCIA GRAY,DEM,0
31-10,HELEN GYM,DEM,94
31-10,JAMES M DELEON,DEM,0
31-10,JEFF BROWN,DEM,4
31-10,REBECCA RHYNHART,DEM,82
31-10,WARREN BLOOM,DEM,0
31-10,WRITE-IN,DEM,0
31-10,WRITE-IN,REP,0
31-11,ALLAN DOMB,DEM,10
31-11,AMEN  BROWN,DEM,0
31-11,CHERELLE L PARKER,DEM,8
31-11,DAVID OH,REP,8
31-11,DELSCIA GRAY,DEM,0
31-11,HELEN GYM,DEM,116
31-11,JAMES M DELEON,DEM,1
31-11,JEFF BROWN,DEM,1
31-11,REBECCA RHYNHART,DEM,62
31-11,WARREN BLOOM,DEM,1
31-11,WRITE-IN,DEM,0
31-11,WRITE-IN,REP,1
31-12,ALLAN DOMB,DEM,7
31-12,AMEN  BROWN,DEM,0
31-12,CHERELLE L PARKER,DEM,10
31-12,DAVID OH,REP,9
31-12,DELSCIA GRAY,DEM,0
31-12,HELEN GYM,DEM,69
31-12,JAMES M DELEON,DEM,0
31-12,JEFF BROWN,DEM,2
31-12,REBECCA RHYNHART,DEM,28
31-12,WARREN BLOOM,DEM,0
31-12,WRITE-IN,DEM,0
31-12,WRITE-IN,REP,1
31-13,ALLAN DOMB,DEM,14
31-13,AMEN  BROWN,DEM,0
31-13,CHERELLE L PARKER,DEM,10
31-13,DAVID OH,REP,15
31-13,DELSCIA GRAY,DEM,0
31-13,HELEN GYM,DEM,93
31-13,JAMES M DELEON,DEM,0
31-13,JEFF BROWN,DEM,3
31-13,REBECCA RHYNHART,DEM,71
31-13,WARREN BLOOM,DEM,1
31-13,WRITE-IN,DEM,2
31-13,WRITE-IN,REP,0
31-14,ALLAN DOMB,DEM,8
31-14,AMEN  BROWN,DEM,0
31-14,CHERELLE L PARKER,DEM,10
31-14,DAVID OH,REP,11
31-14,DELSCIA GRAY,DEM,0
31-14,HELEN GYM,DEM,72
31-14,JAMES M DELEON,DEM,0
31-14,JEFF BROWN,DEM,3
31-14,REBECCA RHYNHART,DEM,80
31-14,WARREN BLOOM,DEM,1
31-14,WRITE-IN,DEM,1
31-14,WRITE-IN,REP,1
31-15,ALLAN DOMB,DEM,18
31-15,AMEN  BROWN,DEM,0
31-15,CHERELLE L PARKER,DEM,13
31-15,DAVID OH,REP,13
31-15,DELSCIA GRAY,DEM,0
31-15,HELEN GYM,DEM,87
31-15,JAMES M DELEON,DEM,0
31-15,JEFF BROWN,DEM,12
31-15,REBECCA RHYNHART,DEM,83
31-15,WARREN BLOOM,DEM,0
31-15,WRITE-IN,DEM,0
31-15,WRITE-IN,REP,0
31-16,ALLAN DOMB,DEM,23
31-16,AMEN  BROWN,DEM,0
31-16,CHERELLE L PARKER,DEM,15
31-16,DAVID OH,REP,15
31-16,DELSCIA GRAY,DEM,1
31-16,HELEN GYM,DEM,79
31-16,JAMES M DELEON,DEM,0
31-16,JEFF BROWN,DEM,6
31-16,REBECCA RHYNHART,DEM,77
31-16,WARREN BLOOM,DEM,0
31-16,WRITE-IN,DEM,0
31-16,WRITE-IN,REP,0
31-17,ALLAN DOMB,DEM,9
31-17,AMEN  BROWN,DEM,2
31-17,CHERELLE L PARKER,DEM,15
31-17,DAVID OH,REP,12
31-17,DELSCIA GRAY,DEM,0
31-17,HELEN GYM,DEM,47
31-17,JAMES M DELEON,DEM,0
31-17,JEFF BROWN,DEM,3
31-17,REBECCA RHYNHART,DEM,44
31-17,WARREN BLOOM,DEM,1
31-17,WRITE-IN,DEM,1
31-17,WRITE-IN,REP,0
31-18,ALLAN DOMB,DEM,15
31-18,AMEN  BROWN,DEM,1
31-18,CHERELLE L PARKER,DEM,5
31-18,DAVID OH,REP,8
31-18,DELSCIA GRAY,DEM,1
31-18,HELEN GYM,DEM,50
31-18,JAMES M DELEON,DEM,0
31-18,JEFF BROWN,DEM,5
31-18,REBECCA RHYNHART,DEM,52
31-18,WARREN BLOOM,DEM,0
31-18,WRITE-IN,DEM,0
31-18,WRITE-IN,REP,1
31-19,ALLAN DOMB,DEM,7
31-19,AMEN  BROWN,DEM,0
31-19,CHERELLE L PARKER,DEM,12
31-19,DAVID OH,REP,10
31-19,DELSCIA GRAY,DEM,0
31-19,HELEN GYM,DEM,54
31-19,JAMES M DELEON,DEM,0
31-19,JEFF BROWN,DEM,8
31-19,REBECCA RHYNHART,DEM,58
31-19,WARREN BLOOM,DEM,0
31-19,WRITE-IN,DEM,0
31-19,WRITE-IN,REP,0
32-01,ALLAN DOMB,DEM,1
32-01,AMEN  BROWN,DEM,1
32-01,CHERELLE L PARKER,DEM,28
32-01,DAVID OH,REP,1
32-01,DELSCIA GRAY,DEM,1
32-01,HELEN GYM,DEM,5
32-01,JAMES M DELEON,DEM,2
32-01,JEFF BROWN,DEM,13
32-01,REBECCA RHYNHART,DEM,5
32-01,WARREN BLOOM,DEM,0
32-01,WRITE-IN,DEM,0
32-01,WRITE-IN,REP,0
32-02,ALLAN DOMB,DEM,4
32-02,AMEN  BROWN,DEM,0
32-02,CHERELLE L PARKER,DEM,31
32-02,DAVID OH,REP,2
32-02,DELSCIA GRAY,DEM,0
32-02,HELEN GYM,DEM,4
32-02,JAMES M DELEON,DEM,0
32-02,JEFF BROWN,DEM,3
32-02,REBECCA RHYNHART,DEM,7
32-02,WARREN BLOOM,DEM,0
32-02,WRITE-IN,DEM,0
32-02,WRITE-IN,REP,0
32-03,ALLAN DOMB,DEM,2
32-03,AMEN  BROWN,DEM,4
32-03,CHERELLE L PARKER,DEM,58
32-03,DAVID OH,REP,1
32-03,DELSCIA GRAY,DEM,0
32-03,HELEN GYM,DEM,8
32-03,JAMES M DELEON,DEM,0
32-03,JEFF BROWN,DEM,16
32-03,REBECCA RHYNHART,DEM,15
32-03,WARREN BLOOM,DEM,0
32-03,WRITE-IN,DEM,0
32-03,WRITE-IN,REP,0
32-04,ALLAN DOMB,DEM,5
32-04,AMEN  BROWN,DEM,1
32-04,CHERELLE L PARKER,DEM,42
32-04,DAVID OH,REP,0
32-04,DELSCIA GRAY,DEM,0
32-04,HELEN GYM,DEM,23
32-04,JAMES M DELEON,DEM,1
32-04,JEFF BROWN,DEM,14
32-04,REBECCA RHYNHART,DEM,18
32-04,WARREN BLOOM,DEM,0
32-04,WRITE-IN,DEM,0
32-04,WRITE-IN,REP,0
32-05,ALLAN DOMB,DEM,0
32-05,AMEN  BROWN,DEM,0
32-05,CHERELLE L PARKER,DEM,6
32-05,DAVID OH,REP,0
32-05,DELSCIA GRAY,DEM,0
32-05,HELEN GYM,DEM,15
32-05,JAMES M DELEON,DEM,0
32-05,JEFF BROWN,DEM,1
32-05,REBECCA RHYNHART,DEM,3
32-05,WARREN BLOOM,DEM,0
32-05,WRITE-IN,DEM,0
32-05,WRITE-IN,REP,0
32-06,ALLAN DOMB,DEM,1
32-06,AMEN  BROWN,DEM,1
32-06,CHERELLE L PARKER,DEM,33
32-06,DAVID OH,REP,0
32-06,DELSCIA GRAY,DEM,1
32-06,HELEN GYM,DEM,15
32-06,JAMES M DELEON,DEM,1
32-06,JEFF BROWN,DEM,6
32-06,REBECCA RHYNHART,DEM,14
32-06,WARREN BLOOM,DEM,1
32-06,WRITE-IN,DEM,0
32-06,WRITE-IN,REP,0
32-07,ALLAN DOMB,DEM,3
32-07,AMEN  BROWN,DEM,2
32-07,CHERELLE L PARKER,DEM,21
32-07,DAVID OH,REP,0
32-07,DELSCIA GRAY,DEM,0
32-07,HELEN GYM,DEM,12
32-07,JAMES M DELEON,DEM,1
32-07,JEFF BROWN,DEM,3
32-07,REBECCA RHYNHART,DEM,0
32-07,WARREN BLOOM,DEM,0
32-07,WRITE-IN,DEM,0
32-07,WRITE-IN,REP,0
32-08,ALLAN DOMB,DEM,0
32-08,AMEN  BROWN,DEM,0
32-08,CHERELLE L PARKER,DEM,16
32-08,DAVID OH,REP,1
32-08,DELSCIA GRAY,DEM,0
32-08,HELEN GYM,DEM,14
32-08,JAMES M DELEON,DEM,1
32-08,JEFF BROWN,DEM,1
32-08,REBECCA RHYNHART,DEM,1
32-08,WARREN BLOOM,DEM,0
32-08,WRITE-IN,DEM,0
32-08,WRITE-IN,REP,0
32-09,ALLAN DOMB,DEM,2
32-09,AMEN  BROWN,DEM,4
32-09,CHERELLE L PARKER,DEM,46
32-09,DAVID OH,REP,1
32-09,DELSCIA GRAY,DEM,0
32-09,HELEN GYM,DEM,16
32-09,JAMES M DELEON,DEM,0
32-09,JEFF BROWN,DEM,8
32-09,REBECCA RHYNHART,DEM,5
32-09,WARREN BLOOM,DEM,0
32-09,WRITE-IN,DEM,0
32-09,WRITE-IN,REP,1
32-10,ALLAN DOMB,DEM,12
32-10,AMEN  BROWN,DEM,2
32-10,CHERELLE L PARKER,DEM,58
32-10,DAVID OH,REP,4
32-10,DELSCIA GRAY,DEM,1
32-10,HELEN GYM,DEM,16
32-10,JAMES M DELEON,DEM,0
32-10,JEFF BROWN,DEM,18
32-10,REBECCA RHYNHART,DEM,7
32-10,WARREN BLOOM,DEM,0
32-10,WRITE-IN,DEM,0
32-10,WRITE-IN,REP,0
32-11,ALLAN DOMB,DEM,5
32-11,AMEN  BROWN,DEM,4
32-11,CHERELLE L PARKER,DEM,37
32-11,DAVID OH,REP,1
32-11,DELSCIA GRAY,DEM,1
32-11,HELEN GYM,DEM,27
32-11,JAMES M DELEON,DEM,0
32-11,JEFF BROWN,DEM,8
32-11,REBECCA RHYNHART,DEM,9
32-11,WARREN BLOOM,DEM,1
32-11,WRITE-IN,DEM,0
32-11,WRITE-IN,REP,0
32-12,ALLAN DOMB,DEM,7
32-12,AMEN  BROWN,DEM,1
32-12,CHERELLE L PARKER,DEM,27
32-12,DAVID OH,REP,0
32-12,DELSCIA GRAY,DEM,0
32-12,HELEN GYM,DEM,14
32-12,JAMES M DELEON,DEM,0
32-12,JEFF BROWN,DEM,10
32-12,REBECCA RHYNHART,DEM,8
32-12,WARREN BLOOM,DEM,0
32-12,WRITE-IN,DEM,0
32-12,WRITE-IN,REP,0
32-13,ALLAN DOMB,DEM,1
32-13,AMEN  BROWN,DEM,1
32-13,CHERELLE L PARKER,DEM,33
32-13,DAVID OH,REP,1
32-13,DELSCIA GRAY,DEM,0
32-13,HELEN GYM,DEM,3
32-13,JAMES M DELEON,DEM,0
32-13,JEFF BROWN,DEM,2
32-13,REBECCA RHYNHART,DEM,4
32-13,WARREN BLOOM,DEM,0
32-13,WRITE-IN,DEM,0
32-13,WRITE-IN,REP,0
32-14,ALLAN DOMB,DEM,2
32-14,AMEN  BROWN,DEM,4
32-14,CHERELLE L PARKER,DEM,21
32-14,DAVID OH,REP,0
32-14,DELSCIA GRAY,DEM,0
32-14,HELEN GYM,DEM,2
32-14,JAMES M DELEON,DEM,0
32-14,JEFF BROWN,DEM,3
32-14,REBECCA RHYNHART,DEM,2
32-14,WARREN BLOOM,DEM,0
32-14,WRITE-IN,DEM,0
32-14,WRITE-IN,REP,0
32-15,ALLAN DOMB,DEM,3
32-15,AMEN  BROWN,DEM,2
32-15,CHERELLE L PARKER,DEM,32
32-15,DAVID OH,REP,0
32-15,DELSCIA GRAY,DEM,0
32-15,HELEN GYM,DEM,4
32-15,JAMES M DELEON,DEM,0
32-15,JEFF BROWN,DEM,8
32-15,REBECCA RHYNHART,DEM,5
32-15,WARREN BLOOM,DEM,0
32-15,WRITE-IN,DEM,0
32-15,WRITE-IN,REP,1
32-16,ALLAN DOMB,DEM,5
32-16,AMEN  BROWN,DEM,1
32-16,CHERELLE L PARKER,DEM,49
32-16,DAVID OH,REP,0
32-16,DELSCIA GRAY,DEM,0
32-16,HELEN GYM,DEM,10
32-16,JAMES M DELEON,DEM,1
32-16,JEFF BROWN,DEM,6
32-16,REBECCA RHYNHART,DEM,8
32-16,WARREN BLOOM,DEM,0
32-16,WRITE-IN,DEM,0
32-16,WRITE-IN,REP,0
32-17,ALLAN DOMB,DEM,5
32-17,AMEN  BROWN,DEM,2
32-17,CHERELLE L PARKER,DEM,46
32-17,DAVID OH,REP,0
32-17,DELSCIA GRAY,DEM,1
32-17,HELEN GYM,DEM,4
32-17,JAMES M DELEON,DEM,2
32-17,JEFF BROWN,DEM,8
32-17,REBECCA RHYNHART,DEM,5
32-17,WARREN BLOOM,DEM,0
32-17,WRITE-IN,DEM,0
32-17,WRITE-IN,REP,0
32-18,ALLAN DOMB,DEM,11
32-18,AMEN  BROWN,DEM,9
32-18,CHERELLE L PARKER,DEM,58
32-18,DAVID OH,REP,1
32-18,DELSCIA GRAY,DEM,1
32-18,HELEN GYM,DEM,1
32-18,JAMES M DELEON,DEM,0
32-18,JEFF BROWN,DEM,8
32-18,REBECCA RHYNHART,DEM,5
32-18,WARREN BLOOM,DEM,1
32-18,WRITE-IN,DEM,0
32-18,WRITE-IN,REP,0
32-19,ALLAN DOMB,DEM,3
32-19,AMEN  BROWN,DEM,2
32-19,CHERELLE L PARKER,DEM,61
32-19,DAVID OH,REP,0
32-19,DELSCIA GRAY,DEM,0
32-19,HELEN GYM,DEM,0
32-19,JAMES M DELEON,DEM,0
32-19,JEFF BROWN,DEM,11
32-19,REBECCA RHYNHART,DEM,6
32-19,WARREN BLOOM,DEM,0
32-19,WRITE-IN,DEM,0
32-19,WRITE-IN,REP,2
32-20,ALLAN DOMB,DEM,2
32-20,AMEN  BROWN,DEM,3
32-20,CHERELLE L PARKER,DEM,64
32-20,DAVID OH,REP,0
32-20,DELSCIA GRAY,DEM,1
32-20,HELEN GYM,DEM,6
32-20,JAMES M DELEON,DEM,0
32-20,JEFF BROWN,DEM,9
32-20,REBECCA RHYNHART,DEM,6
32-20,WARREN BLOOM,DEM,0
32-20,WRITE-IN,DEM,0
32-20,WRITE-IN,REP,1
32-21,ALLAN DOMB,DEM,10
32-21,AMEN  BROWN,DEM,4
32-21,CHERELLE L PARKER,DEM,55
32-21,DAVID OH,REP,0
32-21,DELSCIA GRAY,DEM,1
32-21,HELEN GYM,DEM,9
32-21,JAMES M DELEON,DEM,0
32-21,JEFF BROWN,DEM,12
32-21,REBECCA RHYNHART,DEM,13
32-21,WARREN BLOOM,DEM,1
32-21,WRITE-IN,DEM,0
32-21,WRITE-IN,REP,1
32-22,ALLAN DOMB,DEM,4
32-22,AMEN  BROWN,DEM,0
32-22,CHERELLE L PARKER,DEM,57
32-22,DAVID OH,REP,1
32-22,DELSCIA GRAY,DEM,0
32-22,HELEN GYM,DEM,7
32-22,JAMES M DELEON,DEM,0
32-22,JEFF BROWN,DEM,12
32-22,REBECCA RHYNHART,DEM,11
32-22,WARREN BLOOM,DEM,0
32-22,WRITE-IN,DEM,0
32-22,WRITE-IN,REP,0
32-23,ALLAN DOMB,DEM,6
32-23,AMEN  BROWN,DEM,0
32-23,CHERELLE L PARKER,DEM,42
32-23,DAVID OH,REP,0
32-23,DELSCIA GRAY,DEM,1
32-23,HELEN GYM,DEM,11
32-23,JAMES M DELEON,DEM,1
32-23,JEFF BROWN,DEM,17
32-23,REBECCA RHYNHART,DEM,7
32-23,WARREN BLOOM,DEM,0
32-23,WRITE-IN,DEM,0
32-23,WRITE-IN,REP,0
32-24,ALLAN DOMB,DEM,5
32-24,AMEN  BROWN,DEM,2
32-24,CHERELLE L PARKER,DEM,53
32-24,DAVID OH,REP,1
32-24,DELSCIA GRAY,DEM,0
32-24,HELEN GYM,DEM,10
32-24,JAMES M DELEON,DEM,1
32-24,JEFF BROWN,DEM,7
32-24,REBECCA RHYNHART,DEM,7
32-24,WARREN BLOOM,DEM,0
32-24,WRITE-IN,DEM,0
32-24,WRITE-IN,REP,0
32-25,ALLAN DOMB,DEM,4
32-25,AMEN  BROWN,DEM,1
32-25,CHERELLE L PARKER,DEM,63
32-25,DAVID OH,REP,0
32-25,DELSCIA GRAY,DEM,1
32-25,HELEN GYM,DEM,8
32-25,JAMES M DELEON,DEM,1
32-25,JEFF BROWN,DEM,14
32-25,REBECCA RHYNHART,DEM,8
32-25,WARREN BLOOM,DEM,0
32-25,WRITE-IN,DEM,1
32-25,WRITE-IN,REP,0
32-26,ALLAN DOMB,DEM,5
32-26,AMEN  BROWN,DEM,7
32-26,CHERELLE L PARKER,DEM,43
32-26,DAVID OH,REP,2
32-26,DELSCIA GRAY,DEM,0
32-26,HELEN GYM,DEM,8
32-26,JAMES M DELEON,DEM,0
32-26,JEFF BROWN,DEM,14
32-26,REBECCA RHYNHART,DEM,6
32-26,WARREN BLOOM,DEM,0
32-26,WRITE-IN,DEM,0
32-26,WRITE-IN,REP,0
32-27,ALLAN DOMB,DEM,5
32-27,AMEN  BROWN,DEM,6
32-27,CHERELLE L PARKER,DEM,33
32-27,DAVID OH,REP,0
32-27,DELSCIA GRAY,DEM,0
32-27,HELEN GYM,DEM,4
32-27,JAMES M DELEON,DEM,1
32-27,JEFF BROWN,DEM,15
32-27,REBECCA RHYNHART,DEM,6
32-27,WARREN BLOOM,DEM,0
32-27,WRITE-IN,DEM,0
32-27,WRITE-IN,REP,1
32-28,ALLAN DOMB,DEM,5
32-28,AMEN  BROWN,DEM,8
32-28,CHERELLE L PARKER,DEM,98
32-28,DAVID OH,REP,4
32-28,DELSCIA GRAY,DEM,2
32-28,HELEN GYM,DEM,8
32-28,JAMES M DELEON,DEM,0
32-28,JEFF BROWN,DEM,10
32-28,REBECCA RHYNHART,DEM,4
32-28,WARREN BLOOM,DEM,0
32-28,WRITE-IN,DEM,0
32-28,WRITE-IN,REP,0
32-29,ALLAN DOMB,DEM,4
32-29,AMEN  BROWN,DEM,4
32-29,CHERELLE L PARKER,DEM,47
32-29,DAVID OH,REP,0
32-29,DELSCIA GRAY,DEM,0
32-29,HELEN GYM,DEM,3
32-29,JAMES M DELEON,DEM,0
32-29,JEFF BROWN,DEM,6
32-29,REBECCA RHYNHART,DEM,3
32-29,WARREN BLOOM,DEM,0
32-29,WRITE-IN,DEM,0
32-29,WRITE-IN,REP,0
32-30,ALLAN DOMB,DEM,9
32-30,AMEN  BROWN,DEM,1
32-30,CHERELLE L PARKER,DEM,52
32-30,DAVID OH,REP,2
32-30,DELSCIA GRAY,DEM,1
32-30,HELEN GYM,DEM,11
32-30,JAMES M DELEON,DEM,1
32-30,JEFF BROWN,DEM,6
32-30,REBECCA RHYNHART,DEM,7
32-30,WARREN BLOOM,DEM,1
32-30,WRITE-IN,DEM,1
32-30,WRITE-IN,REP,1
32-31,ALLAN DOMB,DEM,7
32-31,AMEN  BROWN,DEM,1
32-31,CHERELLE L PARKER,DEM,68
32-31,DAVID OH,REP,1
32-31,DELSCIA GRAY,DEM,0
32-31,HELEN GYM,DEM,28
32-31,JAMES M DELEON,DEM,1
32-31,JEFF BROWN,DEM,19
32-31,REBECCA RHYNHART,DEM,18
32-31,WARREN BLOOM,DEM,0
32-31,WRITE-IN,DEM,0
32-31,WRITE-IN,REP,0
33-01,ALLAN DOMB,DEM,16
33-01,AMEN  BROWN,DEM,2
33-01,CHERELLE L PARKER,DEM,17
33-01,DAVID OH,REP,7
33-01,DELSCIA GRAY,DEM,2
33-01,HELEN GYM,DEM,9
33-01,JAMES M DELEON,DEM,1
33-01,JEFF BROWN,DEM,6
33-01,REBECCA RHYNHART,DEM,6
33-01,WARREN BLOOM,DEM,0
33-01,WRITE-IN,DEM,0
33-01,WRITE-IN,REP,0
33-02,ALLAN DOMB,DEM,11
33-02,AMEN  BROWN,DEM,5
33-02,CHERELLE L PARKER,DEM,27
33-02,DAVID OH,REP,6
33-02,DELSCIA GRAY,DEM,1
33-02,HELEN GYM,DEM,11
33-02,JAMES M DELEON,DEM,2
33-02,JEFF BROWN,DEM,6
33-02,REBECCA RHYNHART,DEM,13
33-02,WARREN BLOOM,DEM,0
33-02,WRITE-IN,DEM,0
33-02,WRITE-IN,REP,0
33-03,ALLAN DOMB,DEM,23
33-03,AMEN  BROWN,DEM,2
33-03,CHERELLE L PARKER,DEM,17
33-03,DAVID OH,REP,4
33-03,DELSCIA GRAY,DEM,1
33-03,HELEN GYM,DEM,1
33-03,JAMES M DELEON,DEM,1
33-03,JEFF BROWN,DEM,10
33-03,REBECCA RHYNHART,DEM,9
33-03,WARREN BLOOM,DEM,0
33-03,WRITE-IN,DEM,2
33-03,WRITE-IN,REP,0
33-04,ALLAN DOMB,DEM,16
33-04,AMEN  BROWN,DEM,1
33-04,CHERELLE L PARKER,DEM,28
33-04,DAVID OH,REP,5
33-04,DELSCIA GRAY,DEM,1
33-04,HELEN GYM,DEM,8
33-04,JAMES M DELEON,DEM,3
33-04,JEFF BROWN,DEM,7
33-04,REBECCA RHYNHART,DEM,11
33-04,WARREN BLOOM,DEM,0
33-04,WRITE-IN,DEM,0
33-04,WRITE-IN,REP,0
33-05,ALLAN DOMB,DEM,8
33-05,AMEN  BROWN,DEM,3
33-05,CHERELLE L PARKER,DEM,30
33-05,DAVID OH,REP,2
33-05,DELSCIA GRAY,DEM,2
33-05,HELEN GYM,DEM,9
33-05,JAMES M DELEON,DEM,3
33-05,JEFF BROWN,DEM,5
33-05,REBECCA RHYNHART,DEM,8
33-05,WARREN BLOOM,DEM,0
33-05,WRITE-IN,DEM,0
33-05,WRITE-IN,REP,0
33-06,ALLAN DOMB,DEM,14
33-06,AMEN  BROWN,DEM,0
33-06,CHERELLE L PARKER,DEM,16
33-06,DAVID OH,REP,2
33-06,DELSCIA GRAY,DEM,2
33-06,HELEN GYM,DEM,9
33-06,JAMES M DELEON,DEM,0
33-06,JEFF BROWN,DEM,10
33-06,REBECCA RHYNHART,DEM,6
33-06,WARREN BLOOM,DEM,0
33-06,WRITE-IN,DEM,0
33-06,WRITE-IN,REP,0
33-07,ALLAN DOMB,DEM,9
33-07,AMEN  BROWN,DEM,0
33-07,CHERELLE L PARKER,DEM,26
33-07,DAVID OH,REP,6
33-07,DELSCIA GRAY,DEM,0
33-07,HELEN GYM,DEM,8
33-07,JAMES M DELEON,DEM,1
33-07,JEFF BROWN,DEM,2
33-07,REBECCA RHYNHART,DEM,12
33-07,WARREN BLOOM,DEM,0
33-07,WRITE-IN,DEM,0
33-07,WRITE-IN,REP,0
33-08,ALLAN DOMB,DEM,17
33-08,AMEN  BROWN,DEM,0
33-08,CHERELLE L PARKER,DEM,18
33-08,DAVID OH,REP,4
33-08,DELSCIA GRAY,DEM,0
33-08,HELEN GYM,DEM,6
33-08,JAMES M DELEON,DEM,4
33-08,JEFF BROWN,DEM,5
33-08,REBECCA RHYNHART,DEM,8
33-08,WARREN BLOOM,DEM,1
33-08,WRITE-IN,DEM,0
33-08,WRITE-IN,REP,1
33-09,ALLAN DOMB,DEM,4
33-09,AMEN  BROWN,DEM,0
33-09,CHERELLE L PARKER,DEM,33
33-09,DAVID OH,REP,10
33-09,DELSCIA GRAY,DEM,0
33-09,HELEN GYM,DEM,10
33-09,JAMES M DELEON,DEM,2
33-09,JEFF BROWN,DEM,5
33-09,REBECCA RHYNHART,DEM,7
33-09,WARREN BLOOM,DEM,0
33-09,WRITE-IN,DEM,0
33-09,WRITE-IN,REP,0
33-10,ALLAN DOMB,DEM,4
33-10,AMEN  BROWN,DEM,3
33-10,CHERELLE L PARKER,DEM,14
33-10,DAVID OH,REP,7
33-10,DELSCIA GRAY,DEM,1
33-10,HELEN GYM,DEM,9
33-10,JAMES M DELEON,DEM,0
33-10,JEFF BROWN,DEM,8
33-10,REBECCA RHYNHART,DEM,1
33-10,WARREN BLOOM,DEM,0
33-10,WRITE-IN,DEM,0
33-10,WRITE-IN,REP,0
33-11,ALLAN DOMB,DEM,15
33-11,AMEN  BROWN,DEM,2
33-11,CHERELLE L PARKER,DEM,20
33-11,DAVID OH,REP,1
33-11,DELSCIA GRAY,DEM,1
33-11,HELEN GYM,DEM,14
33-11,JAMES M DELEON,DEM,3
33-11,JEFF BROWN,DEM,2
33-11,REBECCA RHYNHART,DEM,9
33-11,WARREN BLOOM,DEM,0
33-11,WRITE-IN,DEM,0
33-11,WRITE-IN,REP,0
33-12,ALLAN DOMB,DEM,15
33-12,AMEN  BROWN,DEM,2
33-12,CHERELLE L PARKER,DEM,35
33-12,DAVID OH,REP,3
33-12,DELSCIA GRAY,DEM,1
33-12,HELEN GYM,DEM,12
33-12,JAMES M DELEON,DEM,3
33-12,JEFF BROWN,DEM,6
33-12,REBECCA RHYNHART,DEM,9
33-12,WARREN BLOOM,DEM,1
33-12,WRITE-IN,DEM,1
33-12,WRITE-IN,REP,1
33-13,ALLAN DOMB,DEM,13
33-13,AMEN  BROWN,DEM,4
33-13,CHERELLE L PARKER,DEM,20
33-13,DAVID OH,REP,2
33-13,DELSCIA GRAY,DEM,1
33-13,HELEN GYM,DEM,6
33-13,JAMES M DELEON,DEM,0
33-13,JEFF BROWN,DEM,8
33-13,REBECCA RHYNHART,DEM,6
33-13,WARREN BLOOM,DEM,0
33-13,WRITE-IN,DEM,0
33-13,WRITE-IN,REP,0
33-14,ALLAN DOMB,DEM,4
33-14,AMEN  BROWN,DEM,1
33-14,CHERELLE L PARKER,DEM,18
33-14,DAVID OH,REP,3
33-14,DELSCIA GRAY,DEM,1
33-14,HELEN GYM,DEM,7
33-14,JAMES M DELEON,DEM,0
33-14,JEFF BROWN,DEM,3
33-14,REBECCA RHYNHART,DEM,13
33-14,WARREN BLOOM,DEM,1
33-14,WRITE-IN,DEM,0
33-14,WRITE-IN,REP,0
33-15,ALLAN DOMB,DEM,4
33-15,AMEN  BROWN,DEM,4
33-15,CHERELLE L PARKER,DEM,9
33-15,DAVID OH,REP,4
33-15,DELSCIA GRAY,DEM,1
33-15,HELEN GYM,DEM,4
33-15,JAMES M DELEON,DEM,1
33-15,JEFF BROWN,DEM,0
33-15,REBECCA RHYNHART,DEM,5
33-15,WARREN BLOOM,DEM,0
33-15,WRITE-IN,DEM,0
33-15,WRITE-IN,REP,0
33-16,ALLAN DOMB,DEM,2
33-16,AMEN  BROWN,DEM,2
33-16,CHERELLE L PARKER,DEM,18
33-16,DAVID OH,REP,7
33-16,DELSCIA GRAY,DEM,0
33-16,HELEN GYM,DEM,3
33-16,JAMES M DELEON,DEM,2
33-16,JEFF BROWN,DEM,6
33-16,REBECCA RHYNHART,DEM,4
33-16,WARREN BLOOM,DEM,0
33-16,WRITE-IN,DEM,0
33-16,WRITE-IN,REP,0
33-17,ALLAN DOMB,DEM,2
33-17,AMEN  BROWN,DEM,0
33-17,CHERELLE L PARKER,DEM,14
33-17,DAVID OH,REP,2
33-17,DELSCIA GRAY,DEM,0
33-17,HELEN GYM,DEM,1
33-17,JAMES M DELEON,DEM,0
33-17,JEFF BROWN,DEM,1
33-17,REBECCA RHYNHART,DEM,2
33-17,WARREN BLOOM,DEM,1
33-17,WRITE-IN,DEM,0
33-17,WRITE-IN,REP,0
33-18,ALLAN DOMB,DEM,5
33-18,AMEN  BROWN,DEM,1
33-18,CHERELLE L PARKER,DEM,5
33-18,DAVID OH,REP,1
33-18,DELSCIA GRAY,DEM,0
33-18,HELEN GYM,DEM,2
33-18,JAMES M DELEON,DEM,1
33-18,JEFF BROWN,DEM,2
33-18,REBECCA RHYNHART,DEM,4
33-18,WARREN BLOOM,DEM,0
33-18,WRITE-IN,DEM,0
33-18,WRITE-IN,REP,0
33-19,ALLAN DOMB,DEM,5
33-19,AMEN  BROWN,DEM,0
33-19,CHERELLE L PARKER,DEM,21
33-19,DAVID OH,REP,1
33-19,DELSCIA GRAY,DEM,0
33-19,HELEN GYM,DEM,10
33-19,JAMES M DELEON,DEM,1
33-19,JEFF BROWN,DEM,6
33-19,REBECCA RHYNHART,DEM,4
33-19,WARREN BLOOM,DEM,1
33-19,WRITE-IN,DEM,0
33-19,WRITE-IN,REP,0
33-20,ALLAN DOMB,DEM,4
33-20,AMEN  BROWN,DEM,0
33-20,CHERELLE L PARKER,DEM,19
33-20,DAVID OH,REP,3
33-20,DELSCIA GRAY,DEM,0
33-20,HELEN GYM,DEM,7
33-20,JAMES M DELEON,DEM,0
33-20,JEFF BROWN,DEM,0
33-20,REBECCA RHYNHART,DEM,10
33-20,WARREN BLOOM,DEM,0
33-20,WRITE-IN,DEM,0
33-20,WRITE-IN,REP,0
33-21,ALLAN DOMB,DEM,6
33-21,AMEN  BROWN,DEM,0
33-21,CHERELLE L PARKER,DEM,14
33-21,DAVID OH,REP,0
33-21,DELSCIA GRAY,DEM,0
33-21,HELEN GYM,DEM,3
33-21,JAMES M DELEON,DEM,1
33-21,JEFF BROWN,DEM,0
33-21,REBECCA RHYNHART,DEM,0
33-21,WARREN BLOOM,DEM,0
33-21,WRITE-IN,DEM,0
33-21,WRITE-IN,REP,0
33-22,ALLAN DOMB,DEM,9
33-22,AMEN  BROWN,DEM,0
33-22,CHERELLE L PARKER,DEM,18
33-22,DAVID OH,REP,1
33-22,DELSCIA GRAY,DEM,1
33-22,HELEN GYM,DEM,2
33-22,JAMES M DELEON,DEM,1
33-22,JEFF BROWN,DEM,2
33-22,REBECCA RHYNHART,DEM,6
33-22,WARREN BLOOM,DEM,0
33-22,WRITE-IN,DEM,0
33-22,WRITE-IN,REP,0
33-23,ALLAN DOMB,DEM,6
33-23,AMEN  BROWN,DEM,2
33-23,CHERELLE L PARKER,DEM,6
33-23,DAVID OH,REP,4
33-23,DELSCIA GRAY,DEM,0
33-23,HELEN GYM,DEM,2
33-23,JAMES M DELEON,DEM,0
33-23,JEFF BROWN,DEM,1
33-23,REBECCA RHYNHART,DEM,8
33-23,WARREN BLOOM,DEM,0
33-23,WRITE-IN,DEM,0
33-23,WRITE-IN,REP,0
33-24,ALLAN DOMB,DEM,5
33-24,AMEN  BROWN,DEM,1
33-24,CHERELLE L PARKER,DEM,7
33-24,DAVID OH,REP,5
33-24,DELSCIA GRAY,DEM,0
33-24,HELEN GYM,DEM,2
33-24,JAMES M DELEON,DEM,1
33-24,JEFF BROWN,DEM,2
33-24,REBECCA RHYNHART,DEM,4
33-24,WARREN BLOOM,DEM,1
33-24,WRITE-IN,DEM,0
33-24,WRITE-IN,REP,0
34-01,ALLAN DOMB,DEM,3
34-01,AMEN  BROWN,DEM,4
34-01,CHERELLE L PARKER,DEM,53
34-01,DAVID OH,REP,2
34-01,DELSCIA GRAY,DEM,1
34-01,HELEN GYM,DEM,11
34-01,JAMES M DELEON,DEM,0
34-01,JEFF BROWN,DEM,17
34-01,REBECCA RHYNHART,DEM,5
34-01,WARREN BLOOM,DEM,0
34-01,WRITE-IN,DEM,1
34-01,WRITE-IN,REP,0
34-02,ALLAN DOMB,DEM,7
34-02,AMEN  BROWN,DEM,5
34-02,CHERELLE L PARKER,DEM,88
34-02,DAVID OH,REP,0
34-02,DELSCIA GRAY,DEM,1
34-02,HELEN GYM,DEM,8
34-02,JAMES M DELEON,DEM,0
34-02,JEFF BROWN,DEM,10
34-02,REBECCA RHYNHART,DEM,12
34-02,WARREN BLOOM,DEM,1
34-02,WRITE-IN,DEM,0
34-02,WRITE-IN,REP,0
34-03,ALLAN DOMB,DEM,4
34-03,AMEN  BROWN,DEM,2
34-03,CHERELLE L PARKER,DEM,61
34-03,DAVID OH,REP,1
34-03,DELSCIA GRAY,DEM,0
34-03,HELEN GYM,DEM,10
34-03,JAMES M DELEON,DEM,0
34-03,JEFF BROWN,DEM,6
34-03,REBECCA RHYNHART,DEM,7
34-03,WARREN BLOOM,DEM,0
34-03,WRITE-IN,DEM,0
34-03,WRITE-IN,REP,0
34-04,ALLAN DOMB,DEM,4
34-04,AMEN  BROWN,DEM,1
34-04,CHERELLE L PARKER,DEM,43
34-04,DAVID OH,REP,0
34-04,DELSCIA GRAY,DEM,1
34-04,HELEN GYM,DEM,12
34-04,JAMES M DELEON,DEM,0
34-04,JEFF BROWN,DEM,19
34-04,REBECCA RHYNHART,DEM,6
34-04,WARREN BLOOM,DEM,0
34-04,WRITE-IN,DEM,0
34-04,WRITE-IN,REP,0
34-05,ALLAN DOMB,DEM,9
34-05,AMEN  BROWN,DEM,2
34-05,CHERELLE L PARKER,DEM,67
34-05,DAVID OH,REP,0
34-05,DELSCIA GRAY,DEM,0
34-05,HELEN GYM,DEM,8
34-05,JAMES M DELEON,DEM,1
34-05,JEFF BROWN,DEM,12
34-05,REBECCA RHYNHART,DEM,6
34-05,WARREN BLOOM,DEM,0
34-05,WRITE-IN,DEM,0
34-05,WRITE-IN,REP,0
34-06,ALLAN DOMB,DEM,16
34-06,AMEN  BROWN,DEM,2
34-06,CHERELLE L PARKER,DEM,95
34-06,DAVID OH,REP,0
34-06,DELSCIA GRAY,DEM,0
34-06,HELEN GYM,DEM,12
34-06,JAMES M DELEON,DEM,1
34-06,JEFF BROWN,DEM,17
34-06,REBECCA RHYNHART,DEM,9
34-06,WARREN BLOOM,DEM,1
34-06,WRITE-IN,DEM,1
34-06,WRITE-IN,REP,0
34-07,ALLAN DOMB,DEM,8
34-07,AMEN  BROWN,DEM,4
34-07,CHERELLE L PARKER,DEM,100
34-07,DAVID OH,REP,1
34-07,DELSCIA GRAY,DEM,0
34-07,HELEN GYM,DEM,12
34-07,JAMES M DELEON,DEM,2
34-07,JEFF BROWN,DEM,17
34-07,REBECCA RHYNHART,DEM,18
34-07,WARREN BLOOM,DEM,0
34-07,WRITE-IN,DEM,0
34-07,WRITE-IN,REP,1
34-08,ALLAN DOMB,DEM,14
34-08,AMEN  BROWN,DEM,2
34-08,CHERELLE L PARKER,DEM,114
34-08,DAVID OH,REP,1
34-08,DELSCIA GRAY,DEM,2
34-08,HELEN GYM,DEM,26
34-08,JAMES M DELEON,DEM,0
34-08,JEFF BROWN,DEM,45
34-08,REBECCA RHYNHART,DEM,11
34-08,WARREN BLOOM,DEM,0
34-08,WRITE-IN,DEM,0
34-08,WRITE-IN,REP,0
34-09,ALLAN DOMB,DEM,11
34-09,AMEN  BROWN,DEM,1
34-09,CHERELLE L PARKER,DEM,66
34-09,DAVID OH,REP,2
34-09,DELSCIA GRAY,DEM,0
34-09,HELEN GYM,DEM,11
34-09,JAMES M DELEON,DEM,0
34-09,JEFF BROWN,DEM,12
34-09,REBECCA RHYNHART,DEM,5
34-09,WARREN BLOOM,DEM,0
34-09,WRITE-IN,DEM,0
34-09,WRITE-IN,REP,1
34-10,ALLAN DOMB,DEM,18
34-10,AMEN  BROWN,DEM,7
34-10,CHERELLE L PARKER,DEM,105
34-10,DAVID OH,REP,0
34-10,DELSCIA GRAY,DEM,0
34-10,HELEN GYM,DEM,12
34-10,JAMES M DELEON,DEM,1
34-10,JEFF BROWN,DEM,25
34-10,REBECCA RHYNHART,DEM,11
34-10,WARREN BLOOM,DEM,1
34-10,WRITE-IN,DEM,0
34-10,WRITE-IN,REP,0
34-11,ALLAN DOMB,DEM,15
34-11,AMEN  BROWN,DEM,6
34-11,CHERELLE L PARKER,DEM,101
34-11,DAVID OH,REP,2
34-11,DELSCIA GRAY,DEM,0
34-11,HELEN GYM,DEM,24
34-11,JAMES M DELEON,DEM,1
34-11,JEFF BROWN,DEM,21
34-11,REBECCA RHYNHART,DEM,18
34-11,WARREN BLOOM,DEM,0
34-11,WRITE-IN,DEM,0
34-11,WRITE-IN,REP,0
34-12,ALLAN DOMB,DEM,22
34-12,AMEN  BROWN,DEM,5
34-12,CHERELLE L PARKER,DEM,160
34-12,DAVID OH,REP,3
34-12,DELSCIA GRAY,DEM,0
34-12,HELEN GYM,DEM,26
34-12,JAMES M DELEON,DEM,2
34-12,JEFF BROWN,DEM,31
34-12,REBECCA RHYNHART,DEM,24
34-12,WARREN BLOOM,DEM,1
34-12,WRITE-IN,DEM,0
34-12,WRITE-IN,REP,1
34-13,ALLAN DOMB,DEM,18
34-13,AMEN  BROWN,DEM,4
34-13,CHERELLE L PARKER,DEM,126
34-13,DAVID OH,REP,3
34-13,DELSCIA GRAY,DEM,1
34-13,HELEN GYM,DEM,17
34-13,JAMES M DELEON,DEM,0
34-13,JEFF BROWN,DEM,17
34-13,REBECCA RHYNHART,DEM,19
34-13,WARREN BLOOM,DEM,0
34-13,WRITE-IN,DEM,0
34-13,WRITE-IN,REP,0
34-14,ALLAN DOMB,DEM,13
34-14,AMEN  BROWN,DEM,3
34-14,CHERELLE L PARKER,DEM,127
34-14,DAVID OH,REP,3
34-14,DELSCIA GRAY,DEM,3
34-14,HELEN GYM,DEM,17
34-14,JAMES M DELEON,DEM,5
34-14,JEFF BROWN,DEM,19
34-14,REBECCA RHYNHART,DEM,22
34-14,WARREN BLOOM,DEM,0
34-14,WRITE-IN,DEM,0
34-14,WRITE-IN,REP,0
34-15,ALLAN DOMB,DEM,4
34-15,AMEN  BROWN,DEM,2
34-15,CHERELLE L PARKER,DEM,115
34-15,DAVID OH,REP,2
34-15,DELSCIA GRAY,DEM,0
34-15,HELEN GYM,DEM,17
34-15,JAMES M DELEON,DEM,1
34-15,JEFF BROWN,DEM,33
34-15,REBECCA RHYNHART,DEM,11
34-15,WARREN BLOOM,DEM,0
34-15,WRITE-IN,DEM,0
34-15,WRITE-IN,REP,0
34-16,ALLAN DOMB,DEM,4
34-16,AMEN  BROWN,DEM,2
34-16,CHERELLE L PARKER,DEM,66
34-16,DAVID OH,REP,1
34-16,DELSCIA GRAY,DEM,0
34-16,HELEN GYM,DEM,13
34-16,JAMES M DELEON,DEM,0
34-16,JEFF BROWN,DEM,16
34-16,REBECCA RHYNHART,DEM,19
34-16,WARREN BLOOM,DEM,0
34-16,WRITE-IN,DEM,0
34-16,WRITE-IN,REP,0
34-17,ALLAN DOMB,DEM,6
34-17,AMEN  BROWN,DEM,2
34-17,CHERELLE L PARKER,DEM,89
34-17,DAVID OH,REP,0
34-17,DELSCIA GRAY,DEM,0
34-17,HELEN GYM,DEM,12
34-17,JAMES M DELEON,DEM,0
34-17,JEFF BROWN,DEM,14
34-17,REBECCA RHYNHART,DEM,11
34-17,WARREN BLOOM,DEM,0
34-17,WRITE-IN,DEM,0
34-17,WRITE-IN,REP,1
34-18,ALLAN DOMB,DEM,22
34-18,AMEN  BROWN,DEM,7
34-18,CHERELLE L PARKER,DEM,124
34-18,DAVID OH,REP,1
34-18,DELSCIA GRAY,DEM,0
34-18,HELEN GYM,DEM,17
34-18,JAMES M DELEON,DEM,1
34-18,JEFF BROWN,DEM,17
34-18,REBECCA RHYNHART,DEM,17
34-18,WARREN BLOOM,DEM,0
34-18,WRITE-IN,DEM,0
34-18,WRITE-IN,REP,0
34-19,ALLAN DOMB,DEM,21
34-19,AMEN  BROWN,DEM,3
34-19,CHERELLE L PARKER,DEM,156
34-19,DAVID OH,REP,7
34-19,DELSCIA GRAY,DEM,0
34-19,HELEN GYM,DEM,27
34-19,JAMES M DELEON,DEM,0
34-19,JEFF BROWN,DEM,36
34-19,REBECCA RHYNHART,DEM,24
34-19,WARREN BLOOM,DEM,0
34-19,WRITE-IN,DEM,0
34-19,WRITE-IN,REP,0
34-20,ALLAN DOMB,DEM,10
34-20,AMEN  BROWN,DEM,8
34-20,CHERELLE L PARKER,DEM,127
34-20,DAVID OH,REP,3
34-20,DELSCIA GRAY,DEM,1
34-20,HELEN GYM,DEM,23
34-20,JAMES M DELEON,DEM,2
34-20,JEFF BROWN,DEM,19
34-20,REBECCA RHYNHART,DEM,22
34-20,WARREN BLOOM,DEM,0
34-20,WRITE-IN,DEM,0
34-20,WRITE-IN,REP,1
34-21,ALLAN DOMB,DEM,10
34-21,AMEN  BROWN,DEM,6
34-21,CHERELLE L PARKER,DEM,143
34-21,DAVID OH,REP,2
34-21,DELSCIA GRAY,DEM,2
34-21,HELEN GYM,DEM,31
34-21,JAMES M DELEON,DEM,2
34-21,JEFF BROWN,DEM,28
34-21,REBECCA RHYNHART,DEM,25
34-21,WARREN BLOOM,DEM,1
34-21,WRITE-IN,DEM,0
34-21,WRITE-IN,REP,0
34-22,ALLAN DOMB,DEM,15
34-22,AMEN  BROWN,DEM,1
34-22,CHERELLE L PARKER,DEM,91
34-22,DAVID OH,REP,9
34-22,DELSCIA GRAY,DEM,0
34-22,HELEN GYM,DEM,32
34-22,JAMES M DELEON,DEM,0
34-22,JEFF BROWN,DEM,27
34-22,REBECCA RHYNHART,DEM,34
34-22,WARREN BLOOM,DEM,1
34-22,WRITE-IN,DEM,0
34-22,WRITE-IN,REP,0
34-23,ALLAN DOMB,DEM,26
34-23,AMEN  BROWN,DEM,1
34-23,CHERELLE L PARKER,DEM,84
34-23,DAVID OH,REP,17
34-23,DELSCIA GRAY,DEM,0
34-23,HELEN GYM,DEM,52
34-23,JAMES M DELEON,DEM,1
34-23,JEFF BROWN,DEM,28
34-23,REBECCA RHYNHART,DEM,110
34-23,WARREN BLOOM,DEM,0
34-23,WRITE-IN,DEM,0
34-23,WRITE-IN,REP,1
34-24,ALLAN DOMB,DEM,10
34-24,AMEN  BROWN,DEM,7
34-24,CHERELLE L PARKER,DEM,111
34-24,DAVID OH,REP,5
34-24,DELSCIA GRAY,DEM,1
34-24,HELEN GYM,DEM,31
34-24,JAMES M DELEON,DEM,3
34-24,JEFF BROWN,DEM,33
34-24,REBECCA RHYNHART,DEM,35
34-24,WARREN BLOOM,DEM,0
34-24,WRITE-IN,DEM,1
34-24,WRITE-IN,REP,1
34-25,ALLAN DOMB,DEM,14
34-25,AMEN  BROWN,DEM,2
34-25,CHERELLE L PARKER,DEM,94
34-25,DAVID OH,REP,8
34-25,DELSCIA GRAY,DEM,0
34-25,HELEN GYM,DEM,39
34-25,JAMES M DELEON,DEM,1
34-25,JEFF BROWN,DEM,21
34-25,REBECCA RHYNHART,DEM,54
34-25,WARREN BLOOM,DEM,0
34-25,WRITE-IN,DEM,0
34-25,WRITE-IN,REP,0
34-26,ALLAN DOMB,DEM,7
34-26,AMEN  BROWN,DEM,3
34-26,CHERELLE L PARKER,DEM,62
34-26,DAVID OH,REP,0
34-26,DELSCIA GRAY,DEM,0
34-26,HELEN GYM,DEM,4
34-26,JAMES M DELEON,DEM,1
34-26,JEFF BROWN,DEM,10
34-26,REBECCA RHYNHART,DEM,14
34-26,WARREN BLOOM,DEM,0
34-26,WRITE-IN,DEM,0
34-26,WRITE-IN,REP,0
34-27,ALLAN DOMB,DEM,21
34-27,AMEN  BROWN,DEM,2
34-27,CHERELLE L PARKER,DEM,122
34-27,DAVID OH,REP,0
34-27,DELSCIA GRAY,DEM,0
34-27,HELEN GYM,DEM,26
34-27,JAMES M DELEON,DEM,2
34-27,JEFF BROWN,DEM,23
34-27,REBECCA RHYNHART,DEM,15
34-27,WARREN BLOOM,DEM,0
34-27,WRITE-IN,DEM,0
34-27,WRITE-IN,REP,0
34-28,ALLAN DOMB,DEM,12
34-28,AMEN  BROWN,DEM,1
34-28,CHERELLE L PARKER,DEM,106
34-28,DAVID OH,REP,0
34-28,DELSCIA GRAY,DEM,0
34-28,HELEN GYM,DEM,16
34-28,JAMES M DELEON,DEM,1
34-28,JEFF BROWN,DEM,32
34-28,REBECCA RHYNHART,DEM,17
34-28,WARREN BLOOM,DEM,0
34-28,WRITE-IN,DEM,0
34-28,WRITE-IN,REP,1
34-29,ALLAN DOMB,DEM,13
34-29,AMEN  BROWN,DEM,4
34-29,CHERELLE L PARKER,DEM,120
34-29,DAVID OH,REP,6
34-29,DELSCIA GRAY,DEM,2
34-29,HELEN GYM,DEM,25
34-29,JAMES M DELEON,DEM,2
34-29,JEFF BROWN,DEM,24
34-29,REBECCA RHYNHART,DEM,22
34-29,WARREN BLOOM,DEM,0
34-29,WRITE-IN,DEM,0
34-29,WRITE-IN,REP,0
34-30,ALLAN DOMB,DEM,13
34-30,AMEN  BROWN,DEM,3
34-30,CHERELLE L PARKER,DEM,127
34-30,DAVID OH,REP,1
34-30,DELSCIA GRAY,DEM,0
34-30,HELEN GYM,DEM,28
34-30,JAMES M DELEON,DEM,1
34-30,JEFF BROWN,DEM,30
34-30,REBECCA RHYNHART,DEM,23
34-30,WARREN BLOOM,DEM,0
34-30,WRITE-IN,DEM,0
34-30,WRITE-IN,REP,0
34-31,ALLAN DOMB,DEM,17
34-31,AMEN  BROWN,DEM,6
34-31,CHERELLE L PARKER,DEM,121
34-31,DAVID OH,REP,9
34-31,DELSCIA GRAY,DEM,0
34-31,HELEN GYM,DEM,24
34-31,JAMES M DELEON,DEM,1
34-31,JEFF BROWN,DEM,22
34-31,REBECCA RHYNHART,DEM,21
34-31,WARREN BLOOM,DEM,1
34-31,WRITE-IN,DEM,0
34-31,WRITE-IN,REP,1
34-32,ALLAN DOMB,DEM,11
34-32,AMEN  BROWN,DEM,3
34-32,CHERELLE L PARKER,DEM,95
34-32,DAVID OH,REP,0
34-32,DELSCIA GRAY,DEM,1
34-32,HELEN GYM,DEM,15
34-32,JAMES M DELEON,DEM,1
34-32,JEFF BROWN,DEM,28
34-32,REBECCA RHYNHART,DEM,12
34-32,WARREN BLOOM,DEM,0
34-32,WRITE-IN,DEM,0
34-32,WRITE-IN,REP,2
34-33,ALLAN DOMB,DEM,15
34-33,AMEN  BROWN,DEM,4
34-33,CHERELLE L PARKER,DEM,122
34-33,DAVID OH,REP,3
34-33,DELSCIA GRAY,DEM,1
34-33,HELEN GYM,DEM,29
34-33,JAMES M DELEON,DEM,0
34-33,JEFF BROWN,DEM,30
34-33,REBECCA RHYNHART,DEM,20
34-33,WARREN BLOOM,DEM,1
34-33,WRITE-IN,DEM,0
34-33,WRITE-IN,REP,0
34-34,ALLAN DOMB,DEM,16
34-34,AMEN  BROWN,DEM,5
34-34,CHERELLE L PARKER,DEM,104
34-34,DAVID OH,REP,13
34-34,DELSCIA GRAY,DEM,1
34-34,HELEN GYM,DEM,46
34-34,JAMES M DELEON,DEM,2
34-34,JEFF BROWN,DEM,25
34-34,REBECCA RHYNHART,DEM,40
34-34,WARREN BLOOM,DEM,0
34-34,WRITE-IN,DEM,0
34-34,WRITE-IN,REP,0
34-35,ALLAN DOMB,DEM,5
34-35,AMEN  BROWN,DEM,3
34-35,CHERELLE L PARKER,DEM,70
34-35,DAVID OH,REP,0
34-35,DELSCIA GRAY,DEM,0
34-35,HELEN GYM,DEM,15
34-35,JAMES M DELEON,DEM,1
34-35,JEFF BROWN,DEM,16
34-35,REBECCA RHYNHART,DEM,2
34-35,WARREN BLOOM,DEM,1
34-35,WRITE-IN,DEM,0
34-35,WRITE-IN,REP,0
34-36,ALLAN DOMB,DEM,9
34-36,AMEN  BROWN,DEM,3
34-36,CHERELLE L PARKER,DEM,55
34-36,DAVID OH,REP,0
34-36,DELSCIA GRAY,DEM,0
34-36,HELEN GYM,DEM,6
34-36,JAMES M DELEON,DEM,0
34-36,JEFF BROWN,DEM,18
34-36,REBECCA RHYNHART,DEM,4
34-36,WARREN BLOOM,DEM,2
34-36,WRITE-IN,DEM,0
34-36,WRITE-IN,REP,0
34-37,ALLAN DOMB,DEM,8
34-37,AMEN  BROWN,DEM,3
34-37,CHERELLE L PARKER,DEM,88
34-37,DAVID OH,REP,3
34-37,DELSCIA GRAY,DEM,0
34-37,HELEN GYM,DEM,13
34-37,JAMES M DELEON,DEM,1
34-37,JEFF BROWN,DEM,22
34-37,REBECCA RHYNHART,DEM,13
34-37,WARREN BLOOM,DEM,0
34-37,WRITE-IN,DEM,0
34-37,WRITE-IN,REP,0
34-38,ALLAN DOMB,DEM,9
34-38,AMEN  BROWN,DEM,2
34-38,CHERELLE L PARKER,DEM,58
34-38,DAVID OH,REP,1
34-38,DELSCIA GRAY,DEM,0
34-38,HELEN GYM,DEM,4
34-38,JAMES M DELEON,DEM,0
34-38,JEFF BROWN,DEM,16
34-38,REBECCA RHYNHART,DEM,6
34-38,WARREN BLOOM,DEM,2
34-38,WRITE-IN,DEM,0
34-38,WRITE-IN,REP,1
34-39,ALLAN DOMB,DEM,18
34-39,AMEN  BROWN,DEM,4
34-39,CHERELLE L PARKER,DEM,114
34-39,DAVID OH,REP,3
34-39,DELSCIA GRAY,DEM,2
34-39,HELEN GYM,DEM,25
34-39,JAMES M DELEON,DEM,0
34-39,JEFF BROWN,DEM,30
34-39,REBECCA RHYNHART,DEM,14
34-39,WARREN BLOOM,DEM,0
34-39,WRITE-IN,DEM,0
34-39,WRITE-IN,REP,0
34-40,ALLAN DOMB,DEM,15
34-40,AMEN  BROWN,DEM,2
34-40,CHERELLE L PARKER,DEM,98
34-40,DAVID OH,REP,3
34-40,DELSCIA GRAY,DEM,0
34-40,HELEN GYM,DEM,11
34-40,JAMES M DELEON,DEM,1
34-40,JEFF BROWN,DEM,34
34-40,REBECCA RHYNHART,DEM,22
34-40,WARREN BLOOM,DEM,0
34-40,WRITE-IN,DEM,0
34-40,WRITE-IN,REP,1
34-41,ALLAN DOMB,DEM,13
34-41,AMEN  BROWN,DEM,3
34-41,CHERELLE L PARKER,DEM,146
34-41,DAVID OH,REP,3
34-41,DELSCIA GRAY,DEM,0
34-41,HELEN GYM,DEM,28
34-41,JAMES M DELEON,DEM,2
34-41,JEFF BROWN,DEM,27
34-41,REBECCA RHYNHART,DEM,22
34-41,WARREN BLOOM,DEM,0
34-41,WRITE-IN,DEM,0
34-41,WRITE-IN,REP,0
34-42,ALLAN DOMB,DEM,14
34-42,AMEN  BROWN,DEM,0
34-42,CHERELLE L PARKER,DEM,76
34-42,DAVID OH,REP,1
34-42,DELSCIA GRAY,DEM,0
34-42,HELEN GYM,DEM,7
34-42,JAMES M DELEON,DEM,0
34-42,JEFF BROWN,DEM,19
34-42,REBECCA RHYNHART,DEM,8
34-42,WARREN BLOOM,DEM,0
34-42,WRITE-IN,DEM,0
34-42,WRITE-IN,REP,0
35-01,ALLAN DOMB,DEM,22
35-01,AMEN  BROWN,DEM,1
35-01,CHERELLE L PARKER,DEM,41
35-01,DAVID OH,REP,17
35-01,DELSCIA GRAY,DEM,0
35-01,HELEN GYM,DEM,24
35-01,JAMES M DELEON,DEM,1
35-01,JEFF BROWN,DEM,12
35-01,REBECCA RHYNHART,DEM,19
35-01,WARREN BLOOM,DEM,0
35-01,WRITE-IN,DEM,0
35-01,WRITE-IN,REP,0
35-02,ALLAN DOMB,DEM,20
35-02,AMEN  BROWN,DEM,0
35-02,CHERELLE L PARKER,DEM,31
35-02,DAVID OH,REP,16
35-02,DELSCIA GRAY,DEM,1
35-02,HELEN GYM,DEM,19
35-02,JAMES M DELEON,DEM,1
35-02,JEFF BROWN,DEM,16
35-02,REBECCA RHYNHART,DEM,22
35-02,WARREN BLOOM,DEM,0
35-02,WRITE-IN,DEM,0
35-02,WRITE-IN,REP,3
35-03,ALLAN DOMB,DEM,25
35-03,AMEN  BROWN,DEM,1
35-03,CHERELLE L PARKER,DEM,28
35-03,DAVID OH,REP,14
35-03,DELSCIA GRAY,DEM,0
35-03,HELEN GYM,DEM,11
35-03,JAMES M DELEON,DEM,1
35-03,JEFF BROWN,DEM,17
35-03,REBECCA RHYNHART,DEM,17
35-03,WARREN BLOOM,DEM,0
35-03,WRITE-IN,DEM,0
35-03,WRITE-IN,REP,0
35-04,ALLAN DOMB,DEM,15
35-04,AMEN  BROWN,DEM,0
35-04,CHERELLE L PARKER,DEM,29
35-04,DAVID OH,REP,11
35-04,DELSCIA GRAY,DEM,0
35-04,HELEN GYM,DEM,8
35-04,JAMES M DELEON,DEM,2
35-04,JEFF BROWN,DEM,9
35-04,REBECCA RHYNHART,DEM,12
35-04,WARREN BLOOM,DEM,1
35-04,WRITE-IN,DEM,0
35-04,WRITE-IN,REP,0
35-05,ALLAN DOMB,DEM,30
35-05,AMEN  BROWN,DEM,1
35-05,CHERELLE L PARKER,DEM,81
35-05,DAVID OH,REP,56
35-05,DELSCIA GRAY,DEM,0
35-05,HELEN GYM,DEM,21
35-05,JAMES M DELEON,DEM,3
35-05,JEFF BROWN,DEM,25
35-05,REBECCA RHYNHART,DEM,41
35-05,WARREN BLOOM,DEM,1
35-05,WRITE-IN,DEM,0
35-05,WRITE-IN,REP,1
35-06,ALLAN DOMB,DEM,13
35-06,AMEN  BROWN,DEM,2
35-06,CHERELLE L PARKER,DEM,60
35-06,DAVID OH,REP,7
35-06,DELSCIA GRAY,DEM,0
35-06,HELEN GYM,DEM,11
35-06,JAMES M DELEON,DEM,1
35-06,JEFF BROWN,DEM,8
35-06,REBECCA RHYNHART,DEM,18
35-06,WARREN BLOOM,DEM,0
35-06,WRITE-IN,DEM,0
35-06,WRITE-IN,REP,0
35-07,ALLAN DOMB,DEM,12
35-07,AMEN  BROWN,DEM,1
35-07,CHERELLE L PARKER,DEM,68
35-07,DAVID OH,REP,18
35-07,DELSCIA GRAY,DEM,0
35-07,HELEN GYM,DEM,35
35-07,JAMES M DELEON,DEM,2
35-07,JEFF BROWN,DEM,14
35-07,REBECCA RHYNHART,DEM,18
35-07,WARREN BLOOM,DEM,0
35-07,WRITE-IN,DEM,0
35-07,WRITE-IN,REP,1
35-08,ALLAN DOMB,DEM,18
35-08,AMEN  BROWN,DEM,0
35-08,CHERELLE L PARKER,DEM,48
35-08,DAVID OH,REP,8
35-08,DELSCIA GRAY,DEM,0
35-08,HELEN GYM,DEM,15
35-08,JAMES M DELEON,DEM,0
35-08,JEFF BROWN,DEM,9
35-08,REBECCA RHYNHART,DEM,19
35-08,WARREN BLOOM,DEM,0
35-08,WRITE-IN,DEM,0
35-08,WRITE-IN,REP,0
35-09,ALLAN DOMB,DEM,10
35-09,AMEN  BROWN,DEM,2
35-09,CHERELLE L PARKER,DEM,100
35-09,DAVID OH,REP,8
35-09,DELSCIA GRAY,DEM,2
35-09,HELEN GYM,DEM,19
35-09,JAMES M DELEON,DEM,1
35-09,JEFF BROWN,DEM,28
35-09,REBECCA RHYNHART,DEM,18
35-09,WARREN BLOOM,DEM,1
35-09,WRITE-IN,DEM,0
35-09,WRITE-IN,REP,0
35-10,ALLAN DOMB,DEM,12
35-10,AMEN  BROWN,DEM,1
35-10,CHERELLE L PARKER,DEM,61
35-10,DAVID OH,REP,6
35-10,DELSCIA GRAY,DEM,0
35-10,HELEN GYM,DEM,24
35-10,JAMES M DELEON,DEM,0
35-10,JEFF BROWN,DEM,9
35-10,REBECCA RHYNHART,DEM,22
35-10,WARREN BLOOM,DEM,0
35-10,WRITE-IN,DEM,0
35-10,WRITE-IN,REP,0
35-11,ALLAN DOMB,DEM,14
35-11,AMEN  BROWN,DEM,0
35-11,CHERELLE L PARKER,DEM,58
35-11,DAVID OH,REP,7
35-11,DELSCIA GRAY,DEM,0
35-11,HELEN GYM,DEM,12
35-11,JAMES M DELEON,DEM,0
35-11,JEFF BROWN,DEM,16
35-11,REBECCA RHYNHART,DEM,14
35-11,WARREN BLOOM,DEM,0
35-11,WRITE-IN,DEM,0
35-11,WRITE-IN,REP,0
35-12,ALLAN DOMB,DEM,8
35-12,AMEN  BROWN,DEM,2
35-12,CHERELLE L PARKER,DEM,56
35-12,DAVID OH,REP,6
35-12,DELSCIA GRAY,DEM,0
35-12,HELEN GYM,DEM,12
35-12,JAMES M DELEON,DEM,1
35-12,JEFF BROWN,DEM,7
35-12,REBECCA RHYNHART,DEM,9
35-12,WARREN BLOOM,DEM,0
35-12,WRITE-IN,DEM,0
35-12,WRITE-IN,REP,1
35-13,ALLAN DOMB,DEM,9
35-13,AMEN  BROWN,DEM,2
35-13,CHERELLE L PARKER,DEM,66
35-13,DAVID OH,REP,1
35-13,DELSCIA GRAY,DEM,2
35-13,HELEN GYM,DEM,11
35-13,JAMES M DELEON,DEM,1
35-13,JEFF BROWN,DEM,17
35-13,REBECCA RHYNHART,DEM,5
35-13,WARREN BLOOM,DEM,0
35-13,WRITE-IN,DEM,0
35-13,WRITE-IN,REP,0
35-14,ALLAN DOMB,DEM,6
35-14,AMEN  BROWN,DEM,5
35-14,CHERELLE L PARKER,DEM,45
35-14,DAVID OH,REP,2
35-14,DELSCIA GRAY,DEM,0
35-14,HELEN GYM,DEM,13
35-14,JAMES M DELEON,DEM,1
35-14,JEFF BROWN,DEM,3
35-14,REBECCA RHYNHART,DEM,8
35-14,WARREN BLOOM,DEM,0
35-14,WRITE-IN,DEM,0
35-14,WRITE-IN,REP,0
35-15,ALLAN DOMB,DEM,3
35-15,AMEN  BROWN,DEM,0
35-15,CHERELLE L PARKER,DEM,44
35-15,DAVID OH,REP,4
35-15,DELSCIA GRAY,DEM,0
35-15,HELEN GYM,DEM,12
35-15,JAMES M DELEON,DEM,0
35-15,JEFF BROWN,DEM,4
35-15,REBECCA RHYNHART,DEM,8
35-15,WARREN BLOOM,DEM,0
35-15,WRITE-IN,DEM,0
35-15,WRITE-IN,REP,0
35-16,ALLAN DOMB,DEM,8
35-16,AMEN  BROWN,DEM,0
35-16,CHERELLE L PARKER,DEM,46
35-16,DAVID OH,REP,8
35-16,DELSCIA GRAY,DEM,1
35-16,HELEN GYM,DEM,4
35-16,JAMES M DELEON,DEM,0
35-16,JEFF BROWN,DEM,10
35-16,REBECCA RHYNHART,DEM,6
35-16,WARREN BLOOM,DEM,0
35-16,WRITE-IN,DEM,0
35-16,WRITE-IN,REP,0
35-17,ALLAN DOMB,DEM,15
35-17,AMEN  BROWN,DEM,2
35-17,CHERELLE L PARKER,DEM,41
35-17,DAVID OH,REP,1
35-17,DELSCIA GRAY,DEM,0
35-17,HELEN GYM,DEM,13
35-17,JAMES M DELEON,DEM,0
35-17,JEFF BROWN,DEM,8
35-17,REBECCA RHYNHART,DEM,10
35-17,WARREN BLOOM,DEM,0
35-17,WRITE-IN,DEM,0
35-17,WRITE-IN,REP,0
35-18,ALLAN DOMB,DEM,10
35-18,AMEN  BROWN,DEM,2
35-18,CHERELLE L PARKER,DEM,61
35-18,DAVID OH,REP,4
35-18,DELSCIA GRAY,DEM,0
35-18,HELEN GYM,DEM,12
35-18,JAMES M DELEON,DEM,0
35-18,JEFF BROWN,DEM,7
35-18,REBECCA RHYNHART,DEM,5
35-18,WARREN BLOOM,DEM,0
35-18,WRITE-IN,DEM,0
35-18,WRITE-IN,REP,0
35-19,ALLAN DOMB,DEM,10
35-19,AMEN  BROWN,DEM,0
35-19,CHERELLE L PARKER,DEM,81
35-19,DAVID OH,REP,2
35-19,DELSCIA GRAY,DEM,0
35-19,HELEN GYM,DEM,19
35-19,JAMES M DELEON,DEM,2
35-19,JEFF BROWN,DEM,7
35-19,REBECCA RHYNHART,DEM,8
35-19,WARREN BLOOM,DEM,1
35-19,WRITE-IN,DEM,0
35-19,WRITE-IN,REP,0
35-20,ALLAN DOMB,DEM,8
35-20,AMEN  BROWN,DEM,1
35-20,CHERELLE L PARKER,DEM,45
35-20,DAVID OH,REP,6
35-20,DELSCIA GRAY,DEM,0
35-20,HELEN GYM,DEM,11
35-20,JAMES M DELEON,DEM,1
35-20,JEFF BROWN,DEM,11
35-20,REBECCA RHYNHART,DEM,19
35-20,WARREN BLOOM,DEM,0
35-20,WRITE-IN,DEM,0
35-20,WRITE-IN,REP,0
35-21,ALLAN DOMB,DEM,7
35-21,AMEN  BROWN,DEM,4
35-21,CHERELLE L PARKER,DEM,61
35-21,DAVID OH,REP,3
35-21,DELSCIA GRAY,DEM,0
35-21,HELEN GYM,DEM,15
35-21,JAMES M DELEON,DEM,3
35-21,JEFF BROWN,DEM,6
35-21,REBECCA RHYNHART,DEM,13
35-21,WARREN BLOOM,DEM,0
35-21,WRITE-IN,DEM,0
35-21,WRITE-IN,REP,0
35-22,ALLAN DOMB,DEM,2
35-22,AMEN  BROWN,DEM,0
35-22,CHERELLE L PARKER,DEM,54
35-22,DAVID OH,REP,2
35-22,DELSCIA GRAY,DEM,0
35-22,HELEN GYM,DEM,10
35-22,JAMES M DELEON,DEM,1
35-22,JEFF BROWN,DEM,3
35-22,REBECCA RHYNHART,DEM,11
35-22,WARREN BLOOM,DEM,1
35-22,WRITE-IN,DEM,0
35-22,WRITE-IN,REP,1
35-23,ALLAN DOMB,DEM,10
35-23,AMEN  BROWN,DEM,2
35-23,CHERELLE L PARKER,DEM,54
35-23,DAVID OH,REP,2
35-23,DELSCIA GRAY,DEM,1
35-23,HELEN GYM,DEM,8
35-23,JAMES M DELEON,DEM,1
35-23,JEFF BROWN,DEM,4
35-23,REBECCA RHYNHART,DEM,8
35-23,WARREN BLOOM,DEM,0
35-23,WRITE-IN,DEM,0
35-23,WRITE-IN,REP,0
35-24,ALLAN DOMB,DEM,5
35-24,AMEN  BROWN,DEM,0
35-24,CHERELLE L PARKER,DEM,63
35-24,DAVID OH,REP,6
35-24,DELSCIA GRAY,DEM,2
35-24,HELEN GYM,DEM,9
35-24,JAMES M DELEON,DEM,0
35-24,JEFF BROWN,DEM,7
35-24,REBECCA RHYNHART,DEM,6
35-24,WARREN BLOOM,DEM,3
35-24,WRITE-IN,DEM,1
35-24,WRITE-IN,REP,0
35-25,ALLAN DOMB,DEM,8
35-25,AMEN  BROWN,DEM,1
35-25,CHERELLE L PARKER,DEM,52
35-25,DAVID OH,REP,8
35-25,DELSCIA GRAY,DEM,0
35-25,HELEN GYM,DEM,15
35-25,JAMES M DELEON,DEM,3
35-25,JEFF BROWN,DEM,11
35-25,REBECCA RHYNHART,DEM,9
35-25,WARREN BLOOM,DEM,1
35-25,WRITE-IN,DEM,1
35-25,WRITE-IN,REP,0
35-26,ALLAN DOMB,DEM,5
35-26,AMEN  BROWN,DEM,1
35-26,CHERELLE L PARKER,DEM,45
35-26,DAVID OH,REP,4
35-26,DELSCIA GRAY,DEM,0
35-26,HELEN GYM,DEM,8
35-26,JAMES M DELEON,DEM,2
35-26,JEFF BROWN,DEM,4
35-26,REBECCA RHYNHART,DEM,4
35-26,WARREN BLOOM,DEM,0
35-26,WRITE-IN,DEM,0
35-26,WRITE-IN,REP,1
35-27,ALLAN DOMB,DEM,4
35-27,AMEN  BROWN,DEM,1
35-27,CHERELLE L PARKER,DEM,26
35-27,DAVID OH,REP,2
35-27,DELSCIA GRAY,DEM,0
35-27,HELEN GYM,DEM,7
35-27,JAMES M DELEON,DEM,1
35-27,JEFF BROWN,DEM,2
35-27,REBECCA RHYNHART,DEM,7
35-27,WARREN BLOOM,DEM,0
35-27,WRITE-IN,DEM,0
35-27,WRITE-IN,REP,1
35-28,ALLAN DOMB,DEM,4
35-28,AMEN  BROWN,DEM,4
35-28,CHERELLE L PARKER,DEM,71
35-28,DAVID OH,REP,2
35-28,DELSCIA GRAY,DEM,0
35-28,HELEN GYM,DEM,4
35-28,JAMES M DELEON,DEM,0
35-28,JEFF BROWN,DEM,11
35-28,REBECCA RHYNHART,DEM,7
35-28,WARREN BLOOM,DEM,0
35-28,WRITE-IN,DEM,0
35-28,WRITE-IN,REP,0
35-29,ALLAN DOMB,DEM,9
35-29,AMEN  BROWN,DEM,0
35-29,CHERELLE L PARKER,DEM,20
35-29,DAVID OH,REP,4
35-29,DELSCIA GRAY,DEM,0
35-29,HELEN GYM,DEM,5
35-29,JAMES M DELEON,DEM,0
35-29,JEFF BROWN,DEM,5
35-29,REBECCA RHYNHART,DEM,1
35-29,WARREN BLOOM,DEM,0
35-29,WRITE-IN,DEM,0
35-29,WRITE-IN,REP,0
35-30,ALLAN DOMB,DEM,4
35-30,AMEN  BROWN,DEM,0
35-30,CHERELLE L PARKER,DEM,25
35-30,DAVID OH,REP,0
35-30,DELSCIA GRAY,DEM,0
35-30,HELEN GYM,DEM,15
35-30,JAMES M DELEON,DEM,3
35-30,JEFF BROWN,DEM,4
35-30,REBECCA RHYNHART,DEM,12
35-30,WARREN BLOOM,DEM,2
35-30,WRITE-IN,DEM,0
35-30,WRITE-IN,REP,0
35-31,ALLAN DOMB,DEM,8
35-31,AMEN  BROWN,DEM,0
35-31,CHERELLE L PARKER,DEM,40
35-31,DAVID OH,REP,1
35-31,DELSCIA GRAY,DEM,1
35-31,HELEN GYM,DEM,9
35-31,JAMES M DELEON,DEM,0
35-31,JEFF BROWN,DEM,6
35-31,REBECCA RHYNHART,DEM,9
35-31,WARREN BLOOM,DEM,0
35-31,WRITE-IN,DEM,0
35-31,WRITE-IN,REP,0
35-32,ALLAN DOMB,DEM,19
35-32,AMEN  BROWN,DEM,1
35-32,CHERELLE L PARKER,DEM,39
35-32,DAVID OH,REP,10
35-32,DELSCIA GRAY,DEM,0
35-32,HELEN GYM,DEM,20
35-32,JAMES M DELEON,DEM,3
35-32,JEFF BROWN,DEM,17
35-32,REBECCA RHYNHART,DEM,19
35-32,WARREN BLOOM,DEM,0
35-32,WRITE-IN,DEM,1
35-32,WRITE-IN,REP,0
36-01,ALLAN DOMB,DEM,9
36-01,AMEN  BROWN,DEM,0
36-01,CHERELLE L PARKER,DEM,50
36-01,DAVID OH,REP,0
36-01,DELSCIA GRAY,DEM,0
36-01,HELEN GYM,DEM,64
36-01,JAMES M DELEON,DEM,1
36-01,JEFF BROWN,DEM,12
36-01,REBECCA RHYNHART,DEM,47
36-01,WARREN BLOOM,DEM,0
36-01,WRITE-IN,DEM,0
36-01,WRITE-IN,REP,1
36-02,ALLAN DOMB,DEM,13
36-02,AMEN  BROWN,DEM,1
36-02,CHERELLE L PARKER,DEM,55
36-02,DAVID OH,REP,2
36-02,DELSCIA GRAY,DEM,0
36-02,HELEN GYM,DEM,90
36-02,JAMES M DELEON,DEM,2
36-02,JEFF BROWN,DEM,6
36-02,REBECCA RHYNHART,DEM,43
36-02,WARREN BLOOM,DEM,0
36-02,WRITE-IN,DEM,0
36-02,WRITE-IN,REP,0
36-03,ALLAN DOMB,DEM,9
36-03,AMEN  BROWN,DEM,1
36-03,CHERELLE L PARKER,DEM,41
36-03,DAVID OH,REP,3
36-03,DELSCIA GRAY,DEM,1
36-03,HELEN GYM,DEM,46
36-03,JAMES M DELEON,DEM,2
36-03,JEFF BROWN,DEM,10
36-03,REBECCA RHYNHART,DEM,59
36-03,WARREN BLOOM,DEM,0
36-03,WRITE-IN,DEM,0
36-03,WRITE-IN,REP,0
36-04,ALLAN DOMB,DEM,3
36-04,AMEN  BROWN,DEM,2
36-04,CHERELLE L PARKER,DEM,39
36-04,DAVID OH,REP,2
36-04,DELSCIA GRAY,DEM,0
36-04,HELEN GYM,DEM,32
36-04,JAMES M DELEON,DEM,1
36-04,JEFF BROWN,DEM,6
36-04,REBECCA RHYNHART,DEM,28
36-04,WARREN BLOOM,DEM,1
36-04,WRITE-IN,DEM,0
36-04,WRITE-IN,REP,0
36-05,ALLAN DOMB,DEM,10
36-05,AMEN  BROWN,DEM,1
36-05,CHERELLE L PARKER,DEM,77
36-05,DAVID OH,REP,2
36-05,DELSCIA GRAY,DEM,0
36-05,HELEN GYM,DEM,44
36-05,JAMES M DELEON,DEM,0
36-05,JEFF BROWN,DEM,14
36-05,REBECCA RHYNHART,DEM,46
36-05,WARREN BLOOM,DEM,0
36-05,WRITE-IN,DEM,0
36-05,WRITE-IN,REP,1
36-06,ALLAN DOMB,DEM,15
36-06,AMEN  BROWN,DEM,1
36-06,CHERELLE L PARKER,DEM,67
36-06,DAVID OH,REP,3
36-06,DELSCIA GRAY,DEM,0
36-06,HELEN GYM,DEM,65
36-06,JAMES M DELEON,DEM,0
36-06,JEFF BROWN,DEM,11
36-06,REBECCA RHYNHART,DEM,57
36-06,WARREN BLOOM,DEM,0
36-06,WRITE-IN,DEM,0
36-06,WRITE-IN,REP,0
36-07,ALLAN DOMB,DEM,6
36-07,AMEN  BROWN,DEM,1
36-07,CHERELLE L PARKER,DEM,59
36-07,DAVID OH,REP,3
36-07,DELSCIA GRAY,DEM,2
36-07,HELEN GYM,DEM,53
36-07,JAMES M DELEON,DEM,2
36-07,JEFF BROWN,DEM,6
36-07,REBECCA RHYNHART,DEM,54
36-07,WARREN BLOOM,DEM,1
36-07,WRITE-IN,DEM,0
36-07,WRITE-IN,REP,1
36-08,ALLAN DOMB,DEM,7
36-08,AMEN  BROWN,DEM,2
36-08,CHERELLE L PARKER,DEM,67
36-08,DAVID OH,REP,5
36-08,DELSCIA GRAY,DEM,0
36-08,HELEN GYM,DEM,72
36-08,JAMES M DELEON,DEM,0
36-08,JEFF BROWN,DEM,7
36-08,REBECCA RHYNHART,DEM,64
36-08,WARREN BLOOM,DEM,1
36-08,WRITE-IN,DEM,1
36-08,WRITE-IN,REP,0
36-09,ALLAN DOMB,DEM,8
36-09,AMEN  BROWN,DEM,0
36-09,CHERELLE L PARKER,DEM,48
36-09,DAVID OH,REP,4
36-09,DELSCIA GRAY,DEM,0
36-09,HELEN GYM,DEM,77
36-09,JAMES M DELEON,DEM,0
36-09,JEFF BROWN,DEM,12
36-09,REBECCA RHYNHART,DEM,83
36-09,WARREN BLOOM,DEM,1
36-09,WRITE-IN,DEM,0
36-09,WRITE-IN,REP,0
36-10,ALLAN DOMB,DEM,14
36-10,AMEN  BROWN,DEM,2
36-10,CHERELLE L PARKER,DEM,64
36-10,DAVID OH,REP,3
36-10,DELSCIA GRAY,DEM,0
36-10,HELEN GYM,DEM,57
36-10,JAMES M DELEON,DEM,0
36-10,JEFF BROWN,DEM,12
36-10,REBECCA RHYNHART,DEM,53
36-10,WARREN BLOOM,DEM,0
36-10,WRITE-IN,DEM,0
36-10,WRITE-IN,REP,0
36-11,ALLAN DOMB,DEM,9
36-11,AMEN  BROWN,DEM,3
36-11,CHERELLE L PARKER,DEM,53
36-11,DAVID OH,REP,1
36-11,DELSCIA GRAY,DEM,0
36-11,HELEN GYM,DEM,52
36-11,JAMES M DELEON,DEM,1
36-11,JEFF BROWN,DEM,7
36-11,REBECCA RHYNHART,DEM,33
36-11,WARREN BLOOM,DEM,0
36-11,WRITE-IN,DEM,0
36-11,WRITE-IN,REP,0
36-12,ALLAN DOMB,DEM,3
36-12,AMEN  BROWN,DEM,4
36-12,CHERELLE L PARKER,DEM,50
36-12,DAVID OH,REP,2
36-12,DELSCIA GRAY,DEM,2
36-12,HELEN GYM,DEM,58
36-12,JAMES M DELEON,DEM,0
36-12,JEFF BROWN,DEM,3
36-12,REBECCA RHYNHART,DEM,35
36-12,WARREN BLOOM,DEM,0
36-12,WRITE-IN,DEM,0
36-12,WRITE-IN,REP,1
36-13,ALLAN DOMB,DEM,3
36-13,AMEN  BROWN,DEM,2
36-13,CHERELLE L PARKER,DEM,45
36-13,DAVID OH,REP,1
36-13,DELSCIA GRAY,DEM,0
36-13,HELEN GYM,DEM,63
36-13,JAMES M DELEON,DEM,0
36-13,JEFF BROWN,DEM,5
36-13,REBECCA RHYNHART,DEM,28
36-13,WARREN BLOOM,DEM,0
36-13,WRITE-IN,DEM,1
36-13,WRITE-IN,REP,0
36-14,ALLAN DOMB,DEM,7
36-14,AMEN  BROWN,DEM,0
36-14,CHERELLE L PARKER,DEM,22
36-14,DAVID OH,REP,14
36-14,DELSCIA GRAY,DEM,0
36-14,HELEN GYM,DEM,20
36-14,JAMES M DELEON,DEM,0
36-14,JEFF BROWN,DEM,13
36-14,REBECCA RHYNHART,DEM,4
36-14,WARREN BLOOM,DEM,0
36-14,WRITE-IN,DEM,0
36-14,WRITE-IN,REP,0
36-15,ALLAN DOMB,DEM,9
36-15,AMEN  BROWN,DEM,0
36-15,CHERELLE L PARKER,DEM,49
36-15,DAVID OH,REP,0
36-15,DELSCIA GRAY,DEM,1
36-15,HELEN GYM,DEM,34
36-15,JAMES M DELEON,DEM,2
36-15,JEFF BROWN,DEM,7
36-15,REBECCA RHYNHART,DEM,19
36-15,WARREN BLOOM,DEM,1
36-15,WRITE-IN,DEM,0
36-15,WRITE-IN,REP,1
36-16,ALLAN DOMB,DEM,18
36-16,AMEN  BROWN,DEM,2
36-16,CHERELLE L PARKER,DEM,56
36-16,DAVID OH,REP,7
36-16,DELSCIA GRAY,DEM,0
36-16,HELEN GYM,DEM,35
36-16,JAMES M DELEON,DEM,2
36-16,JEFF BROWN,DEM,14
36-16,REBECCA RHYNHART,DEM,33
36-16,WARREN BLOOM,DEM,1
36-16,WRITE-IN,DEM,0
36-16,WRITE-IN,REP,1
36-17,ALLAN DOMB,DEM,7
36-17,AMEN  BROWN,DEM,2
36-17,CHERELLE L PARKER,DEM,43
36-17,DAVID OH,REP,4
36-17,DELSCIA GRAY,DEM,1
36-17,HELEN GYM,DEM,58
36-17,JAMES M DELEON,DEM,0
36-17,JEFF BROWN,DEM,13
36-17,REBECCA RHYNHART,DEM,35
36-17,WARREN BLOOM,DEM,0
36-17,WRITE-IN,DEM,0
36-17,WRITE-IN,REP,0
36-18,ALLAN DOMB,DEM,8
36-18,AMEN  BROWN,DEM,0
36-18,CHERELLE L PARKER,DEM,53
36-18,DAVID OH,REP,3
36-18,DELSCIA GRAY,DEM,1
36-18,HELEN GYM,DEM,45
36-18,JAMES M DELEON,DEM,1
36-18,JEFF BROWN,DEM,15
36-18,REBECCA RHYNHART,DEM,32
36-18,WARREN BLOOM,DEM,1
36-18,WRITE-IN,DEM,0
36-18,WRITE-IN,REP,0
36-19,ALLAN DOMB,DEM,7
36-19,AMEN  BROWN,DEM,2
36-19,CHERELLE L PARKER,DEM,72
36-19,DAVID OH,REP,0
36-19,DELSCIA GRAY,DEM,0
36-19,HELEN GYM,DEM,33
36-19,JAMES M DELEON,DEM,0
36-19,JEFF BROWN,DEM,10
36-19,REBECCA RHYNHART,DEM,12
36-19,WARREN BLOOM,DEM,1
36-19,WRITE-IN,DEM,1
36-19,WRITE-IN,REP,0
36-20,ALLAN DOMB,DEM,11
36-20,AMEN  BROWN,DEM,1
36-20,CHERELLE L PARKER,DEM,61
36-20,DAVID OH,REP,4
36-20,DELSCIA GRAY,DEM,0
36-20,HELEN GYM,DEM,50
36-20,JAMES M DELEON,DEM,0
36-20,JEFF BROWN,DEM,15
36-20,REBECCA RHYNHART,DEM,30
36-20,WARREN BLOOM,DEM,0
36-20,WRITE-IN,DEM,0
36-20,WRITE-IN,REP,0
36-21,ALLAN DOMB,DEM,8
36-21,AMEN  BROWN,DEM,1
36-21,CHERELLE L PARKER,DEM,60
36-21,DAVID OH,REP,2
36-21,DELSCIA GRAY,DEM,0
36-21,HELEN GYM,DEM,30
36-21,JAMES M DELEON,DEM,1
36-21,JEFF BROWN,DEM,7
36-21,REBECCA RHYNHART,DEM,19
36-21,WARREN BLOOM,DEM,0
36-21,WRITE-IN,DEM,0
36-21,WRITE-IN,REP,0
36-22,ALLAN DOMB,DEM,7
36-22,AMEN  BROWN,DEM,2
36-22,CHERELLE L PARKER,DEM,57
36-22,DAVID OH,REP,2
36-22,DELSCIA GRAY,DEM,0
36-22,HELEN GYM,DEM,26
36-22,JAMES M DELEON,DEM,0
36-22,JEFF BROWN,DEM,6
36-22,REBECCA RHYNHART,DEM,12
36-22,WARREN BLOOM,DEM,1
36-22,WRITE-IN,DEM,0
36-22,WRITE-IN,REP,0
36-23,ALLAN DOMB,DEM,5
36-23,AMEN  BROWN,DEM,1
36-23,CHERELLE L PARKER,DEM,63
36-23,DAVID OH,REP,8
36-23,DELSCIA GRAY,DEM,2
36-23,HELEN GYM,DEM,44
36-23,JAMES M DELEON,DEM,1
36-23,JEFF BROWN,DEM,7
36-23,REBECCA RHYNHART,DEM,18
36-23,WARREN BLOOM,DEM,1
36-23,WRITE-IN,DEM,0
36-23,WRITE-IN,REP,0
36-24,ALLAN DOMB,DEM,2
36-24,AMEN  BROWN,DEM,1
36-24,CHERELLE L PARKER,DEM,28
36-24,DAVID OH,REP,0
36-24,DELSCIA GRAY,DEM,0
36-24,HELEN GYM,DEM,29
36-24,JAMES M DELEON,DEM,0
36-24,JEFF BROWN,DEM,7
36-24,REBECCA RHYNHART,DEM,13
36-24,WARREN BLOOM,DEM,0
36-24,WRITE-IN,DEM,0
36-24,WRITE-IN,REP,0
36-25,ALLAN DOMB,DEM,16
36-25,AMEN  BROWN,DEM,6
36-25,CHERELLE L PARKER,DEM,54
36-25,DAVID OH,REP,8
36-25,DELSCIA GRAY,DEM,1
36-25,HELEN GYM,DEM,19
36-25,JAMES M DELEON,DEM,0
36-25,JEFF BROWN,DEM,10
36-25,REBECCA RHYNHART,DEM,18
36-25,WARREN BLOOM,DEM,1
36-25,WRITE-IN,DEM,0
36-25,WRITE-IN,REP,0
36-26,ALLAN DOMB,DEM,11
36-26,AMEN  BROWN,DEM,3
36-26,CHERELLE L PARKER,DEM,47
36-26,DAVID OH,REP,9
36-26,DELSCIA GRAY,DEM,0
36-26,HELEN GYM,DEM,23
36-26,JAMES M DELEON,DEM,1
36-26,JEFF BROWN,DEM,6
36-26,REBECCA RHYNHART,DEM,26
36-26,WARREN BLOOM,DEM,0
36-26,WRITE-IN,DEM,0
36-26,WRITE-IN,REP,1
36-27,ALLAN DOMB,DEM,17
36-27,AMEN  BROWN,DEM,2
36-27,CHERELLE L PARKER,DEM,28
36-27,DAVID OH,REP,10
36-27,DELSCIA GRAY,DEM,0
36-27,HELEN GYM,DEM,26
36-27,JAMES M DELEON,DEM,2
36-27,JEFF BROWN,DEM,10
36-27,REBECCA RHYNHART,DEM,17
36-27,WARREN BLOOM,DEM,0
36-27,WRITE-IN,DEM,0
36-27,WRITE-IN,REP,0
36-28,ALLAN DOMB,DEM,4
36-28,AMEN  BROWN,DEM,0
36-28,CHERELLE L PARKER,DEM,61
36-28,DAVID OH,REP,2
36-28,DELSCIA GRAY,DEM,1
36-28,HELEN GYM,DEM,24
36-28,JAMES M DELEON,DEM,1
36-28,JEFF BROWN,DEM,11
36-28,REBECCA RHYNHART,DEM,18
36-28,WARREN BLOOM,DEM,0
36-28,WRITE-IN,DEM,0
36-28,WRITE-IN,REP,0
36-29,ALLAN DOMB,DEM,7
36-29,AMEN  BROWN,DEM,0
36-29,CHERELLE L PARKER,DEM,15
36-29,DAVID OH,REP,8
36-29,DELSCIA GRAY,DEM,0
36-29,HELEN GYM,DEM,106
36-29,JAMES M DELEON,DEM,0
36-29,JEFF BROWN,DEM,2
36-29,REBECCA RHYNHART,DEM,38
36-29,WARREN BLOOM,DEM,0
36-29,WRITE-IN,DEM,1
36-29,WRITE-IN,REP,1
36-30,ALLAN DOMB,DEM,8
36-30,AMEN  BROWN,DEM,1
36-30,CHERELLE L PARKER,DEM,39
36-30,DAVID OH,REP,4
36-30,DELSCIA GRAY,DEM,0
36-30,HELEN GYM,DEM,14
36-30,JAMES M DELEON,DEM,0
36-30,JEFF BROWN,DEM,6
36-30,REBECCA RHYNHART,DEM,16
36-30,WARREN BLOOM,DEM,0
36-30,WRITE-IN,DEM,0
36-30,WRITE-IN,REP,0
36-31,ALLAN DOMB,DEM,11
36-31,AMEN  BROWN,DEM,0
36-31,CHERELLE L PARKER,DEM,34
36-31,DAVID OH,REP,0
36-31,DELSCIA GRAY,DEM,0
36-31,HELEN GYM,DEM,87
36-31,JAMES M DELEON,DEM,0
36-31,JEFF BROWN,DEM,9
36-31,REBECCA RHYNHART,DEM,37
36-31,WARREN BLOOM,DEM,0
36-31,WRITE-IN,DEM,0
36-31,WRITE-IN,REP,1
36-32,ALLAN DOMB,DEM,8
36-32,AMEN  BROWN,DEM,1
36-32,CHERELLE L PARKER,DEM,64
36-32,DAVID OH,REP,4
36-32,DELSCIA GRAY,DEM,0
36-32,HELEN GYM,DEM,33
36-32,JAMES M DELEON,DEM,1
36-32,JEFF BROWN,DEM,14
36-32,REBECCA RHYNHART,DEM,23
36-32,WARREN BLOOM,DEM,1
36-32,WRITE-IN,DEM,0
36-32,WRITE-IN,REP,0
36-33,ALLAN DOMB,DEM,3
36-33,AMEN  BROWN,DEM,1
36-33,CHERELLE L PARKER,DEM,51
36-33,DAVID OH,REP,4
36-33,DELSCIA GRAY,DEM,2
36-33,HELEN GYM,DEM,10
36-33,JAMES M DELEON,DEM,0
36-33,JEFF BROWN,DEM,9
36-33,REBECCA RHYNHART,DEM,11
36-33,WARREN BLOOM,DEM,0
36-33,WRITE-IN,DEM,0
36-33,WRITE-IN,REP,0
36-34,ALLAN DOMB,DEM,19
36-34,AMEN  BROWN,DEM,0
36-34,CHERELLE L PARKER,DEM,28
36-34,DAVID OH,REP,3
36-34,DELSCIA GRAY,DEM,0
36-34,HELEN GYM,DEM,48
36-34,JAMES M DELEON,DEM,0
36-34,JEFF BROWN,DEM,9
36-34,REBECCA RHYNHART,DEM,49
36-34,WARREN BLOOM,DEM,0
36-34,WRITE-IN,DEM,0
36-34,WRITE-IN,REP,0
36-35,ALLAN DOMB,DEM,21
36-35,AMEN  BROWN,DEM,1
36-35,CHERELLE L PARKER,DEM,60
36-35,DAVID OH,REP,9
36-35,DELSCIA GRAY,DEM,1
36-35,HELEN GYM,DEM,76
36-35,JAMES M DELEON,DEM,0
36-35,JEFF BROWN,DEM,10
36-35,REBECCA RHYNHART,DEM,65
36-35,WARREN BLOOM,DEM,0
36-35,WRITE-IN,DEM,0
36-35,WRITE-IN,REP,0
36-36,ALLAN DOMB,DEM,15
36-36,AMEN  BROWN,DEM,2
36-36,CHERELLE L PARKER,DEM,61
36-36,DAVID OH,REP,1
36-36,DELSCIA GRAY,DEM,0
36-36,HELEN GYM,DEM,88
36-36,JAMES M DELEON,DEM,3
36-36,JEFF BROWN,DEM,14
36-36,REBECCA RHYNHART,DEM,69
36-36,WARREN BLOOM,DEM,0
36-36,WRITE-IN,DEM,0
36-36,WRITE-IN,REP,1
36-37,ALLAN DOMB,DEM,21
36-37,AMEN  BROWN,DEM,4
36-37,CHERELLE L PARKER,DEM,64
36-37,DAVID OH,REP,7
36-37,DELSCIA GRAY,DEM,1
36-37,HELEN GYM,DEM,97
36-37,JAMES M DELEON,DEM,1
36-37,JEFF BROWN,DEM,15
36-37,REBECCA RHYNHART,DEM,49
36-37,WARREN BLOOM,DEM,0
36-37,WRITE-IN,DEM,0
36-37,WRITE-IN,REP,0
36-38,ALLAN DOMB,DEM,6
36-38,AMEN  BROWN,DEM,3
36-38,CHERELLE L PARKER,DEM,57
36-38,DAVID OH,REP,1
36-38,DELSCIA GRAY,DEM,0
36-38,HELEN GYM,DEM,91
36-38,JAMES M DELEON,DEM,3
36-38,JEFF BROWN,DEM,7
36-38,REBECCA RHYNHART,DEM,50
36-38,WARREN BLOOM,DEM,0
36-38,WRITE-IN,DEM,0
36-38,WRITE-IN,REP,0
36-39,ALLAN DOMB,DEM,15
36-39,AMEN  BROWN,DEM,4
36-39,CHERELLE L PARKER,DEM,44
36-39,DAVID OH,REP,2
36-39,DELSCIA GRAY,DEM,0
36-39,HELEN GYM,DEM,85
36-39,JAMES M DELEON,DEM,1
36-39,JEFF BROWN,DEM,11
36-39,REBECCA RHYNHART,DEM,75
36-39,WARREN BLOOM,DEM,0
36-39,WRITE-IN,DEM,0
36-39,WRITE-IN,REP,1
36-40,ALLAN DOMB,DEM,13
36-40,AMEN  BROWN,DEM,1
36-40,CHERELLE L PARKER,DEM,60
36-40,DAVID OH,REP,6
36-40,DELSCIA GRAY,DEM,0
36-40,HELEN GYM,DEM,100
36-40,JAMES M DELEON,DEM,0
36-40,JEFF BROWN,DEM,16
36-40,REBECCA RHYNHART,DEM,114
36-40,WARREN BLOOM,DEM,0
36-40,WRITE-IN,DEM,0
36-40,WRITE-IN,REP,2
36-41,ALLAN DOMB,DEM,6
36-41,AMEN  BROWN,DEM,1
36-41,CHERELLE L PARKER,DEM,20
36-41,DAVID OH,REP,2
36-41,DELSCIA GRAY,DEM,1
36-41,HELEN GYM,DEM,71
36-41,JAMES M DELEON,DEM,0
36-41,JEFF BROWN,DEM,5
36-41,REBECCA RHYNHART,DEM,26
36-41,WARREN BLOOM,DEM,0
36-41,WRITE-IN,DEM,0
36-41,WRITE-IN,REP,0
37-01,ALLAN DOMB,DEM,2
37-01,AMEN  BROWN,DEM,1
37-01,CHERELLE L PARKER,DEM,26
37-01,DAVID OH,REP,1
37-01,DELSCIA GRAY,DEM,1
37-01,HELEN GYM,DEM,3
37-01,JAMES M DELEON,DEM,0
37-01,JEFF BROWN,DEM,1
37-01,REBECCA RHYNHART,DEM,4
37-01,WARREN BLOOM,DEM,0
37-01,WRITE-IN,DEM,0
37-01,WRITE-IN,REP,0
37-02,ALLAN DOMB,DEM,7
37-02,AMEN  BROWN,DEM,1
37-02,CHERELLE L PARKER,DEM,31
37-02,DAVID OH,REP,1
37-02,DELSCIA GRAY,DEM,0
37-02,HELEN GYM,DEM,14
37-02,JAMES M DELEON,DEM,0
37-02,JEFF BROWN,DEM,11
37-02,REBECCA RHYNHART,DEM,13
37-02,WARREN BLOOM,DEM,0
37-02,WRITE-IN,DEM,0
37-02,WRITE-IN,REP,0
37-03,ALLAN DOMB,DEM,3
37-03,AMEN  BROWN,DEM,1
37-03,CHERELLE L PARKER,DEM,29
37-03,DAVID OH,REP,0
37-03,DELSCIA GRAY,DEM,1
37-03,HELEN GYM,DEM,6
37-03,JAMES M DELEON,DEM,0
37-03,JEFF BROWN,DEM,10
37-03,REBECCA RHYNHART,DEM,4
37-03,WARREN BLOOM,DEM,0
37-03,WRITE-IN,DEM,0
37-03,WRITE-IN,REP,0
37-04,ALLAN DOMB,DEM,4
37-04,AMEN  BROWN,DEM,4
37-04,CHERELLE L PARKER,DEM,47
37-04,DAVID OH,REP,0
37-04,DELSCIA GRAY,DEM,0
37-04,HELEN GYM,DEM,10
37-04,JAMES M DELEON,DEM,0
37-04,JEFF BROWN,DEM,5
37-04,REBECCA RHYNHART,DEM,8
37-04,WARREN BLOOM,DEM,0
37-04,WRITE-IN,DEM,0
37-04,WRITE-IN,REP,0
37-05,ALLAN DOMB,DEM,0
37-05,AMEN  BROWN,DEM,0
37-05,CHERELLE L PARKER,DEM,19
37-05,DAVID OH,REP,0
37-05,DELSCIA GRAY,DEM,0
37-05,HELEN GYM,DEM,0
37-05,JAMES M DELEON,DEM,0
37-05,JEFF BROWN,DEM,4
37-05,REBECCA RHYNHART,DEM,1
37-05,WARREN BLOOM,DEM,0
37-05,WRITE-IN,DEM,0
37-05,WRITE-IN,REP,1
37-06,ALLAN DOMB,DEM,2
37-06,AMEN  BROWN,DEM,0
37-06,CHERELLE L PARKER,DEM,38
37-06,DAVID OH,REP,0
37-06,DELSCIA GRAY,DEM,0
37-06,HELEN GYM,DEM,5
37-06,JAMES M DELEON,DEM,0
37-06,JEFF BROWN,DEM,6
37-06,REBECCA RHYNHART,DEM,2
37-06,WARREN BLOOM,DEM,0
37-06,WRITE-IN,DEM,0
37-06,WRITE-IN,REP,1
37-07,ALLAN DOMB,DEM,3
37-07,AMEN  BROWN,DEM,3
37-07,CHERELLE L PARKER,DEM,46
37-07,DAVID OH,REP,1
37-07,DELSCIA GRAY,DEM,0
37-07,HELEN GYM,DEM,5
37-07,JAMES M DELEON,DEM,0
37-07,JEFF BROWN,DEM,8
37-07,REBECCA RHYNHART,DEM,4
37-07,WARREN BLOOM,DEM,0
37-07,WRITE-IN,DEM,0
37-07,WRITE-IN,REP,1
37-08,ALLAN DOMB,DEM,3
37-08,AMEN  BROWN,DEM,0
37-08,CHERELLE L PARKER,DEM,43
37-08,DAVID OH,REP,0
37-08,DELSCIA GRAY,DEM,0
37-08,HELEN GYM,DEM,12
37-08,JAMES M DELEON,DEM,0
37-08,JEFF BROWN,DEM,18
37-08,REBECCA RHYNHART,DEM,7
37-08,WARREN BLOOM,DEM,0
37-08,WRITE-IN,DEM,0
37-08,WRITE-IN,REP,1
37-09,ALLAN DOMB,DEM,10
37-09,AMEN  BROWN,DEM,2
37-09,CHERELLE L PARKER,DEM,57
37-09,DAVID OH,REP,2
37-09,DELSCIA GRAY,DEM,1
37-09,HELEN GYM,DEM,5
37-09,JAMES M DELEON,DEM,0
37-09,JEFF BROWN,DEM,4
37-09,REBECCA RHYNHART,DEM,9
37-09,WARREN BLOOM,DEM,0
37-09,WRITE-IN,DEM,0
37-09,WRITE-IN,REP,0
37-10,ALLAN DOMB,DEM,17
37-10,AMEN  BROWN,DEM,2
37-10,CHERELLE L PARKER,DEM,58
37-10,DAVID OH,REP,0
37-10,DELSCIA GRAY,DEM,1
37-10,HELEN GYM,DEM,7
37-10,JAMES M DELEON,DEM,1
37-10,JEFF BROWN,DEM,7
37-10,REBECCA RHYNHART,DEM,6
37-10,WARREN BLOOM,DEM,1
37-10,WRITE-IN,DEM,0
37-10,WRITE-IN,REP,0
37-11,ALLAN DOMB,DEM,2
37-11,AMEN  BROWN,DEM,3
37-11,CHERELLE L PARKER,DEM,45
37-11,DAVID OH,REP,1
37-11,DELSCIA GRAY,DEM,1
37-11,HELEN GYM,DEM,8
37-11,JAMES M DELEON,DEM,1
37-11,JEFF BROWN,DEM,19
37-11,REBECCA RHYNHART,DEM,9
37-11,WARREN BLOOM,DEM,0
37-11,WRITE-IN,DEM,0
37-11,WRITE-IN,REP,0
37-12,ALLAN DOMB,DEM,3
37-12,AMEN  BROWN,DEM,0
37-12,CHERELLE L PARKER,DEM,62
37-12,DAVID OH,REP,1
37-12,DELSCIA GRAY,DEM,0
37-12,HELEN GYM,DEM,4
37-12,JAMES M DELEON,DEM,0
37-12,JEFF BROWN,DEM,3
37-12,REBECCA RHYNHART,DEM,6
37-12,WARREN BLOOM,DEM,1
37-12,WRITE-IN,DEM,1
37-12,WRITE-IN,REP,0
37-13,ALLAN DOMB,DEM,2
37-13,AMEN  BROWN,DEM,2
37-13,CHERELLE L PARKER,DEM,29
37-13,DAVID OH,REP,0
37-13,DELSCIA GRAY,DEM,0
37-13,HELEN GYM,DEM,5
37-13,JAMES M DELEON,DEM,1
37-13,JEFF BROWN,DEM,7
37-13,REBECCA RHYNHART,DEM,10
37-13,WARREN BLOOM,DEM,1
37-13,WRITE-IN,DEM,0
37-13,WRITE-IN,REP,0
37-14,ALLAN DOMB,DEM,4
37-14,AMEN  BROWN,DEM,9
37-14,CHERELLE L PARKER,DEM,58
37-14,DAVID OH,REP,1
37-14,DELSCIA GRAY,DEM,2
37-14,HELEN GYM,DEM,10
37-14,JAMES M DELEON,DEM,3
37-14,JEFF BROWN,DEM,4
37-14,REBECCA RHYNHART,DEM,8
37-14,WARREN BLOOM,DEM,1
37-14,WRITE-IN,DEM,0
37-14,WRITE-IN,REP,0
37-15,ALLAN DOMB,DEM,9
37-15,AMEN  BROWN,DEM,5
37-15,CHERELLE L PARKER,DEM,26
37-15,DAVID OH,REP,3
37-15,DELSCIA GRAY,DEM,0
37-15,HELEN GYM,DEM,4
37-15,JAMES M DELEON,DEM,2
37-15,JEFF BROWN,DEM,4
37-15,REBECCA RHYNHART,DEM,2
37-15,WARREN BLOOM,DEM,1
37-15,WRITE-IN,DEM,0
37-15,WRITE-IN,REP,0
37-16,ALLAN DOMB,DEM,5
37-16,AMEN  BROWN,DEM,0
37-16,CHERELLE L PARKER,DEM,25
37-16,DAVID OH,REP,0
37-16,DELSCIA GRAY,DEM,0
37-16,HELEN GYM,DEM,5
37-16,JAMES M DELEON,DEM,4
37-16,JEFF BROWN,DEM,7
37-16,REBECCA RHYNHART,DEM,6
37-16,WARREN BLOOM,DEM,1
37-16,WRITE-IN,DEM,0
37-16,WRITE-IN,REP,0
37-17,ALLAN DOMB,DEM,1
37-17,AMEN  BROWN,DEM,1
37-17,CHERELLE L PARKER,DEM,29
37-17,DAVID OH,REP,0
37-17,DELSCIA GRAY,DEM,0
37-17,HELEN GYM,DEM,6
37-17,JAMES M DELEON,DEM,1
37-17,JEFF BROWN,DEM,3
37-17,REBECCA RHYNHART,DEM,9
37-17,WARREN BLOOM,DEM,1
37-17,WRITE-IN,DEM,0
37-17,WRITE-IN,REP,0
37-18,ALLAN DOMB,DEM,10
37-18,AMEN  BROWN,DEM,0
37-18,CHERELLE L PARKER,DEM,57
37-18,DAVID OH,REP,1
37-18,DELSCIA GRAY,DEM,0
37-18,HELEN GYM,DEM,4
37-18,JAMES M DELEON,DEM,1
37-18,JEFF BROWN,DEM,5
37-18,REBECCA RHYNHART,DEM,6
37-18,WARREN BLOOM,DEM,0
37-18,WRITE-IN,DEM,1
37-18,WRITE-IN,REP,0
37-19,ALLAN DOMB,DEM,6
37-19,AMEN  BROWN,DEM,0
37-19,CHERELLE L PARKER,DEM,32
37-19,DAVID OH,REP,2
37-19,DELSCIA GRAY,DEM,0
37-19,HELEN GYM,DEM,2
37-19,JAMES M DELEON,DEM,1
37-19,JEFF BROWN,DEM,6
37-19,REBECCA RHYNHART,DEM,6
37-19,WARREN BLOOM,DEM,1
37-19,WRITE-IN,DEM,0
37-19,WRITE-IN,REP,0
37-20,ALLAN DOMB,DEM,11
37-20,AMEN  BROWN,DEM,1
37-20,CHERELLE L PARKER,DEM,26
37-20,DAVID OH,REP,1
37-20,DELSCIA GRAY,DEM,1
37-20,HELEN GYM,DEM,13
37-20,JAMES M DELEON,DEM,0
37-20,JEFF BROWN,DEM,5
37-20,REBECCA RHYNHART,DEM,6
37-20,WARREN BLOOM,DEM,1
37-20,WRITE-IN,DEM,0
37-20,WRITE-IN,REP,0
37-21,ALLAN DOMB,DEM,6
37-21,AMEN  BROWN,DEM,1
37-21,CHERELLE L PARKER,DEM,68
37-21,DAVID OH,REP,0
37-21,DELSCIA GRAY,DEM,0
37-21,HELEN GYM,DEM,1
37-21,JAMES M DELEON,DEM,1
37-21,JEFF BROWN,DEM,5
37-21,REBECCA RHYNHART,DEM,1
37-21,WARREN BLOOM,DEM,0
37-21,WRITE-IN,DEM,0
37-21,WRITE-IN,REP,0
38-01,ALLAN DOMB,DEM,4
38-01,AMEN  BROWN,DEM,4
38-01,CHERELLE L PARKER,DEM,60
38-01,DAVID OH,REP,0
38-01,DELSCIA GRAY,DEM,1
38-01,HELEN GYM,DEM,5
38-01,JAMES M DELEON,DEM,1
38-01,JEFF BROWN,DEM,12
38-01,REBECCA RHYNHART,DEM,2
38-01,WARREN BLOOM,DEM,0
38-01,WRITE-IN,DEM,0
38-01,WRITE-IN,REP,1
38-02,ALLAN DOMB,DEM,19
38-02,AMEN  BROWN,DEM,1
38-02,CHERELLE L PARKER,DEM,95
38-02,DAVID OH,REP,0
38-02,DELSCIA GRAY,DEM,0
38-02,HELEN GYM,DEM,15
38-02,JAMES M DELEON,DEM,2
38-02,JEFF BROWN,DEM,24
38-02,REBECCA RHYNHART,DEM,12
38-02,WARREN BLOOM,DEM,0
38-02,WRITE-IN,DEM,0
38-02,WRITE-IN,REP,0
38-03,ALLAN DOMB,DEM,10
38-03,AMEN  BROWN,DEM,4
38-03,CHERELLE L PARKER,DEM,75
38-03,DAVID OH,REP,1
38-03,DELSCIA GRAY,DEM,0
38-03,HELEN GYM,DEM,6
38-03,JAMES M DELEON,DEM,0
38-03,JEFF BROWN,DEM,26
38-03,REBECCA RHYNHART,DEM,26
38-03,WARREN BLOOM,DEM,0
38-03,WRITE-IN,DEM,0
38-03,WRITE-IN,REP,1
38-04,ALLAN DOMB,DEM,5
38-04,AMEN  BROWN,DEM,3
38-04,CHERELLE L PARKER,DEM,53
38-04,DAVID OH,REP,0
38-04,DELSCIA GRAY,DEM,0
38-04,HELEN GYM,DEM,5
38-04,JAMES M DELEON,DEM,2
38-04,JEFF BROWN,DEM,15
38-04,REBECCA RHYNHART,DEM,3
38-04,WARREN BLOOM,DEM,0
38-04,WRITE-IN,DEM,0
38-04,WRITE-IN,REP,1
38-05,ALLAN DOMB,DEM,11
38-05,AMEN  BROWN,DEM,1
38-05,CHERELLE L PARKER,DEM,58
38-05,DAVID OH,REP,0
38-05,DELSCIA GRAY,DEM,0
38-05,HELEN GYM,DEM,6
38-05,JAMES M DELEON,DEM,1
38-05,JEFF BROWN,DEM,17
38-05,REBECCA RHYNHART,DEM,11
38-05,WARREN BLOOM,DEM,0
38-05,WRITE-IN,DEM,0
38-05,WRITE-IN,REP,0
38-06,ALLAN DOMB,DEM,7
38-06,AMEN  BROWN,DEM,1
38-06,CHERELLE L PARKER,DEM,74
38-06,DAVID OH,REP,1
38-06,DELSCIA GRAY,DEM,0
38-06,HELEN GYM,DEM,7
38-06,JAMES M DELEON,DEM,0
38-06,JEFF BROWN,DEM,16
38-06,REBECCA RHYNHART,DEM,11
38-06,WARREN BLOOM,DEM,1
38-06,WRITE-IN,DEM,0
38-06,WRITE-IN,REP,0
38-07,ALLAN DOMB,DEM,12
38-07,AMEN  BROWN,DEM,3
38-07,CHERELLE L PARKER,DEM,88
38-07,DAVID OH,REP,2
38-07,DELSCIA GRAY,DEM,0
38-07,HELEN GYM,DEM,10
38-07,JAMES M DELEON,DEM,2
38-07,JEFF BROWN,DEM,34
38-07,REBECCA RHYNHART,DEM,17
38-07,WARREN BLOOM,DEM,1
38-07,WRITE-IN,DEM,0
38-07,WRITE-IN,REP,0
38-08,ALLAN DOMB,DEM,12
38-08,AMEN  BROWN,DEM,5
38-08,CHERELLE L PARKER,DEM,76
38-08,DAVID OH,REP,0
38-08,DELSCIA GRAY,DEM,0
38-08,HELEN GYM,DEM,13
38-08,JAMES M DELEON,DEM,2
38-08,JEFF BROWN,DEM,26
38-08,REBECCA RHYNHART,DEM,14
38-08,WARREN BLOOM,DEM,0
38-08,WRITE-IN,DEM,0
38-08,WRITE-IN,REP,2
38-09,ALLAN DOMB,DEM,18
38-09,AMEN  BROWN,DEM,3
38-09,CHERELLE L PARKER,DEM,94
38-09,DAVID OH,REP,2
38-09,DELSCIA GRAY,DEM,1
38-09,HELEN GYM,DEM,60
38-09,JAMES M DELEON,DEM,1
38-09,JEFF BROWN,DEM,30
38-09,REBECCA RHYNHART,DEM,59
38-09,WARREN BLOOM,DEM,0
38-09,WRITE-IN,DEM,0
38-09,WRITE-IN,REP,1
38-10,ALLAN DOMB,DEM,8
38-10,AMEN  BROWN,DEM,7
38-10,CHERELLE L PARKER,DEM,93
38-10,DAVID OH,REP,4
38-10,DELSCIA GRAY,DEM,0
38-10,HELEN GYM,DEM,20
38-10,JAMES M DELEON,DEM,2
38-10,JEFF BROWN,DEM,26
38-10,REBECCA RHYNHART,DEM,18
38-10,WARREN BLOOM,DEM,0
38-10,WRITE-IN,DEM,0
38-10,WRITE-IN,REP,0
38-11,ALLAN DOMB,DEM,16
38-11,AMEN  BROWN,DEM,0
38-11,CHERELLE L PARKER,DEM,25
38-11,DAVID OH,REP,5
38-11,DELSCIA GRAY,DEM,0
38-11,HELEN GYM,DEM,52
38-11,JAMES M DELEON,DEM,0
38-11,JEFF BROWN,DEM,11
38-11,REBECCA RHYNHART,DEM,139
38-11,WARREN BLOOM,DEM,0
38-11,WRITE-IN,DEM,0
38-11,WRITE-IN,REP,0
38-12,ALLAN DOMB,DEM,27
38-12,AMEN  BROWN,DEM,1
38-12,CHERELLE L PARKER,DEM,28
38-12,DAVID OH,REP,7
38-12,DELSCIA GRAY,DEM,0
38-12,HELEN GYM,DEM,77
38-12,JAMES M DELEON,DEM,1
38-12,JEFF BROWN,DEM,18
38-12,REBECCA RHYNHART,DEM,85
38-12,WARREN BLOOM,DEM,0
38-12,WRITE-IN,DEM,0
38-12,WRITE-IN,REP,0
38-13,ALLAN DOMB,DEM,31
38-13,AMEN  BROWN,DEM,3
38-13,CHERELLE L PARKER,DEM,29
38-13,DAVID OH,REP,10
38-13,DELSCIA GRAY,DEM,0
38-13,HELEN GYM,DEM,84
38-13,JAMES M DELEON,DEM,0
38-13,JEFF BROWN,DEM,14
38-13,REBECCA RHYNHART,DEM,169
38-13,WARREN BLOOM,DEM,0
38-13,WRITE-IN,DEM,0
38-13,WRITE-IN,REP,0
38-14,ALLAN DOMB,DEM,20
38-14,AMEN  BROWN,DEM,1
38-14,CHERELLE L PARKER,DEM,19
38-14,DAVID OH,REP,5
38-14,DELSCIA GRAY,DEM,0
38-14,HELEN GYM,DEM,73
38-14,JAMES M DELEON,DEM,1
38-14,JEFF BROWN,DEM,13
38-14,REBECCA RHYNHART,DEM,61
38-14,WARREN BLOOM,DEM,0
38-14,WRITE-IN,DEM,0
38-14,WRITE-IN,REP,0
38-15,ALLAN DOMB,DEM,20
38-15,AMEN  BROWN,DEM,0
38-15,CHERELLE L PARKER,DEM,46
38-15,DAVID OH,REP,6
38-15,DELSCIA GRAY,DEM,0
38-15,HELEN GYM,DEM,114
38-15,JAMES M DELEON,DEM,1
38-15,JEFF BROWN,DEM,15
38-15,REBECCA RHYNHART,DEM,85
38-15,WARREN BLOOM,DEM,0
38-15,WRITE-IN,DEM,0
38-15,WRITE-IN,REP,0
38-16,ALLAN DOMB,DEM,38
38-16,AMEN  BROWN,DEM,0
38-16,CHERELLE L PARKER,DEM,13
38-16,DAVID OH,REP,5
38-16,DELSCIA GRAY,DEM,0
38-16,HELEN GYM,DEM,86
38-16,JAMES M DELEON,DEM,0
38-16,JEFF BROWN,DEM,11
38-16,REBECCA RHYNHART,DEM,82
38-16,WARREN BLOOM,DEM,0
38-16,WRITE-IN,DEM,0
38-16,WRITE-IN,REP,0
38-17,ALLAN DOMB,DEM,14
38-17,AMEN  BROWN,DEM,1
38-17,CHERELLE L PARKER,DEM,53
38-17,DAVID OH,REP,4
38-17,DELSCIA GRAY,DEM,0
38-17,HELEN GYM,DEM,33
38-17,JAMES M DELEON,DEM,0
38-17,JEFF BROWN,DEM,16
38-17,REBECCA RHYNHART,DEM,31
38-17,WARREN BLOOM,DEM,0
38-17,WRITE-IN,DEM,0
38-17,WRITE-IN,REP,0
38-18,ALLAN DOMB,DEM,36
38-18,AMEN  BROWN,DEM,0
38-18,CHERELLE L PARKER,DEM,20
38-18,DAVID OH,REP,10
38-18,DELSCIA GRAY,DEM,0
38-18,HELEN GYM,DEM,63
38-18,JAMES M DELEON,DEM,0
38-18,JEFF BROWN,DEM,7
38-18,REBECCA RHYNHART,DEM,143
38-18,WARREN BLOOM,DEM,0
38-18,WRITE-IN,DEM,0
38-18,WRITE-IN,REP,1
38-19,ALLAN DOMB,DEM,12
38-19,AMEN  BROWN,DEM,2
38-19,CHERELLE L PARKER,DEM,51
38-19,DAVID OH,REP,6
38-19,DELSCIA GRAY,DEM,2
38-19,HELEN GYM,DEM,31
38-19,JAMES M DELEON,DEM,0
38-19,JEFF BROWN,DEM,9
38-19,REBECCA RHYNHART,DEM,20
38-19,WARREN BLOOM,DEM,0
38-19,WRITE-IN,DEM,2
38-19,WRITE-IN,REP,0
38-20,ALLAN DOMB,DEM,16
38-20,AMEN  BROWN,DEM,2
38-20,CHERELLE L PARKER,DEM,22
38-20,DAVID OH,REP,9
38-20,DELSCIA GRAY,DEM,0
38-20,HELEN GYM,DEM,43
38-20,JAMES M DELEON,DEM,0
38-20,JEFF BROWN,DEM,14
38-20,REBECCA RHYNHART,DEM,59
38-20,WARREN BLOOM,DEM,1
38-20,WRITE-IN,DEM,0
38-20,WRITE-IN,REP,0
38-21,ALLAN DOMB,DEM,12
38-21,AMEN  BROWN,DEM,5
38-21,CHERELLE L PARKER,DEM,63
38-21,DAVID OH,REP,1
38-21,DELSCIA GRAY,DEM,1
38-21,HELEN GYM,DEM,10
38-21,JAMES M DELEON,DEM,1
38-21,JEFF BROWN,DEM,25
38-21,REBECCA RHYNHART,DEM,9
38-21,WARREN BLOOM,DEM,0
38-21,WRITE-IN,DEM,0
38-21,WRITE-IN,REP,0
39-01,ALLAN DOMB,DEM,17
39-01,AMEN  BROWN,DEM,0
39-01,CHERELLE L PARKER,DEM,6
39-01,DAVID OH,REP,11
39-01,DELSCIA GRAY,DEM,0
39-01,HELEN GYM,DEM,33
39-01,JAMES M DELEON,DEM,1
39-01,JEFF BROWN,DEM,10
39-01,REBECCA RHYNHART,DEM,31
39-01,WARREN BLOOM,DEM,0
39-01,WRITE-IN,DEM,0
39-01,WRITE-IN,REP,1
39-02,ALLAN DOMB,DEM,5
39-02,AMEN  BROWN,DEM,1
39-02,CHERELLE L PARKER,DEM,14
39-02,DAVID OH,REP,5
39-02,DELSCIA GRAY,DEM,2
39-02,HELEN GYM,DEM,23
39-02,JAMES M DELEON,DEM,2
39-02,JEFF BROWN,DEM,1
39-02,REBECCA RHYNHART,DEM,9
39-02,WARREN BLOOM,DEM,0
39-02,WRITE-IN,DEM,0
39-02,WRITE-IN,REP,0
39-03,ALLAN DOMB,DEM,37
39-03,AMEN  BROWN,DEM,1
39-03,CHERELLE L PARKER,DEM,22
39-03,DAVID OH,REP,16
39-03,DELSCIA GRAY,DEM,1
39-03,HELEN GYM,DEM,28
39-03,JAMES M DELEON,DEM,1
39-03,JEFF BROWN,DEM,21
39-03,REBECCA RHYNHART,DEM,42
39-03,WARREN BLOOM,DEM,0
39-03,WRITE-IN,DEM,0
39-03,WRITE-IN,REP,2
39-04,ALLAN DOMB,DEM,20
39-04,AMEN  BROWN,DEM,3
39-04,CHERELLE L PARKER,DEM,2
39-04,DAVID OH,REP,11
39-04,DELSCIA GRAY,DEM,0
39-04,HELEN GYM,DEM,27
39-04,JAMES M DELEON,DEM,0
39-04,JEFF BROWN,DEM,10
39-04,REBECCA RHYNHART,DEM,15
39-04,WARREN BLOOM,DEM,0
39-04,WRITE-IN,DEM,0
39-04,WRITE-IN,REP,0
39-05,ALLAN DOMB,DEM,16
39-05,AMEN  BROWN,DEM,0
39-05,CHERELLE L PARKER,DEM,36
39-05,DAVID OH,REP,8
39-05,DELSCIA GRAY,DEM,0
39-05,HELEN GYM,DEM,67
39-05,JAMES M DELEON,DEM,1
39-05,JEFF BROWN,DEM,12
39-05,REBECCA RHYNHART,DEM,34
39-05,WARREN BLOOM,DEM,1
39-05,WRITE-IN,DEM,1
39-05,WRITE-IN,REP,1
39-06,ALLAN DOMB,DEM,43
39-06,AMEN  BROWN,DEM,4
39-06,CHERELLE L PARKER,DEM,65
39-06,DAVID OH,REP,14
39-06,DELSCIA GRAY,DEM,0
39-06,HELEN GYM,DEM,24
39-06,JAMES M DELEON,DEM,2
39-06,JEFF BROWN,DEM,30
39-06,REBECCA RHYNHART,DEM,46
39-06,WARREN BLOOM,DEM,0
39-06,WRITE-IN,DEM,0
39-06,WRITE-IN,REP,1
39-07,ALLAN DOMB,DEM,71
39-07,AMEN  BROWN,DEM,3
39-07,CHERELLE L PARKER,DEM,85
39-07,DAVID OH,REP,17
39-07,DELSCIA GRAY,DEM,0
39-07,HELEN GYM,DEM,30
39-07,JAMES M DELEON,DEM,2
39-07,JEFF BROWN,DEM,31
39-07,REBECCA RHYNHART,DEM,50
39-07,WARREN BLOOM,DEM,0
39-07,WRITE-IN,DEM,0
39-07,WRITE-IN,REP,1
39-08,ALLAN DOMB,DEM,32
39-08,AMEN  BROWN,DEM,0
39-08,CHERELLE L PARKER,DEM,42
39-08,DAVID OH,REP,9
39-08,DELSCIA GRAY,DEM,0
39-08,HELEN GYM,DEM,50
39-08,JAMES M DELEON,DEM,0
39-08,JEFF BROWN,DEM,18
39-08,REBECCA RHYNHART,DEM,53
39-08,WARREN BLOOM,DEM,0
39-08,WRITE-IN,DEM,0
39-08,WRITE-IN,REP,2
39-09,ALLAN DOMB,DEM,6
39-09,AMEN  BROWN,DEM,0
39-09,CHERELLE L PARKER,DEM,29
39-09,DAVID OH,REP,5
39-09,DELSCIA GRAY,DEM,0
39-09,HELEN GYM,DEM,54
39-09,JAMES M DELEON,DEM,0
39-09,JEFF BROWN,DEM,9
39-09,REBECCA RHYNHART,DEM,25
39-09,WARREN BLOOM,DEM,0
39-09,WRITE-IN,DEM,0
39-09,WRITE-IN,REP,1
39-10,ALLAN DOMB,DEM,7
39-10,AMEN  BROWN,DEM,0
39-10,CHERELLE L PARKER,DEM,45
39-10,DAVID OH,REP,9
39-10,DELSCIA GRAY,DEM,2
39-10,HELEN GYM,DEM,52
39-10,JAMES M DELEON,DEM,2
39-10,JEFF BROWN,DEM,10
39-10,REBECCA RHYNHART,DEM,18
39-10,WARREN BLOOM,DEM,1
39-10,WRITE-IN,DEM,0
39-10,WRITE-IN,REP,1
39-11,ALLAN DOMB,DEM,3
39-11,AMEN  BROWN,DEM,0
39-11,CHERELLE L PARKER,DEM,13
39-11,DAVID OH,REP,5
39-11,DELSCIA GRAY,DEM,1
39-11,HELEN GYM,DEM,13
39-11,JAMES M DELEON,DEM,0
39-11,JEFF BROWN,DEM,2
39-11,REBECCA RHYNHART,DEM,8
39-11,WARREN BLOOM,DEM,0
39-11,WRITE-IN,DEM,0
39-11,WRITE-IN,REP,1
39-12,ALLAN DOMB,DEM,12
39-12,AMEN  BROWN,DEM,0
39-12,CHERELLE L PARKER,DEM,10
39-12,DAVID OH,REP,9
39-12,DELSCIA GRAY,DEM,0
39-12,HELEN GYM,DEM,22
39-12,JAMES M DELEON,DEM,1
39-12,JEFF BROWN,DEM,6
39-12,REBECCA RHYNHART,DEM,10
39-12,WARREN BLOOM,DEM,0
39-12,WRITE-IN,DEM,0
39-12,WRITE-IN,REP,1
39-13,ALLAN DOMB,DEM,7
39-13,AMEN  BROWN,DEM,1
39-13,CHERELLE L PARKER,DEM,35
39-13,DAVID OH,REP,5
39-13,DELSCIA GRAY,DEM,0
39-13,HELEN GYM,DEM,15
39-13,JAMES M DELEON,DEM,1
39-13,JEFF BROWN,DEM,13
39-13,REBECCA RHYNHART,DEM,18
39-13,WARREN BLOOM,DEM,0
39-13,WRITE-IN,DEM,0
39-13,WRITE-IN,REP,1
39-14,ALLAN DOMB,DEM,41
39-14,AMEN  BROWN,DEM,1
39-14,CHERELLE L PARKER,DEM,14
39-14,DAVID OH,REP,35
39-14,DELSCIA GRAY,DEM,0
39-14,HELEN GYM,DEM,10
39-14,JAMES M DELEON,DEM,2
39-14,JEFF BROWN,DEM,6
39-14,REBECCA RHYNHART,DEM,21
39-14,WARREN BLOOM,DEM,0
39-14,WRITE-IN,DEM,0
39-14,WRITE-IN,REP,1
39-15,ALLAN DOMB,DEM,42
39-15,AMEN  BROWN,DEM,1
39-15,CHERELLE L PARKER,DEM,64
39-15,DAVID OH,REP,13
39-15,DELSCIA GRAY,DEM,0
39-15,HELEN GYM,DEM,15
39-15,JAMES M DELEON,DEM,1
39-15,JEFF BROWN,DEM,35
39-15,REBECCA RHYNHART,DEM,64
39-15,WARREN BLOOM,DEM,0
39-15,WRITE-IN,DEM,0
39-15,WRITE-IN,REP,0
39-16,ALLAN DOMB,DEM,10
39-16,AMEN  BROWN,DEM,0
39-16,CHERELLE L PARKER,DEM,8
39-16,DAVID OH,REP,11
39-16,DELSCIA GRAY,DEM,0
39-16,HELEN GYM,DEM,20
39-16,JAMES M DELEON,DEM,1
39-16,JEFF BROWN,DEM,7
39-16,REBECCA RHYNHART,DEM,6
39-16,WARREN BLOOM,DEM,0
39-16,WRITE-IN,DEM,0
39-16,WRITE-IN,REP,1
39-17,ALLAN DOMB,DEM,6
39-17,AMEN  BROWN,DEM,0
39-17,CHERELLE L PARKER,DEM,19
39-17,DAVID OH,REP,3
39-17,DELSCIA GRAY,DEM,0
39-17,HELEN GYM,DEM,31
39-17,JAMES M DELEON,DEM,0
39-17,JEFF BROWN,DEM,5
39-17,REBECCA RHYNHART,DEM,9
39-17,WARREN BLOOM,DEM,0
39-17,WRITE-IN,DEM,0
39-17,WRITE-IN,REP,0
39-18,ALLAN DOMB,DEM,5
39-18,AMEN  BROWN,DEM,1
39-18,CHERELLE L PARKER,DEM,7
39-18,DAVID OH,REP,7
39-18,DELSCIA GRAY,DEM,0
39-18,HELEN GYM,DEM,19
39-18,JAMES M DELEON,DEM,2
39-18,JEFF BROWN,DEM,2
39-18,REBECCA RHYNHART,DEM,12
39-18,WARREN BLOOM,DEM,0
39-18,WRITE-IN,DEM,0
39-18,WRITE-IN,REP,0
39-19,ALLAN DOMB,DEM,7
39-19,AMEN  BROWN,DEM,0
39-19,CHERELLE L PARKER,DEM,9
39-19,DAVID OH,REP,4
39-19,DELSCIA GRAY,DEM,0
39-19,HELEN GYM,DEM,36
39-19,JAMES M DELEON,DEM,0
39-19,JEFF BROWN,DEM,4
39-19,REBECCA RHYNHART,DEM,12
39-19,WARREN BLOOM,DEM,1
39-19,WRITE-IN,DEM,0
39-19,WRITE-IN,REP,1
39-20,ALLAN DOMB,DEM,48
39-20,AMEN  BROWN,DEM,1
39-20,CHERELLE L PARKER,DEM,50
39-20,DAVID OH,REP,10
39-20,DELSCIA GRAY,DEM,0
39-20,HELEN GYM,DEM,42
39-20,JAMES M DELEON,DEM,0
39-20,JEFF BROWN,DEM,22
39-20,REBECCA RHYNHART,DEM,45
39-20,WARREN BLOOM,DEM,0
39-20,WRITE-IN,DEM,0
39-20,WRITE-IN,REP,0
39-21,ALLAN DOMB,DEM,59
39-21,AMEN  BROWN,DEM,4
39-21,CHERELLE L PARKER,DEM,47
39-21,DAVID OH,REP,15
39-21,DELSCIA GRAY,DEM,0
39-21,HELEN GYM,DEM,20
39-21,JAMES M DELEON,DEM,0
39-21,JEFF BROWN,DEM,21
39-21,REBECCA RHYNHART,DEM,33
39-21,WARREN BLOOM,DEM,0
39-21,WRITE-IN,DEM,0
39-21,WRITE-IN,REP,1
39-22,ALLAN DOMB,DEM,13
39-22,AMEN  BROWN,DEM,3
39-22,CHERELLE L PARKER,DEM,23
39-22,DAVID OH,REP,12
39-22,DELSCIA GRAY,DEM,0
39-22,HELEN GYM,DEM,55
39-22,JAMES M DELEON,DEM,1
39-22,JEFF BROWN,DEM,7
39-22,REBECCA RHYNHART,DEM,21
39-22,WARREN BLOOM,DEM,0
39-22,WRITE-IN,DEM,2
39-22,WRITE-IN,REP,1
39-23,ALLAN DOMB,DEM,10
39-23,AMEN  BROWN,DEM,0
39-23,CHERELLE L PARKER,DEM,29
39-23,DAVID OH,REP,7
39-23,DELSCIA GRAY,DEM,0
39-23,HELEN GYM,DEM,21
39-23,JAMES M DELEON,DEM,1
39-23,JEFF BROWN,DEM,3
39-23,REBECCA RHYNHART,DEM,9
39-23,WARREN BLOOM,DEM,1
39-23,WRITE-IN,DEM,0
39-23,WRITE-IN,REP,0
39-24,ALLAN DOMB,DEM,28
39-24,AMEN  BROWN,DEM,2
39-24,CHERELLE L PARKER,DEM,69
39-24,DAVID OH,REP,14
39-24,DELSCIA GRAY,DEM,0
39-24,HELEN GYM,DEM,33
39-24,JAMES M DELEON,DEM,0
39-24,JEFF BROWN,DEM,17
39-24,REBECCA RHYNHART,DEM,32
39-24,WARREN BLOOM,DEM,0
39-24,WRITE-IN,DEM,0
39-24,WRITE-IN,REP,1
39-25,ALLAN DOMB,DEM,29
39-25,AMEN  BROWN,DEM,0
39-25,CHERELLE L PARKER,DEM,13
39-25,DAVID OH,REP,14
39-25,DELSCIA GRAY,DEM,0
39-25,HELEN GYM,DEM,60
39-25,JAMES M DELEON,DEM,1
39-25,JEFF BROWN,DEM,8
39-25,REBECCA RHYNHART,DEM,27
39-25,WARREN BLOOM,DEM,0
39-25,WRITE-IN,DEM,0
39-25,WRITE-IN,REP,0
39-26,ALLAN DOMB,DEM,28
39-26,AMEN  BROWN,DEM,1
39-26,CHERELLE L PARKER,DEM,16
39-26,DAVID OH,REP,12
39-26,DELSCIA GRAY,DEM,0
39-26,HELEN GYM,DEM,109
39-26,JAMES M DELEON,DEM,2
39-26,JEFF BROWN,DEM,11
39-26,REBECCA RHYNHART,DEM,107
39-26,WARREN BLOOM,DEM,0
39-26,WRITE-IN,DEM,0
39-26,WRITE-IN,REP,0
39-27,ALLAN DOMB,DEM,20
39-27,AMEN  BROWN,DEM,2
39-27,CHERELLE L PARKER,DEM,9
39-27,DAVID OH,REP,15
39-27,DELSCIA GRAY,DEM,0
39-27,HELEN GYM,DEM,115
39-27,JAMES M DELEON,DEM,0
39-27,JEFF BROWN,DEM,5
39-27,REBECCA RHYNHART,DEM,87
39-27,WARREN BLOOM,DEM,0
39-27,WRITE-IN,DEM,0
39-27,WRITE-IN,REP,1
39-28,ALLAN DOMB,DEM,11
39-28,AMEN  BROWN,DEM,1
39-28,CHERELLE L PARKER,DEM,50
39-28,DAVID OH,REP,4
39-28,DELSCIA GRAY,DEM,0
39-28,HELEN GYM,DEM,89
39-28,JAMES M DELEON,DEM,1
39-28,JEFF BROWN,DEM,7
39-28,REBECCA RHYNHART,DEM,46
39-28,WARREN BLOOM,DEM,0
39-28,WRITE-IN,DEM,0
39-28,WRITE-IN,REP,0
39-29,ALLAN DOMB,DEM,26
39-29,AMEN  BROWN,DEM,1
39-29,CHERELLE L PARKER,DEM,8
39-29,DAVID OH,REP,12
39-29,DELSCIA GRAY,DEM,1
39-29,HELEN GYM,DEM,31
39-29,JAMES M DELEON,DEM,1
39-29,JEFF BROWN,DEM,11
39-29,REBECCA RHYNHART,DEM,24
39-29,WARREN BLOOM,DEM,0
39-29,WRITE-IN,DEM,0
39-29,WRITE-IN,REP,3
39-30,ALLAN DOMB,DEM,19
39-30,AMEN  BROWN,DEM,0
39-30,CHERELLE L PARKER,DEM,8
39-30,DAVID OH,REP,15
39-30,DELSCIA GRAY,DEM,0
39-30,HELEN GYM,DEM,132
39-30,JAMES M DELEON,DEM,1
39-30,JEFF BROWN,DEM,10
39-30,REBECCA RHYNHART,DEM,66
39-30,WARREN BLOOM,DEM,1
39-30,WRITE-IN,DEM,0
39-30,WRITE-IN,REP,0
39-31,ALLAN DOMB,DEM,23
39-31,AMEN  BROWN,DEM,0
39-31,CHERELLE L PARKER,DEM,14
39-31,DAVID OH,REP,19
39-31,DELSCIA GRAY,DEM,0
39-31,HELEN GYM,DEM,44
39-31,JAMES M DELEON,DEM,0
39-31,JEFF BROWN,DEM,12
39-31,REBECCA RHYNHART,DEM,36
39-31,WARREN BLOOM,DEM,0
39-31,WRITE-IN,DEM,0
39-31,WRITE-IN,REP,0
39-32,ALLAN DOMB,DEM,8
39-32,AMEN  BROWN,DEM,0
39-32,CHERELLE L PARKER,DEM,11
39-32,DAVID OH,REP,7
39-32,DELSCIA GRAY,DEM,0
39-32,HELEN GYM,DEM,85
39-32,JAMES M DELEON,DEM,0
39-32,JEFF BROWN,DEM,7
39-32,REBECCA RHYNHART,DEM,38
39-32,WARREN BLOOM,DEM,0
39-32,WRITE-IN,DEM,0
39-32,WRITE-IN,REP,0
39-33,ALLAN DOMB,DEM,29
39-33,AMEN  BROWN,DEM,4
39-33,CHERELLE L PARKER,DEM,5
39-33,DAVID OH,REP,16
39-33,DELSCIA GRAY,DEM,0
39-33,HELEN GYM,DEM,33
39-33,JAMES M DELEON,DEM,0
39-33,JEFF BROWN,DEM,2
39-33,REBECCA RHYNHART,DEM,27
39-33,WARREN BLOOM,DEM,0
39-33,WRITE-IN,DEM,0
39-33,WRITE-IN,REP,2
39-34,ALLAN DOMB,DEM,12
39-34,AMEN  BROWN,DEM,2
39-34,CHERELLE L PARKER,DEM,9
39-34,DAVID OH,REP,6
39-34,DELSCIA GRAY,DEM,0
39-34,HELEN GYM,DEM,56
39-34,JAMES M DELEON,DEM,0
39-34,JEFF BROWN,DEM,8
39-34,REBECCA RHYNHART,DEM,21
39-34,WARREN BLOOM,DEM,0
39-34,WRITE-IN,DEM,0
39-34,WRITE-IN,REP,0
39-35,ALLAN DOMB,DEM,21
39-35,AMEN  BROWN,DEM,0
39-35,CHERELLE L PARKER,DEM,22
39-35,DAVID OH,REP,13
39-35,DELSCIA GRAY,DEM,0
39-35,HELEN GYM,DEM,117
39-35,JAMES M DELEON,DEM,0
39-35,JEFF BROWN,DEM,6
39-35,REBECCA RHYNHART,DEM,96
39-35,WARREN BLOOM,DEM,0
39-35,WRITE-IN,DEM,0
39-35,WRITE-IN,REP,2
39-36,ALLAN DOMB,DEM,48
39-36,AMEN  BROWN,DEM,1
39-36,CHERELLE L PARKER,DEM,11
39-36,DAVID OH,REP,23
39-36,DELSCIA GRAY,DEM,1
39-36,HELEN GYM,DEM,15
39-36,JAMES M DELEON,DEM,4
39-36,JEFF BROWN,DEM,19
39-36,REBECCA RHYNHART,DEM,31
39-36,WARREN BLOOM,DEM,0
39-36,WRITE-IN,DEM,0
39-36,WRITE-IN,REP,0
39-37,ALLAN DOMB,DEM,34
39-37,AMEN  BROWN,DEM,0
39-37,CHERELLE L PARKER,DEM,5
39-37,DAVID OH,REP,14
39-37,DELSCIA GRAY,DEM,0
39-37,HELEN GYM,DEM,94
39-37,JAMES M DELEON,DEM,0
39-37,JEFF BROWN,DEM,2
39-37,REBECCA RHYNHART,DEM,73
39-37,WARREN BLOOM,DEM,0
39-37,WRITE-IN,DEM,0
39-37,WRITE-IN,REP,0
39-38,ALLAN DOMB,DEM,24
39-38,AMEN  BROWN,DEM,0
39-38,CHERELLE L PARKER,DEM,14
39-38,DAVID OH,REP,17
39-38,DELSCIA GRAY,DEM,0
39-38,HELEN GYM,DEM,82
39-38,JAMES M DELEON,DEM,0
39-38,JEFF BROWN,DEM,9
39-38,REBECCA RHYNHART,DEM,43
39-38,WARREN BLOOM,DEM,0
39-38,WRITE-IN,DEM,1
39-38,WRITE-IN,REP,0
39-39,ALLAN DOMB,DEM,44
39-39,AMEN  BROWN,DEM,0
39-39,CHERELLE L PARKER,DEM,16
39-39,DAVID OH,REP,17
39-39,DELSCIA GRAY,DEM,0
39-39,HELEN GYM,DEM,38
39-39,JAMES M DELEON,DEM,0
39-39,JEFF BROWN,DEM,3
39-39,REBECCA RHYNHART,DEM,30
39-39,WARREN BLOOM,DEM,0
39-39,WRITE-IN,DEM,0
39-39,WRITE-IN,REP,0
39-40,ALLAN DOMB,DEM,8
39-40,AMEN  BROWN,DEM,2
39-40,CHERELLE L PARKER,DEM,11
39-40,DAVID OH,REP,1
39-40,DELSCIA GRAY,DEM,0
39-40,HELEN GYM,DEM,31
39-40,JAMES M DELEON,DEM,9
39-40,JEFF BROWN,DEM,3
39-40,REBECCA RHYNHART,DEM,22
39-40,WARREN BLOOM,DEM,0
39-40,WRITE-IN,DEM,0
39-40,WRITE-IN,REP,0
39-41,ALLAN DOMB,DEM,40
39-41,AMEN  BROWN,DEM,0
39-41,CHERELLE L PARKER,DEM,12
39-41,DAVID OH,REP,28
39-41,DELSCIA GRAY,DEM,0
39-41,HELEN GYM,DEM,14
39-41,JAMES M DELEON,DEM,1
39-41,JEFF BROWN,DEM,12
39-41,REBECCA RHYNHART,DEM,31
39-41,WARREN BLOOM,DEM,0
39-41,WRITE-IN,DEM,0
39-41,WRITE-IN,REP,0
39-42,ALLAN DOMB,DEM,25
39-42,AMEN  BROWN,DEM,0
39-42,CHERELLE L PARKER,DEM,8
39-42,DAVID OH,REP,13
39-42,DELSCIA GRAY,DEM,0
39-42,HELEN GYM,DEM,56
39-42,JAMES M DELEON,DEM,1
39-42,JEFF BROWN,DEM,7
39-42,REBECCA RHYNHART,DEM,30
39-42,WARREN BLOOM,DEM,1
39-42,WRITE-IN,DEM,0
39-42,WRITE-IN,REP,0
39-43,ALLAN DOMB,DEM,32
39-43,AMEN  BROWN,DEM,1
39-43,CHERELLE L PARKER,DEM,16
39-43,DAVID OH,REP,19
39-43,DELSCIA GRAY,DEM,0
39-43,HELEN GYM,DEM,48
39-43,JAMES M DELEON,DEM,0
39-43,JEFF BROWN,DEM,5
39-43,REBECCA RHYNHART,DEM,41
39-43,WARREN BLOOM,DEM,0
39-43,WRITE-IN,DEM,0
39-43,WRITE-IN,REP,0
39-44,ALLAN DOMB,DEM,36
39-44,AMEN  BROWN,DEM,1
39-44,CHERELLE L PARKER,DEM,6
39-44,DAVID OH,REP,6
39-44,DELSCIA GRAY,DEM,0
39-44,HELEN GYM,DEM,31
39-44,JAMES M DELEON,DEM,2
39-44,JEFF BROWN,DEM,4
39-44,REBECCA RHYNHART,DEM,24
39-44,WARREN BLOOM,DEM,0
39-44,WRITE-IN,DEM,0
39-44,WRITE-IN,REP,0
39-45,ALLAN DOMB,DEM,32
39-45,AMEN  BROWN,DEM,1
39-45,CHERELLE L PARKER,DEM,17
39-45,DAVID OH,REP,6
39-45,DELSCIA GRAY,DEM,0
39-45,HELEN GYM,DEM,146
39-45,JAMES M DELEON,DEM,0
39-45,JEFF BROWN,DEM,7
39-45,REBECCA RHYNHART,DEM,125
39-45,WARREN BLOOM,DEM,0
39-45,WRITE-IN,DEM,0
39-45,WRITE-IN,REP,1
39-46,ALLAN DOMB,DEM,50
39-46,AMEN  BROWN,DEM,1
39-46,CHERELLE L PARKER,DEM,23
39-46,DAVID OH,REP,17
39-46,DELSCIA GRAY,DEM,0
39-46,HELEN GYM,DEM,140
39-46,JAMES M DELEON,DEM,0
39-46,JEFF BROWN,DEM,8
39-46,REBECCA RHYNHART,DEM,137
39-46,WARREN BLOOM,DEM,1
39-46,WRITE-IN,DEM,0
39-46,WRITE-IN,REP,0
40-01,ALLAN DOMB,DEM,3
40-01,AMEN  BROWN,DEM,1
40-01,CHERELLE L PARKER,DEM,51
40-01,DAVID OH,REP,4
40-01,DELSCIA GRAY,DEM,0
40-01,HELEN GYM,DEM,9
40-01,JAMES M DELEON,DEM,0
40-01,JEFF BROWN,DEM,15
40-01,REBECCA RHYNHART,DEM,4
40-01,WARREN BLOOM,DEM,0
40-01,WRITE-IN,DEM,0
40-01,WRITE-IN,REP,3
40-02,ALLAN DOMB,DEM,5
40-02,AMEN  BROWN,DEM,3
40-02,CHERELLE L PARKER,DEM,51
40-02,DAVID OH,REP,0
40-02,DELSCIA GRAY,DEM,0
40-02,HELEN GYM,DEM,11
40-02,JAMES M DELEON,DEM,1
40-02,JEFF BROWN,DEM,4
40-02,REBECCA RHYNHART,DEM,8
40-02,WARREN BLOOM,DEM,0
40-02,WRITE-IN,DEM,0
40-02,WRITE-IN,REP,1
40-03,ALLAN DOMB,DEM,16
40-03,AMEN  BROWN,DEM,1
40-03,CHERELLE L PARKER,DEM,94
40-03,DAVID OH,REP,2
40-03,DELSCIA GRAY,DEM,1
40-03,HELEN GYM,DEM,13
40-03,JAMES M DELEON,DEM,0
40-03,JEFF BROWN,DEM,38
40-03,REBECCA RHYNHART,DEM,16
40-03,WARREN BLOOM,DEM,1
40-03,WRITE-IN,DEM,0
40-03,WRITE-IN,REP,0
40-04,ALLAN DOMB,DEM,2
40-04,AMEN  BROWN,DEM,4
40-04,CHERELLE L PARKER,DEM,49
40-04,DAVID OH,REP,2
40-04,DELSCIA GRAY,DEM,0
40-04,HELEN GYM,DEM,4
40-04,JAMES M DELEON,DEM,0
40-04,JEFF BROWN,DEM,11
40-04,REBECCA RHYNHART,DEM,5
40-04,WARREN BLOOM,DEM,1
40-04,WRITE-IN,DEM,0
40-04,WRITE-IN,REP,0
40-05,ALLAN DOMB,DEM,17
40-05,AMEN  BROWN,DEM,4
40-05,CHERELLE L PARKER,DEM,112
40-05,DAVID OH,REP,0
40-05,DELSCIA GRAY,DEM,0
40-05,HELEN GYM,DEM,22
40-05,JAMES M DELEON,DEM,5
40-05,JEFF BROWN,DEM,32
40-05,REBECCA RHYNHART,DEM,14
40-05,WARREN BLOOM,DEM,1
40-05,WRITE-IN,DEM,0
40-05,WRITE-IN,REP,1
40-06,ALLAN DOMB,DEM,6
40-06,AMEN  BROWN,DEM,1
40-06,CHERELLE L PARKER,DEM,42
40-06,DAVID OH,REP,0
40-06,DELSCIA GRAY,DEM,0
40-06,HELEN GYM,DEM,28
40-06,JAMES M DELEON,DEM,3
40-06,JEFF BROWN,DEM,2
40-06,REBECCA RHYNHART,DEM,11
40-06,WARREN BLOOM,DEM,0
40-06,WRITE-IN,DEM,0
40-06,WRITE-IN,REP,0
40-07,ALLAN DOMB,DEM,12
40-07,AMEN  BROWN,DEM,5
40-07,CHERELLE L PARKER,DEM,69
40-07,DAVID OH,REP,1
40-07,DELSCIA GRAY,DEM,1
40-07,HELEN GYM,DEM,10
40-07,JAMES M DELEON,DEM,2
40-07,JEFF BROWN,DEM,15
40-07,REBECCA RHYNHART,DEM,9
40-07,WARREN BLOOM,DEM,0
40-07,WRITE-IN,DEM,2
40-07,WRITE-IN,REP,0
40-08,ALLAN DOMB,DEM,5
40-08,AMEN  BROWN,DEM,4
40-08,CHERELLE L PARKER,DEM,46
40-08,DAVID OH,REP,0
40-08,DELSCIA GRAY,DEM,0
40-08,HELEN GYM,DEM,6
40-08,JAMES M DELEON,DEM,0
40-08,JEFF BROWN,DEM,9
40-08,REBECCA RHYNHART,DEM,7
40-08,WARREN BLOOM,DEM,0
40-08,WRITE-IN,DEM,0
40-08,WRITE-IN,REP,0
40-09,ALLAN DOMB,DEM,8
40-09,AMEN  BROWN,DEM,2
40-09,CHERELLE L PARKER,DEM,85
40-09,DAVID OH,REP,1
40-09,DELSCIA GRAY,DEM,0
40-09,HELEN GYM,DEM,22
40-09,JAMES M DELEON,DEM,0
40-09,JEFF BROWN,DEM,19
40-09,REBECCA RHYNHART,DEM,14
40-09,WARREN BLOOM,DEM,0
40-09,WRITE-IN,DEM,0
40-09,WRITE-IN,REP,0
40-10,ALLAN DOMB,DEM,7
40-10,AMEN  BROWN,DEM,5
40-10,CHERELLE L PARKER,DEM,31
40-10,DAVID OH,REP,1
40-10,DELSCIA GRAY,DEM,1
40-10,HELEN GYM,DEM,15
40-10,JAMES M DELEON,DEM,0
40-10,JEFF BROWN,DEM,6
40-10,REBECCA RHYNHART,DEM,7
40-10,WARREN BLOOM,DEM,1
40-10,WRITE-IN,DEM,0
40-10,WRITE-IN,REP,0
40-11,ALLAN DOMB,DEM,2
40-11,AMEN  BROWN,DEM,3
40-11,CHERELLE L PARKER,DEM,70
40-11,DAVID OH,REP,2
40-11,DELSCIA GRAY,DEM,0
40-11,HELEN GYM,DEM,8
40-11,JAMES M DELEON,DEM,2
40-11,JEFF BROWN,DEM,11
40-11,REBECCA RHYNHART,DEM,6
40-11,WARREN BLOOM,DEM,0
40-11,WRITE-IN,DEM,0
40-11,WRITE-IN,REP,0
40-12,ALLAN DOMB,DEM,3
40-12,AMEN  BROWN,DEM,2
40-12,CHERELLE L PARKER,DEM,39
40-12,DAVID OH,REP,2
40-12,DELSCIA GRAY,DEM,0
40-12,HELEN GYM,DEM,17
40-12,JAMES M DELEON,DEM,0
40-12,JEFF BROWN,DEM,10
40-12,REBECCA RHYNHART,DEM,8
40-12,WARREN BLOOM,DEM,0
40-12,WRITE-IN,DEM,0
40-12,WRITE-IN,REP,0
40-13,ALLAN DOMB,DEM,8
40-13,AMEN  BROWN,DEM,2
40-13,CHERELLE L PARKER,DEM,79
40-13,DAVID OH,REP,2
40-13,DELSCIA GRAY,DEM,1
40-13,HELEN GYM,DEM,17
40-13,JAMES M DELEON,DEM,2
40-13,JEFF BROWN,DEM,15
40-13,REBECCA RHYNHART,DEM,10
40-13,WARREN BLOOM,DEM,0
40-13,WRITE-IN,DEM,0
40-13,WRITE-IN,REP,0
40-14,ALLAN DOMB,DEM,14
40-14,AMEN  BROWN,DEM,1
40-14,CHERELLE L PARKER,DEM,61
40-14,DAVID OH,REP,1
40-14,DELSCIA GRAY,DEM,1
40-14,HELEN GYM,DEM,10
40-14,JAMES M DELEON,DEM,3
40-14,JEFF BROWN,DEM,12
40-14,REBECCA RHYNHART,DEM,13
40-14,WARREN BLOOM,DEM,0
40-14,WRITE-IN,DEM,0
40-14,WRITE-IN,REP,0
40-15,ALLAN DOMB,DEM,4
40-15,AMEN  BROWN,DEM,1
40-15,CHERELLE L PARKER,DEM,25
40-15,DAVID OH,REP,0
40-15,DELSCIA GRAY,DEM,1
40-15,HELEN GYM,DEM,11
40-15,JAMES M DELEON,DEM,0
40-15,JEFF BROWN,DEM,9
40-15,REBECCA RHYNHART,DEM,4
40-15,WARREN BLOOM,DEM,0
40-15,WRITE-IN,DEM,0
40-15,WRITE-IN,REP,0
40-16,ALLAN DOMB,DEM,4
40-16,AMEN  BROWN,DEM,1
40-16,CHERELLE L PARKER,DEM,44
40-16,DAVID OH,REP,0
40-16,DELSCIA GRAY,DEM,0
40-16,HELEN GYM,DEM,13
40-16,JAMES M DELEON,DEM,0
40-16,JEFF BROWN,DEM,18
40-16,REBECCA RHYNHART,DEM,10
40-16,WARREN BLOOM,DEM,1
40-16,WRITE-IN,DEM,0
40-16,WRITE-IN,REP,0
40-17,ALLAN DOMB,DEM,9
40-17,AMEN  BROWN,DEM,0
40-17,CHERELLE L PARKER,DEM,38
40-17,DAVID OH,REP,4
40-17,DELSCIA GRAY,DEM,0
40-17,HELEN GYM,DEM,6
40-17,JAMES M DELEON,DEM,1
40-17,JEFF BROWN,DEM,12
40-17,REBECCA RHYNHART,DEM,6
40-17,WARREN BLOOM,DEM,1
40-17,WRITE-IN,DEM,0
40-17,WRITE-IN,REP,0
40-18,ALLAN DOMB,DEM,3
40-18,AMEN  BROWN,DEM,1
40-18,CHERELLE L PARKER,DEM,33
40-18,DAVID OH,REP,2
40-18,DELSCIA GRAY,DEM,1
40-18,HELEN GYM,DEM,6
40-18,JAMES M DELEON,DEM,0
40-18,JEFF BROWN,DEM,4
40-18,REBECCA RHYNHART,DEM,8
40-18,WARREN BLOOM,DEM,1
40-18,WRITE-IN,DEM,0
40-18,WRITE-IN,REP,0
40-19,ALLAN DOMB,DEM,4
40-19,AMEN  BROWN,DEM,1
40-19,CHERELLE L PARKER,DEM,37
40-19,DAVID OH,REP,1
40-19,DELSCIA GRAY,DEM,1
40-19,HELEN GYM,DEM,9
40-19,JAMES M DELEON,DEM,1
40-19,JEFF BROWN,DEM,3
40-19,REBECCA RHYNHART,DEM,11
40-19,WARREN BLOOM,DEM,0
40-19,WRITE-IN,DEM,0
40-19,WRITE-IN,REP,0
40-20,ALLAN DOMB,DEM,8
40-20,AMEN  BROWN,DEM,0
40-20,CHERELLE L PARKER,DEM,22
40-20,DAVID OH,REP,2
40-20,DELSCIA GRAY,DEM,0
40-20,HELEN GYM,DEM,8
40-20,JAMES M DELEON,DEM,1
40-20,JEFF BROWN,DEM,7
40-20,REBECCA RHYNHART,DEM,6
40-20,WARREN BLOOM,DEM,0
40-20,WRITE-IN,DEM,0
40-20,WRITE-IN,REP,0
40-21,ALLAN DOMB,DEM,3
40-21,AMEN  BROWN,DEM,2
40-21,CHERELLE L PARKER,DEM,27
40-21,DAVID OH,REP,1
40-21,DELSCIA GRAY,DEM,0
40-21,HELEN GYM,DEM,11
40-21,JAMES M DELEON,DEM,2
40-21,JEFF BROWN,DEM,5
40-21,REBECCA RHYNHART,DEM,7
40-21,WARREN BLOOM,DEM,0
40-21,WRITE-IN,DEM,0
40-21,WRITE-IN,REP,0
40-22,ALLAN DOMB,DEM,2
40-22,AMEN  BROWN,DEM,2
40-22,CHERELLE L PARKER,DEM,38
40-22,DAVID OH,REP,0
40-22,DELSCIA GRAY,DEM,1
40-22,HELEN GYM,DEM,10
40-22,JAMES M DELEON,DEM,0
40-22,JEFF BROWN,DEM,6
40-22,REBECCA RHYNHART,DEM,1
40-22,WARREN BLOOM,DEM,0
40-22,WRITE-IN,DEM,0
40-22,WRITE-IN,REP,0
40-23,ALLAN DOMB,DEM,4
40-23,AMEN  BROWN,DEM,2
40-23,CHERELLE L PARKER,DEM,47
40-23,DAVID OH,REP,1
40-23,DELSCIA GRAY,DEM,0
40-23,HELEN GYM,DEM,11
40-23,JAMES M DELEON,DEM,2
40-23,JEFF BROWN,DEM,14
40-23,REBECCA RHYNHART,DEM,7
40-23,WARREN BLOOM,DEM,0
40-23,WRITE-IN,DEM,0
40-23,WRITE-IN,REP,0
40-24,ALLAN DOMB,DEM,5
40-24,AMEN  BROWN,DEM,4
40-24,CHERELLE L PARKER,DEM,68
40-24,DAVID OH,REP,5
40-24,DELSCIA GRAY,DEM,1
40-24,HELEN GYM,DEM,24
40-24,JAMES M DELEON,DEM,0
40-24,JEFF BROWN,DEM,15
40-24,REBECCA RHYNHART,DEM,11
40-24,WARREN BLOOM,DEM,0
40-24,WRITE-IN,DEM,0
40-24,WRITE-IN,REP,0
40-25,ALLAN DOMB,DEM,12
40-25,AMEN  BROWN,DEM,3
40-25,CHERELLE L PARKER,DEM,63
40-25,DAVID OH,REP,3
40-25,DELSCIA GRAY,DEM,1
40-25,HELEN GYM,DEM,13
40-25,JAMES M DELEON,DEM,0
40-25,JEFF BROWN,DEM,14
40-25,REBECCA RHYNHART,DEM,5
40-25,WARREN BLOOM,DEM,0
40-25,WRITE-IN,DEM,0
40-25,WRITE-IN,REP,0
40-26,ALLAN DOMB,DEM,3
40-26,AMEN  BROWN,DEM,1
40-26,CHERELLE L PARKER,DEM,35
40-26,DAVID OH,REP,1
40-26,DELSCIA GRAY,DEM,0
40-26,HELEN GYM,DEM,6
40-26,JAMES M DELEON,DEM,1
40-26,JEFF BROWN,DEM,12
40-26,REBECCA RHYNHART,DEM,2
40-26,WARREN BLOOM,DEM,0
40-26,WRITE-IN,DEM,0
40-26,WRITE-IN,REP,0
40-27,ALLAN DOMB,DEM,9
40-27,AMEN  BROWN,DEM,3
40-27,CHERELLE L PARKER,DEM,54
40-27,DAVID OH,REP,1
40-27,DELSCIA GRAY,DEM,0
40-27,HELEN GYM,DEM,9
40-27,JAMES M DELEON,DEM,0
40-27,JEFF BROWN,DEM,7
40-27,REBECCA RHYNHART,DEM,4
40-27,WARREN BLOOM,DEM,0
40-27,WRITE-IN,DEM,0
40-27,WRITE-IN,REP,0
40-28,ALLAN DOMB,DEM,11
40-28,AMEN  BROWN,DEM,3
40-28,CHERELLE L PARKER,DEM,99
40-28,DAVID OH,REP,12
40-28,DELSCIA GRAY,DEM,0
40-28,HELEN GYM,DEM,12
40-28,JAMES M DELEON,DEM,2
40-28,JEFF BROWN,DEM,19
40-28,REBECCA RHYNHART,DEM,10
40-28,WARREN BLOOM,DEM,0
40-28,WRITE-IN,DEM,0
40-28,WRITE-IN,REP,1
40-29,ALLAN DOMB,DEM,5
40-29,AMEN  BROWN,DEM,6
40-29,CHERELLE L PARKER,DEM,55
40-29,DAVID OH,REP,1
40-29,DELSCIA GRAY,DEM,1
40-29,HELEN GYM,DEM,13
40-29,JAMES M DELEON,DEM,1
40-29,JEFF BROWN,DEM,15
40-29,REBECCA RHYNHART,DEM,12
40-29,WARREN BLOOM,DEM,1
40-29,WRITE-IN,DEM,0
40-29,WRITE-IN,REP,1
40-30,ALLAN DOMB,DEM,9
40-30,AMEN  BROWN,DEM,1
40-30,CHERELLE L PARKER,DEM,61
40-30,DAVID OH,REP,4
40-30,DELSCIA GRAY,DEM,0
40-30,HELEN GYM,DEM,9
40-30,JAMES M DELEON,DEM,1
40-30,JEFF BROWN,DEM,23
40-30,REBECCA RHYNHART,DEM,4
40-30,WARREN BLOOM,DEM,0
40-30,WRITE-IN,DEM,0
40-30,WRITE-IN,REP,0
40-31,ALLAN DOMB,DEM,5
40-31,AMEN  BROWN,DEM,5
40-31,CHERELLE L PARKER,DEM,51
40-31,DAVID OH,REP,2
40-31,DELSCIA GRAY,DEM,1
40-31,HELEN GYM,DEM,16
40-31,JAMES M DELEON,DEM,0
40-31,JEFF BROWN,DEM,10
40-31,REBECCA RHYNHART,DEM,4
40-31,WARREN BLOOM,DEM,0
40-31,WRITE-IN,DEM,0
40-31,WRITE-IN,REP,0
40-32,ALLAN DOMB,DEM,7
40-32,AMEN  BROWN,DEM,2
40-32,CHERELLE L PARKER,DEM,76
40-32,DAVID OH,REP,1
40-32,DELSCIA GRAY,DEM,1
40-32,HELEN GYM,DEM,12
40-32,JAMES M DELEON,DEM,2
40-32,JEFF BROWN,DEM,9
40-32,REBECCA RHYNHART,DEM,17
40-32,WARREN BLOOM,DEM,0
40-32,WRITE-IN,DEM,0
40-32,WRITE-IN,REP,0
40-33,ALLAN DOMB,DEM,8
40-33,AMEN  BROWN,DEM,1
40-33,CHERELLE L PARKER,DEM,39
40-33,DAVID OH,REP,2
40-33,DELSCIA GRAY,DEM,0
40-33,HELEN GYM,DEM,5
40-33,JAMES M DELEON,DEM,0
40-33,JEFF BROWN,DEM,6
40-33,REBECCA RHYNHART,DEM,2
40-33,WARREN BLOOM,DEM,1
40-33,WRITE-IN,DEM,0
40-33,WRITE-IN,REP,0
40-34,ALLAN DOMB,DEM,6
40-34,AMEN  BROWN,DEM,2
40-34,CHERELLE L PARKER,DEM,40
40-34,DAVID OH,REP,3
40-34,DELSCIA GRAY,DEM,0
40-34,HELEN GYM,DEM,6
40-34,JAMES M DELEON,DEM,0
40-34,JEFF BROWN,DEM,8
40-34,REBECCA RHYNHART,DEM,4
40-34,WARREN BLOOM,DEM,0
40-34,WRITE-IN,DEM,0
40-34,WRITE-IN,REP,0
40-35,ALLAN DOMB,DEM,4
40-35,AMEN  BROWN,DEM,5
40-35,CHERELLE L PARKER,DEM,72
40-35,DAVID OH,REP,5
40-35,DELSCIA GRAY,DEM,1
40-35,HELEN GYM,DEM,15
40-35,JAMES M DELEON,DEM,3
40-35,JEFF BROWN,DEM,17
40-35,REBECCA RHYNHART,DEM,12
40-35,WARREN BLOOM,DEM,0
40-35,WRITE-IN,DEM,0
40-35,WRITE-IN,REP,0
40-36,ALLAN DOMB,DEM,2
40-36,AMEN  BROWN,DEM,2
40-36,CHERELLE L PARKER,DEM,58
40-36,DAVID OH,REP,2
40-36,DELSCIA GRAY,DEM,0
40-36,HELEN GYM,DEM,9
40-36,JAMES M DELEON,DEM,2
40-36,JEFF BROWN,DEM,15
40-36,REBECCA RHYNHART,DEM,11
40-36,WARREN BLOOM,DEM,0
40-36,WRITE-IN,DEM,0
40-36,WRITE-IN,REP,0
40-37,ALLAN DOMB,DEM,21
40-37,AMEN  BROWN,DEM,2
40-37,CHERELLE L PARKER,DEM,97
40-37,DAVID OH,REP,8
40-37,DELSCIA GRAY,DEM,0
40-37,HELEN GYM,DEM,17
40-37,JAMES M DELEON,DEM,3
40-37,JEFF BROWN,DEM,35
40-37,REBECCA RHYNHART,DEM,20
40-37,WARREN BLOOM,DEM,0
40-37,WRITE-IN,DEM,0
40-37,WRITE-IN,REP,0
40-38,ALLAN DOMB,DEM,21
40-38,AMEN  BROWN,DEM,1
40-38,CHERELLE L PARKER,DEM,137
40-38,DAVID OH,REP,3
40-38,DELSCIA GRAY,DEM,0
40-38,HELEN GYM,DEM,27
40-38,JAMES M DELEON,DEM,0
40-38,JEFF BROWN,DEM,50
40-38,REBECCA RHYNHART,DEM,26
40-38,WARREN BLOOM,DEM,0
40-38,WRITE-IN,DEM,0
40-38,WRITE-IN,REP,0
40-39,ALLAN DOMB,DEM,2
40-39,AMEN  BROWN,DEM,4
40-39,CHERELLE L PARKER,DEM,60
40-39,DAVID OH,REP,2
40-39,DELSCIA GRAY,DEM,1
40-39,HELEN GYM,DEM,11
40-39,JAMES M DELEON,DEM,1
40-39,JEFF BROWN,DEM,11
40-39,REBECCA RHYNHART,DEM,4
40-39,WARREN BLOOM,DEM,0
40-39,WRITE-IN,DEM,0
40-39,WRITE-IN,REP,0
40-40,ALLAN DOMB,DEM,27
40-40,AMEN  BROWN,DEM,2
40-40,CHERELLE L PARKER,DEM,134
40-40,DAVID OH,REP,5
40-40,DELSCIA GRAY,DEM,0
40-40,HELEN GYM,DEM,33
40-40,JAMES M DELEON,DEM,3
40-40,JEFF BROWN,DEM,39
40-40,REBECCA RHYNHART,DEM,34
40-40,WARREN BLOOM,DEM,0
40-40,WRITE-IN,DEM,0
40-40,WRITE-IN,REP,0
40-41,ALLAN DOMB,DEM,4
40-41,AMEN  BROWN,DEM,2
40-41,CHERELLE L PARKER,DEM,51
40-41,DAVID OH,REP,0
40-41,DELSCIA GRAY,DEM,0
40-41,HELEN GYM,DEM,4
40-41,JAMES M DELEON,DEM,1
40-41,JEFF BROWN,DEM,11
40-41,REBECCA RHYNHART,DEM,7
40-41,WARREN BLOOM,DEM,2
40-41,WRITE-IN,DEM,0
40-41,WRITE-IN,REP,1
40-42,ALLAN DOMB,DEM,15
40-42,AMEN  BROWN,DEM,4
40-42,CHERELLE L PARKER,DEM,106
40-42,DAVID OH,REP,2
40-42,DELSCIA GRAY,DEM,0
40-42,HELEN GYM,DEM,19
40-42,JAMES M DELEON,DEM,0
40-42,JEFF BROWN,DEM,21
40-42,REBECCA RHYNHART,DEM,14
40-42,WARREN BLOOM,DEM,1
40-42,WRITE-IN,DEM,0
40-42,WRITE-IN,REP,0
40-43,ALLAN DOMB,DEM,10
40-43,AMEN  BROWN,DEM,2
40-43,CHERELLE L PARKER,DEM,42
40-43,DAVID OH,REP,4
40-43,DELSCIA GRAY,DEM,0
40-43,HELEN GYM,DEM,8
40-43,JAMES M DELEON,DEM,1
40-43,JEFF BROWN,DEM,13
40-43,REBECCA RHYNHART,DEM,12
40-43,WARREN BLOOM,DEM,1
40-43,WRITE-IN,DEM,0
40-43,WRITE-IN,REP,0
40-44,ALLAN DOMB,DEM,24
40-44,AMEN  BROWN,DEM,2
40-44,CHERELLE L PARKER,DEM,109
40-44,DAVID OH,REP,1
40-44,DELSCIA GRAY,DEM,0
40-44,HELEN GYM,DEM,29
40-44,JAMES M DELEON,DEM,4
40-44,JEFF BROWN,DEM,37
40-44,REBECCA RHYNHART,DEM,24
40-44,WARREN BLOOM,DEM,2
40-44,WRITE-IN,DEM,0
40-44,WRITE-IN,REP,0
40-45,ALLAN DOMB,DEM,25
40-45,AMEN  BROWN,DEM,2
40-45,CHERELLE L PARKER,DEM,107
40-45,DAVID OH,REP,3
40-45,DELSCIA GRAY,DEM,0
40-45,HELEN GYM,DEM,27
40-45,JAMES M DELEON,DEM,1
40-45,JEFF BROWN,DEM,35
40-45,REBECCA RHYNHART,DEM,18
40-45,WARREN BLOOM,DEM,2
40-45,WRITE-IN,DEM,0
40-45,WRITE-IN,REP,0
40-46,ALLAN DOMB,DEM,21
40-46,AMEN  BROWN,DEM,5
40-46,CHERELLE L PARKER,DEM,95
40-46,DAVID OH,REP,8
40-46,DELSCIA GRAY,DEM,1
40-46,HELEN GYM,DEM,14
40-46,JAMES M DELEON,DEM,1
40-46,JEFF BROWN,DEM,21
40-46,REBECCA RHYNHART,DEM,13
40-46,WARREN BLOOM,DEM,2
40-46,WRITE-IN,DEM,0
40-46,WRITE-IN,REP,0
40-47,ALLAN DOMB,DEM,0
40-47,AMEN  BROWN,DEM,0
40-47,CHERELLE L PARKER,DEM,29
40-47,DAVID OH,REP,0
40-47,DELSCIA GRAY,DEM,0
40-47,HELEN GYM,DEM,2
40-47,JAMES M DELEON,DEM,0
40-47,JEFF BROWN,DEM,6
40-47,REBECCA RHYNHART,DEM,4
40-47,WARREN BLOOM,DEM,0
40-47,WRITE-IN,DEM,0
40-47,WRITE-IN,REP,0
40-48,ALLAN DOMB,DEM,18
40-48,AMEN  BROWN,DEM,4
40-48,CHERELLE L PARKER,DEM,98
40-48,DAVID OH,REP,2
40-48,DELSCIA GRAY,DEM,0
40-48,HELEN GYM,DEM,16
40-48,JAMES M DELEON,DEM,1
40-48,JEFF BROWN,DEM,28
40-48,REBECCA RHYNHART,DEM,17
40-48,WARREN BLOOM,DEM,0
40-48,WRITE-IN,DEM,0
40-48,WRITE-IN,REP,1
40-49,ALLAN DOMB,DEM,20
40-49,AMEN  BROWN,DEM,1
40-49,CHERELLE L PARKER,DEM,81
40-49,DAVID OH,REP,14
40-49,DELSCIA GRAY,DEM,0
40-49,HELEN GYM,DEM,27
40-49,JAMES M DELEON,DEM,1
40-49,JEFF BROWN,DEM,25
40-49,REBECCA RHYNHART,DEM,15
40-49,WARREN BLOOM,DEM,0
40-49,WRITE-IN,DEM,0
40-49,WRITE-IN,REP,0
40-50,ALLAN DOMB,DEM,17
40-50,AMEN  BROWN,DEM,4
40-50,CHERELLE L PARKER,DEM,80
40-50,DAVID OH,REP,4
40-50,DELSCIA GRAY,DEM,1
40-50,HELEN GYM,DEM,18
40-50,JAMES M DELEON,DEM,0
40-50,JEFF BROWN,DEM,28
40-50,REBECCA RHYNHART,DEM,12
40-50,WARREN BLOOM,DEM,0
40-50,WRITE-IN,DEM,1
40-50,WRITE-IN,REP,0
40-51,ALLAN DOMB,DEM,5
40-51,AMEN  BROWN,DEM,1
40-51,CHERELLE L PARKER,DEM,43
40-51,DAVID OH,REP,4
40-51,DELSCIA GRAY,DEM,2
40-51,HELEN GYM,DEM,15
40-51,JAMES M DELEON,DEM,3
40-51,JEFF BROWN,DEM,14
40-51,REBECCA RHYNHART,DEM,7
40-51,WARREN BLOOM,DEM,0
40-51,WRITE-IN,DEM,0
40-51,WRITE-IN,REP,0
41-01,ALLAN DOMB,DEM,11
41-01,AMEN  BROWN,DEM,0
41-01,CHERELLE L PARKER,DEM,26
41-01,DAVID OH,REP,4
41-01,DELSCIA GRAY,DEM,0
41-01,HELEN GYM,DEM,7
41-01,JAMES M DELEON,DEM,2
41-01,JEFF BROWN,DEM,9
41-01,REBECCA RHYNHART,DEM,7
41-01,WARREN BLOOM,DEM,2
41-01,WRITE-IN,DEM,0
41-01,WRITE-IN,REP,0
41-02,ALLAN DOMB,DEM,15
41-02,AMEN  BROWN,DEM,1
41-02,CHERELLE L PARKER,DEM,23
41-02,DAVID OH,REP,9
41-02,DELSCIA GRAY,DEM,0
41-02,HELEN GYM,DEM,11
41-02,JAMES M DELEON,DEM,1
41-02,JEFF BROWN,DEM,9
41-02,REBECCA RHYNHART,DEM,14
41-02,WARREN BLOOM,DEM,0
41-02,WRITE-IN,DEM,0
41-02,WRITE-IN,REP,0
41-03,ALLAN DOMB,DEM,14
41-03,AMEN  BROWN,DEM,1
41-03,CHERELLE L PARKER,DEM,25
41-03,DAVID OH,REP,3
41-03,DELSCIA GRAY,DEM,1
41-03,HELEN GYM,DEM,3
41-03,JAMES M DELEON,DEM,0
41-03,JEFF BROWN,DEM,7
41-03,REBECCA RHYNHART,DEM,9
41-03,WARREN BLOOM,DEM,1
41-03,WRITE-IN,DEM,0
41-03,WRITE-IN,REP,0
41-04,ALLAN DOMB,DEM,23
41-04,AMEN  BROWN,DEM,0
41-04,CHERELLE L PARKER,DEM,14
41-04,DAVID OH,REP,8
41-04,DELSCIA GRAY,DEM,0
41-04,HELEN GYM,DEM,8
41-04,JAMES M DELEON,DEM,3
41-04,JEFF BROWN,DEM,4
41-04,REBECCA RHYNHART,DEM,15
41-04,WARREN BLOOM,DEM,1
41-04,WRITE-IN,DEM,1
41-04,WRITE-IN,REP,0
41-05,ALLAN DOMB,DEM,12
41-05,AMEN  BROWN,DEM,0
41-05,CHERELLE L PARKER,DEM,18
41-05,DAVID OH,REP,3
41-05,DELSCIA GRAY,DEM,0
41-05,HELEN GYM,DEM,5
41-05,JAMES M DELEON,DEM,0
41-05,JEFF BROWN,DEM,2
41-05,REBECCA RHYNHART,DEM,4
41-05,WARREN BLOOM,DEM,0
41-05,WRITE-IN,DEM,1
41-05,WRITE-IN,REP,1
41-06,ALLAN DOMB,DEM,7
41-06,AMEN  BROWN,DEM,1
41-06,CHERELLE L PARKER,DEM,21
41-06,DAVID OH,REP,6
41-06,DELSCIA GRAY,DEM,1
41-06,HELEN GYM,DEM,11
41-06,JAMES M DELEON,DEM,0
41-06,JEFF BROWN,DEM,9
41-06,REBECCA RHYNHART,DEM,8
41-06,WARREN BLOOM,DEM,1
41-06,WRITE-IN,DEM,0
41-06,WRITE-IN,REP,1
41-07,ALLAN DOMB,DEM,21
41-07,AMEN  BROWN,DEM,2
41-07,CHERELLE L PARKER,DEM,5
41-07,DAVID OH,REP,8
41-07,DELSCIA GRAY,DEM,0
41-07,HELEN GYM,DEM,10
41-07,JAMES M DELEON,DEM,0
41-07,JEFF BROWN,DEM,7
41-07,REBECCA RHYNHART,DEM,6
41-07,WARREN BLOOM,DEM,0
41-07,WRITE-IN,DEM,0
41-07,WRITE-IN,REP,1
41-08,ALLAN DOMB,DEM,8
41-08,AMEN  BROWN,DEM,0
41-08,CHERELLE L PARKER,DEM,11
41-08,DAVID OH,REP,10
41-08,DELSCIA GRAY,DEM,0
41-08,HELEN GYM,DEM,4
41-08,JAMES M DELEON,DEM,0
41-08,JEFF BROWN,DEM,6
41-08,REBECCA RHYNHART,DEM,4
41-08,WARREN BLOOM,DEM,1
41-08,WRITE-IN,DEM,1
41-08,WRITE-IN,REP,0
41-09,ALLAN DOMB,DEM,12
41-09,AMEN  BROWN,DEM,1
41-09,CHERELLE L PARKER,DEM,23
41-09,DAVID OH,REP,4
41-09,DELSCIA GRAY,DEM,0
41-09,HELEN GYM,DEM,12
41-09,JAMES M DELEON,DEM,1
41-09,JEFF BROWN,DEM,10
41-09,REBECCA RHYNHART,DEM,13
41-09,WARREN BLOOM,DEM,0
41-09,WRITE-IN,DEM,0
41-09,WRITE-IN,REP,1
41-10,ALLAN DOMB,DEM,20
41-10,AMEN  BROWN,DEM,1
41-10,CHERELLE L PARKER,DEM,18
41-10,DAVID OH,REP,8
41-10,DELSCIA GRAY,DEM,0
41-10,HELEN GYM,DEM,10
41-10,JAMES M DELEON,DEM,0
41-10,JEFF BROWN,DEM,11
41-10,REBECCA RHYNHART,DEM,20
41-10,WARREN BLOOM,DEM,0
41-10,WRITE-IN,DEM,0
41-10,WRITE-IN,REP,0
41-11,ALLAN DOMB,DEM,18
41-11,AMEN  BROWN,DEM,0
41-11,CHERELLE L PARKER,DEM,15
41-11,DAVID OH,REP,12
41-11,DELSCIA GRAY,DEM,0
41-11,HELEN GYM,DEM,11
41-11,JAMES M DELEON,DEM,1
41-11,JEFF BROWN,DEM,6
41-11,REBECCA RHYNHART,DEM,8
41-11,WARREN BLOOM,DEM,0
41-11,WRITE-IN,DEM,0
41-11,WRITE-IN,REP,0
41-12,ALLAN DOMB,DEM,14
41-12,AMEN  BROWN,DEM,1
41-12,CHERELLE L PARKER,DEM,22
41-12,DAVID OH,REP,9
41-12,DELSCIA GRAY,DEM,0
41-12,HELEN GYM,DEM,8
41-12,JAMES M DELEON,DEM,1
41-12,JEFF BROWN,DEM,10
41-12,REBECCA RHYNHART,DEM,17
41-12,WARREN BLOOM,DEM,0
41-12,WRITE-IN,DEM,0
41-12,WRITE-IN,REP,0
41-13,ALLAN DOMB,DEM,12
41-13,AMEN  BROWN,DEM,1
41-13,CHERELLE L PARKER,DEM,23
41-13,DAVID OH,REP,10
41-13,DELSCIA GRAY,DEM,0
41-13,HELEN GYM,DEM,14
41-13,JAMES M DELEON,DEM,2
41-13,JEFF BROWN,DEM,5
41-13,REBECCA RHYNHART,DEM,16
41-13,WARREN BLOOM,DEM,1
41-13,WRITE-IN,DEM,0
41-13,WRITE-IN,REP,0
41-14,ALLAN DOMB,DEM,15
41-14,AMEN  BROWN,DEM,0
41-14,CHERELLE L PARKER,DEM,15
41-14,DAVID OH,REP,11
41-14,DELSCIA GRAY,DEM,0
41-14,HELEN GYM,DEM,15
41-14,JAMES M DELEON,DEM,0
41-14,JEFF BROWN,DEM,5
41-14,REBECCA RHYNHART,DEM,14
41-14,WARREN BLOOM,DEM,0
41-14,WRITE-IN,DEM,0
41-14,WRITE-IN,REP,0
41-15,ALLAN DOMB,DEM,25
41-15,AMEN  BROWN,DEM,1
41-15,CHERELLE L PARKER,DEM,14
41-15,DAVID OH,REP,6
41-15,DELSCIA GRAY,DEM,0
41-15,HELEN GYM,DEM,6
41-15,JAMES M DELEON,DEM,1
41-15,JEFF BROWN,DEM,14
41-15,REBECCA RHYNHART,DEM,11
41-15,WARREN BLOOM,DEM,0
41-15,WRITE-IN,DEM,0
41-15,WRITE-IN,REP,0
41-16,ALLAN DOMB,DEM,18
41-16,AMEN  BROWN,DEM,0
41-16,CHERELLE L PARKER,DEM,14
41-16,DAVID OH,REP,13
41-16,DELSCIA GRAY,DEM,0
41-16,HELEN GYM,DEM,5
41-16,JAMES M DELEON,DEM,0
41-16,JEFF BROWN,DEM,7
41-16,REBECCA RHYNHART,DEM,6
41-16,WARREN BLOOM,DEM,0
41-16,WRITE-IN,DEM,0
41-16,WRITE-IN,REP,0
41-17,ALLAN DOMB,DEM,22
41-17,AMEN  BROWN,DEM,4
41-17,CHERELLE L PARKER,DEM,21
41-17,DAVID OH,REP,16
41-17,DELSCIA GRAY,DEM,0
41-17,HELEN GYM,DEM,10
41-17,JAMES M DELEON,DEM,1
41-17,JEFF BROWN,DEM,17
41-17,REBECCA RHYNHART,DEM,15
41-17,WARREN BLOOM,DEM,0
41-17,WRITE-IN,DEM,0
41-17,WRITE-IN,REP,1
41-18,ALLAN DOMB,DEM,16
41-18,AMEN  BROWN,DEM,1
41-18,CHERELLE L PARKER,DEM,6
41-18,DAVID OH,REP,12
41-18,DELSCIA GRAY,DEM,0
41-18,HELEN GYM,DEM,6
41-18,JAMES M DELEON,DEM,0
41-18,JEFF BROWN,DEM,5
41-18,REBECCA RHYNHART,DEM,18
41-18,WARREN BLOOM,DEM,0
41-18,WRITE-IN,DEM,0
41-18,WRITE-IN,REP,0
41-19,ALLAN DOMB,DEM,10
41-19,AMEN  BROWN,DEM,1
41-19,CHERELLE L PARKER,DEM,11
41-19,DAVID OH,REP,8
41-19,DELSCIA GRAY,DEM,1
41-19,HELEN GYM,DEM,14
41-19,JAMES M DELEON,DEM,0
41-19,JEFF BROWN,DEM,8
41-19,REBECCA RHYNHART,DEM,9
41-19,WARREN BLOOM,DEM,0
41-19,WRITE-IN,DEM,0
41-19,WRITE-IN,REP,0
41-20,ALLAN DOMB,DEM,17
41-20,AMEN  BROWN,DEM,0
41-20,CHERELLE L PARKER,DEM,20
41-20,DAVID OH,REP,7
41-20,DELSCIA GRAY,DEM,1
41-20,HELEN GYM,DEM,6
41-20,JAMES M DELEON,DEM,0
41-20,JEFF BROWN,DEM,7
41-20,REBECCA RHYNHART,DEM,5
41-20,WARREN BLOOM,DEM,0
41-20,WRITE-IN,DEM,0
41-20,WRITE-IN,REP,0
41-21,ALLAN DOMB,DEM,14
41-21,AMEN  BROWN,DEM,1
41-21,CHERELLE L PARKER,DEM,19
41-21,DAVID OH,REP,11
41-21,DELSCIA GRAY,DEM,0
41-21,HELEN GYM,DEM,6
41-21,JAMES M DELEON,DEM,1
41-21,JEFF BROWN,DEM,8
41-21,REBECCA RHYNHART,DEM,21
41-21,WARREN BLOOM,DEM,0
41-21,WRITE-IN,DEM,0
41-21,WRITE-IN,REP,0
41-22,ALLAN DOMB,DEM,10
41-22,AMEN  BROWN,DEM,0
41-22,CHERELLE L PARKER,DEM,3
41-22,DAVID OH,REP,1
41-22,DELSCIA GRAY,DEM,0
41-22,HELEN GYM,DEM,10
41-22,JAMES M DELEON,DEM,0
41-22,JEFF BROWN,DEM,8
41-22,REBECCA RHYNHART,DEM,9
41-22,WARREN BLOOM,DEM,0
41-22,WRITE-IN,DEM,0
41-22,WRITE-IN,REP,0
41-23,ALLAN DOMB,DEM,21
41-23,AMEN  BROWN,DEM,1
41-23,CHERELLE L PARKER,DEM,22
41-23,DAVID OH,REP,10
41-23,DELSCIA GRAY,DEM,0
41-23,HELEN GYM,DEM,10
41-23,JAMES M DELEON,DEM,1
41-23,JEFF BROWN,DEM,7
41-23,REBECCA RHYNHART,DEM,14
41-23,WARREN BLOOM,DEM,0
41-23,WRITE-IN,DEM,0
41-23,WRITE-IN,REP,1
41-24,ALLAN DOMB,DEM,21
41-24,AMEN  BROWN,DEM,0
41-24,CHERELLE L PARKER,DEM,13
41-24,DAVID OH,REP,8
41-24,DELSCIA GRAY,DEM,0
41-24,HELEN GYM,DEM,4
41-24,JAMES M DELEON,DEM,1
41-24,JEFF BROWN,DEM,10
41-24,REBECCA RHYNHART,DEM,13
41-24,WARREN BLOOM,DEM,0
41-24,WRITE-IN,DEM,0
41-24,WRITE-IN,REP,1
41-25,ALLAN DOMB,DEM,25
41-25,AMEN  BROWN,DEM,1
41-25,CHERELLE L PARKER,DEM,31
41-25,DAVID OH,REP,7
41-25,DELSCIA GRAY,DEM,3
41-25,HELEN GYM,DEM,13
41-25,JAMES M DELEON,DEM,2
41-25,JEFF BROWN,DEM,9
41-25,REBECCA RHYNHART,DEM,15
41-25,WARREN BLOOM,DEM,0
41-25,WRITE-IN,DEM,1
41-25,WRITE-IN,REP,1
41-26,ALLAN DOMB,DEM,16
41-26,AMEN  BROWN,DEM,2
41-26,CHERELLE L PARKER,DEM,17
41-26,DAVID OH,REP,6
41-26,DELSCIA GRAY,DEM,1
41-26,HELEN GYM,DEM,11
41-26,JAMES M DELEON,DEM,1
41-26,JEFF BROWN,DEM,3
41-26,REBECCA RHYNHART,DEM,6
41-26,WARREN BLOOM,DEM,0
41-26,WRITE-IN,DEM,0
41-26,WRITE-IN,REP,0
42-01,ALLAN DOMB,DEM,8
42-01,AMEN  BROWN,DEM,2
42-01,CHERELLE L PARKER,DEM,46
42-01,DAVID OH,REP,3
42-01,DELSCIA GRAY,DEM,1
42-01,HELEN GYM,DEM,22
42-01,JAMES M DELEON,DEM,5
42-01,JEFF BROWN,DEM,12
42-01,REBECCA RHYNHART,DEM,10
42-01,WARREN BLOOM,DEM,1
42-01,WRITE-IN,DEM,0
42-01,WRITE-IN,REP,0
42-02,ALLAN DOMB,DEM,4
42-02,AMEN  BROWN,DEM,2
42-02,CHERELLE L PARKER,DEM,30
42-02,DAVID OH,REP,3
42-02,DELSCIA GRAY,DEM,0
42-02,HELEN GYM,DEM,14
42-02,JAMES M DELEON,DEM,2
42-02,JEFF BROWN,DEM,7
42-02,REBECCA RHYNHART,DEM,6
42-02,WARREN BLOOM,DEM,0
42-02,WRITE-IN,DEM,0
42-02,WRITE-IN,REP,1
42-03,ALLAN DOMB,DEM,7
42-03,AMEN  BROWN,DEM,2
42-03,CHERELLE L PARKER,DEM,48
42-03,DAVID OH,REP,6
42-03,DELSCIA GRAY,DEM,0
42-03,HELEN GYM,DEM,6
42-03,JAMES M DELEON,DEM,0
42-03,JEFF BROWN,DEM,16
42-03,REBECCA RHYNHART,DEM,7
42-03,WARREN BLOOM,DEM,0
42-03,WRITE-IN,DEM,0
42-03,WRITE-IN,REP,1
42-04,ALLAN DOMB,DEM,12
42-04,AMEN  BROWN,DEM,2
42-04,CHERELLE L PARKER,DEM,28
42-04,DAVID OH,REP,1
42-04,DELSCIA GRAY,DEM,0
42-04,HELEN GYM,DEM,2
42-04,JAMES M DELEON,DEM,2
42-04,JEFF BROWN,DEM,2
42-04,REBECCA RHYNHART,DEM,6
42-04,WARREN BLOOM,DEM,2
42-04,WRITE-IN,DEM,0
42-04,WRITE-IN,REP,1
42-05,ALLAN DOMB,DEM,5
42-05,AMEN  BROWN,DEM,4
42-05,CHERELLE L PARKER,DEM,39
42-05,DAVID OH,REP,3
42-05,DELSCIA GRAY,DEM,2
42-05,HELEN GYM,DEM,15
42-05,JAMES M DELEON,DEM,2
42-05,JEFF BROWN,DEM,8
42-05,REBECCA RHYNHART,DEM,10
42-05,WARREN BLOOM,DEM,1
42-05,WRITE-IN,DEM,2
42-05,WRITE-IN,REP,0
42-06,ALLAN DOMB,DEM,7
42-06,AMEN  BROWN,DEM,3
42-06,CHERELLE L PARKER,DEM,16
42-06,DAVID OH,REP,2
42-06,DELSCIA GRAY,DEM,0
42-06,HELEN GYM,DEM,9
42-06,JAMES M DELEON,DEM,5
42-06,JEFF BROWN,DEM,10
42-06,REBECCA RHYNHART,DEM,8
42-06,WARREN BLOOM,DEM,0
42-06,WRITE-IN,DEM,0
42-06,WRITE-IN,REP,1
42-07,ALLAN DOMB,DEM,5
42-07,AMEN  BROWN,DEM,2
42-07,CHERELLE L PARKER,DEM,22
42-07,DAVID OH,REP,3
42-07,DELSCIA GRAY,DEM,0
42-07,HELEN GYM,DEM,6
42-07,JAMES M DELEON,DEM,3
42-07,JEFF BROWN,DEM,11
42-07,REBECCA RHYNHART,DEM,6
42-07,WARREN BLOOM,DEM,0
42-07,WRITE-IN,DEM,0
42-07,WRITE-IN,REP,0
42-08,ALLAN DOMB,DEM,4
42-08,AMEN  BROWN,DEM,2
42-08,CHERELLE L PARKER,DEM,42
42-08,DAVID OH,REP,2
42-08,DELSCIA GRAY,DEM,0
42-08,HELEN GYM,DEM,11
42-08,JAMES M DELEON,DEM,1
42-08,JEFF BROWN,DEM,2
42-08,REBECCA RHYNHART,DEM,9
42-08,WARREN BLOOM,DEM,0
42-08,WRITE-IN,DEM,0
42-08,WRITE-IN,REP,0
42-09,ALLAN DOMB,DEM,12
42-09,AMEN  BROWN,DEM,0
42-09,CHERELLE L PARKER,DEM,27
42-09,DAVID OH,REP,1
42-09,DELSCIA GRAY,DEM,1
42-09,HELEN GYM,DEM,8
42-09,JAMES M DELEON,DEM,2
42-09,JEFF BROWN,DEM,8
42-09,REBECCA RHYNHART,DEM,8
42-09,WARREN BLOOM,DEM,1
42-09,WRITE-IN,DEM,0
42-09,WRITE-IN,REP,0
42-10,ALLAN DOMB,DEM,6
42-10,AMEN  BROWN,DEM,1
42-10,CHERELLE L PARKER,DEM,30
42-10,DAVID OH,REP,0
42-10,DELSCIA GRAY,DEM,0
42-10,HELEN GYM,DEM,5
42-10,JAMES M DELEON,DEM,2
42-10,JEFF BROWN,DEM,12
42-10,REBECCA RHYNHART,DEM,2
42-10,WARREN BLOOM,DEM,0
42-10,WRITE-IN,DEM,0
42-10,WRITE-IN,REP,0
42-11,ALLAN DOMB,DEM,5
42-11,AMEN  BROWN,DEM,1
42-11,CHERELLE L PARKER,DEM,46
42-11,DAVID OH,REP,2
42-11,DELSCIA GRAY,DEM,0
42-11,HELEN GYM,DEM,12
42-11,JAMES M DELEON,DEM,0
42-11,JEFF BROWN,DEM,6
42-11,REBECCA RHYNHART,DEM,9
42-11,WARREN BLOOM,DEM,0
42-11,WRITE-IN,DEM,0
42-11,WRITE-IN,REP,0
42-12,ALLAN DOMB,DEM,2
42-12,AMEN  BROWN,DEM,2
42-12,CHERELLE L PARKER,DEM,40
42-12,DAVID OH,REP,1
42-12,DELSCIA GRAY,DEM,0
42-12,HELEN GYM,DEM,9
42-12,JAMES M DELEON,DEM,0
42-12,JEFF BROWN,DEM,9
42-12,REBECCA RHYNHART,DEM,7
42-12,WARREN BLOOM,DEM,0
42-12,WRITE-IN,DEM,0
42-12,WRITE-IN,REP,0
42-13,ALLAN DOMB,DEM,12
42-13,AMEN  BROWN,DEM,3
42-13,CHERELLE L PARKER,DEM,83
42-13,DAVID OH,REP,2
42-13,DELSCIA GRAY,DEM,0
42-13,HELEN GYM,DEM,11
42-13,JAMES M DELEON,DEM,1
42-13,JEFF BROWN,DEM,15
42-13,REBECCA RHYNHART,DEM,12
42-13,WARREN BLOOM,DEM,1
42-13,WRITE-IN,DEM,0
42-13,WRITE-IN,REP,0
42-14,ALLAN DOMB,DEM,8
42-14,AMEN  BROWN,DEM,0
42-14,CHERELLE L PARKER,DEM,49
42-14,DAVID OH,REP,2
42-14,DELSCIA GRAY,DEM,1
42-14,HELEN GYM,DEM,13
42-14,JAMES M DELEON,DEM,5
42-14,JEFF BROWN,DEM,17
42-14,REBECCA RHYNHART,DEM,12
42-14,WARREN BLOOM,DEM,0
42-14,WRITE-IN,DEM,0
42-14,WRITE-IN,REP,0
42-15,ALLAN DOMB,DEM,19
42-15,AMEN  BROWN,DEM,2
42-15,CHERELLE L PARKER,DEM,85
42-15,DAVID OH,REP,6
42-15,DELSCIA GRAY,DEM,2
42-15,HELEN GYM,DEM,17
42-15,JAMES M DELEON,DEM,2
42-15,JEFF BROWN,DEM,13
42-15,REBECCA RHYNHART,DEM,16
42-15,WARREN BLOOM,DEM,0
42-15,WRITE-IN,DEM,0
42-15,WRITE-IN,REP,1
42-16,ALLAN DOMB,DEM,7
42-16,AMEN  BROWN,DEM,4
42-16,CHERELLE L PARKER,DEM,53
42-16,DAVID OH,REP,3
42-16,DELSCIA GRAY,DEM,0
42-16,HELEN GYM,DEM,8
42-16,JAMES M DELEON,DEM,0
42-16,JEFF BROWN,DEM,4
42-16,REBECCA RHYNHART,DEM,10
42-16,WARREN BLOOM,DEM,1
42-16,WRITE-IN,DEM,0
42-16,WRITE-IN,REP,0
42-17,ALLAN DOMB,DEM,11
42-17,AMEN  BROWN,DEM,3
42-17,CHERELLE L PARKER,DEM,54
42-17,DAVID OH,REP,6
42-17,DELSCIA GRAY,DEM,1
42-17,HELEN GYM,DEM,14
42-17,JAMES M DELEON,DEM,1
42-17,JEFF BROWN,DEM,4
42-17,REBECCA RHYNHART,DEM,15
42-17,WARREN BLOOM,DEM,1
42-17,WRITE-IN,DEM,0
42-17,WRITE-IN,REP,0
42-18,ALLAN DOMB,DEM,8
42-18,AMEN  BROWN,DEM,3
42-18,CHERELLE L PARKER,DEM,76
42-18,DAVID OH,REP,3
42-18,DELSCIA GRAY,DEM,1
42-18,HELEN GYM,DEM,25
42-18,JAMES M DELEON,DEM,1
42-18,JEFF BROWN,DEM,9
42-18,REBECCA RHYNHART,DEM,17
42-18,WARREN BLOOM,DEM,1
42-18,WRITE-IN,DEM,0
42-18,WRITE-IN,REP,0
42-19,ALLAN DOMB,DEM,11
42-19,AMEN  BROWN,DEM,3
42-19,CHERELLE L PARKER,DEM,60
42-19,DAVID OH,REP,3
42-19,DELSCIA GRAY,DEM,1
42-19,HELEN GYM,DEM,14
42-19,JAMES M DELEON,DEM,0
42-19,JEFF BROWN,DEM,10
42-19,REBECCA RHYNHART,DEM,6
42-19,WARREN BLOOM,DEM,1
42-19,WRITE-IN,DEM,0
42-19,WRITE-IN,REP,0
42-20,ALLAN DOMB,DEM,9
42-20,AMEN  BROWN,DEM,4
42-20,CHERELLE L PARKER,DEM,56
42-20,DAVID OH,REP,4
42-20,DELSCIA GRAY,DEM,1
42-20,HELEN GYM,DEM,15
42-20,JAMES M DELEON,DEM,0
42-20,JEFF BROWN,DEM,15
42-20,REBECCA RHYNHART,DEM,10
42-20,WARREN BLOOM,DEM,1
42-20,WRITE-IN,DEM,0
42-20,WRITE-IN,REP,0
42-21,ALLAN DOMB,DEM,5
42-21,AMEN  BROWN,DEM,1
42-21,CHERELLE L PARKER,DEM,34
42-21,DAVID OH,REP,2
42-21,DELSCIA GRAY,DEM,0
42-21,HELEN GYM,DEM,14
42-21,JAMES M DELEON,DEM,1
42-21,JEFF BROWN,DEM,10
42-21,REBECCA RHYNHART,DEM,7
42-21,WARREN BLOOM,DEM,1
42-21,WRITE-IN,DEM,0
42-21,WRITE-IN,REP,1
42-22,ALLAN DOMB,DEM,12
42-22,AMEN  BROWN,DEM,1
42-22,CHERELLE L PARKER,DEM,32
42-22,DAVID OH,REP,0
42-22,DELSCIA GRAY,DEM,0
42-22,HELEN GYM,DEM,12
42-22,JAMES M DELEON,DEM,2
42-22,JEFF BROWN,DEM,6
42-22,REBECCA RHYNHART,DEM,12
42-22,WARREN BLOOM,DEM,0
42-22,WRITE-IN,DEM,1
42-22,WRITE-IN,REP,0
42-23,ALLAN DOMB,DEM,6
42-23,AMEN  BROWN,DEM,1
42-23,CHERELLE L PARKER,DEM,13
42-23,DAVID OH,REP,3
42-23,DELSCIA GRAY,DEM,0
42-23,HELEN GYM,DEM,4
42-23,JAMES M DELEON,DEM,1
42-23,JEFF BROWN,DEM,6
42-23,REBECCA RHYNHART,DEM,5
42-23,WARREN BLOOM,DEM,0
42-23,WRITE-IN,DEM,0
42-23,WRITE-IN,REP,3
42-24,ALLAN DOMB,DEM,8
42-24,AMEN  BROWN,DEM,3
42-24,CHERELLE L PARKER,DEM,74
42-24,DAVID OH,REP,4
42-24,DELSCIA GRAY,DEM,0
42-24,HELEN GYM,DEM,16
42-24,JAMES M DELEON,DEM,0
42-24,JEFF BROWN,DEM,23
42-24,REBECCA RHYNHART,DEM,11
42-24,WARREN BLOOM,DEM,4
42-24,WRITE-IN,DEM,0
42-24,WRITE-IN,REP,0
42-25,ALLAN DOMB,DEM,9
42-25,AMEN  BROWN,DEM,3
42-25,CHERELLE L PARKER,DEM,65
42-25,DAVID OH,REP,3
42-25,DELSCIA GRAY,DEM,0
42-25,HELEN GYM,DEM,17
42-25,JAMES M DELEON,DEM,2
42-25,JEFF BROWN,DEM,12
42-25,REBECCA RHYNHART,DEM,13
42-25,WARREN BLOOM,DEM,0
42-25,WRITE-IN,DEM,0
42-25,WRITE-IN,REP,1
43-01,ALLAN DOMB,DEM,4
43-01,AMEN  BROWN,DEM,2
43-01,CHERELLE L PARKER,DEM,47
43-01,DAVID OH,REP,1
43-01,DELSCIA GRAY,DEM,1
43-01,HELEN GYM,DEM,4
43-01,JAMES M DELEON,DEM,0
43-01,JEFF BROWN,DEM,6
43-01,REBECCA RHYNHART,DEM,11
43-01,WARREN BLOOM,DEM,0
43-01,WRITE-IN,DEM,0
43-01,WRITE-IN,REP,0
43-02,ALLAN DOMB,DEM,7
43-02,AMEN  BROWN,DEM,2
43-02,CHERELLE L PARKER,DEM,68
43-02,DAVID OH,REP,3
43-02,DELSCIA GRAY,DEM,1
43-02,HELEN GYM,DEM,13
43-02,JAMES M DELEON,DEM,2
43-02,JEFF BROWN,DEM,15
43-02,REBECCA RHYNHART,DEM,9
43-02,WARREN BLOOM,DEM,0
43-02,WRITE-IN,DEM,0
43-02,WRITE-IN,REP,0
43-03,ALLAN DOMB,DEM,7
43-03,AMEN  BROWN,DEM,0
43-03,CHERELLE L PARKER,DEM,32
43-03,DAVID OH,REP,4
43-03,DELSCIA GRAY,DEM,1
43-03,HELEN GYM,DEM,7
43-03,JAMES M DELEON,DEM,2
43-03,JEFF BROWN,DEM,9
43-03,REBECCA RHYNHART,DEM,6
43-03,WARREN BLOOM,DEM,0
43-03,WRITE-IN,DEM,0
43-03,WRITE-IN,REP,0
43-04,ALLAN DOMB,DEM,11
43-04,AMEN  BROWN,DEM,3
43-04,CHERELLE L PARKER,DEM,29
43-04,DAVID OH,REP,2
43-04,DELSCIA GRAY,DEM,3
43-04,HELEN GYM,DEM,18
43-04,JAMES M DELEON,DEM,2
43-04,JEFF BROWN,DEM,9
43-04,REBECCA RHYNHART,DEM,8
43-04,WARREN BLOOM,DEM,1
43-04,WRITE-IN,DEM,0
43-04,WRITE-IN,REP,0
43-05,ALLAN DOMB,DEM,4
43-05,AMEN  BROWN,DEM,0
43-05,CHERELLE L PARKER,DEM,48
43-05,DAVID OH,REP,1
43-05,DELSCIA GRAY,DEM,1
43-05,HELEN GYM,DEM,7
43-05,JAMES M DELEON,DEM,0
43-05,JEFF BROWN,DEM,16
43-05,REBECCA RHYNHART,DEM,5
43-05,WARREN BLOOM,DEM,0
43-05,WRITE-IN,DEM,0
43-05,WRITE-IN,REP,0
43-06,ALLAN DOMB,DEM,10
43-06,AMEN  BROWN,DEM,0
43-06,CHERELLE L PARKER,DEM,11
43-06,DAVID OH,REP,3
43-06,DELSCIA GRAY,DEM,1
43-06,HELEN GYM,DEM,5
43-06,JAMES M DELEON,DEM,1
43-06,JEFF BROWN,DEM,6
43-06,REBECCA RHYNHART,DEM,7
43-06,WARREN BLOOM,DEM,1
43-06,WRITE-IN,DEM,0
43-06,WRITE-IN,REP,0
43-07,ALLAN DOMB,DEM,9
43-07,AMEN  BROWN,DEM,0
43-07,CHERELLE L PARKER,DEM,23
43-07,DAVID OH,REP,0
43-07,DELSCIA GRAY,DEM,1
43-07,HELEN GYM,DEM,10
43-07,JAMES M DELEON,DEM,0
43-07,JEFF BROWN,DEM,10
43-07,REBECCA RHYNHART,DEM,8
43-07,WARREN BLOOM,DEM,0
43-07,WRITE-IN,DEM,0
43-07,WRITE-IN,REP,0
43-08,ALLAN DOMB,DEM,5
43-08,AMEN  BROWN,DEM,0
43-08,CHERELLE L PARKER,DEM,37
43-08,DAVID OH,REP,2
43-08,DELSCIA GRAY,DEM,2
43-08,HELEN GYM,DEM,3
43-08,JAMES M DELEON,DEM,0
43-08,JEFF BROWN,DEM,8
43-08,REBECCA RHYNHART,DEM,7
43-08,WARREN BLOOM,DEM,1
43-08,WRITE-IN,DEM,0
43-08,WRITE-IN,REP,0
43-09,ALLAN DOMB,DEM,3
43-09,AMEN  BROWN,DEM,0
43-09,CHERELLE L PARKER,DEM,36
43-09,DAVID OH,REP,3
43-09,DELSCIA GRAY,DEM,0
43-09,HELEN GYM,DEM,13
43-09,JAMES M DELEON,DEM,0
43-09,JEFF BROWN,DEM,9
43-09,REBECCA RHYNHART,DEM,2
43-09,WARREN BLOOM,DEM,1
43-09,WRITE-IN,DEM,0
43-09,WRITE-IN,REP,0
43-10,ALLAN DOMB,DEM,5
43-10,AMEN  BROWN,DEM,0
43-10,CHERELLE L PARKER,DEM,50
43-10,DAVID OH,REP,0
43-10,DELSCIA GRAY,DEM,0
43-10,HELEN GYM,DEM,8
43-10,JAMES M DELEON,DEM,1
43-10,JEFF BROWN,DEM,5
43-10,REBECCA RHYNHART,DEM,0
43-10,WARREN BLOOM,DEM,2
43-10,WRITE-IN,DEM,0
43-10,WRITE-IN,REP,0
43-11,ALLAN DOMB,DEM,9
43-11,AMEN  BROWN,DEM,0
43-11,CHERELLE L PARKER,DEM,14
43-11,DAVID OH,REP,0
43-11,DELSCIA GRAY,DEM,1
43-11,HELEN GYM,DEM,3
43-11,JAMES M DELEON,DEM,1
43-11,JEFF BROWN,DEM,6
43-11,REBECCA RHYNHART,DEM,3
43-11,WARREN BLOOM,DEM,0
43-11,WRITE-IN,DEM,0
43-11,WRITE-IN,REP,0
43-12,ALLAN DOMB,DEM,12
43-12,AMEN  BROWN,DEM,1
43-12,CHERELLE L PARKER,DEM,21
43-12,DAVID OH,REP,1
43-12,DELSCIA GRAY,DEM,1
43-12,HELEN GYM,DEM,8
43-12,JAMES M DELEON,DEM,1
43-12,JEFF BROWN,DEM,3
43-12,REBECCA RHYNHART,DEM,4
43-12,WARREN BLOOM,DEM,0
43-12,WRITE-IN,DEM,0
43-12,WRITE-IN,REP,0
43-13,ALLAN DOMB,DEM,6
43-13,AMEN  BROWN,DEM,0
43-13,CHERELLE L PARKER,DEM,62
43-13,DAVID OH,REP,2
43-13,DELSCIA GRAY,DEM,0
43-13,HELEN GYM,DEM,3
43-13,JAMES M DELEON,DEM,1
43-13,JEFF BROWN,DEM,4
43-13,REBECCA RHYNHART,DEM,7
43-13,WARREN BLOOM,DEM,0
43-13,WRITE-IN,DEM,0
43-13,WRITE-IN,REP,0
43-14,ALLAN DOMB,DEM,7
43-14,AMEN  BROWN,DEM,1
43-14,CHERELLE L PARKER,DEM,33
43-14,DAVID OH,REP,1
43-14,DELSCIA GRAY,DEM,0
43-14,HELEN GYM,DEM,3
43-14,JAMES M DELEON,DEM,1
43-14,JEFF BROWN,DEM,5
43-14,REBECCA RHYNHART,DEM,8
43-14,WARREN BLOOM,DEM,0
43-14,WRITE-IN,DEM,0
43-14,WRITE-IN,REP,0
43-15,ALLAN DOMB,DEM,3
43-15,AMEN  BROWN,DEM,1
43-15,CHERELLE L PARKER,DEM,47
43-15,DAVID OH,REP,0
43-15,DELSCIA GRAY,DEM,0
43-15,HELEN GYM,DEM,2
43-15,JAMES M DELEON,DEM,0
43-15,JEFF BROWN,DEM,11
43-15,REBECCA RHYNHART,DEM,3
43-15,WARREN BLOOM,DEM,0
43-15,WRITE-IN,DEM,0
43-15,WRITE-IN,REP,0
43-16,ALLAN DOMB,DEM,4
43-16,AMEN  BROWN,DEM,1
43-16,CHERELLE L PARKER,DEM,46
43-16,DAVID OH,REP,0
43-16,DELSCIA GRAY,DEM,2
43-16,HELEN GYM,DEM,1
43-16,JAMES M DELEON,DEM,3
43-16,JEFF BROWN,DEM,8
43-16,REBECCA RHYNHART,DEM,5
43-16,WARREN BLOOM,DEM,0
43-16,WRITE-IN,DEM,0
43-16,WRITE-IN,REP,0
43-17,ALLAN DOMB,DEM,9
43-17,AMEN  BROWN,DEM,1
43-17,CHERELLE L PARKER,DEM,19
43-17,DAVID OH,REP,1
43-17,DELSCIA GRAY,DEM,1
43-17,HELEN GYM,DEM,7
43-17,JAMES M DELEON,DEM,2
43-17,JEFF BROWN,DEM,2
43-17,REBECCA RHYNHART,DEM,2
43-17,WARREN BLOOM,DEM,1
43-17,WRITE-IN,DEM,0
43-17,WRITE-IN,REP,0
43-18,ALLAN DOMB,DEM,15
43-18,AMEN  BROWN,DEM,2
43-18,CHERELLE L PARKER,DEM,20
43-18,DAVID OH,REP,2
43-18,DELSCIA GRAY,DEM,0
43-18,HELEN GYM,DEM,2
43-18,JAMES M DELEON,DEM,1
43-18,JEFF BROWN,DEM,8
43-18,REBECCA RHYNHART,DEM,9
43-18,WARREN BLOOM,DEM,1
43-18,WRITE-IN,DEM,0
43-18,WRITE-IN,REP,0
43-19,ALLAN DOMB,DEM,13
43-19,AMEN  BROWN,DEM,2
43-19,CHERELLE L PARKER,DEM,48
43-19,DAVID OH,REP,2
43-19,DELSCIA GRAY,DEM,0
43-19,HELEN GYM,DEM,8
43-19,JAMES M DELEON,DEM,2
43-19,JEFF BROWN,DEM,5
43-19,REBECCA RHYNHART,DEM,3
43-19,WARREN BLOOM,DEM,0
43-19,WRITE-IN,DEM,0
43-19,WRITE-IN,REP,0
43-20,ALLAN DOMB,DEM,15
43-20,AMEN  BROWN,DEM,0
43-20,CHERELLE L PARKER,DEM,20
43-20,DAVID OH,REP,1
43-20,DELSCIA GRAY,DEM,0
43-20,HELEN GYM,DEM,0
43-20,JAMES M DELEON,DEM,1
43-20,JEFF BROWN,DEM,14
43-20,REBECCA RHYNHART,DEM,9
43-20,WARREN BLOOM,DEM,1
43-20,WRITE-IN,DEM,0
43-20,WRITE-IN,REP,0
43-21,ALLAN DOMB,DEM,8
43-21,AMEN  BROWN,DEM,4
43-21,CHERELLE L PARKER,DEM,24
43-21,DAVID OH,REP,1
43-21,DELSCIA GRAY,DEM,0
43-21,HELEN GYM,DEM,4
43-21,JAMES M DELEON,DEM,0
43-21,JEFF BROWN,DEM,9
43-21,REBECCA RHYNHART,DEM,6
43-21,WARREN BLOOM,DEM,0
43-21,WRITE-IN,DEM,0
43-21,WRITE-IN,REP,0
43-22,ALLAN DOMB,DEM,4
43-22,AMEN  BROWN,DEM,4
43-22,CHERELLE L PARKER,DEM,44
43-22,DAVID OH,REP,4
43-22,DELSCIA GRAY,DEM,0
43-22,HELEN GYM,DEM,4
43-22,JAMES M DELEON,DEM,5
43-22,JEFF BROWN,DEM,12
43-22,REBECCA RHYNHART,DEM,5
43-22,WARREN BLOOM,DEM,0
43-22,WRITE-IN,DEM,0
43-22,WRITE-IN,REP,0
43-23,ALLAN DOMB,DEM,7
43-23,AMEN  BROWN,DEM,1
43-23,CHERELLE L PARKER,DEM,50
43-23,DAVID OH,REP,2
43-23,DELSCIA GRAY,DEM,0
43-23,HELEN GYM,DEM,6
43-23,JAMES M DELEON,DEM,1
43-23,JEFF BROWN,DEM,9
43-23,REBECCA RHYNHART,DEM,6
43-23,WARREN BLOOM,DEM,0
43-23,WRITE-IN,DEM,0
43-23,WRITE-IN,REP,0
43-24,ALLAN DOMB,DEM,8
43-24,AMEN  BROWN,DEM,2
43-24,CHERELLE L PARKER,DEM,63
43-24,DAVID OH,REP,3
43-24,DELSCIA GRAY,DEM,1
43-24,HELEN GYM,DEM,4
43-24,JAMES M DELEON,DEM,0
43-24,JEFF BROWN,DEM,6
43-24,REBECCA RHYNHART,DEM,7
43-24,WARREN BLOOM,DEM,0
43-24,WRITE-IN,DEM,0
43-24,WRITE-IN,REP,1
43-25,ALLAN DOMB,DEM,6
43-25,AMEN  BROWN,DEM,0
43-25,CHERELLE L PARKER,DEM,39
43-25,DAVID OH,REP,1
43-25,DELSCIA GRAY,DEM,0
43-25,HELEN GYM,DEM,8
43-25,JAMES M DELEON,DEM,1
43-25,JEFF BROWN,DEM,11
43-25,REBECCA RHYNHART,DEM,8
43-25,WARREN BLOOM,DEM,0
43-25,WRITE-IN,DEM,0
43-25,WRITE-IN,REP,0
44-01,ALLAN DOMB,DEM,9
44-01,AMEN  BROWN,DEM,1
44-01,CHERELLE L PARKER,DEM,55
44-01,DAVID OH,REP,0
44-01,DELSCIA GRAY,DEM,1
44-01,HELEN GYM,DEM,11
44-01,JAMES M DELEON,DEM,1
44-01,JEFF BROWN,DEM,27
44-01,REBECCA RHYNHART,DEM,14
44-01,WARREN BLOOM,DEM,0
44-01,WRITE-IN,DEM,0
44-01,WRITE-IN,REP,1
44-02,ALLAN DOMB,DEM,5
44-02,AMEN  BROWN,DEM,5
44-02,CHERELLE L PARKER,DEM,79
44-02,DAVID OH,REP,2
44-02,DELSCIA GRAY,DEM,0
44-02,HELEN GYM,DEM,17
44-02,JAMES M DELEON,DEM,1
44-02,JEFF BROWN,DEM,10
44-02,REBECCA RHYNHART,DEM,17
44-02,WARREN BLOOM,DEM,0
44-02,WRITE-IN,DEM,1
44-02,WRITE-IN,REP,0
44-03,ALLAN DOMB,DEM,2
44-03,AMEN  BROWN,DEM,6
44-03,CHERELLE L PARKER,DEM,39
44-03,DAVID OH,REP,0
44-03,DELSCIA GRAY,DEM,0
44-03,HELEN GYM,DEM,14
44-03,JAMES M DELEON,DEM,0
44-03,JEFF BROWN,DEM,9
44-03,REBECCA RHYNHART,DEM,7
44-03,WARREN BLOOM,DEM,0
44-03,WRITE-IN,DEM,0
44-03,WRITE-IN,REP,0
44-04,ALLAN DOMB,DEM,2
44-04,AMEN  BROWN,DEM,8
44-04,CHERELLE L PARKER,DEM,53
44-04,DAVID OH,REP,1
44-04,DELSCIA GRAY,DEM,0
44-04,HELEN GYM,DEM,11
44-04,JAMES M DELEON,DEM,0
44-04,JEFF BROWN,DEM,18
44-04,REBECCA RHYNHART,DEM,5
44-04,WARREN BLOOM,DEM,0
44-04,WRITE-IN,DEM,0
44-04,WRITE-IN,REP,0
44-05,ALLAN DOMB,DEM,11
44-05,AMEN  BROWN,DEM,3
44-05,CHERELLE L PARKER,DEM,40
44-05,DAVID OH,REP,0
44-05,DELSCIA GRAY,DEM,1
44-05,HELEN GYM,DEM,5
44-05,JAMES M DELEON,DEM,1
44-05,JEFF BROWN,DEM,19
44-05,REBECCA RHYNHART,DEM,7
44-05,WARREN BLOOM,DEM,0
44-05,WRITE-IN,DEM,0
44-05,WRITE-IN,REP,0
44-06,ALLAN DOMB,DEM,7
44-06,AMEN  BROWN,DEM,6
44-06,CHERELLE L PARKER,DEM,70
44-06,DAVID OH,REP,0
44-06,DELSCIA GRAY,DEM,0
44-06,HELEN GYM,DEM,26
44-06,JAMES M DELEON,DEM,1
44-06,JEFF BROWN,DEM,21
44-06,REBECCA RHYNHART,DEM,16
44-06,WARREN BLOOM,DEM,0
44-06,WRITE-IN,DEM,0
44-06,WRITE-IN,REP,0
44-07,ALLAN DOMB,DEM,11
44-07,AMEN  BROWN,DEM,6
44-07,CHERELLE L PARKER,DEM,83
44-07,DAVID OH,REP,0
44-07,DELSCIA GRAY,DEM,0
44-07,HELEN GYM,DEM,9
44-07,JAMES M DELEON,DEM,1
44-07,JEFF BROWN,DEM,22
44-07,REBECCA RHYNHART,DEM,13
44-07,WARREN BLOOM,DEM,0
44-07,WRITE-IN,DEM,0
44-07,WRITE-IN,REP,0
44-08,ALLAN DOMB,DEM,5
44-08,AMEN  BROWN,DEM,0
44-08,CHERELLE L PARKER,DEM,33
44-08,DAVID OH,REP,1
44-08,DELSCIA GRAY,DEM,0
44-08,HELEN GYM,DEM,32
44-08,JAMES M DELEON,DEM,0
44-08,JEFF BROWN,DEM,14
44-08,REBECCA RHYNHART,DEM,7
44-08,WARREN BLOOM,DEM,0
44-08,WRITE-IN,DEM,0
44-08,WRITE-IN,REP,0
44-09,ALLAN DOMB,DEM,10
44-09,AMEN  BROWN,DEM,3
44-09,CHERELLE L PARKER,DEM,53
44-09,DAVID OH,REP,1
44-09,DELSCIA GRAY,DEM,1
44-09,HELEN GYM,DEM,15
44-09,JAMES M DELEON,DEM,1
44-09,JEFF BROWN,DEM,19
44-09,REBECCA RHYNHART,DEM,9
44-09,WARREN BLOOM,DEM,0
44-09,WRITE-IN,DEM,0
44-09,WRITE-IN,REP,2
44-10,ALLAN DOMB,DEM,7
44-10,AMEN  BROWN,DEM,8
44-10,CHERELLE L PARKER,DEM,54
44-10,DAVID OH,REP,0
44-10,DELSCIA GRAY,DEM,1
44-10,HELEN GYM,DEM,23
44-10,JAMES M DELEON,DEM,0
44-10,JEFF BROWN,DEM,17
44-10,REBECCA RHYNHART,DEM,5
44-10,WARREN BLOOM,DEM,0
44-10,WRITE-IN,DEM,1
44-10,WRITE-IN,REP,1
44-11,ALLAN DOMB,DEM,9
44-11,AMEN  BROWN,DEM,5
44-11,CHERELLE L PARKER,DEM,65
44-11,DAVID OH,REP,3
44-11,DELSCIA GRAY,DEM,1
44-11,HELEN GYM,DEM,10
44-11,JAMES M DELEON,DEM,0
44-11,JEFF BROWN,DEM,19
44-11,REBECCA RHYNHART,DEM,11
44-11,WARREN BLOOM,DEM,0
44-11,WRITE-IN,DEM,1
44-11,WRITE-IN,REP,0
44-12,ALLAN DOMB,DEM,8
44-12,AMEN  BROWN,DEM,8
44-12,CHERELLE L PARKER,DEM,38
44-12,DAVID OH,REP,4
44-12,DELSCIA GRAY,DEM,0
44-12,HELEN GYM,DEM,3
44-12,JAMES M DELEON,DEM,0
44-12,JEFF BROWN,DEM,12
44-12,REBECCA RHYNHART,DEM,10
44-12,WARREN BLOOM,DEM,0
44-12,WRITE-IN,DEM,0
44-12,WRITE-IN,REP,0
44-13,ALLAN DOMB,DEM,2
44-13,AMEN  BROWN,DEM,10
44-13,CHERELLE L PARKER,DEM,69
44-13,DAVID OH,REP,2
44-13,DELSCIA GRAY,DEM,0
44-13,HELEN GYM,DEM,11
44-13,JAMES M DELEON,DEM,1
44-13,JEFF BROWN,DEM,18
44-13,REBECCA RHYNHART,DEM,3
44-13,WARREN BLOOM,DEM,0
44-13,WRITE-IN,DEM,0
44-13,WRITE-IN,REP,0
44-14,ALLAN DOMB,DEM,14
44-14,AMEN  BROWN,DEM,8
44-14,CHERELLE L PARKER,DEM,69
44-14,DAVID OH,REP,0
44-14,DELSCIA GRAY,DEM,0
44-14,HELEN GYM,DEM,21
44-14,JAMES M DELEON,DEM,0
44-14,JEFF BROWN,DEM,16
44-14,REBECCA RHYNHART,DEM,12
44-14,WARREN BLOOM,DEM,1
44-14,WRITE-IN,DEM,0
44-14,WRITE-IN,REP,0
44-15,ALLAN DOMB,DEM,11
44-15,AMEN  BROWN,DEM,9
44-15,CHERELLE L PARKER,DEM,44
44-15,DAVID OH,REP,2
44-15,DELSCIA GRAY,DEM,0
44-15,HELEN GYM,DEM,19
44-15,JAMES M DELEON,DEM,3
44-15,JEFF BROWN,DEM,19
44-15,REBECCA RHYNHART,DEM,7
44-15,WARREN BLOOM,DEM,0
44-15,WRITE-IN,DEM,0
44-15,WRITE-IN,REP,1
44-16,ALLAN DOMB,DEM,9
44-16,AMEN  BROWN,DEM,6
44-16,CHERELLE L PARKER,DEM,50
44-16,DAVID OH,REP,2
44-16,DELSCIA GRAY,DEM,0
44-16,HELEN GYM,DEM,7
44-16,JAMES M DELEON,DEM,1
44-16,JEFF BROWN,DEM,20
44-16,REBECCA RHYNHART,DEM,2
44-16,WARREN BLOOM,DEM,0
44-16,WRITE-IN,DEM,0
44-16,WRITE-IN,REP,1
44-17,ALLAN DOMB,DEM,11
44-17,AMEN  BROWN,DEM,5
44-17,CHERELLE L PARKER,DEM,50
44-17,DAVID OH,REP,2
44-17,DELSCIA GRAY,DEM,0
44-17,HELEN GYM,DEM,4
44-17,JAMES M DELEON,DEM,1
44-17,JEFF BROWN,DEM,9
44-17,REBECCA RHYNHART,DEM,6
44-17,WARREN BLOOM,DEM,0
44-17,WRITE-IN,DEM,0
44-17,WRITE-IN,REP,1
44-18,ALLAN DOMB,DEM,6
44-18,AMEN  BROWN,DEM,3
44-18,CHERELLE L PARKER,DEM,44
44-18,DAVID OH,REP,4
44-18,DELSCIA GRAY,DEM,0
44-18,HELEN GYM,DEM,6
44-18,JAMES M DELEON,DEM,0
44-18,JEFF BROWN,DEM,18
44-18,REBECCA RHYNHART,DEM,7
44-18,WARREN BLOOM,DEM,1
44-18,WRITE-IN,DEM,0
44-18,WRITE-IN,REP,0
44-19,ALLAN DOMB,DEM,13
44-19,AMEN  BROWN,DEM,4
44-19,CHERELLE L PARKER,DEM,58
44-19,DAVID OH,REP,1
44-19,DELSCIA GRAY,DEM,0
44-19,HELEN GYM,DEM,4
44-19,JAMES M DELEON,DEM,1
44-19,JEFF BROWN,DEM,17
44-19,REBECCA RHYNHART,DEM,6
44-19,WARREN BLOOM,DEM,3
44-19,WRITE-IN,DEM,0
44-19,WRITE-IN,REP,0
45-01,ALLAN DOMB,DEM,29
45-01,AMEN  BROWN,DEM,0
45-01,CHERELLE L PARKER,DEM,11
45-01,DAVID OH,REP,58
45-01,DELSCIA GRAY,DEM,0
45-01,HELEN GYM,DEM,10
45-01,JAMES M DELEON,DEM,0
45-01,JEFF BROWN,DEM,14
45-01,REBECCA RHYNHART,DEM,16
45-01,WARREN BLOOM,DEM,0
45-01,WRITE-IN,DEM,1
45-01,WRITE-IN,REP,1
45-02,ALLAN DOMB,DEM,18
45-02,AMEN  BROWN,DEM,1
45-02,CHERELLE L PARKER,DEM,11
45-02,DAVID OH,REP,12
45-02,DELSCIA GRAY,DEM,0
45-02,HELEN GYM,DEM,10
45-02,JAMES M DELEON,DEM,1
45-02,JEFF BROWN,DEM,4
45-02,REBECCA RHYNHART,DEM,7
45-02,WARREN BLOOM,DEM,1
45-02,WRITE-IN,DEM,0
45-02,WRITE-IN,REP,1
45-03,ALLAN DOMB,DEM,44
45-03,AMEN  BROWN,DEM,0
45-03,CHERELLE L PARKER,DEM,21
45-03,DAVID OH,REP,86
45-03,DELSCIA GRAY,DEM,0
45-03,HELEN GYM,DEM,9
45-03,JAMES M DELEON,DEM,1
45-03,JEFF BROWN,DEM,26
45-03,REBECCA RHYNHART,DEM,57
45-03,WARREN BLOOM,DEM,1
45-03,WRITE-IN,DEM,0
45-03,WRITE-IN,REP,4
45-04,ALLAN DOMB,DEM,43
45-04,AMEN  BROWN,DEM,1
45-04,CHERELLE L PARKER,DEM,16
45-04,DAVID OH,REP,96
45-04,DELSCIA GRAY,DEM,0
45-04,HELEN GYM,DEM,12
45-04,JAMES M DELEON,DEM,0
45-04,JEFF BROWN,DEM,6
45-04,REBECCA RHYNHART,DEM,37
45-04,WARREN BLOOM,DEM,0
45-04,WRITE-IN,DEM,1
45-04,WRITE-IN,REP,4
45-05,ALLAN DOMB,DEM,33
45-05,AMEN  BROWN,DEM,0
45-05,CHERELLE L PARKER,DEM,13
45-05,DAVID OH,REP,59
45-05,DELSCIA GRAY,DEM,1
45-05,HELEN GYM,DEM,15
45-05,JAMES M DELEON,DEM,1
45-05,JEFF BROWN,DEM,18
45-05,REBECCA RHYNHART,DEM,22
45-05,WARREN BLOOM,DEM,0
45-05,WRITE-IN,DEM,0
45-05,WRITE-IN,REP,4
45-06,ALLAN DOMB,DEM,18
45-06,AMEN  BROWN,DEM,1
45-06,CHERELLE L PARKER,DEM,12
45-06,DAVID OH,REP,41
45-06,DELSCIA GRAY,DEM,0
45-06,HELEN GYM,DEM,9
45-06,JAMES M DELEON,DEM,0
45-06,JEFF BROWN,DEM,8
45-06,REBECCA RHYNHART,DEM,32
45-06,WARREN BLOOM,DEM,1
45-06,WRITE-IN,DEM,0
45-06,WRITE-IN,REP,0
45-07,ALLAN DOMB,DEM,24
45-07,AMEN  BROWN,DEM,0
45-07,CHERELLE L PARKER,DEM,12
45-07,DAVID OH,REP,17
45-07,DELSCIA GRAY,DEM,1
45-07,HELEN GYM,DEM,17
45-07,JAMES M DELEON,DEM,1
45-07,JEFF BROWN,DEM,14
45-07,REBECCA RHYNHART,DEM,31
45-07,WARREN BLOOM,DEM,0
45-07,WRITE-IN,DEM,1
45-07,WRITE-IN,REP,2
45-08,ALLAN DOMB,DEM,11
45-08,AMEN  BROWN,DEM,0
45-08,CHERELLE L PARKER,DEM,22
45-08,DAVID OH,REP,4
45-08,DELSCIA GRAY,DEM,1
45-08,HELEN GYM,DEM,2
45-08,JAMES M DELEON,DEM,0
45-08,JEFF BROWN,DEM,7
45-08,REBECCA RHYNHART,DEM,13
45-08,WARREN BLOOM,DEM,0
45-08,WRITE-IN,DEM,0
45-08,WRITE-IN,REP,0
45-09,ALLAN DOMB,DEM,4
45-09,AMEN  BROWN,DEM,1
45-09,CHERELLE L PARKER,DEM,28
45-09,DAVID OH,REP,4
45-09,DELSCIA GRAY,DEM,0
45-09,HELEN GYM,DEM,5
45-09,JAMES M DELEON,DEM,0
45-09,JEFF BROWN,DEM,6
45-09,REBECCA RHYNHART,DEM,2
45-09,WARREN BLOOM,DEM,0
45-09,WRITE-IN,DEM,0
45-09,WRITE-IN,REP,0
45-10,ALLAN DOMB,DEM,5
45-10,AMEN  BROWN,DEM,3
45-10,CHERELLE L PARKER,DEM,15
45-10,DAVID OH,REP,1
45-10,DELSCIA GRAY,DEM,0
45-10,HELEN GYM,DEM,5
45-10,JAMES M DELEON,DEM,0
45-10,JEFF BROWN,DEM,1
45-10,REBECCA RHYNHART,DEM,0
45-10,WARREN BLOOM,DEM,0
45-10,WRITE-IN,DEM,0
45-10,WRITE-IN,REP,0
45-11,ALLAN DOMB,DEM,11
45-11,AMEN  BROWN,DEM,0
45-11,CHERELLE L PARKER,DEM,20
45-11,DAVID OH,REP,12
45-11,DELSCIA GRAY,DEM,0
45-11,HELEN GYM,DEM,8
45-11,JAMES M DELEON,DEM,2
45-11,JEFF BROWN,DEM,1
45-11,REBECCA RHYNHART,DEM,9
45-11,WARREN BLOOM,DEM,0
45-11,WRITE-IN,DEM,0
45-11,WRITE-IN,REP,1
45-12,ALLAN DOMB,DEM,6
45-12,AMEN  BROWN,DEM,0
45-12,CHERELLE L PARKER,DEM,4
45-12,DAVID OH,REP,7
45-12,DELSCIA GRAY,DEM,0
45-12,HELEN GYM,DEM,3
45-12,JAMES M DELEON,DEM,1
45-12,JEFF BROWN,DEM,5
45-12,REBECCA RHYNHART,DEM,11
45-12,WARREN BLOOM,DEM,0
45-12,WRITE-IN,DEM,0
45-12,WRITE-IN,REP,0
45-13,ALLAN DOMB,DEM,9
45-13,AMEN  BROWN,DEM,2
45-13,CHERELLE L PARKER,DEM,31
45-13,DAVID OH,REP,4
45-13,DELSCIA GRAY,DEM,0
45-13,HELEN GYM,DEM,11
45-13,JAMES M DELEON,DEM,0
45-13,JEFF BROWN,DEM,5
45-13,REBECCA RHYNHART,DEM,8
45-13,WARREN BLOOM,DEM,0
45-13,WRITE-IN,DEM,0
45-13,WRITE-IN,REP,0
45-14,ALLAN DOMB,DEM,1
45-14,AMEN  BROWN,DEM,0
45-14,CHERELLE L PARKER,DEM,2
45-14,DAVID OH,REP,2
45-14,DELSCIA GRAY,DEM,0
45-14,HELEN GYM,DEM,2
45-14,JAMES M DELEON,DEM,0
45-14,JEFF BROWN,DEM,0
45-14,REBECCA RHYNHART,DEM,6
45-14,WARREN BLOOM,DEM,0
45-14,WRITE-IN,DEM,0
45-14,WRITE-IN,REP,1
45-15,ALLAN DOMB,DEM,26
45-15,AMEN  BROWN,DEM,0
45-15,CHERELLE L PARKER,DEM,7
45-15,DAVID OH,REP,43
45-15,DELSCIA GRAY,DEM,0
45-15,HELEN GYM,DEM,27
45-15,JAMES M DELEON,DEM,0
45-15,JEFF BROWN,DEM,13
45-15,REBECCA RHYNHART,DEM,37
45-15,WARREN BLOOM,DEM,0
45-15,WRITE-IN,DEM,0
45-15,WRITE-IN,REP,0
45-16,ALLAN DOMB,DEM,4
45-16,AMEN  BROWN,DEM,0
45-16,CHERELLE L PARKER,DEM,20
45-16,DAVID OH,REP,4
45-16,DELSCIA GRAY,DEM,0
45-16,HELEN GYM,DEM,3
45-16,JAMES M DELEON,DEM,0
45-16,JEFF BROWN,DEM,3
45-16,REBECCA RHYNHART,DEM,5
45-16,WARREN BLOOM,DEM,0
45-16,WRITE-IN,DEM,0
45-16,WRITE-IN,REP,0
45-17,ALLAN DOMB,DEM,5
45-17,AMEN  BROWN,DEM,2
45-17,CHERELLE L PARKER,DEM,27
45-17,DAVID OH,REP,4
45-17,DELSCIA GRAY,DEM,0
45-17,HELEN GYM,DEM,6
45-17,JAMES M DELEON,DEM,0
45-17,JEFF BROWN,DEM,7
45-17,REBECCA RHYNHART,DEM,10
45-17,WARREN BLOOM,DEM,0
45-17,WRITE-IN,DEM,0
45-17,WRITE-IN,REP,0
45-18,ALLAN DOMB,DEM,7
45-18,AMEN  BROWN,DEM,0
45-18,CHERELLE L PARKER,DEM,11
45-18,DAVID OH,REP,1
45-18,DELSCIA GRAY,DEM,1
45-18,HELEN GYM,DEM,9
45-18,JAMES M DELEON,DEM,1
45-18,JEFF BROWN,DEM,4
45-18,REBECCA RHYNHART,DEM,3
45-18,WARREN BLOOM,DEM,0
45-18,WRITE-IN,DEM,0
45-18,WRITE-IN,REP,0
45-19,ALLAN DOMB,DEM,6
45-19,AMEN  BROWN,DEM,3
45-19,CHERELLE L PARKER,DEM,18
45-19,DAVID OH,REP,3
45-19,DELSCIA GRAY,DEM,1
45-19,HELEN GYM,DEM,6
45-19,JAMES M DELEON,DEM,0
45-19,JEFF BROWN,DEM,2
45-19,REBECCA RHYNHART,DEM,6
45-19,WARREN BLOOM,DEM,0
45-19,WRITE-IN,DEM,0
45-19,WRITE-IN,REP,1
45-20,ALLAN DOMB,DEM,53
45-20,AMEN  BROWN,DEM,1
45-20,CHERELLE L PARKER,DEM,17
45-20,DAVID OH,REP,99
45-20,DELSCIA GRAY,DEM,1
45-20,HELEN GYM,DEM,16
45-20,JAMES M DELEON,DEM,1
45-20,JEFF BROWN,DEM,14
45-20,REBECCA RHYNHART,DEM,22
45-20,WARREN BLOOM,DEM,0
45-20,WRITE-IN,DEM,0
45-20,WRITE-IN,REP,1
45-21,ALLAN DOMB,DEM,4
45-21,AMEN  BROWN,DEM,1
45-21,CHERELLE L PARKER,DEM,14
45-21,DAVID OH,REP,1
45-21,DELSCIA GRAY,DEM,0
45-21,HELEN GYM,DEM,5
45-21,JAMES M DELEON,DEM,0
45-21,JEFF BROWN,DEM,7
45-21,REBECCA RHYNHART,DEM,11
45-21,WARREN BLOOM,DEM,0
45-21,WRITE-IN,DEM,0
45-21,WRITE-IN,REP,0
45-22,ALLAN DOMB,DEM,32
45-22,AMEN  BROWN,DEM,0
45-22,CHERELLE L PARKER,DEM,12
45-22,DAVID OH,REP,26
45-22,DELSCIA GRAY,DEM,0
45-22,HELEN GYM,DEM,23
45-22,JAMES M DELEON,DEM,0
45-22,JEFF BROWN,DEM,17
45-22,REBECCA RHYNHART,DEM,39
45-22,WARREN BLOOM,DEM,0
45-22,WRITE-IN,DEM,1
45-22,WRITE-IN,REP,0
45-23,ALLAN DOMB,DEM,31
45-23,AMEN  BROWN,DEM,1
45-23,CHERELLE L PARKER,DEM,13
45-23,DAVID OH,REP,63
45-23,DELSCIA GRAY,DEM,0
45-23,HELEN GYM,DEM,6
45-23,JAMES M DELEON,DEM,2
45-23,JEFF BROWN,DEM,7
45-23,REBECCA RHYNHART,DEM,26
45-23,WARREN BLOOM,DEM,0
45-23,WRITE-IN,DEM,1
45-23,WRITE-IN,REP,0
45-24,ALLAN DOMB,DEM,41
45-24,AMEN  BROWN,DEM,0
45-24,CHERELLE L PARKER,DEM,24
45-24,DAVID OH,REP,59
45-24,DELSCIA GRAY,DEM,1
45-24,HELEN GYM,DEM,24
45-24,JAMES M DELEON,DEM,3
45-24,JEFF BROWN,DEM,11
45-24,REBECCA RHYNHART,DEM,47
45-24,WARREN BLOOM,DEM,0
45-24,WRITE-IN,DEM,0
45-24,WRITE-IN,REP,1
45-25,ALLAN DOMB,DEM,27
45-25,AMEN  BROWN,DEM,0
45-25,CHERELLE L PARKER,DEM,7
45-25,DAVID OH,REP,48
45-25,DELSCIA GRAY,DEM,0
45-25,HELEN GYM,DEM,5
45-25,JAMES M DELEON,DEM,1
45-25,JEFF BROWN,DEM,6
45-25,REBECCA RHYNHART,DEM,15
45-25,WARREN BLOOM,DEM,1
45-25,WRITE-IN,DEM,0
45-25,WRITE-IN,REP,1
46-01,ALLAN DOMB,DEM,8
46-01,AMEN  BROWN,DEM,1
46-01,CHERELLE L PARKER,DEM,16
46-01,DAVID OH,REP,2
46-01,DELSCIA GRAY,DEM,0
46-01,HELEN GYM,DEM,256
46-01,JAMES M DELEON,DEM,0
46-01,JEFF BROWN,DEM,8
46-01,REBECCA RHYNHART,DEM,81
46-01,WARREN BLOOM,DEM,0
46-01,WRITE-IN,DEM,0
46-01,WRITE-IN,REP,0
46-02,ALLAN DOMB,DEM,5
46-02,AMEN  BROWN,DEM,4
46-02,CHERELLE L PARKER,DEM,41
46-02,DAVID OH,REP,3
46-02,DELSCIA GRAY,DEM,0
46-02,HELEN GYM,DEM,190
46-02,JAMES M DELEON,DEM,1
46-02,JEFF BROWN,DEM,7
46-02,REBECCA RHYNHART,DEM,37
46-02,WARREN BLOOM,DEM,0
46-02,WRITE-IN,DEM,0
46-02,WRITE-IN,REP,0
46-03,ALLAN DOMB,DEM,9
46-03,AMEN  BROWN,DEM,0
46-03,CHERELLE L PARKER,DEM,53
46-03,DAVID OH,REP,1
46-03,DELSCIA GRAY,DEM,0
46-03,HELEN GYM,DEM,141
46-03,JAMES M DELEON,DEM,0
46-03,JEFF BROWN,DEM,21
46-03,REBECCA RHYNHART,DEM,32
46-03,WARREN BLOOM,DEM,0
46-03,WRITE-IN,DEM,0
46-03,WRITE-IN,REP,0
46-04,ALLAN DOMB,DEM,8
46-04,AMEN  BROWN,DEM,2
46-04,CHERELLE L PARKER,DEM,39
46-04,DAVID OH,REP,0
46-04,DELSCIA GRAY,DEM,0
46-04,HELEN GYM,DEM,73
46-04,JAMES M DELEON,DEM,1
46-04,JEFF BROWN,DEM,21
46-04,REBECCA RHYNHART,DEM,12
46-04,WARREN BLOOM,DEM,0
46-04,WRITE-IN,DEM,0
46-04,WRITE-IN,REP,0
46-05,ALLAN DOMB,DEM,7
46-05,AMEN  BROWN,DEM,2
46-05,CHERELLE L PARKER,DEM,69
46-05,DAVID OH,REP,0
46-05,DELSCIA GRAY,DEM,0
46-05,HELEN GYM,DEM,38
46-05,JAMES M DELEON,DEM,1
46-05,JEFF BROWN,DEM,21
46-05,REBECCA RHYNHART,DEM,11
46-05,WARREN BLOOM,DEM,0
46-05,WRITE-IN,DEM,0
46-05,WRITE-IN,REP,0
46-06,ALLAN DOMB,DEM,5
46-06,AMEN  BROWN,DEM,5
46-06,CHERELLE L PARKER,DEM,97
46-06,DAVID OH,REP,0
46-06,DELSCIA GRAY,DEM,2
46-06,HELEN GYM,DEM,12
46-06,JAMES M DELEON,DEM,2
46-06,JEFF BROWN,DEM,28
46-06,REBECCA RHYNHART,DEM,18
46-06,WARREN BLOOM,DEM,0
46-06,WRITE-IN,DEM,0
46-06,WRITE-IN,REP,0
46-07,ALLAN DOMB,DEM,9
46-07,AMEN  BROWN,DEM,1
46-07,CHERELLE L PARKER,DEM,28
46-07,DAVID OH,REP,1
46-07,DELSCIA GRAY,DEM,0
46-07,HELEN GYM,DEM,150
46-07,JAMES M DELEON,DEM,0
46-07,JEFF BROWN,DEM,12
46-07,REBECCA RHYNHART,DEM,46
46-07,WARREN BLOOM,DEM,0
46-07,WRITE-IN,DEM,0
46-07,WRITE-IN,REP,0
46-08,ALLAN DOMB,DEM,5
46-08,AMEN  BROWN,DEM,1
46-08,CHERELLE L PARKER,DEM,48
46-08,DAVID OH,REP,4
46-08,DELSCIA GRAY,DEM,0
46-08,HELEN GYM,DEM,224
46-08,JAMES M DELEON,DEM,1
46-08,JEFF BROWN,DEM,11
46-08,REBECCA RHYNHART,DEM,43
46-08,WARREN BLOOM,DEM,0
46-08,WRITE-IN,DEM,1
46-08,WRITE-IN,REP,0
46-09,ALLAN DOMB,DEM,7
46-09,AMEN  BROWN,DEM,2
46-09,CHERELLE L PARKER,DEM,29
46-09,DAVID OH,REP,0
46-09,DELSCIA GRAY,DEM,1
46-09,HELEN GYM,DEM,190
46-09,JAMES M DELEON,DEM,1
46-09,JEFF BROWN,DEM,6
46-09,REBECCA RHYNHART,DEM,48
46-09,WARREN BLOOM,DEM,0
46-09,WRITE-IN,DEM,0
46-09,WRITE-IN,REP,0
46-10,ALLAN DOMB,DEM,2
46-10,AMEN  BROWN,DEM,4
46-10,CHERELLE L PARKER,DEM,38
46-10,DAVID OH,REP,3
46-10,DELSCIA GRAY,DEM,0
46-10,HELEN GYM,DEM,135
46-10,JAMES M DELEON,DEM,1
46-10,JEFF BROWN,DEM,13
46-10,REBECCA RHYNHART,DEM,39
46-10,WARREN BLOOM,DEM,0
46-10,WRITE-IN,DEM,1
46-10,WRITE-IN,REP,0
46-11,ALLAN DOMB,DEM,4
46-11,AMEN  BROWN,DEM,1
46-11,CHERELLE L PARKER,DEM,81
46-11,DAVID OH,REP,0
46-11,DELSCIA GRAY,DEM,1
46-11,HELEN GYM,DEM,74
46-11,JAMES M DELEON,DEM,0
46-11,JEFF BROWN,DEM,46
46-11,REBECCA RHYNHART,DEM,15
46-11,WARREN BLOOM,DEM,0
46-11,WRITE-IN,DEM,0
46-11,WRITE-IN,REP,0
46-12,ALLAN DOMB,DEM,9
46-12,AMEN  BROWN,DEM,5
46-12,CHERELLE L PARKER,DEM,75
46-12,DAVID OH,REP,1
46-12,DELSCIA GRAY,DEM,1
46-12,HELEN GYM,DEM,49
46-12,JAMES M DELEON,DEM,1
46-12,JEFF BROWN,DEM,14
46-12,REBECCA RHYNHART,DEM,18
46-12,WARREN BLOOM,DEM,0
46-12,WRITE-IN,DEM,0
46-12,WRITE-IN,REP,0
46-13,ALLAN DOMB,DEM,8
46-13,AMEN  BROWN,DEM,3
46-13,CHERELLE L PARKER,DEM,68
46-13,DAVID OH,REP,1
46-13,DELSCIA GRAY,DEM,0
46-13,HELEN GYM,DEM,57
46-13,JAMES M DELEON,DEM,0
46-13,JEFF BROWN,DEM,18
46-13,REBECCA RHYNHART,DEM,16
46-13,WARREN BLOOM,DEM,1
46-13,WRITE-IN,DEM,0
46-13,WRITE-IN,REP,0
46-14,ALLAN DOMB,DEM,9
46-14,AMEN  BROWN,DEM,2
46-14,CHERELLE L PARKER,DEM,61
46-14,DAVID OH,REP,2
46-14,DELSCIA GRAY,DEM,0
46-14,HELEN GYM,DEM,16
46-14,JAMES M DELEON,DEM,0
46-14,JEFF BROWN,DEM,15
46-14,REBECCA RHYNHART,DEM,10
46-14,WARREN BLOOM,DEM,0
46-14,WRITE-IN,DEM,0
46-14,WRITE-IN,REP,1
46-15,ALLAN DOMB,DEM,7
46-15,AMEN  BROWN,DEM,5
46-15,CHERELLE L PARKER,DEM,86
46-15,DAVID OH,REP,1
46-15,DELSCIA GRAY,DEM,0
46-15,HELEN GYM,DEM,20
46-15,JAMES M DELEON,DEM,1
46-15,JEFF BROWN,DEM,30
46-15,REBECCA RHYNHART,DEM,10
46-15,WARREN BLOOM,DEM,0
46-15,WRITE-IN,DEM,0
46-15,WRITE-IN,REP,0
46-16,ALLAN DOMB,DEM,17
46-16,AMEN  BROWN,DEM,4
46-16,CHERELLE L PARKER,DEM,37
46-16,DAVID OH,REP,9
46-16,DELSCIA GRAY,DEM,0
46-16,HELEN GYM,DEM,234
46-16,JAMES M DELEON,DEM,1
46-16,JEFF BROWN,DEM,6
46-16,REBECCA RHYNHART,DEM,77
46-16,WARREN BLOOM,DEM,0
46-16,WRITE-IN,DEM,1
46-16,WRITE-IN,REP,0
46-17,ALLAN DOMB,DEM,10
46-17,AMEN  BROWN,DEM,0
46-17,CHERELLE L PARKER,DEM,28
46-17,DAVID OH,REP,5
46-17,DELSCIA GRAY,DEM,0
46-17,HELEN GYM,DEM,332
46-17,JAMES M DELEON,DEM,0
46-17,JEFF BROWN,DEM,9
46-17,REBECCA RHYNHART,DEM,83
46-17,WARREN BLOOM,DEM,0
46-17,WRITE-IN,DEM,0
46-17,WRITE-IN,REP,2
46-18,ALLAN DOMB,DEM,3
46-18,AMEN  BROWN,DEM,0
46-18,CHERELLE L PARKER,DEM,27
46-18,DAVID OH,REP,8
46-18,DELSCIA GRAY,DEM,0
46-18,HELEN GYM,DEM,172
46-18,JAMES M DELEON,DEM,1
46-18,JEFF BROWN,DEM,8
46-18,REBECCA RHYNHART,DEM,80
46-18,WARREN BLOOM,DEM,0
46-18,WRITE-IN,DEM,0
46-18,WRITE-IN,REP,0
46-19,ALLAN DOMB,DEM,21
46-19,AMEN  BROWN,DEM,1
46-19,CHERELLE L PARKER,DEM,38
46-19,DAVID OH,REP,7
46-19,DELSCIA GRAY,DEM,0
46-19,HELEN GYM,DEM,203
46-19,JAMES M DELEON,DEM,1
46-19,JEFF BROWN,DEM,8
46-19,REBECCA RHYNHART,DEM,100
46-19,WARREN BLOOM,DEM,1
46-19,WRITE-IN,DEM,0
46-19,WRITE-IN,REP,0
46-20,ALLAN DOMB,DEM,4
46-20,AMEN  BROWN,DEM,2
46-20,CHERELLE L PARKER,DEM,61
46-20,DAVID OH,REP,0
46-20,DELSCIA GRAY,DEM,1
46-20,HELEN GYM,DEM,27
46-20,JAMES M DELEON,DEM,2
46-20,JEFF BROWN,DEM,17
46-20,REBECCA RHYNHART,DEM,13
46-20,WARREN BLOOM,DEM,0
46-20,WRITE-IN,DEM,0
46-20,WRITE-IN,REP,0
46-21,ALLAN DOMB,DEM,9
46-21,AMEN  BROWN,DEM,2
46-21,CHERELLE L PARKER,DEM,74
46-21,DAVID OH,REP,1
46-21,DELSCIA GRAY,DEM,0
46-21,HELEN GYM,DEM,18
46-21,JAMES M DELEON,DEM,0
46-21,JEFF BROWN,DEM,12
46-21,REBECCA RHYNHART,DEM,4
46-21,WARREN BLOOM,DEM,0
46-21,WRITE-IN,DEM,0
46-21,WRITE-IN,REP,0
46-22,ALLAN DOMB,DEM,6
46-22,AMEN  BROWN,DEM,3
46-22,CHERELLE L PARKER,DEM,47
46-22,DAVID OH,REP,3
46-22,DELSCIA GRAY,DEM,2
46-22,HELEN GYM,DEM,166
46-22,JAMES M DELEON,DEM,1
46-22,JEFF BROWN,DEM,14
46-22,REBECCA RHYNHART,DEM,39
46-22,WARREN BLOOM,DEM,0
46-22,WRITE-IN,DEM,0
46-22,WRITE-IN,REP,0
46-23,ALLAN DOMB,DEM,4
46-23,AMEN  BROWN,DEM,0
46-23,CHERELLE L PARKER,DEM,20
46-23,DAVID OH,REP,3
46-23,DELSCIA GRAY,DEM,0
46-23,HELEN GYM,DEM,211
46-23,JAMES M DELEON,DEM,0
46-23,JEFF BROWN,DEM,7
46-23,REBECCA RHYNHART,DEM,62
46-23,WARREN BLOOM,DEM,0
46-23,WRITE-IN,DEM,0
46-23,WRITE-IN,REP,0
47-01,ALLAN DOMB,DEM,5
47-01,AMEN  BROWN,DEM,2
47-01,CHERELLE L PARKER,DEM,38
47-01,DAVID OH,REP,3
47-01,DELSCIA GRAY,DEM,0
47-01,HELEN GYM,DEM,97
47-01,JAMES M DELEON,DEM,2
47-01,JEFF BROWN,DEM,7
47-01,REBECCA RHYNHART,DEM,51
47-01,WARREN BLOOM,DEM,1
47-01,WRITE-IN,DEM,0
47-01,WRITE-IN,REP,1
47-02,ALLAN DOMB,DEM,4
47-02,AMEN  BROWN,DEM,0
47-02,CHERELLE L PARKER,DEM,42
47-02,DAVID OH,REP,4
47-02,DELSCIA GRAY,DEM,0
47-02,HELEN GYM,DEM,34
47-02,JAMES M DELEON,DEM,0
47-02,JEFF BROWN,DEM,12
47-02,REBECCA RHYNHART,DEM,10
47-02,WARREN BLOOM,DEM,0
47-02,WRITE-IN,DEM,0
47-02,WRITE-IN,REP,1
47-03,ALLAN DOMB,DEM,3
47-03,AMEN  BROWN,DEM,0
47-03,CHERELLE L PARKER,DEM,32
47-03,DAVID OH,REP,2
47-03,DELSCIA GRAY,DEM,1
47-03,HELEN GYM,DEM,23
47-03,JAMES M DELEON,DEM,0
47-03,JEFF BROWN,DEM,4
47-03,REBECCA RHYNHART,DEM,11
47-03,WARREN BLOOM,DEM,0
47-03,WRITE-IN,DEM,0
47-03,WRITE-IN,REP,0
47-04,ALLAN DOMB,DEM,2
47-04,AMEN  BROWN,DEM,1
47-04,CHERELLE L PARKER,DEM,34
47-04,DAVID OH,REP,1
47-04,DELSCIA GRAY,DEM,1
47-04,HELEN GYM,DEM,19
47-04,JAMES M DELEON,DEM,0
47-04,JEFF BROWN,DEM,8
47-04,REBECCA RHYNHART,DEM,14
47-04,WARREN BLOOM,DEM,0
47-04,WRITE-IN,DEM,0
47-04,WRITE-IN,REP,0
47-05,ALLAN DOMB,DEM,6
47-05,AMEN  BROWN,DEM,1
47-05,CHERELLE L PARKER,DEM,28
47-05,DAVID OH,REP,3
47-05,DELSCIA GRAY,DEM,3
47-05,HELEN GYM,DEM,14
47-05,JAMES M DELEON,DEM,0
47-05,JEFF BROWN,DEM,9
47-05,REBECCA RHYNHART,DEM,6
47-05,WARREN BLOOM,DEM,1
47-05,WRITE-IN,DEM,0
47-05,WRITE-IN,REP,2
47-06,ALLAN DOMB,DEM,1
47-06,AMEN  BROWN,DEM,3
47-06,CHERELLE L PARKER,DEM,25
47-06,DAVID OH,REP,0
47-06,DELSCIA GRAY,DEM,0
47-06,HELEN GYM,DEM,12
47-06,JAMES M DELEON,DEM,0
47-06,JEFF BROWN,DEM,3
47-06,REBECCA RHYNHART,DEM,7
47-06,WARREN BLOOM,DEM,0
47-06,WRITE-IN,DEM,0
47-06,WRITE-IN,REP,0
47-07,ALLAN DOMB,DEM,3
47-07,AMEN  BROWN,DEM,1
47-07,CHERELLE L PARKER,DEM,52
47-07,DAVID OH,REP,0
47-07,DELSCIA GRAY,DEM,0
47-07,HELEN GYM,DEM,9
47-07,JAMES M DELEON,DEM,0
47-07,JEFF BROWN,DEM,3
47-07,REBECCA RHYNHART,DEM,12
47-07,WARREN BLOOM,DEM,1
47-07,WRITE-IN,DEM,0
47-07,WRITE-IN,REP,0
47-08,ALLAN DOMB,DEM,3
47-08,AMEN  BROWN,DEM,1
47-08,CHERELLE L PARKER,DEM,40
47-08,DAVID OH,REP,1
47-08,DELSCIA GRAY,DEM,0
47-08,HELEN GYM,DEM,9
47-08,JAMES M DELEON,DEM,0
47-08,JEFF BROWN,DEM,7
47-08,REBECCA RHYNHART,DEM,6
47-08,WARREN BLOOM,DEM,1
47-08,WRITE-IN,DEM,0
47-08,WRITE-IN,REP,0
47-09,ALLAN DOMB,DEM,3
47-09,AMEN  BROWN,DEM,0
47-09,CHERELLE L PARKER,DEM,25
47-09,DAVID OH,REP,1
47-09,DELSCIA GRAY,DEM,0
47-09,HELEN GYM,DEM,5
47-09,JAMES M DELEON,DEM,0
47-09,JEFF BROWN,DEM,7
47-09,REBECCA RHYNHART,DEM,4
47-09,WARREN BLOOM,DEM,0
47-09,WRITE-IN,DEM,0
47-09,WRITE-IN,REP,0
47-10,ALLAN DOMB,DEM,4
47-10,AMEN  BROWN,DEM,0
47-10,CHERELLE L PARKER,DEM,21
47-10,DAVID OH,REP,1
47-10,DELSCIA GRAY,DEM,0
47-10,HELEN GYM,DEM,16
47-10,JAMES M DELEON,DEM,1
47-10,JEFF BROWN,DEM,2
47-10,REBECCA RHYNHART,DEM,15
47-10,WARREN BLOOM,DEM,0
47-10,WRITE-IN,DEM,0
47-10,WRITE-IN,REP,0
47-11,ALLAN DOMB,DEM,5
47-11,AMEN  BROWN,DEM,3
47-11,CHERELLE L PARKER,DEM,45
47-11,DAVID OH,REP,0
47-11,DELSCIA GRAY,DEM,2
47-11,HELEN GYM,DEM,13
47-11,JAMES M DELEON,DEM,0
47-11,JEFF BROWN,DEM,11
47-11,REBECCA RHYNHART,DEM,20
47-11,WARREN BLOOM,DEM,0
47-11,WRITE-IN,DEM,0
47-11,WRITE-IN,REP,1
47-12,ALLAN DOMB,DEM,1
47-12,AMEN  BROWN,DEM,0
47-12,CHERELLE L PARKER,DEM,19
47-12,DAVID OH,REP,0
47-12,DELSCIA GRAY,DEM,0
47-12,HELEN GYM,DEM,13
47-12,JAMES M DELEON,DEM,0
47-12,JEFF BROWN,DEM,5
47-12,REBECCA RHYNHART,DEM,5
47-12,WARREN BLOOM,DEM,1
47-12,WRITE-IN,DEM,0
47-12,WRITE-IN,REP,0
47-13,ALLAN DOMB,DEM,3
47-13,AMEN  BROWN,DEM,0
47-13,CHERELLE L PARKER,DEM,59
47-13,DAVID OH,REP,3
47-13,DELSCIA GRAY,DEM,0
47-13,HELEN GYM,DEM,19
47-13,JAMES M DELEON,DEM,1
47-13,JEFF BROWN,DEM,14
47-13,REBECCA RHYNHART,DEM,11
47-13,WARREN BLOOM,DEM,1
47-13,WRITE-IN,DEM,0
47-13,WRITE-IN,REP,1
47-14,ALLAN DOMB,DEM,4
47-14,AMEN  BROWN,DEM,2
47-14,CHERELLE L PARKER,DEM,28
47-14,DAVID OH,REP,1
47-14,DELSCIA GRAY,DEM,0
47-14,HELEN GYM,DEM,5
47-14,JAMES M DELEON,DEM,0
47-14,JEFF BROWN,DEM,6
47-14,REBECCA RHYNHART,DEM,8
47-14,WARREN BLOOM,DEM,0
47-14,WRITE-IN,DEM,0
47-14,WRITE-IN,REP,0
48-01,ALLAN DOMB,DEM,18
48-01,AMEN  BROWN,DEM,0
48-01,CHERELLE L PARKER,DEM,47
48-01,DAVID OH,REP,3
48-01,DELSCIA GRAY,DEM,0
48-01,HELEN GYM,DEM,57
48-01,JAMES M DELEON,DEM,0
48-01,JEFF BROWN,DEM,6
48-01,REBECCA RHYNHART,DEM,23
48-01,WARREN BLOOM,DEM,0
48-01,WRITE-IN,DEM,0
48-01,WRITE-IN,REP,1
48-02,ALLAN DOMB,DEM,10
48-02,AMEN  BROWN,DEM,0
48-02,CHERELLE L PARKER,DEM,48
48-02,DAVID OH,REP,3
48-02,DELSCIA GRAY,DEM,2
48-02,HELEN GYM,DEM,69
48-02,JAMES M DELEON,DEM,1
48-02,JEFF BROWN,DEM,14
48-02,REBECCA RHYNHART,DEM,35
48-02,WARREN BLOOM,DEM,1
48-02,WRITE-IN,DEM,0
48-02,WRITE-IN,REP,0
48-03,ALLAN DOMB,DEM,12
48-03,AMEN  BROWN,DEM,2
48-03,CHERELLE L PARKER,DEM,90
48-03,DAVID OH,REP,2
48-03,DELSCIA GRAY,DEM,0
48-03,HELEN GYM,DEM,50
48-03,JAMES M DELEON,DEM,1
48-03,JEFF BROWN,DEM,15
48-03,REBECCA RHYNHART,DEM,24
48-03,WARREN BLOOM,DEM,0
48-03,WRITE-IN,DEM,0
48-03,WRITE-IN,REP,0
48-04,ALLAN DOMB,DEM,7
48-04,AMEN  BROWN,DEM,2
48-04,CHERELLE L PARKER,DEM,82
48-04,DAVID OH,REP,2
48-04,DELSCIA GRAY,DEM,0
48-04,HELEN GYM,DEM,28
48-04,JAMES M DELEON,DEM,1
48-04,JEFF BROWN,DEM,12
48-04,REBECCA RHYNHART,DEM,19
48-04,WARREN BLOOM,DEM,0
48-04,WRITE-IN,DEM,0
48-04,WRITE-IN,REP,0
48-05,ALLAN DOMB,DEM,10
48-05,AMEN  BROWN,DEM,0
48-05,CHERELLE L PARKER,DEM,44
48-05,DAVID OH,REP,2
48-05,DELSCIA GRAY,DEM,0
48-05,HELEN GYM,DEM,66
48-05,JAMES M DELEON,DEM,2
48-05,JEFF BROWN,DEM,6
48-05,REBECCA RHYNHART,DEM,29
48-05,WARREN BLOOM,DEM,0
48-05,WRITE-IN,DEM,0
48-05,WRITE-IN,REP,1
48-06,ALLAN DOMB,DEM,10
48-06,AMEN  BROWN,DEM,2
48-06,CHERELLE L PARKER,DEM,56
48-06,DAVID OH,REP,0
48-06,DELSCIA GRAY,DEM,0
48-06,HELEN GYM,DEM,37
48-06,JAMES M DELEON,DEM,1
48-06,JEFF BROWN,DEM,19
48-06,REBECCA RHYNHART,DEM,19
48-06,WARREN BLOOM,DEM,0
48-06,WRITE-IN,DEM,0
48-06,WRITE-IN,REP,0
48-07,ALLAN DOMB,DEM,20
48-07,AMEN  BROWN,DEM,2
48-07,CHERELLE L PARKER,DEM,52
48-07,DAVID OH,REP,19
48-07,DELSCIA GRAY,DEM,1
48-07,HELEN GYM,DEM,29
48-07,JAMES M DELEON,DEM,2
48-07,JEFF BROWN,DEM,17
48-07,REBECCA RHYNHART,DEM,21
48-07,WARREN BLOOM,DEM,2
48-07,WRITE-IN,DEM,0
48-07,WRITE-IN,REP,1
48-08,ALLAN DOMB,DEM,7
48-08,AMEN  BROWN,DEM,1
48-08,CHERELLE L PARKER,DEM,81
48-08,DAVID OH,REP,1
48-08,DELSCIA GRAY,DEM,1
48-08,HELEN GYM,DEM,52
48-08,JAMES M DELEON,DEM,0
48-08,JEFF BROWN,DEM,8
48-08,REBECCA RHYNHART,DEM,31
48-08,WARREN BLOOM,DEM,0
48-08,WRITE-IN,DEM,0
48-08,WRITE-IN,REP,0
48-09,ALLAN DOMB,DEM,12
48-09,AMEN  BROWN,DEM,4
48-09,CHERELLE L PARKER,DEM,72
48-09,DAVID OH,REP,5
48-09,DELSCIA GRAY,DEM,0
48-09,HELEN GYM,DEM,37
48-09,JAMES M DELEON,DEM,0
48-09,JEFF BROWN,DEM,12
48-09,REBECCA RHYNHART,DEM,10
48-09,WARREN BLOOM,DEM,0
48-09,WRITE-IN,DEM,0
48-09,WRITE-IN,REP,0
48-10,ALLAN DOMB,DEM,8
48-10,AMEN  BROWN,DEM,2
48-10,CHERELLE L PARKER,DEM,31
48-10,DAVID OH,REP,8
48-10,DELSCIA GRAY,DEM,2
48-10,HELEN GYM,DEM,11
48-10,JAMES M DELEON,DEM,1
48-10,JEFF BROWN,DEM,8
48-10,REBECCA RHYNHART,DEM,6
48-10,WARREN BLOOM,DEM,0
48-10,WRITE-IN,DEM,0
48-10,WRITE-IN,REP,0
48-11,ALLAN DOMB,DEM,4
48-11,AMEN  BROWN,DEM,4
48-11,CHERELLE L PARKER,DEM,32
48-11,DAVID OH,REP,2
48-11,DELSCIA GRAY,DEM,1
48-11,HELEN GYM,DEM,6
48-11,JAMES M DELEON,DEM,0
48-11,JEFF BROWN,DEM,8
48-11,REBECCA RHYNHART,DEM,5
48-11,WARREN BLOOM,DEM,0
48-11,WRITE-IN,DEM,0
48-11,WRITE-IN,REP,0
48-12,ALLAN DOMB,DEM,18
48-12,AMEN  BROWN,DEM,0
48-12,CHERELLE L PARKER,DEM,49
48-12,DAVID OH,REP,5
48-12,DELSCIA GRAY,DEM,0
48-12,HELEN GYM,DEM,36
48-12,JAMES M DELEON,DEM,1
48-12,JEFF BROWN,DEM,9
48-12,REBECCA RHYNHART,DEM,29
48-12,WARREN BLOOM,DEM,0
48-12,WRITE-IN,DEM,0
48-12,WRITE-IN,REP,0
48-13,ALLAN DOMB,DEM,10
48-13,AMEN  BROWN,DEM,1
48-13,CHERELLE L PARKER,DEM,20
48-13,DAVID OH,REP,8
48-13,DELSCIA GRAY,DEM,0
48-13,HELEN GYM,DEM,71
48-13,JAMES M DELEON,DEM,1
48-13,JEFF BROWN,DEM,8
48-13,REBECCA RHYNHART,DEM,29
48-13,WARREN BLOOM,DEM,0
48-13,WRITE-IN,DEM,0
48-13,WRITE-IN,REP,0
48-14,ALLAN DOMB,DEM,17
48-14,AMEN  BROWN,DEM,0
48-14,CHERELLE L PARKER,DEM,9
48-14,DAVID OH,REP,6
48-14,DELSCIA GRAY,DEM,0
48-14,HELEN GYM,DEM,64
48-14,JAMES M DELEON,DEM,2
48-14,JEFF BROWN,DEM,5
48-14,REBECCA RHYNHART,DEM,28
48-14,WARREN BLOOM,DEM,0
48-14,WRITE-IN,DEM,1
48-14,WRITE-IN,REP,0
48-15,ALLAN DOMB,DEM,6
48-15,AMEN  BROWN,DEM,1
48-15,CHERELLE L PARKER,DEM,58
48-15,DAVID OH,REP,6
48-15,DELSCIA GRAY,DEM,0
48-15,HELEN GYM,DEM,36
48-15,JAMES M DELEON,DEM,0
48-15,JEFF BROWN,DEM,19
48-15,REBECCA RHYNHART,DEM,18
48-15,WARREN BLOOM,DEM,2
48-15,WRITE-IN,DEM,0
48-15,WRITE-IN,REP,1
48-16,ALLAN DOMB,DEM,13
48-16,AMEN  BROWN,DEM,1
48-16,CHERELLE L PARKER,DEM,37
48-16,DAVID OH,REP,7
48-16,DELSCIA GRAY,DEM,0
48-16,HELEN GYM,DEM,24
48-16,JAMES M DELEON,DEM,0
48-16,JEFF BROWN,DEM,12
48-16,REBECCA RHYNHART,DEM,11
48-16,WARREN BLOOM,DEM,0
48-16,WRITE-IN,DEM,0
48-16,WRITE-IN,REP,3
48-17,ALLAN DOMB,DEM,10
48-17,AMEN  BROWN,DEM,2
48-17,CHERELLE L PARKER,DEM,48
48-17,DAVID OH,REP,6
48-17,DELSCIA GRAY,DEM,0
48-17,HELEN GYM,DEM,25
48-17,JAMES M DELEON,DEM,1
48-17,JEFF BROWN,DEM,14
48-17,REBECCA RHYNHART,DEM,21
48-17,WARREN BLOOM,DEM,0
48-17,WRITE-IN,DEM,0
48-17,WRITE-IN,REP,0
48-18,ALLAN DOMB,DEM,2
48-18,AMEN  BROWN,DEM,3
48-18,CHERELLE L PARKER,DEM,17
48-18,DAVID OH,REP,3
48-18,DELSCIA GRAY,DEM,0
48-18,HELEN GYM,DEM,67
48-18,JAMES M DELEON,DEM,1
48-18,JEFF BROWN,DEM,5
48-18,REBECCA RHYNHART,DEM,22
48-18,WARREN BLOOM,DEM,1
48-18,WRITE-IN,DEM,0
48-18,WRITE-IN,REP,0
48-19,ALLAN DOMB,DEM,15
48-19,AMEN  BROWN,DEM,0
48-19,CHERELLE L PARKER,DEM,15
48-19,DAVID OH,REP,7
48-19,DELSCIA GRAY,DEM,1
48-19,HELEN GYM,DEM,15
48-19,JAMES M DELEON,DEM,1
48-19,JEFF BROWN,DEM,8
48-19,REBECCA RHYNHART,DEM,9
48-19,WARREN BLOOM,DEM,0
48-19,WRITE-IN,DEM,1
48-19,WRITE-IN,REP,0
48-20,ALLAN DOMB,DEM,10
48-20,AMEN  BROWN,DEM,2
48-20,CHERELLE L PARKER,DEM,13
48-20,DAVID OH,REP,7
48-20,DELSCIA GRAY,DEM,1
48-20,HELEN GYM,DEM,95
48-20,JAMES M DELEON,DEM,1
48-20,JEFF BROWN,DEM,3
48-20,REBECCA RHYNHART,DEM,50
48-20,WARREN BLOOM,DEM,0
48-20,WRITE-IN,DEM,0
48-20,WRITE-IN,REP,1
48-21,ALLAN DOMB,DEM,18
48-21,AMEN  BROWN,DEM,3
48-21,CHERELLE L PARKER,DEM,128
48-21,DAVID OH,REP,0
48-21,DELSCIA GRAY,DEM,2
48-21,HELEN GYM,DEM,13
48-21,JAMES M DELEON,DEM,3
48-21,JEFF BROWN,DEM,12
48-21,REBECCA RHYNHART,DEM,14
48-21,WARREN BLOOM,DEM,0
48-21,WRITE-IN,DEM,0
48-21,WRITE-IN,REP,0
48-22,ALLAN DOMB,DEM,9
48-22,AMEN  BROWN,DEM,0
48-22,CHERELLE L PARKER,DEM,14
48-22,DAVID OH,REP,10
48-22,DELSCIA GRAY,DEM,0
48-22,HELEN GYM,DEM,16
48-22,JAMES M DELEON,DEM,0
48-22,JEFF BROWN,DEM,5
48-22,REBECCA RHYNHART,DEM,9
48-22,WARREN BLOOM,DEM,0
48-22,WRITE-IN,DEM,0
48-22,WRITE-IN,REP,1
48-23,ALLAN DOMB,DEM,9
48-23,AMEN  BROWN,DEM,4
48-23,CHERELLE L PARKER,DEM,52
48-23,DAVID OH,REP,0
48-23,DELSCIA GRAY,DEM,0
48-23,HELEN GYM,DEM,6
48-23,JAMES M DELEON,DEM,0
48-23,JEFF BROWN,DEM,11
48-23,REBECCA RHYNHART,DEM,6
48-23,WARREN BLOOM,DEM,0
48-23,WRITE-IN,DEM,0
48-23,WRITE-IN,REP,0
49-01,ALLAN DOMB,DEM,10
49-01,AMEN  BROWN,DEM,3
49-01,CHERELLE L PARKER,DEM,35
49-01,DAVID OH,REP,0
49-01,DELSCIA GRAY,DEM,1
49-01,HELEN GYM,DEM,15
49-01,JAMES M DELEON,DEM,3
49-01,JEFF BROWN,DEM,4
49-01,REBECCA RHYNHART,DEM,8
49-01,WARREN BLOOM,DEM,0
49-01,WRITE-IN,DEM,0
49-01,WRITE-IN,REP,0
49-02,ALLAN DOMB,DEM,10
49-02,AMEN  BROWN,DEM,6
49-02,CHERELLE L PARKER,DEM,113
49-02,DAVID OH,REP,4
49-02,DELSCIA GRAY,DEM,3
49-02,HELEN GYM,DEM,20
49-02,JAMES M DELEON,DEM,1
49-02,JEFF BROWN,DEM,18
49-02,REBECCA RHYNHART,DEM,19
49-02,WARREN BLOOM,DEM,0
49-02,WRITE-IN,DEM,0
49-02,WRITE-IN,REP,0
49-03,ALLAN DOMB,DEM,6
49-03,AMEN  BROWN,DEM,2
49-03,CHERELLE L PARKER,DEM,133
49-03,DAVID OH,REP,4
49-03,DELSCIA GRAY,DEM,0
49-03,HELEN GYM,DEM,26
49-03,JAMES M DELEON,DEM,0
49-03,JEFF BROWN,DEM,22
49-03,REBECCA RHYNHART,DEM,13
49-03,WARREN BLOOM,DEM,0
49-03,WRITE-IN,DEM,1
49-03,WRITE-IN,REP,0
49-04,ALLAN DOMB,DEM,7
49-04,AMEN  BROWN,DEM,2
49-04,CHERELLE L PARKER,DEM,73
49-04,DAVID OH,REP,1
49-04,DELSCIA GRAY,DEM,0
49-04,HELEN GYM,DEM,8
49-04,JAMES M DELEON,DEM,0
49-04,JEFF BROWN,DEM,24
49-04,REBECCA RHYNHART,DEM,11
49-04,WARREN BLOOM,DEM,0
49-04,WRITE-IN,DEM,0
49-04,WRITE-IN,REP,0
49-05,ALLAN DOMB,DEM,9
49-05,AMEN  BROWN,DEM,3
49-05,CHERELLE L PARKER,DEM,93
49-05,DAVID OH,REP,1
49-05,DELSCIA GRAY,DEM,1
49-05,HELEN GYM,DEM,15
49-05,JAMES M DELEON,DEM,8
49-05,JEFF BROWN,DEM,28
49-05,REBECCA RHYNHART,DEM,10
49-05,WARREN BLOOM,DEM,0
49-05,WRITE-IN,DEM,0
49-05,WRITE-IN,REP,0
49-06,ALLAN DOMB,DEM,23
49-06,AMEN  BROWN,DEM,5
49-06,CHERELLE L PARKER,DEM,110
49-06,DAVID OH,REP,2
49-06,DELSCIA GRAY,DEM,0
49-06,HELEN GYM,DEM,21
49-06,JAMES M DELEON,DEM,3
49-06,JEFF BROWN,DEM,35
49-06,REBECCA RHYNHART,DEM,23
49-06,WARREN BLOOM,DEM,0
49-06,WRITE-IN,DEM,0
49-06,WRITE-IN,REP,0
49-07,ALLAN DOMB,DEM,12
49-07,AMEN  BROWN,DEM,2
49-07,CHERELLE L PARKER,DEM,118
49-07,DAVID OH,REP,2
49-07,DELSCIA GRAY,DEM,0
49-07,HELEN GYM,DEM,18
49-07,JAMES M DELEON,DEM,1
49-07,JEFF BROWN,DEM,30
49-07,REBECCA RHYNHART,DEM,14
49-07,WARREN BLOOM,DEM,0
49-07,WRITE-IN,DEM,0
49-07,WRITE-IN,REP,0
49-08,ALLAN DOMB,DEM,22
49-08,AMEN  BROWN,DEM,8
49-08,CHERELLE L PARKER,DEM,131
49-08,DAVID OH,REP,4
49-08,DELSCIA GRAY,DEM,1
49-08,HELEN GYM,DEM,30
49-08,JAMES M DELEON,DEM,3
49-08,JEFF BROWN,DEM,32
49-08,REBECCA RHYNHART,DEM,26
49-08,WARREN BLOOM,DEM,1
49-08,WRITE-IN,DEM,0
49-08,WRITE-IN,REP,0
49-09,ALLAN DOMB,DEM,13
49-09,AMEN  BROWN,DEM,1
49-09,CHERELLE L PARKER,DEM,117
49-09,DAVID OH,REP,4
49-09,DELSCIA GRAY,DEM,1
49-09,HELEN GYM,DEM,24
49-09,JAMES M DELEON,DEM,4
49-09,JEFF BROWN,DEM,29
49-09,REBECCA RHYNHART,DEM,11
49-09,WARREN BLOOM,DEM,0
49-09,WRITE-IN,DEM,0
49-09,WRITE-IN,REP,1
49-10,ALLAN DOMB,DEM,14
49-10,AMEN  BROWN,DEM,4
49-10,CHERELLE L PARKER,DEM,81
49-10,DAVID OH,REP,4
49-10,DELSCIA GRAY,DEM,2
49-10,HELEN GYM,DEM,13
49-10,JAMES M DELEON,DEM,3
49-10,JEFF BROWN,DEM,29
49-10,REBECCA RHYNHART,DEM,17
49-10,WARREN BLOOM,DEM,1
49-10,WRITE-IN,DEM,0
49-10,WRITE-IN,REP,0
49-11,ALLAN DOMB,DEM,3
49-11,AMEN  BROWN,DEM,2
49-11,CHERELLE L PARKER,DEM,76
49-11,DAVID OH,REP,5
49-11,DELSCIA GRAY,DEM,0
49-11,HELEN GYM,DEM,17
49-11,JAMES M DELEON,DEM,0
49-11,JEFF BROWN,DEM,25
49-11,REBECCA RHYNHART,DEM,10
49-11,WARREN BLOOM,DEM,0
49-11,WRITE-IN,DEM,0
49-11,WRITE-IN,REP,0
49-12,ALLAN DOMB,DEM,15
49-12,AMEN  BROWN,DEM,5
49-12,CHERELLE L PARKER,DEM,97
49-12,DAVID OH,REP,1
49-12,DELSCIA GRAY,DEM,1
49-12,HELEN GYM,DEM,12
49-12,JAMES M DELEON,DEM,3
49-12,JEFF BROWN,DEM,19
49-12,REBECCA RHYNHART,DEM,7
49-12,WARREN BLOOM,DEM,1
49-12,WRITE-IN,DEM,0
49-12,WRITE-IN,REP,0
49-13,ALLAN DOMB,DEM,5
49-13,AMEN  BROWN,DEM,6
49-13,CHERELLE L PARKER,DEM,38
49-13,DAVID OH,REP,2
49-13,DELSCIA GRAY,DEM,1
49-13,HELEN GYM,DEM,10
49-13,JAMES M DELEON,DEM,2
49-13,JEFF BROWN,DEM,11
49-13,REBECCA RHYNHART,DEM,12
49-13,WARREN BLOOM,DEM,1
49-13,WRITE-IN,DEM,0
49-13,WRITE-IN,REP,0
49-14,ALLAN DOMB,DEM,5
49-14,AMEN  BROWN,DEM,0
49-14,CHERELLE L PARKER,DEM,82
49-14,DAVID OH,REP,0
49-14,DELSCIA GRAY,DEM,0
49-14,HELEN GYM,DEM,7
49-14,JAMES M DELEON,DEM,2
49-14,JEFF BROWN,DEM,19
49-14,REBECCA RHYNHART,DEM,9
49-14,WARREN BLOOM,DEM,0
49-14,WRITE-IN,DEM,0
49-14,WRITE-IN,REP,2
49-15,ALLAN DOMB,DEM,6
49-15,AMEN  BROWN,DEM,2
49-15,CHERELLE L PARKER,DEM,75
49-15,DAVID OH,REP,2
49-15,DELSCIA GRAY,DEM,2
49-15,HELEN GYM,DEM,11
49-15,JAMES M DELEON,DEM,1
49-15,JEFF BROWN,DEM,23
49-15,REBECCA RHYNHART,DEM,2
49-15,WARREN BLOOM,DEM,0
49-15,WRITE-IN,DEM,0
49-15,WRITE-IN,REP,0
49-16,ALLAN DOMB,DEM,7
49-16,AMEN  BROWN,DEM,3
49-16,CHERELLE L PARKER,DEM,114
49-16,DAVID OH,REP,1
49-16,DELSCIA GRAY,DEM,0
49-16,HELEN GYM,DEM,12
49-16,JAMES M DELEON,DEM,2
49-16,JEFF BROWN,DEM,27
49-16,REBECCA RHYNHART,DEM,12
49-16,WARREN BLOOM,DEM,2
49-16,WRITE-IN,DEM,0
49-16,WRITE-IN,REP,0
49-17,ALLAN DOMB,DEM,7
49-17,AMEN  BROWN,DEM,3
49-17,CHERELLE L PARKER,DEM,87
49-17,DAVID OH,REP,3
49-17,DELSCIA GRAY,DEM,0
49-17,HELEN GYM,DEM,17
49-17,JAMES M DELEON,DEM,3
49-17,JEFF BROWN,DEM,30
49-17,REBECCA RHYNHART,DEM,13
49-17,WARREN BLOOM,DEM,0
49-17,WRITE-IN,DEM,1
49-17,WRITE-IN,REP,0
49-18,ALLAN DOMB,DEM,13
49-18,AMEN  BROWN,DEM,4
49-18,CHERELLE L PARKER,DEM,101
49-18,DAVID OH,REP,3
49-18,DELSCIA GRAY,DEM,0
49-18,HELEN GYM,DEM,26
49-18,JAMES M DELEON,DEM,2
49-18,JEFF BROWN,DEM,39
49-18,REBECCA RHYNHART,DEM,38
49-18,WARREN BLOOM,DEM,1
49-18,WRITE-IN,DEM,0
49-18,WRITE-IN,REP,0
49-19,ALLAN DOMB,DEM,9
49-19,AMEN  BROWN,DEM,3
49-19,CHERELLE L PARKER,DEM,96
49-19,DAVID OH,REP,1
49-19,DELSCIA GRAY,DEM,1
49-19,HELEN GYM,DEM,13
49-19,JAMES M DELEON,DEM,0
49-19,JEFF BROWN,DEM,12
49-19,REBECCA RHYNHART,DEM,11
49-19,WARREN BLOOM,DEM,0
49-19,WRITE-IN,DEM,0
49-19,WRITE-IN,REP,0
49-20,ALLAN DOMB,DEM,13
49-20,AMEN  BROWN,DEM,3
49-20,CHERELLE L PARKER,DEM,129
49-20,DAVID OH,REP,1
49-20,DELSCIA GRAY,DEM,2
49-20,HELEN GYM,DEM,14
49-20,JAMES M DELEON,DEM,3
49-20,JEFF BROWN,DEM,16
49-20,REBECCA RHYNHART,DEM,17
49-20,WARREN BLOOM,DEM,2
49-20,WRITE-IN,DEM,0
49-20,WRITE-IN,REP,1
49-21,ALLAN DOMB,DEM,20
49-21,AMEN  BROWN,DEM,0
49-21,CHERELLE L PARKER,DEM,153
49-21,DAVID OH,REP,5
49-21,DELSCIA GRAY,DEM,0
49-21,HELEN GYM,DEM,24
49-21,JAMES M DELEON,DEM,1
49-21,JEFF BROWN,DEM,21
49-21,REBECCA RHYNHART,DEM,13
49-21,WARREN BLOOM,DEM,0
49-21,WRITE-IN,DEM,0
49-21,WRITE-IN,REP,3
49-22,ALLAN DOMB,DEM,12
49-22,AMEN  BROWN,DEM,3
49-22,CHERELLE L PARKER,DEM,111
49-22,DAVID OH,REP,4
49-22,DELSCIA GRAY,DEM,0
49-22,HELEN GYM,DEM,10
49-22,JAMES M DELEON,DEM,1
49-22,JEFF BROWN,DEM,26
49-22,REBECCA RHYNHART,DEM,10
49-22,WARREN BLOOM,DEM,1
49-22,WRITE-IN,DEM,0
49-22,WRITE-IN,REP,0
50-01,ALLAN DOMB,DEM,12
50-01,AMEN  BROWN,DEM,1
50-01,CHERELLE L PARKER,DEM,157
50-01,DAVID OH,REP,2
50-01,DELSCIA GRAY,DEM,0
50-01,HELEN GYM,DEM,17
50-01,JAMES M DELEON,DEM,1
50-01,JEFF BROWN,DEM,23
50-01,REBECCA RHYNHART,DEM,20
50-01,WARREN BLOOM,DEM,1
50-01,WRITE-IN,DEM,0
50-01,WRITE-IN,REP,0
50-02,ALLAN DOMB,DEM,13
50-02,AMEN  BROWN,DEM,4
50-02,CHERELLE L PARKER,DEM,226
50-02,DAVID OH,REP,4
50-02,DELSCIA GRAY,DEM,1
50-02,HELEN GYM,DEM,24
50-02,JAMES M DELEON,DEM,3
50-02,JEFF BROWN,DEM,38
50-02,REBECCA RHYNHART,DEM,27
50-02,WARREN BLOOM,DEM,2
50-02,WRITE-IN,DEM,0
50-02,WRITE-IN,REP,0
50-03,ALLAN DOMB,DEM,9
50-03,AMEN  BROWN,DEM,2
50-03,CHERELLE L PARKER,DEM,209
50-03,DAVID OH,REP,1
50-03,DELSCIA GRAY,DEM,0
50-03,HELEN GYM,DEM,20
50-03,JAMES M DELEON,DEM,2
50-03,JEFF BROWN,DEM,25
50-03,REBECCA RHYNHART,DEM,16
50-03,WARREN BLOOM,DEM,0
50-03,WRITE-IN,DEM,0
50-03,WRITE-IN,REP,0
50-04,ALLAN DOMB,DEM,17
50-04,AMEN  BROWN,DEM,0
50-04,CHERELLE L PARKER,DEM,194
50-04,DAVID OH,REP,1
50-04,DELSCIA GRAY,DEM,0
50-04,HELEN GYM,DEM,19
50-04,JAMES M DELEON,DEM,2
50-04,JEFF BROWN,DEM,29
50-04,REBECCA RHYNHART,DEM,10
50-04,WARREN BLOOM,DEM,1
50-04,WRITE-IN,DEM,0
50-04,WRITE-IN,REP,1
50-05,ALLAN DOMB,DEM,4
50-05,AMEN  BROWN,DEM,2
50-05,CHERELLE L PARKER,DEM,192
50-05,DAVID OH,REP,5
50-05,DELSCIA GRAY,DEM,0
50-05,HELEN GYM,DEM,27
50-05,JAMES M DELEON,DEM,4
50-05,JEFF BROWN,DEM,28
50-05,REBECCA RHYNHART,DEM,22
50-05,WARREN BLOOM,DEM,1
50-05,WRITE-IN,DEM,0
50-05,WRITE-IN,REP,0
50-06,ALLAN DOMB,DEM,6
50-06,AMEN  BROWN,DEM,2
50-06,CHERELLE L PARKER,DEM,152
50-06,DAVID OH,REP,0
50-06,DELSCIA GRAY,DEM,0
50-06,HELEN GYM,DEM,11
50-06,JAMES M DELEON,DEM,1
50-06,JEFF BROWN,DEM,16
50-06,REBECCA RHYNHART,DEM,15
50-06,WARREN BLOOM,DEM,2
50-06,WRITE-IN,DEM,0
50-06,WRITE-IN,REP,0
50-07,ALLAN DOMB,DEM,19
50-07,AMEN  BROWN,DEM,1
50-07,CHERELLE L PARKER,DEM,226
50-07,DAVID OH,REP,1
50-07,DELSCIA GRAY,DEM,0
50-07,HELEN GYM,DEM,22
50-07,JAMES M DELEON,DEM,0
50-07,JEFF BROWN,DEM,34
50-07,REBECCA RHYNHART,DEM,15
50-07,WARREN BLOOM,DEM,2
50-07,WRITE-IN,DEM,0
50-07,WRITE-IN,REP,0
50-08,ALLAN DOMB,DEM,11
50-08,AMEN  BROWN,DEM,2
50-08,CHERELLE L PARKER,DEM,189
50-08,DAVID OH,REP,2
50-08,DELSCIA GRAY,DEM,0
50-08,HELEN GYM,DEM,13
50-08,JAMES M DELEON,DEM,0
50-08,JEFF BROWN,DEM,24
50-08,REBECCA RHYNHART,DEM,9
50-08,WARREN BLOOM,DEM,0
50-08,WRITE-IN,DEM,0
50-08,WRITE-IN,REP,0
50-09,ALLAN DOMB,DEM,17
50-09,AMEN  BROWN,DEM,1
50-09,CHERELLE L PARKER,DEM,217
50-09,DAVID OH,REP,2
50-09,DELSCIA GRAY,DEM,0
50-09,HELEN GYM,DEM,14
50-09,JAMES M DELEON,DEM,4
50-09,JEFF BROWN,DEM,20
50-09,REBECCA RHYNHART,DEM,23
50-09,WARREN BLOOM,DEM,0
50-09,WRITE-IN,DEM,0
50-09,WRITE-IN,REP,0
50-10,ALLAN DOMB,DEM,17
50-10,AMEN  BROWN,DEM,3
50-10,CHERELLE L PARKER,DEM,164
50-10,DAVID OH,REP,3
50-10,DELSCIA GRAY,DEM,0
50-10,HELEN GYM,DEM,21
50-10,JAMES M DELEON,DEM,3
50-10,JEFF BROWN,DEM,17
50-10,REBECCA RHYNHART,DEM,19
50-10,WARREN BLOOM,DEM,0
50-10,WRITE-IN,DEM,0
50-10,WRITE-IN,REP,0
50-11,ALLAN DOMB,DEM,7
50-11,AMEN  BROWN,DEM,2
50-11,CHERELLE L PARKER,DEM,149
50-11,DAVID OH,REP,3
50-11,DELSCIA GRAY,DEM,0
50-11,HELEN GYM,DEM,13
50-11,JAMES M DELEON,DEM,1
50-11,JEFF BROWN,DEM,13
50-11,REBECCA RHYNHART,DEM,11
50-11,WARREN BLOOM,DEM,1
50-11,WRITE-IN,DEM,0
50-11,WRITE-IN,REP,0
50-12,ALLAN DOMB,DEM,14
50-12,AMEN  BROWN,DEM,0
50-12,CHERELLE L PARKER,DEM,218
50-12,DAVID OH,REP,2
50-12,DELSCIA GRAY,DEM,1
50-12,HELEN GYM,DEM,24
50-12,JAMES M DELEON,DEM,4
50-12,JEFF BROWN,DEM,26
50-12,REBECCA RHYNHART,DEM,15
50-12,WARREN BLOOM,DEM,0
50-12,WRITE-IN,DEM,0
50-12,WRITE-IN,REP,0
50-13,ALLAN DOMB,DEM,11
50-13,AMEN  BROWN,DEM,2
50-13,CHERELLE L PARKER,DEM,178
50-13,DAVID OH,REP,2
50-13,DELSCIA GRAY,DEM,1
50-13,HELEN GYM,DEM,10
50-13,JAMES M DELEON,DEM,3
50-13,JEFF BROWN,DEM,18
50-13,REBECCA RHYNHART,DEM,17
50-13,WARREN BLOOM,DEM,0
50-13,WRITE-IN,DEM,0
50-13,WRITE-IN,REP,0
50-14,ALLAN DOMB,DEM,8
50-14,AMEN  BROWN,DEM,0
50-14,CHERELLE L PARKER,DEM,144
50-14,DAVID OH,REP,0
50-14,DELSCIA GRAY,DEM,0
50-14,HELEN GYM,DEM,16
50-14,JAMES M DELEON,DEM,1
50-14,JEFF BROWN,DEM,18
50-14,REBECCA RHYNHART,DEM,8
50-14,WARREN BLOOM,DEM,0
50-14,WRITE-IN,DEM,0
50-14,WRITE-IN,REP,0
50-15,ALLAN DOMB,DEM,9
50-15,AMEN  BROWN,DEM,1
50-15,CHERELLE L PARKER,DEM,192
50-15,DAVID OH,REP,2
50-15,DELSCIA GRAY,DEM,0
50-15,HELEN GYM,DEM,14
50-15,JAMES M DELEON,DEM,3
50-15,JEFF BROWN,DEM,27
50-15,REBECCA RHYNHART,DEM,16
50-15,WARREN BLOOM,DEM,2
50-15,WRITE-IN,DEM,0
50-15,WRITE-IN,REP,0
50-16,ALLAN DOMB,DEM,10
50-16,AMEN  BROWN,DEM,2
50-16,CHERELLE L PARKER,DEM,165
50-16,DAVID OH,REP,0
50-16,DELSCIA GRAY,DEM,1
50-16,HELEN GYM,DEM,18
50-16,JAMES M DELEON,DEM,1
50-16,JEFF BROWN,DEM,41
50-16,REBECCA RHYNHART,DEM,24
50-16,WARREN BLOOM,DEM,1
50-16,WRITE-IN,DEM,0
50-16,WRITE-IN,REP,0
50-17,ALLAN DOMB,DEM,8
50-17,AMEN  BROWN,DEM,5
50-17,CHERELLE L PARKER,DEM,153
50-17,DAVID OH,REP,2
50-17,DELSCIA GRAY,DEM,1
50-17,HELEN GYM,DEM,12
50-17,JAMES M DELEON,DEM,3
50-17,JEFF BROWN,DEM,23
50-17,REBECCA RHYNHART,DEM,14
50-17,WARREN BLOOM,DEM,1
50-17,WRITE-IN,DEM,0
50-17,WRITE-IN,REP,2
50-18,ALLAN DOMB,DEM,8
50-18,AMEN  BROWN,DEM,0
50-18,CHERELLE L PARKER,DEM,160
50-18,DAVID OH,REP,2
50-18,DELSCIA GRAY,DEM,0
50-18,HELEN GYM,DEM,18
50-18,JAMES M DELEON,DEM,2
50-18,JEFF BROWN,DEM,27
50-18,REBECCA RHYNHART,DEM,16
50-18,WARREN BLOOM,DEM,1
50-18,WRITE-IN,DEM,0
50-18,WRITE-IN,REP,0
50-19,ALLAN DOMB,DEM,18
50-19,AMEN  BROWN,DEM,3
50-19,CHERELLE L PARKER,DEM,225
50-19,DAVID OH,REP,0
50-19,DELSCIA GRAY,DEM,2
50-19,HELEN GYM,DEM,19
50-19,JAMES M DELEON,DEM,1
50-19,JEFF BROWN,DEM,28
50-19,REBECCA RHYNHART,DEM,19
50-19,WARREN BLOOM,DEM,2
50-19,WRITE-IN,DEM,0
50-19,WRITE-IN,REP,0
50-20,ALLAN DOMB,DEM,11
50-20,AMEN  BROWN,DEM,3
50-20,CHERELLE L PARKER,DEM,174
50-20,DAVID OH,REP,2
50-20,DELSCIA GRAY,DEM,0
50-20,HELEN GYM,DEM,12
50-20,JAMES M DELEON,DEM,0
50-20,JEFF BROWN,DEM,20
50-20,REBECCA RHYNHART,DEM,23
50-20,WARREN BLOOM,DEM,0
50-20,WRITE-IN,DEM,0
50-20,WRITE-IN,REP,0
50-21,ALLAN DOMB,DEM,27
50-21,AMEN  BROWN,DEM,1
50-21,CHERELLE L PARKER,DEM,257
50-21,DAVID OH,REP,0
50-21,DELSCIA GRAY,DEM,0
50-21,HELEN GYM,DEM,21
50-21,JAMES M DELEON,DEM,3
50-21,JEFF BROWN,DEM,37
50-21,REBECCA RHYNHART,DEM,33
50-21,WARREN BLOOM,DEM,1
50-21,WRITE-IN,DEM,0
50-21,WRITE-IN,REP,1
50-22,ALLAN DOMB,DEM,16
50-22,AMEN  BROWN,DEM,4
50-22,CHERELLE L PARKER,DEM,200
50-22,DAVID OH,REP,2
50-22,DELSCIA GRAY,DEM,0
50-22,HELEN GYM,DEM,24
50-22,JAMES M DELEON,DEM,1
50-22,JEFF BROWN,DEM,29
50-22,REBECCA RHYNHART,DEM,15
50-22,WARREN BLOOM,DEM,2
50-22,WRITE-IN,DEM,0
50-22,WRITE-IN,REP,1
50-23,ALLAN DOMB,DEM,9
50-23,AMEN  BROWN,DEM,0
50-23,CHERELLE L PARKER,DEM,133
50-23,DAVID OH,REP,1
50-23,DELSCIA GRAY,DEM,0
50-23,HELEN GYM,DEM,21
50-23,JAMES M DELEON,DEM,0
50-23,JEFF BROWN,DEM,26
50-23,REBECCA RHYNHART,DEM,18
50-23,WARREN BLOOM,DEM,2
50-23,WRITE-IN,DEM,0
50-23,WRITE-IN,REP,1
50-24,ALLAN DOMB,DEM,11
50-24,AMEN  BROWN,DEM,0
50-24,CHERELLE L PARKER,DEM,190
50-24,DAVID OH,REP,3
50-24,DELSCIA GRAY,DEM,1
50-24,HELEN GYM,DEM,8
50-24,JAMES M DELEON,DEM,3
50-24,JEFF BROWN,DEM,20
50-24,REBECCA RHYNHART,DEM,10
50-24,WARREN BLOOM,DEM,0
50-24,WRITE-IN,DEM,0
50-24,WRITE-IN,REP,0
50-25,ALLAN DOMB,DEM,11
50-25,AMEN  BROWN,DEM,3
50-25,CHERELLE L PARKER,DEM,120
50-25,DAVID OH,REP,2
50-25,DELSCIA GRAY,DEM,0
50-25,HELEN GYM,DEM,9
50-25,JAMES M DELEON,DEM,1
50-25,JEFF BROWN,DEM,21
50-25,REBECCA RHYNHART,DEM,8
50-25,WARREN BLOOM,DEM,0
50-25,WRITE-IN,DEM,0
50-25,WRITE-IN,REP,0
50-26,ALLAN DOMB,DEM,6
50-26,AMEN  BROWN,DEM,1
50-26,CHERELLE L PARKER,DEM,177
50-26,DAVID OH,REP,1
50-26,DELSCIA GRAY,DEM,0
50-26,HELEN GYM,DEM,15
50-26,JAMES M DELEON,DEM,0
50-26,JEFF BROWN,DEM,16
50-26,REBECCA RHYNHART,DEM,10
50-26,WARREN BLOOM,DEM,1
50-26,WRITE-IN,DEM,0
50-26,WRITE-IN,REP,0
50-27,ALLAN DOMB,DEM,14
50-27,AMEN  BROWN,DEM,7
50-27,CHERELLE L PARKER,DEM,195
50-27,DAVID OH,REP,1
50-27,DELSCIA GRAY,DEM,0
50-27,HELEN GYM,DEM,26
50-27,JAMES M DELEON,DEM,0
50-27,JEFF BROWN,DEM,28
50-27,REBECCA RHYNHART,DEM,26
50-27,WARREN BLOOM,DEM,1
50-27,WRITE-IN,DEM,1
50-27,WRITE-IN,REP,0
50-28,ALLAN DOMB,DEM,14
50-28,AMEN  BROWN,DEM,2
50-28,CHERELLE L PARKER,DEM,169
50-28,DAVID OH,REP,1
50-28,DELSCIA GRAY,DEM,0
50-28,HELEN GYM,DEM,17
50-28,JAMES M DELEON,DEM,1
50-28,JEFF BROWN,DEM,23
50-28,REBECCA RHYNHART,DEM,17
50-28,WARREN BLOOM,DEM,0
50-28,WRITE-IN,DEM,0
50-28,WRITE-IN,REP,0
50-29,ALLAN DOMB,DEM,5
50-29,AMEN  BROWN,DEM,3
50-29,CHERELLE L PARKER,DEM,244
50-29,DAVID OH,REP,1
50-29,DELSCIA GRAY,DEM,0
50-29,HELEN GYM,DEM,21
50-29,JAMES M DELEON,DEM,3
50-29,JEFF BROWN,DEM,23
50-29,REBECCA RHYNHART,DEM,13
50-29,WARREN BLOOM,DEM,0
50-29,WRITE-IN,DEM,0
50-29,WRITE-IN,REP,0
50-30,ALLAN DOMB,DEM,10
50-30,AMEN  BROWN,DEM,0
50-30,CHERELLE L PARKER,DEM,147
50-30,DAVID OH,REP,0
50-30,DELSCIA GRAY,DEM,0
50-30,HELEN GYM,DEM,6
50-30,JAMES M DELEON,DEM,0
50-30,JEFF BROWN,DEM,17
50-30,REBECCA RHYNHART,DEM,11
50-30,WARREN BLOOM,DEM,0
50-30,WRITE-IN,DEM,1
50-30,WRITE-IN,REP,0
51-01,ALLAN DOMB,DEM,16
51-01,AMEN  BROWN,DEM,4
51-01,CHERELLE L PARKER,DEM,61
51-01,DAVID OH,REP,3
51-01,DELSCIA GRAY,DEM,0
51-01,HELEN GYM,DEM,23
51-01,JAMES M DELEON,DEM,0
51-01,JEFF BROWN,DEM,12
51-01,REBECCA RHYNHART,DEM,7
51-01,WARREN BLOOM,DEM,0
51-01,WRITE-IN,DEM,0
51-01,WRITE-IN,REP,0
51-02,ALLAN DOMB,DEM,8
51-02,AMEN  BROWN,DEM,2
51-02,CHERELLE L PARKER,DEM,48
51-02,DAVID OH,REP,0
51-02,DELSCIA GRAY,DEM,1
51-02,HELEN GYM,DEM,40
51-02,JAMES M DELEON,DEM,2
51-02,JEFF BROWN,DEM,14
51-02,REBECCA RHYNHART,DEM,8
51-02,WARREN BLOOM,DEM,0
51-02,WRITE-IN,DEM,0
51-02,WRITE-IN,REP,1
51-03,ALLAN DOMB,DEM,8
51-03,AMEN  BROWN,DEM,2
51-03,CHERELLE L PARKER,DEM,62
51-03,DAVID OH,REP,0
51-03,DELSCIA GRAY,DEM,0
51-03,HELEN GYM,DEM,11
51-03,JAMES M DELEON,DEM,0
51-03,JEFF BROWN,DEM,23
51-03,REBECCA RHYNHART,DEM,11
51-03,WARREN BLOOM,DEM,0
51-03,WRITE-IN,DEM,0
51-03,WRITE-IN,REP,0
51-04,ALLAN DOMB,DEM,9
51-04,AMEN  BROWN,DEM,1
51-04,CHERELLE L PARKER,DEM,91
51-04,DAVID OH,REP,3
51-04,DELSCIA GRAY,DEM,0
51-04,HELEN GYM,DEM,15
51-04,JAMES M DELEON,DEM,0
51-04,JEFF BROWN,DEM,17
51-04,REBECCA RHYNHART,DEM,12
51-04,WARREN BLOOM,DEM,0
51-04,WRITE-IN,DEM,1
51-04,WRITE-IN,REP,0
51-05,ALLAN DOMB,DEM,3
51-05,AMEN  BROWN,DEM,0
51-05,CHERELLE L PARKER,DEM,58
51-05,DAVID OH,REP,3
51-05,DELSCIA GRAY,DEM,0
51-05,HELEN GYM,DEM,81
51-05,JAMES M DELEON,DEM,1
51-05,JEFF BROWN,DEM,11
51-05,REBECCA RHYNHART,DEM,9
51-05,WARREN BLOOM,DEM,0
51-05,WRITE-IN,DEM,0
51-05,WRITE-IN,REP,0
51-06,ALLAN DOMB,DEM,7
51-06,AMEN  BROWN,DEM,2
51-06,CHERELLE L PARKER,DEM,32
51-06,DAVID OH,REP,2
51-06,DELSCIA GRAY,DEM,0
51-06,HELEN GYM,DEM,227
51-06,JAMES M DELEON,DEM,1
51-06,JEFF BROWN,DEM,6
51-06,REBECCA RHYNHART,DEM,46
51-06,WARREN BLOOM,DEM,0
51-06,WRITE-IN,DEM,0
51-06,WRITE-IN,REP,1
51-07,ALLAN DOMB,DEM,4
51-07,AMEN  BROWN,DEM,4
51-07,CHERELLE L PARKER,DEM,39
51-07,DAVID OH,REP,1
51-07,DELSCIA GRAY,DEM,0
51-07,HELEN GYM,DEM,35
51-07,JAMES M DELEON,DEM,2
51-07,JEFF BROWN,DEM,17
51-07,REBECCA RHYNHART,DEM,10
51-07,WARREN BLOOM,DEM,0
51-07,WRITE-IN,DEM,0
51-07,WRITE-IN,REP,0
51-08,ALLAN DOMB,DEM,13
51-08,AMEN  BROWN,DEM,0
51-08,CHERELLE L PARKER,DEM,67
51-08,DAVID OH,REP,0
51-08,DELSCIA GRAY,DEM,1
51-08,HELEN GYM,DEM,9
51-08,JAMES M DELEON,DEM,1
51-08,JEFF BROWN,DEM,7
51-08,REBECCA RHYNHART,DEM,12
51-08,WARREN BLOOM,DEM,0
51-08,WRITE-IN,DEM,1
51-08,WRITE-IN,REP,0
51-09,ALLAN DOMB,DEM,8
51-09,AMEN  BROWN,DEM,0
51-09,CHERELLE L PARKER,DEM,68
51-09,DAVID OH,REP,0
51-09,DELSCIA GRAY,DEM,0
51-09,HELEN GYM,DEM,13
51-09,JAMES M DELEON,DEM,1
51-09,JEFF BROWN,DEM,15
51-09,REBECCA RHYNHART,DEM,9
51-09,WARREN BLOOM,DEM,1
51-09,WRITE-IN,DEM,0
51-09,WRITE-IN,REP,0
51-10,ALLAN DOMB,DEM,10
51-10,AMEN  BROWN,DEM,1
51-10,CHERELLE L PARKER,DEM,47
51-10,DAVID OH,REP,1
51-10,DELSCIA GRAY,DEM,0
51-10,HELEN GYM,DEM,5
51-10,JAMES M DELEON,DEM,0
51-10,JEFF BROWN,DEM,3
51-10,REBECCA RHYNHART,DEM,6
51-10,WARREN BLOOM,DEM,0
51-10,WRITE-IN,DEM,0
51-10,WRITE-IN,REP,2
51-11,ALLAN DOMB,DEM,7
51-11,AMEN  BROWN,DEM,1
51-11,CHERELLE L PARKER,DEM,44
51-11,DAVID OH,REP,1
51-11,DELSCIA GRAY,DEM,2
51-11,HELEN GYM,DEM,19
51-11,JAMES M DELEON,DEM,0
51-11,JEFF BROWN,DEM,12
51-11,REBECCA RHYNHART,DEM,5
51-11,WARREN BLOOM,DEM,0
51-11,WRITE-IN,DEM,0
51-11,WRITE-IN,REP,0
51-12,ALLAN DOMB,DEM,10
51-12,AMEN  BROWN,DEM,6
51-12,CHERELLE L PARKER,DEM,70
51-12,DAVID OH,REP,0
51-12,DELSCIA GRAY,DEM,2
51-12,HELEN GYM,DEM,29
51-12,JAMES M DELEON,DEM,2
51-12,JEFF BROWN,DEM,24
51-12,REBECCA RHYNHART,DEM,13
51-12,WARREN BLOOM,DEM,0
51-12,WRITE-IN,DEM,0
51-12,WRITE-IN,REP,0
51-13,ALLAN DOMB,DEM,11
51-13,AMEN  BROWN,DEM,3
51-13,CHERELLE L PARKER,DEM,74
51-13,DAVID OH,REP,0
51-13,DELSCIA GRAY,DEM,1
51-13,HELEN GYM,DEM,27
51-13,JAMES M DELEON,DEM,2
51-13,JEFF BROWN,DEM,20
51-13,REBECCA RHYNHART,DEM,9
51-13,WARREN BLOOM,DEM,0
51-13,WRITE-IN,DEM,0
51-13,WRITE-IN,REP,1
51-14,ALLAN DOMB,DEM,8
51-14,AMEN  BROWN,DEM,2
51-14,CHERELLE L PARKER,DEM,58
51-14,DAVID OH,REP,1
51-14,DELSCIA GRAY,DEM,0
51-14,HELEN GYM,DEM,175
51-14,JAMES M DELEON,DEM,0
51-14,JEFF BROWN,DEM,15
51-14,REBECCA RHYNHART,DEM,23
51-14,WARREN BLOOM,DEM,0
51-14,WRITE-IN,DEM,0
51-14,WRITE-IN,REP,0
51-15,ALLAN DOMB,DEM,12
51-15,AMEN  BROWN,DEM,3
51-15,CHERELLE L PARKER,DEM,73
51-15,DAVID OH,REP,2
51-15,DELSCIA GRAY,DEM,0
51-15,HELEN GYM,DEM,33
51-15,JAMES M DELEON,DEM,0
51-15,JEFF BROWN,DEM,25
51-15,REBECCA RHYNHART,DEM,12
51-15,WARREN BLOOM,DEM,0
51-15,WRITE-IN,DEM,0
51-15,WRITE-IN,REP,1
51-16,ALLAN DOMB,DEM,1
51-16,AMEN  BROWN,DEM,3
51-16,CHERELLE L PARKER,DEM,56
51-16,DAVID OH,REP,2
51-16,DELSCIA GRAY,DEM,0
51-16,HELEN GYM,DEM,19
51-16,JAMES M DELEON,DEM,1
51-16,JEFF BROWN,DEM,28
51-16,REBECCA RHYNHART,DEM,7
51-16,WARREN BLOOM,DEM,1
51-16,WRITE-IN,DEM,0
51-16,WRITE-IN,REP,0
51-17,ALLAN DOMB,DEM,7
51-17,AMEN  BROWN,DEM,4
51-17,CHERELLE L PARKER,DEM,76
51-17,DAVID OH,REP,1
51-17,DELSCIA GRAY,DEM,1
51-17,HELEN GYM,DEM,13
51-17,JAMES M DELEON,DEM,2
51-17,JEFF BROWN,DEM,18
51-17,REBECCA RHYNHART,DEM,13
51-17,WARREN BLOOM,DEM,0
51-17,WRITE-IN,DEM,0
51-17,WRITE-IN,REP,0
51-18,ALLAN DOMB,DEM,5
51-18,AMEN  BROWN,DEM,3
51-18,CHERELLE L PARKER,DEM,64
51-18,DAVID OH,REP,0
51-18,DELSCIA GRAY,DEM,1
51-18,HELEN GYM,DEM,19
51-18,JAMES M DELEON,DEM,0
51-18,JEFF BROWN,DEM,29
51-18,REBECCA RHYNHART,DEM,18
51-18,WARREN BLOOM,DEM,0
51-18,WRITE-IN,DEM,0
51-18,WRITE-IN,REP,0
51-19,ALLAN DOMB,DEM,5
51-19,AMEN  BROWN,DEM,0
51-19,CHERELLE L PARKER,DEM,57
51-19,DAVID OH,REP,0
51-19,DELSCIA GRAY,DEM,0
51-19,HELEN GYM,DEM,15
51-19,JAMES M DELEON,DEM,2
51-19,JEFF BROWN,DEM,11
51-19,REBECCA RHYNHART,DEM,3
51-19,WARREN BLOOM,DEM,0
51-19,WRITE-IN,DEM,0
51-19,WRITE-IN,REP,0
51-20,ALLAN DOMB,DEM,3
51-20,AMEN  BROWN,DEM,3
51-20,CHERELLE L PARKER,DEM,54
51-20,DAVID OH,REP,0
51-20,DELSCIA GRAY,DEM,0
51-20,HELEN GYM,DEM,12
51-20,JAMES M DELEON,DEM,2
51-20,JEFF BROWN,DEM,15
51-20,REBECCA RHYNHART,DEM,7
51-20,WARREN BLOOM,DEM,0
51-20,WRITE-IN,DEM,0
51-20,WRITE-IN,REP,2
51-21,ALLAN DOMB,DEM,4
51-21,AMEN  BROWN,DEM,1
51-21,CHERELLE L PARKER,DEM,41
51-21,DAVID OH,REP,0
51-21,DELSCIA GRAY,DEM,0
51-21,HELEN GYM,DEM,12
51-21,JAMES M DELEON,DEM,1
51-21,JEFF BROWN,DEM,9
51-21,REBECCA RHYNHART,DEM,3
51-21,WARREN BLOOM,DEM,0
51-21,WRITE-IN,DEM,1
51-21,WRITE-IN,REP,0
51-22,ALLAN DOMB,DEM,6
51-22,AMEN  BROWN,DEM,4
51-22,CHERELLE L PARKER,DEM,69
51-22,DAVID OH,REP,0
51-22,DELSCIA GRAY,DEM,1
51-22,HELEN GYM,DEM,19
51-22,JAMES M DELEON,DEM,1
51-22,JEFF BROWN,DEM,10
51-22,REBECCA RHYNHART,DEM,8
51-22,WARREN BLOOM,DEM,0
51-22,WRITE-IN,DEM,0
51-22,WRITE-IN,REP,1
51-23,ALLAN DOMB,DEM,7
51-23,AMEN  BROWN,DEM,1
51-23,CHERELLE L PARKER,DEM,61
51-23,DAVID OH,REP,1
51-23,DELSCIA GRAY,DEM,0
51-23,HELEN GYM,DEM,16
51-23,JAMES M DELEON,DEM,1
51-23,JEFF BROWN,DEM,10
51-23,REBECCA RHYNHART,DEM,11
51-23,WARREN BLOOM,DEM,0
51-23,WRITE-IN,DEM,0
51-23,WRITE-IN,REP,0
51-24,ALLAN DOMB,DEM,8
51-24,AMEN  BROWN,DEM,3
51-24,CHERELLE L PARKER,DEM,68
51-24,DAVID OH,REP,3
51-24,DELSCIA GRAY,DEM,0
51-24,HELEN GYM,DEM,5
51-24,JAMES M DELEON,DEM,0
51-24,JEFF BROWN,DEM,20
51-24,REBECCA RHYNHART,DEM,9
51-24,WARREN BLOOM,DEM,0
51-24,WRITE-IN,DEM,0
51-24,WRITE-IN,REP,0
51-25,ALLAN DOMB,DEM,6
51-25,AMEN  BROWN,DEM,1
51-25,CHERELLE L PARKER,DEM,81
51-25,DAVID OH,REP,1
51-25,DELSCIA GRAY,DEM,1
51-25,HELEN GYM,DEM,16
51-25,JAMES M DELEON,DEM,0
51-25,JEFF BROWN,DEM,16
51-25,REBECCA RHYNHART,DEM,11
51-25,WARREN BLOOM,DEM,1
51-25,WRITE-IN,DEM,0
51-25,WRITE-IN,REP,0
51-26,ALLAN DOMB,DEM,5
51-26,AMEN  BROWN,DEM,7
51-26,CHERELLE L PARKER,DEM,61
51-26,DAVID OH,REP,0
51-26,DELSCIA GRAY,DEM,0
51-26,HELEN GYM,DEM,18
51-26,JAMES M DELEON,DEM,3
51-26,JEFF BROWN,DEM,23
51-26,REBECCA RHYNHART,DEM,7
51-26,WARREN BLOOM,DEM,0
51-26,WRITE-IN,DEM,0
51-26,WRITE-IN,REP,1
51-27,ALLAN DOMB,DEM,4
51-27,AMEN  BROWN,DEM,3
51-27,CHERELLE L PARKER,DEM,53
51-27,DAVID OH,REP,1
51-27,DELSCIA GRAY,DEM,0
51-27,HELEN GYM,DEM,17
51-27,JAMES M DELEON,DEM,0
51-27,JEFF BROWN,DEM,12
51-27,REBECCA RHYNHART,DEM,5
51-27,WARREN BLOOM,DEM,0
51-27,WRITE-IN,DEM,0
51-27,WRITE-IN,REP,0
51-28,ALLAN DOMB,DEM,7
51-28,AMEN  BROWN,DEM,3
51-28,CHERELLE L PARKER,DEM,80
51-28,DAVID OH,REP,1
51-28,DELSCIA GRAY,DEM,1
51-28,HELEN GYM,DEM,15
51-28,JAMES M DELEON,DEM,0
51-28,JEFF BROWN,DEM,15
51-28,REBECCA RHYNHART,DEM,8
51-28,WARREN BLOOM,DEM,0
51-28,WRITE-IN,DEM,0
51-28,WRITE-IN,REP,0
52-01,ALLAN DOMB,DEM,4
52-01,AMEN  BROWN,DEM,3
52-01,CHERELLE L PARKER,DEM,88
52-01,DAVID OH,REP,0
52-01,DELSCIA GRAY,DEM,0
52-01,HELEN GYM,DEM,4
52-01,JAMES M DELEON,DEM,0
52-01,JEFF BROWN,DEM,18
52-01,REBECCA RHYNHART,DEM,8
52-01,WARREN BLOOM,DEM,0
52-01,WRITE-IN,DEM,0
52-01,WRITE-IN,REP,0
52-02,ALLAN DOMB,DEM,28
52-02,AMEN  BROWN,DEM,3
52-02,CHERELLE L PARKER,DEM,120
52-02,DAVID OH,REP,4
52-02,DELSCIA GRAY,DEM,1
52-02,HELEN GYM,DEM,32
52-02,JAMES M DELEON,DEM,1
52-02,JEFF BROWN,DEM,32
52-02,REBECCA RHYNHART,DEM,33
52-02,WARREN BLOOM,DEM,0
52-02,WRITE-IN,DEM,0
52-02,WRITE-IN,REP,0
52-03,ALLAN DOMB,DEM,4
52-03,AMEN  BROWN,DEM,1
52-03,CHERELLE L PARKER,DEM,24
52-03,DAVID OH,REP,4
52-03,DELSCIA GRAY,DEM,0
52-03,HELEN GYM,DEM,11
52-03,JAMES M DELEON,DEM,0
52-03,JEFF BROWN,DEM,1
52-03,REBECCA RHYNHART,DEM,9
52-03,WARREN BLOOM,DEM,0
52-03,WRITE-IN,DEM,0
52-03,WRITE-IN,REP,0
52-04,ALLAN DOMB,DEM,11
52-04,AMEN  BROWN,DEM,4
52-04,CHERELLE L PARKER,DEM,61
52-04,DAVID OH,REP,0
52-04,DELSCIA GRAY,DEM,0
52-04,HELEN GYM,DEM,20
52-04,JAMES M DELEON,DEM,3
52-04,JEFF BROWN,DEM,21
52-04,REBECCA RHYNHART,DEM,17
52-04,WARREN BLOOM,DEM,0
52-04,WRITE-IN,DEM,0
52-04,WRITE-IN,REP,2
52-05,ALLAN DOMB,DEM,15
52-05,AMEN  BROWN,DEM,2
52-05,CHERELLE L PARKER,DEM,134
52-05,DAVID OH,REP,0
52-05,DELSCIA GRAY,DEM,1
52-05,HELEN GYM,DEM,38
52-05,JAMES M DELEON,DEM,0
52-05,JEFF BROWN,DEM,24
52-05,REBECCA RHYNHART,DEM,24
52-05,WARREN BLOOM,DEM,0
52-05,WRITE-IN,DEM,1
52-05,WRITE-IN,REP,1
52-06,ALLAN DOMB,DEM,28
52-06,AMEN  BROWN,DEM,4
52-06,CHERELLE L PARKER,DEM,127
52-06,DAVID OH,REP,5
52-06,DELSCIA GRAY,DEM,0
52-06,HELEN GYM,DEM,27
52-06,JAMES M DELEON,DEM,1
52-06,JEFF BROWN,DEM,26
52-06,REBECCA RHYNHART,DEM,36
52-06,WARREN BLOOM,DEM,0
52-06,WRITE-IN,DEM,0
52-06,WRITE-IN,REP,0
52-07,ALLAN DOMB,DEM,22
52-07,AMEN  BROWN,DEM,17
52-07,CHERELLE L PARKER,DEM,98
52-07,DAVID OH,REP,6
52-07,DELSCIA GRAY,DEM,0
52-07,HELEN GYM,DEM,23
52-07,JAMES M DELEON,DEM,3
52-07,JEFF BROWN,DEM,20
52-07,REBECCA RHYNHART,DEM,27
52-07,WARREN BLOOM,DEM,2
52-07,WRITE-IN,DEM,0
52-07,WRITE-IN,REP,2
52-08,ALLAN DOMB,DEM,12
52-08,AMEN  BROWN,DEM,4
52-08,CHERELLE L PARKER,DEM,116
52-08,DAVID OH,REP,4
52-08,DELSCIA GRAY,DEM,0
52-08,HELEN GYM,DEM,8
52-08,JAMES M DELEON,DEM,5
52-08,JEFF BROWN,DEM,38
52-08,REBECCA RHYNHART,DEM,13
52-08,WARREN BLOOM,DEM,1
52-08,WRITE-IN,DEM,0
52-08,WRITE-IN,REP,0
52-09,ALLAN DOMB,DEM,14
52-09,AMEN  BROWN,DEM,7
52-09,CHERELLE L PARKER,DEM,97
52-09,DAVID OH,REP,13
52-09,DELSCIA GRAY,DEM,0
52-09,HELEN GYM,DEM,32
52-09,JAMES M DELEON,DEM,0
52-09,JEFF BROWN,DEM,19
52-09,REBECCA RHYNHART,DEM,39
52-09,WARREN BLOOM,DEM,1
52-09,WRITE-IN,DEM,0
52-09,WRITE-IN,REP,0
52-10,ALLAN DOMB,DEM,22
52-10,AMEN  BROWN,DEM,6
52-10,CHERELLE L PARKER,DEM,111
52-10,DAVID OH,REP,5
52-10,DELSCIA GRAY,DEM,1
52-10,HELEN GYM,DEM,23
52-10,JAMES M DELEON,DEM,2
52-10,JEFF BROWN,DEM,25
52-10,REBECCA RHYNHART,DEM,35
52-10,WARREN BLOOM,DEM,0
52-10,WRITE-IN,DEM,0
52-10,WRITE-IN,REP,0
52-11,ALLAN DOMB,DEM,15
52-11,AMEN  BROWN,DEM,2
52-11,CHERELLE L PARKER,DEM,125
52-11,DAVID OH,REP,1
52-11,DELSCIA GRAY,DEM,0
52-11,HELEN GYM,DEM,16
52-11,JAMES M DELEON,DEM,1
52-11,JEFF BROWN,DEM,22
52-11,REBECCA RHYNHART,DEM,41
52-11,WARREN BLOOM,DEM,0
52-11,WRITE-IN,DEM,0
52-11,WRITE-IN,REP,0
52-12,ALLAN DOMB,DEM,24
52-12,AMEN  BROWN,DEM,7
52-12,CHERELLE L PARKER,DEM,127
52-12,DAVID OH,REP,16
52-12,DELSCIA GRAY,DEM,3
52-12,HELEN GYM,DEM,33
52-12,JAMES M DELEON,DEM,3
52-12,JEFF BROWN,DEM,26
52-12,REBECCA RHYNHART,DEM,45
52-12,WARREN BLOOM,DEM,0
52-12,WRITE-IN,DEM,0
52-12,WRITE-IN,REP,1
52-13,ALLAN DOMB,DEM,18
52-13,AMEN  BROWN,DEM,4
52-13,CHERELLE L PARKER,DEM,161
52-13,DAVID OH,REP,1
52-13,DELSCIA GRAY,DEM,1
52-13,HELEN GYM,DEM,20
52-13,JAMES M DELEON,DEM,0
52-13,JEFF BROWN,DEM,23
52-13,REBECCA RHYNHART,DEM,24
52-13,WARREN BLOOM,DEM,0
52-13,WRITE-IN,DEM,1
52-13,WRITE-IN,REP,1
52-14,ALLAN DOMB,DEM,23
52-14,AMEN  BROWN,DEM,2
52-14,CHERELLE L PARKER,DEM,96
52-14,DAVID OH,REP,4
52-14,DELSCIA GRAY,DEM,0
52-14,HELEN GYM,DEM,42
52-14,JAMES M DELEON,DEM,0
52-14,JEFF BROWN,DEM,31
52-14,REBECCA RHYNHART,DEM,26
52-14,WARREN BLOOM,DEM,0
52-14,WRITE-IN,DEM,0
52-14,WRITE-IN,REP,0
52-15,ALLAN DOMB,DEM,17
52-15,AMEN  BROWN,DEM,3
52-15,CHERELLE L PARKER,DEM,130
52-15,DAVID OH,REP,4
52-15,DELSCIA GRAY,DEM,0
52-15,HELEN GYM,DEM,23
52-15,JAMES M DELEON,DEM,5
52-15,JEFF BROWN,DEM,49
52-15,REBECCA RHYNHART,DEM,25
52-15,WARREN BLOOM,DEM,1
52-15,WRITE-IN,DEM,1
52-15,WRITE-IN,REP,0
52-16,ALLAN DOMB,DEM,14
52-16,AMEN  BROWN,DEM,1
52-16,CHERELLE L PARKER,DEM,122
52-16,DAVID OH,REP,3
52-16,DELSCIA GRAY,DEM,0
52-16,HELEN GYM,DEM,36
52-16,JAMES M DELEON,DEM,2
52-16,JEFF BROWN,DEM,43
52-16,REBECCA RHYNHART,DEM,34
52-16,WARREN BLOOM,DEM,1
52-16,WRITE-IN,DEM,0
52-16,WRITE-IN,REP,0
52-17,ALLAN DOMB,DEM,9
52-17,AMEN  BROWN,DEM,3
52-17,CHERELLE L PARKER,DEM,132
52-17,DAVID OH,REP,3
52-17,DELSCIA GRAY,DEM,0
52-17,HELEN GYM,DEM,16
52-17,JAMES M DELEON,DEM,1
52-17,JEFF BROWN,DEM,30
52-17,REBECCA RHYNHART,DEM,20
52-17,WARREN BLOOM,DEM,1
52-17,WRITE-IN,DEM,0
52-17,WRITE-IN,REP,3
52-18,ALLAN DOMB,DEM,18
52-18,AMEN  BROWN,DEM,4
52-18,CHERELLE L PARKER,DEM,131
52-18,DAVID OH,REP,2
52-18,DELSCIA GRAY,DEM,1
52-18,HELEN GYM,DEM,12
52-18,JAMES M DELEON,DEM,1
52-18,JEFF BROWN,DEM,34
52-18,REBECCA RHYNHART,DEM,14
52-18,WARREN BLOOM,DEM,1
52-18,WRITE-IN,DEM,0
52-18,WRITE-IN,REP,0
52-19,ALLAN DOMB,DEM,15
52-19,AMEN  BROWN,DEM,2
52-19,CHERELLE L PARKER,DEM,113
52-19,DAVID OH,REP,3
52-19,DELSCIA GRAY,DEM,0
52-19,HELEN GYM,DEM,22
52-19,JAMES M DELEON,DEM,2
52-19,JEFF BROWN,DEM,38
52-19,REBECCA RHYNHART,DEM,19
52-19,WARREN BLOOM,DEM,3
52-19,WRITE-IN,DEM,0
52-19,WRITE-IN,REP,0
52-20,ALLAN DOMB,DEM,15
52-20,AMEN  BROWN,DEM,4
52-20,CHERELLE L PARKER,DEM,91
52-20,DAVID OH,REP,6
52-20,DELSCIA GRAY,DEM,1
52-20,HELEN GYM,DEM,35
52-20,JAMES M DELEON,DEM,2
52-20,JEFF BROWN,DEM,47
52-20,REBECCA RHYNHART,DEM,19
52-20,WARREN BLOOM,DEM,2
52-20,WRITE-IN,DEM,1
52-20,WRITE-IN,REP,2
52-21,ALLAN DOMB,DEM,5
52-21,AMEN  BROWN,DEM,7
52-21,CHERELLE L PARKER,DEM,83
52-21,DAVID OH,REP,1
52-21,DELSCIA GRAY,DEM,0
52-21,HELEN GYM,DEM,7
52-21,JAMES M DELEON,DEM,1
52-21,JEFF BROWN,DEM,20
52-21,REBECCA RHYNHART,DEM,12
52-21,WARREN BLOOM,DEM,0
52-21,WRITE-IN,DEM,0
52-21,WRITE-IN,REP,0
52-22,ALLAN DOMB,DEM,12
52-22,AMEN  BROWN,DEM,6
52-22,CHERELLE L PARKER,DEM,112
52-22,DAVID OH,REP,1
52-22,DELSCIA GRAY,DEM,1
52-22,HELEN GYM,DEM,23
52-22,JAMES M DELEON,DEM,1
52-22,JEFF BROWN,DEM,27
52-22,REBECCA RHYNHART,DEM,8
52-22,WARREN BLOOM,DEM,2
52-22,WRITE-IN,DEM,0
52-22,WRITE-IN,REP,0
52-23,ALLAN DOMB,DEM,9
52-23,AMEN  BROWN,DEM,4
52-23,CHERELLE L PARKER,DEM,107
52-23,DAVID OH,REP,0
52-23,DELSCIA GRAY,DEM,0
52-23,HELEN GYM,DEM,11
52-23,JAMES M DELEON,DEM,2
52-23,JEFF BROWN,DEM,38
52-23,REBECCA RHYNHART,DEM,15
52-23,WARREN BLOOM,DEM,0
52-23,WRITE-IN,DEM,0
52-23,WRITE-IN,REP,0
52-24,ALLAN DOMB,DEM,5
52-24,AMEN  BROWN,DEM,5
52-24,CHERELLE L PARKER,DEM,121
52-24,DAVID OH,REP,0
52-24,DELSCIA GRAY,DEM,0
52-24,HELEN GYM,DEM,12
52-24,JAMES M DELEON,DEM,1
52-24,JEFF BROWN,DEM,24
52-24,REBECCA RHYNHART,DEM,15
52-24,WARREN BLOOM,DEM,0
52-24,WRITE-IN,DEM,0
52-24,WRITE-IN,REP,0
52-25,ALLAN DOMB,DEM,15
52-25,AMEN  BROWN,DEM,2
52-25,CHERELLE L PARKER,DEM,169
52-25,DAVID OH,REP,6
52-25,DELSCIA GRAY,DEM,1
52-25,HELEN GYM,DEM,14
52-25,JAMES M DELEON,DEM,0
52-25,JEFF BROWN,DEM,35
52-25,REBECCA RHYNHART,DEM,21
52-25,WARREN BLOOM,DEM,0
52-25,WRITE-IN,DEM,0
52-25,WRITE-IN,REP,0
52-26,ALLAN DOMB,DEM,18
52-26,AMEN  BROWN,DEM,5
52-26,CHERELLE L PARKER,DEM,117
52-26,DAVID OH,REP,2
52-26,DELSCIA GRAY,DEM,0
52-26,HELEN GYM,DEM,23
52-26,JAMES M DELEON,DEM,1
52-26,JEFF BROWN,DEM,44
52-26,REBECCA RHYNHART,DEM,32
52-26,WARREN BLOOM,DEM,1
52-26,WRITE-IN,DEM,0
52-26,WRITE-IN,REP,0
52-27,ALLAN DOMB,DEM,21
52-27,AMEN  BROWN,DEM,6
52-27,CHERELLE L PARKER,DEM,145
52-27,DAVID OH,REP,1
52-27,DELSCIA GRAY,DEM,0
52-27,HELEN GYM,DEM,26
52-27,JAMES M DELEON,DEM,1
52-27,JEFF BROWN,DEM,41
52-27,REBECCA RHYNHART,DEM,24
52-27,WARREN BLOOM,DEM,0
52-27,WRITE-IN,DEM,0
52-27,WRITE-IN,REP,0
52-28,ALLAN DOMB,DEM,16
52-28,AMEN  BROWN,DEM,8
52-28,CHERELLE L PARKER,DEM,48
52-28,DAVID OH,REP,3
52-28,DELSCIA GRAY,DEM,1
52-28,HELEN GYM,DEM,13
52-28,JAMES M DELEON,DEM,2
52-28,JEFF BROWN,DEM,19
52-28,REBECCA RHYNHART,DEM,17
52-28,WARREN BLOOM,DEM,0
52-28,WRITE-IN,DEM,0
52-28,WRITE-IN,REP,0
53-01,ALLAN DOMB,DEM,12
53-01,AMEN  BROWN,DEM,0
53-01,CHERELLE L PARKER,DEM,60
53-01,DAVID OH,REP,3
53-01,DELSCIA GRAY,DEM,0
53-01,HELEN GYM,DEM,7
53-01,JAMES M DELEON,DEM,1
53-01,JEFF BROWN,DEM,10
53-01,REBECCA RHYNHART,DEM,10
53-01,WARREN BLOOM,DEM,0
53-01,WRITE-IN,DEM,0
53-01,WRITE-IN,REP,0
53-02,ALLAN DOMB,DEM,8
53-02,AMEN  BROWN,DEM,1
53-02,CHERELLE L PARKER,DEM,43
53-02,DAVID OH,REP,2
53-02,DELSCIA GRAY,DEM,0
53-02,HELEN GYM,DEM,11
53-02,JAMES M DELEON,DEM,2
53-02,JEFF BROWN,DEM,13
53-02,REBECCA RHYNHART,DEM,6
53-02,WARREN BLOOM,DEM,0
53-02,WRITE-IN,DEM,0
53-02,WRITE-IN,REP,0
53-03,ALLAN DOMB,DEM,8
53-03,AMEN  BROWN,DEM,1
53-03,CHERELLE L PARKER,DEM,54
53-03,DAVID OH,REP,3
53-03,DELSCIA GRAY,DEM,1
53-03,HELEN GYM,DEM,14
53-03,JAMES M DELEON,DEM,2
53-03,JEFF BROWN,DEM,8
53-03,REBECCA RHYNHART,DEM,12
53-03,WARREN BLOOM,DEM,0
53-03,WRITE-IN,DEM,0
53-03,WRITE-IN,REP,0
53-04,ALLAN DOMB,DEM,19
53-04,AMEN  BROWN,DEM,1
53-04,CHERELLE L PARKER,DEM,51
53-04,DAVID OH,REP,7
53-04,DELSCIA GRAY,DEM,2
53-04,HELEN GYM,DEM,15
53-04,JAMES M DELEON,DEM,0
53-04,JEFF BROWN,DEM,14
53-04,REBECCA RHYNHART,DEM,10
53-04,WARREN BLOOM,DEM,0
53-04,WRITE-IN,DEM,0
53-04,WRITE-IN,REP,0
53-05,ALLAN DOMB,DEM,12
53-05,AMEN  BROWN,DEM,1
53-05,CHERELLE L PARKER,DEM,59
53-05,DAVID OH,REP,3
53-05,DELSCIA GRAY,DEM,0
53-05,HELEN GYM,DEM,18
53-05,JAMES M DELEON,DEM,1
53-05,JEFF BROWN,DEM,11
53-05,REBECCA RHYNHART,DEM,6
53-05,WARREN BLOOM,DEM,0
53-05,WRITE-IN,DEM,0
53-05,WRITE-IN,REP,0
53-06,ALLAN DOMB,DEM,14
53-06,AMEN  BROWN,DEM,3
53-06,CHERELLE L PARKER,DEM,38
53-06,DAVID OH,REP,12
53-06,DELSCIA GRAY,DEM,0
53-06,HELEN GYM,DEM,11
53-06,JAMES M DELEON,DEM,0
53-06,JEFF BROWN,DEM,9
53-06,REBECCA RHYNHART,DEM,2
53-06,WARREN BLOOM,DEM,0
53-06,WRITE-IN,DEM,0
53-06,WRITE-IN,REP,0
53-07,ALLAN DOMB,DEM,5
53-07,AMEN  BROWN,DEM,3
53-07,CHERELLE L PARKER,DEM,45
53-07,DAVID OH,REP,3
53-07,DELSCIA GRAY,DEM,0
53-07,HELEN GYM,DEM,8
53-07,JAMES M DELEON,DEM,1
53-07,JEFF BROWN,DEM,9
53-07,REBECCA RHYNHART,DEM,11
53-07,WARREN BLOOM,DEM,0
53-07,WRITE-IN,DEM,0
53-07,WRITE-IN,REP,0
53-08,ALLAN DOMB,DEM,5
53-08,AMEN  BROWN,DEM,2
53-08,CHERELLE L PARKER,DEM,27
53-08,DAVID OH,REP,9
53-08,DELSCIA GRAY,DEM,0
53-08,HELEN GYM,DEM,9
53-08,JAMES M DELEON,DEM,0
53-08,JEFF BROWN,DEM,8
53-08,REBECCA RHYNHART,DEM,8
53-08,WARREN BLOOM,DEM,0
53-08,WRITE-IN,DEM,0
53-08,WRITE-IN,REP,1
53-09,ALLAN DOMB,DEM,12
53-09,AMEN  BROWN,DEM,0
53-09,CHERELLE L PARKER,DEM,33
53-09,DAVID OH,REP,4
53-09,DELSCIA GRAY,DEM,0
53-09,HELEN GYM,DEM,17
53-09,JAMES M DELEON,DEM,1
53-09,JEFF BROWN,DEM,4
53-09,REBECCA RHYNHART,DEM,7
53-09,WARREN BLOOM,DEM,0
53-09,WRITE-IN,DEM,0
53-09,WRITE-IN,REP,0
53-10,ALLAN DOMB,DEM,8
53-10,AMEN  BROWN,DEM,1
53-10,CHERELLE L PARKER,DEM,25
53-10,DAVID OH,REP,1
53-10,DELSCIA GRAY,DEM,0
53-10,HELEN GYM,DEM,5
53-10,JAMES M DELEON,DEM,2
53-10,JEFF BROWN,DEM,8
53-10,REBECCA RHYNHART,DEM,9
53-10,WARREN BLOOM,DEM,1
53-10,WRITE-IN,DEM,0
53-10,WRITE-IN,REP,1
53-11,ALLAN DOMB,DEM,20
53-11,AMEN  BROWN,DEM,2
53-11,CHERELLE L PARKER,DEM,28
53-11,DAVID OH,REP,11
53-11,DELSCIA GRAY,DEM,1
53-11,HELEN GYM,DEM,10
53-11,JAMES M DELEON,DEM,0
53-11,JEFF BROWN,DEM,11
53-11,REBECCA RHYNHART,DEM,8
53-11,WARREN BLOOM,DEM,0
53-11,WRITE-IN,DEM,0
53-11,WRITE-IN,REP,0
53-12,ALLAN DOMB,DEM,28
53-12,AMEN  BROWN,DEM,2
53-12,CHERELLE L PARKER,DEM,47
53-12,DAVID OH,REP,17
53-12,DELSCIA GRAY,DEM,0
53-12,HELEN GYM,DEM,19
53-12,JAMES M DELEON,DEM,0
53-12,JEFF BROWN,DEM,13
53-12,REBECCA RHYNHART,DEM,20
53-12,WARREN BLOOM,DEM,0
53-12,WRITE-IN,DEM,0
53-12,WRITE-IN,REP,1
53-13,ALLAN DOMB,DEM,13
53-13,AMEN  BROWN,DEM,2
53-13,CHERELLE L PARKER,DEM,47
53-13,DAVID OH,REP,3
53-13,DELSCIA GRAY,DEM,0
53-13,HELEN GYM,DEM,12
53-13,JAMES M DELEON,DEM,2
53-13,JEFF BROWN,DEM,8
53-13,REBECCA RHYNHART,DEM,10
53-13,WARREN BLOOM,DEM,0
53-13,WRITE-IN,DEM,0
53-13,WRITE-IN,REP,2
53-14,ALLAN DOMB,DEM,15
53-14,AMEN  BROWN,DEM,1
53-14,CHERELLE L PARKER,DEM,24
53-14,DAVID OH,REP,9
53-14,DELSCIA GRAY,DEM,0
53-14,HELEN GYM,DEM,25
53-14,JAMES M DELEON,DEM,1
53-14,JEFF BROWN,DEM,6
53-14,REBECCA RHYNHART,DEM,15
53-14,WARREN BLOOM,DEM,1
53-14,WRITE-IN,DEM,0
53-14,WRITE-IN,REP,0
53-15,ALLAN DOMB,DEM,27
53-15,AMEN  BROWN,DEM,4
53-15,CHERELLE L PARKER,DEM,38
53-15,DAVID OH,REP,21
53-15,DELSCIA GRAY,DEM,0
53-15,HELEN GYM,DEM,23
53-15,JAMES M DELEON,DEM,2
53-15,JEFF BROWN,DEM,18
53-15,REBECCA RHYNHART,DEM,30
53-15,WARREN BLOOM,DEM,0
53-15,WRITE-IN,DEM,0
53-15,WRITE-IN,REP,0
53-16,ALLAN DOMB,DEM,33
53-16,AMEN  BROWN,DEM,1
53-16,CHERELLE L PARKER,DEM,26
53-16,DAVID OH,REP,8
53-16,DELSCIA GRAY,DEM,0
53-16,HELEN GYM,DEM,13
53-16,JAMES M DELEON,DEM,0
53-16,JEFF BROWN,DEM,14
53-16,REBECCA RHYNHART,DEM,20
53-16,WARREN BLOOM,DEM,0
53-16,WRITE-IN,DEM,0
53-16,WRITE-IN,REP,2
53-17,ALLAN DOMB,DEM,11
53-17,AMEN  BROWN,DEM,1
53-17,CHERELLE L PARKER,DEM,34
53-17,DAVID OH,REP,11
53-17,DELSCIA GRAY,DEM,1
53-17,HELEN GYM,DEM,12
53-17,JAMES M DELEON,DEM,0
53-17,JEFF BROWN,DEM,19
53-17,REBECCA RHYNHART,DEM,20
53-17,WARREN BLOOM,DEM,0
53-17,WRITE-IN,DEM,0
53-17,WRITE-IN,REP,1
53-18,ALLAN DOMB,DEM,12
53-18,AMEN  BROWN,DEM,0
53-18,CHERELLE L PARKER,DEM,33
53-18,DAVID OH,REP,8
53-18,DELSCIA GRAY,DEM,0
53-18,HELEN GYM,DEM,21
53-18,JAMES M DELEON,DEM,1
53-18,JEFF BROWN,DEM,9
53-18,REBECCA RHYNHART,DEM,10
53-18,WARREN BLOOM,DEM,0
53-18,WRITE-IN,DEM,0
53-18,WRITE-IN,REP,0
53-19,ALLAN DOMB,DEM,13
53-19,AMEN  BROWN,DEM,0
53-19,CHERELLE L PARKER,DEM,39
53-19,DAVID OH,REP,14
53-19,DELSCIA GRAY,DEM,0
53-19,HELEN GYM,DEM,21
53-19,JAMES M DELEON,DEM,0
53-19,JEFF BROWN,DEM,8
53-19,REBECCA RHYNHART,DEM,18
53-19,WARREN BLOOM,DEM,1
53-19,WRITE-IN,DEM,0
53-19,WRITE-IN,REP,0
53-20,ALLAN DOMB,DEM,25
53-20,AMEN  BROWN,DEM,3
53-20,CHERELLE L PARKER,DEM,33
53-20,DAVID OH,REP,24
53-20,DELSCIA GRAY,DEM,2
53-20,HELEN GYM,DEM,20
53-20,JAMES M DELEON,DEM,2
53-20,JEFF BROWN,DEM,6
53-20,REBECCA RHYNHART,DEM,26
53-20,WARREN BLOOM,DEM,0
53-20,WRITE-IN,DEM,3
53-20,WRITE-IN,REP,1
53-21,ALLAN DOMB,DEM,24
53-21,AMEN  BROWN,DEM,0
53-21,CHERELLE L PARKER,DEM,46
53-21,DAVID OH,REP,38
53-21,DELSCIA GRAY,DEM,1
53-21,HELEN GYM,DEM,13
53-21,JAMES M DELEON,DEM,1
53-21,JEFF BROWN,DEM,19
53-21,REBECCA RHYNHART,DEM,14
53-21,WARREN BLOOM,DEM,0
53-21,WRITE-IN,DEM,0
53-21,WRITE-IN,REP,0
53-22,ALLAN DOMB,DEM,19
53-22,AMEN  BROWN,DEM,1
53-22,CHERELLE L PARKER,DEM,36
53-22,DAVID OH,REP,3
53-22,DELSCIA GRAY,DEM,1
53-22,HELEN GYM,DEM,13
53-22,JAMES M DELEON,DEM,1
53-22,JEFF BROWN,DEM,15
53-22,REBECCA RHYNHART,DEM,27
53-22,WARREN BLOOM,DEM,0
53-22,WRITE-IN,DEM,0
53-22,WRITE-IN,REP,0
53-23,ALLAN DOMB,DEM,0
53-23,AMEN  BROWN,DEM,1
53-23,CHERELLE L PARKER,DEM,36
53-23,DAVID OH,REP,6
53-23,DELSCIA GRAY,DEM,0
53-23,HELEN GYM,DEM,11
53-23,JAMES M DELEON,DEM,0
53-23,JEFF BROWN,DEM,5
53-23,REBECCA RHYNHART,DEM,8
53-23,WARREN BLOOM,DEM,1
53-23,WRITE-IN,DEM,0
53-23,WRITE-IN,REP,0
54-01,ALLAN DOMB,DEM,8
54-01,AMEN  BROWN,DEM,3
54-01,CHERELLE L PARKER,DEM,30
54-01,DAVID OH,REP,2
54-01,DELSCIA GRAY,DEM,0
54-01,HELEN GYM,DEM,10
54-01,JAMES M DELEON,DEM,1
54-01,JEFF BROWN,DEM,6
54-01,REBECCA RHYNHART,DEM,21
54-01,WARREN BLOOM,DEM,0
54-01,WRITE-IN,DEM,0
54-01,WRITE-IN,REP,0
54-02,ALLAN DOMB,DEM,12
54-02,AMEN  BROWN,DEM,0
54-02,CHERELLE L PARKER,DEM,44
54-02,DAVID OH,REP,0
54-02,DELSCIA GRAY,DEM,0
54-02,HELEN GYM,DEM,11
54-02,JAMES M DELEON,DEM,1
54-02,JEFF BROWN,DEM,5
54-02,REBECCA RHYNHART,DEM,4
54-02,WARREN BLOOM,DEM,0
54-02,WRITE-IN,DEM,0
54-02,WRITE-IN,REP,0
54-03,ALLAN DOMB,DEM,10
54-03,AMEN  BROWN,DEM,0
54-03,CHERELLE L PARKER,DEM,28
54-03,DAVID OH,REP,4
54-03,DELSCIA GRAY,DEM,0
54-03,HELEN GYM,DEM,9
54-03,JAMES M DELEON,DEM,2
54-03,JEFF BROWN,DEM,3
54-03,REBECCA RHYNHART,DEM,10
54-03,WARREN BLOOM,DEM,0
54-03,WRITE-IN,DEM,0
54-03,WRITE-IN,REP,0
54-04,ALLAN DOMB,DEM,11
54-04,AMEN  BROWN,DEM,2
54-04,CHERELLE L PARKER,DEM,27
54-04,DAVID OH,REP,4
54-04,DELSCIA GRAY,DEM,0
54-04,HELEN GYM,DEM,4
54-04,JAMES M DELEON,DEM,2
54-04,JEFF BROWN,DEM,9
54-04,REBECCA RHYNHART,DEM,15
54-04,WARREN BLOOM,DEM,0
54-04,WRITE-IN,DEM,0
54-04,WRITE-IN,REP,0
54-05,ALLAN DOMB,DEM,9
54-05,AMEN  BROWN,DEM,0
54-05,CHERELLE L PARKER,DEM,31
54-05,DAVID OH,REP,6
54-05,DELSCIA GRAY,DEM,0
54-05,HELEN GYM,DEM,8
54-05,JAMES M DELEON,DEM,0
54-05,JEFF BROWN,DEM,12
54-05,REBECCA RHYNHART,DEM,8
54-05,WARREN BLOOM,DEM,0
54-05,WRITE-IN,DEM,0
54-05,WRITE-IN,REP,0
54-06,ALLAN DOMB,DEM,10
54-06,AMEN  BROWN,DEM,4
54-06,CHERELLE L PARKER,DEM,28
54-06,DAVID OH,REP,5
54-06,DELSCIA GRAY,DEM,2
54-06,HELEN GYM,DEM,9
54-06,JAMES M DELEON,DEM,2
54-06,JEFF BROWN,DEM,5
54-06,REBECCA RHYNHART,DEM,9
54-06,WARREN BLOOM,DEM,0
54-06,WRITE-IN,DEM,0
54-06,WRITE-IN,REP,0
54-07,ALLAN DOMB,DEM,7
54-07,AMEN  BROWN,DEM,2
54-07,CHERELLE L PARKER,DEM,24
54-07,DAVID OH,REP,5
54-07,DELSCIA GRAY,DEM,1
54-07,HELEN GYM,DEM,9
54-07,JAMES M DELEON,DEM,1
54-07,JEFF BROWN,DEM,2
54-07,REBECCA RHYNHART,DEM,9
54-07,WARREN BLOOM,DEM,1
54-07,WRITE-IN,DEM,0
54-07,WRITE-IN,REP,0
54-08,ALLAN DOMB,DEM,11
54-08,AMEN  BROWN,DEM,1
54-08,CHERELLE L PARKER,DEM,10
54-08,DAVID OH,REP,2
54-08,DELSCIA GRAY,DEM,0
54-08,HELEN GYM,DEM,7
54-08,JAMES M DELEON,DEM,0
54-08,JEFF BROWN,DEM,6
54-08,REBECCA RHYNHART,DEM,3
54-08,WARREN BLOOM,DEM,0
54-08,WRITE-IN,DEM,0
54-08,WRITE-IN,REP,0
54-09,ALLAN DOMB,DEM,17
54-09,AMEN  BROWN,DEM,0
54-09,CHERELLE L PARKER,DEM,21
54-09,DAVID OH,REP,2
54-09,DELSCIA GRAY,DEM,0
54-09,HELEN GYM,DEM,19
54-09,JAMES M DELEON,DEM,0
54-09,JEFF BROWN,DEM,6
54-09,REBECCA RHYNHART,DEM,19
54-09,WARREN BLOOM,DEM,0
54-09,WRITE-IN,DEM,3
54-09,WRITE-IN,REP,0
54-10,ALLAN DOMB,DEM,14
54-10,AMEN  BROWN,DEM,1
54-10,CHERELLE L PARKER,DEM,12
54-10,DAVID OH,REP,8
54-10,DELSCIA GRAY,DEM,0
54-10,HELEN GYM,DEM,10
54-10,JAMES M DELEON,DEM,0
54-10,JEFF BROWN,DEM,2
54-10,REBECCA RHYNHART,DEM,9
54-10,WARREN BLOOM,DEM,0
54-10,WRITE-IN,DEM,0
54-10,WRITE-IN,REP,0
54-11,ALLAN DOMB,DEM,6
54-11,AMEN  BROWN,DEM,0
54-11,CHERELLE L PARKER,DEM,22
54-11,DAVID OH,REP,0
54-11,DELSCIA GRAY,DEM,0
54-11,HELEN GYM,DEM,12
54-11,JAMES M DELEON,DEM,1
54-11,JEFF BROWN,DEM,6
54-11,REBECCA RHYNHART,DEM,7
54-11,WARREN BLOOM,DEM,0
54-11,WRITE-IN,DEM,0
54-11,WRITE-IN,REP,0
54-12,ALLAN DOMB,DEM,4
54-12,AMEN  BROWN,DEM,0
54-12,CHERELLE L PARKER,DEM,33
54-12,DAVID OH,REP,4
54-12,DELSCIA GRAY,DEM,1
54-12,HELEN GYM,DEM,8
54-12,JAMES M DELEON,DEM,1
54-12,JEFF BROWN,DEM,3
54-12,REBECCA RHYNHART,DEM,11
54-12,WARREN BLOOM,DEM,0
54-12,WRITE-IN,DEM,0
54-12,WRITE-IN,REP,0
54-13,ALLAN DOMB,DEM,12
54-13,AMEN  BROWN,DEM,1
54-13,CHERELLE L PARKER,DEM,24
54-13,DAVID OH,REP,3
54-13,DELSCIA GRAY,DEM,0
54-13,HELEN GYM,DEM,6
54-13,JAMES M DELEON,DEM,1
54-13,JEFF BROWN,DEM,8
54-13,REBECCA RHYNHART,DEM,4
54-13,WARREN BLOOM,DEM,0
54-13,WRITE-IN,DEM,0
54-13,WRITE-IN,REP,2
54-14,ALLAN DOMB,DEM,7
54-14,AMEN  BROWN,DEM,0
54-14,CHERELLE L PARKER,DEM,13
54-14,DAVID OH,REP,1
54-14,DELSCIA GRAY,DEM,0
54-14,HELEN GYM,DEM,2
54-14,JAMES M DELEON,DEM,1
54-14,JEFF BROWN,DEM,2
54-14,REBECCA RHYNHART,DEM,10
54-14,WARREN BLOOM,DEM,0
54-14,WRITE-IN,DEM,0
54-14,WRITE-IN,REP,0
54-15,ALLAN DOMB,DEM,6
54-15,AMEN  BROWN,DEM,1
54-15,CHERELLE L PARKER,DEM,11
54-15,DAVID OH,REP,2
54-15,DELSCIA GRAY,DEM,0
54-15,HELEN GYM,DEM,12
54-15,JAMES M DELEON,DEM,1
54-15,JEFF BROWN,DEM,2
54-15,REBECCA RHYNHART,DEM,6
54-15,WARREN BLOOM,DEM,1
54-15,WRITE-IN,DEM,0
54-15,WRITE-IN,REP,2
54-16,ALLAN DOMB,DEM,7
54-16,AMEN  BROWN,DEM,0
54-16,CHERELLE L PARKER,DEM,8
54-16,DAVID OH,REP,4
54-16,DELSCIA GRAY,DEM,0
54-16,HELEN GYM,DEM,5
54-16,JAMES M DELEON,DEM,0
54-16,JEFF BROWN,DEM,1
54-16,REBECCA RHYNHART,DEM,7
54-16,WARREN BLOOM,DEM,0
54-16,WRITE-IN,DEM,0
54-16,WRITE-IN,REP,0
54-17,ALLAN DOMB,DEM,11
54-17,AMEN  BROWN,DEM,1
54-17,CHERELLE L PARKER,DEM,13
54-17,DAVID OH,REP,2
54-17,DELSCIA GRAY,DEM,0
54-17,HELEN GYM,DEM,8
54-17,JAMES M DELEON,DEM,0
54-17,JEFF BROWN,DEM,4
54-17,REBECCA RHYNHART,DEM,9
54-17,WARREN BLOOM,DEM,1
54-17,WRITE-IN,DEM,0
54-17,WRITE-IN,REP,0
54-18,ALLAN DOMB,DEM,15
54-18,AMEN  BROWN,DEM,2
54-18,CHERELLE L PARKER,DEM,27
54-18,DAVID OH,REP,9
54-18,DELSCIA GRAY,DEM,0
54-18,HELEN GYM,DEM,13
54-18,JAMES M DELEON,DEM,0
54-18,JEFF BROWN,DEM,5
54-18,REBECCA RHYNHART,DEM,11
54-18,WARREN BLOOM,DEM,0
54-18,WRITE-IN,DEM,0
54-18,WRITE-IN,REP,0
54-19,ALLAN DOMB,DEM,10
54-19,AMEN  BROWN,DEM,1
54-19,CHERELLE L PARKER,DEM,8
54-19,DAVID OH,REP,6
54-19,DELSCIA GRAY,DEM,0
54-19,HELEN GYM,DEM,10
54-19,JAMES M DELEON,DEM,0
54-19,JEFF BROWN,DEM,5
54-19,REBECCA RHYNHART,DEM,18
54-19,WARREN BLOOM,DEM,0
54-19,WRITE-IN,DEM,0
54-19,WRITE-IN,REP,0
54-20,ALLAN DOMB,DEM,11
54-20,AMEN  BROWN,DEM,0
54-20,CHERELLE L PARKER,DEM,5
54-20,DAVID OH,REP,3
54-20,DELSCIA GRAY,DEM,0
54-20,HELEN GYM,DEM,8
54-20,JAMES M DELEON,DEM,0
54-20,JEFF BROWN,DEM,3
54-20,REBECCA RHYNHART,DEM,7
54-20,WARREN BLOOM,DEM,0
54-20,WRITE-IN,DEM,0
54-20,WRITE-IN,REP,1
54-21,ALLAN DOMB,DEM,14
54-21,AMEN  BROWN,DEM,0
54-21,CHERELLE L PARKER,DEM,19
54-21,DAVID OH,REP,5
54-21,DELSCIA GRAY,DEM,0
54-21,HELEN GYM,DEM,11
54-21,JAMES M DELEON,DEM,0
54-21,JEFF BROWN,DEM,3
54-21,REBECCA RHYNHART,DEM,9
54-21,WARREN BLOOM,DEM,0
54-21,WRITE-IN,DEM,0
54-21,WRITE-IN,REP,0
54-22,ALLAN DOMB,DEM,6
54-22,AMEN  BROWN,DEM,1
54-22,CHERELLE L PARKER,DEM,6
54-22,DAVID OH,REP,1
54-22,DELSCIA GRAY,DEM,0
54-22,HELEN GYM,DEM,17
54-22,JAMES M DELEON,DEM,2
54-22,JEFF BROWN,DEM,3
54-22,REBECCA RHYNHART,DEM,8
54-22,WARREN BLOOM,DEM,0
54-22,WRITE-IN,DEM,1
54-22,WRITE-IN,REP,1
55-01,ALLAN DOMB,DEM,12
55-01,AMEN  BROWN,DEM,0
55-01,CHERELLE L PARKER,DEM,26
55-01,DAVID OH,REP,15
55-01,DELSCIA GRAY,DEM,0
55-01,HELEN GYM,DEM,9
55-01,JAMES M DELEON,DEM,1
55-01,JEFF BROWN,DEM,7
55-01,REBECCA RHYNHART,DEM,15
55-01,WARREN BLOOM,DEM,0
55-01,WRITE-IN,DEM,0
55-01,WRITE-IN,REP,0
55-02,ALLAN DOMB,DEM,12
55-02,AMEN  BROWN,DEM,0
55-02,CHERELLE L PARKER,DEM,32
55-02,DAVID OH,REP,18
55-02,DELSCIA GRAY,DEM,0
55-02,HELEN GYM,DEM,9
55-02,JAMES M DELEON,DEM,1
55-02,JEFF BROWN,DEM,10
55-02,REBECCA RHYNHART,DEM,14
55-02,WARREN BLOOM,DEM,0
55-02,WRITE-IN,DEM,0
55-02,WRITE-IN,REP,1
55-03,ALLAN DOMB,DEM,17
55-03,AMEN  BROWN,DEM,1
55-03,CHERELLE L PARKER,DEM,17
55-03,DAVID OH,REP,18
55-03,DELSCIA GRAY,DEM,2
55-03,HELEN GYM,DEM,10
55-03,JAMES M DELEON,DEM,2
55-03,JEFF BROWN,DEM,6
55-03,REBECCA RHYNHART,DEM,10
55-03,WARREN BLOOM,DEM,0
55-03,WRITE-IN,DEM,0
55-03,WRITE-IN,REP,0
55-04,ALLAN DOMB,DEM,24
55-04,AMEN  BROWN,DEM,0
55-04,CHERELLE L PARKER,DEM,30
55-04,DAVID OH,REP,10
55-04,DELSCIA GRAY,DEM,1
55-04,HELEN GYM,DEM,10
55-04,JAMES M DELEON,DEM,2
55-04,JEFF BROWN,DEM,10
55-04,REBECCA RHYNHART,DEM,20
55-04,WARREN BLOOM,DEM,0
55-04,WRITE-IN,DEM,0
55-04,WRITE-IN,REP,1
55-05,ALLAN DOMB,DEM,18
55-05,AMEN  BROWN,DEM,1
55-05,CHERELLE L PARKER,DEM,29
55-05,DAVID OH,REP,11
55-05,DELSCIA GRAY,DEM,1
55-05,HELEN GYM,DEM,12
55-05,JAMES M DELEON,DEM,0
55-05,JEFF BROWN,DEM,18
55-05,REBECCA RHYNHART,DEM,15
55-05,WARREN BLOOM,DEM,0
55-05,WRITE-IN,DEM,0
55-05,WRITE-IN,REP,1
55-06,ALLAN DOMB,DEM,9
55-06,AMEN  BROWN,DEM,0
55-06,CHERELLE L PARKER,DEM,19
55-06,DAVID OH,REP,21
55-06,DELSCIA GRAY,DEM,1
55-06,HELEN GYM,DEM,10
55-06,JAMES M DELEON,DEM,0
55-06,JEFF BROWN,DEM,7
55-06,REBECCA RHYNHART,DEM,7
55-06,WARREN BLOOM,DEM,0
55-06,WRITE-IN,DEM,0
55-06,WRITE-IN,REP,1
55-07,ALLAN DOMB,DEM,32
55-07,AMEN  BROWN,DEM,1
55-07,CHERELLE L PARKER,DEM,46
55-07,DAVID OH,REP,17
55-07,DELSCIA GRAY,DEM,0
55-07,HELEN GYM,DEM,11
55-07,JAMES M DELEON,DEM,0
55-07,JEFF BROWN,DEM,11
55-07,REBECCA RHYNHART,DEM,18
55-07,WARREN BLOOM,DEM,0
55-07,WRITE-IN,DEM,0
55-07,WRITE-IN,REP,0
55-08,ALLAN DOMB,DEM,16
55-08,AMEN  BROWN,DEM,0
55-08,CHERELLE L PARKER,DEM,6
55-08,DAVID OH,REP,11
55-08,DELSCIA GRAY,DEM,0
55-08,HELEN GYM,DEM,6
55-08,JAMES M DELEON,DEM,0
55-08,JEFF BROWN,DEM,5
55-08,REBECCA RHYNHART,DEM,9
55-08,WARREN BLOOM,DEM,0
55-08,WRITE-IN,DEM,0
55-08,WRITE-IN,REP,0
55-09,ALLAN DOMB,DEM,11
55-09,AMEN  BROWN,DEM,0
55-09,CHERELLE L PARKER,DEM,6
55-09,DAVID OH,REP,14
55-09,DELSCIA GRAY,DEM,1
55-09,HELEN GYM,DEM,12
55-09,JAMES M DELEON,DEM,0
55-09,JEFF BROWN,DEM,2
55-09,REBECCA RHYNHART,DEM,9
55-09,WARREN BLOOM,DEM,0
55-09,WRITE-IN,DEM,0
55-09,WRITE-IN,REP,0
55-10,ALLAN DOMB,DEM,8
55-10,AMEN  BROWN,DEM,2
55-10,CHERELLE L PARKER,DEM,23
55-10,DAVID OH,REP,11
55-10,DELSCIA GRAY,DEM,0
55-10,HELEN GYM,DEM,3
55-10,JAMES M DELEON,DEM,0
55-10,JEFF BROWN,DEM,6
55-10,REBECCA RHYNHART,DEM,11
55-10,WARREN BLOOM,DEM,0
55-10,WRITE-IN,DEM,0
55-10,WRITE-IN,REP,0
55-11,ALLAN DOMB,DEM,24
55-11,AMEN  BROWN,DEM,0
55-11,CHERELLE L PARKER,DEM,11
55-11,DAVID OH,REP,17
55-11,DELSCIA GRAY,DEM,0
55-11,HELEN GYM,DEM,5
55-11,JAMES M DELEON,DEM,0
55-11,JEFF BROWN,DEM,7
55-11,REBECCA RHYNHART,DEM,19
55-11,WARREN BLOOM,DEM,0
55-11,WRITE-IN,DEM,0
55-11,WRITE-IN,REP,1
55-12,ALLAN DOMB,DEM,19
55-12,AMEN  BROWN,DEM,1
55-12,CHERELLE L PARKER,DEM,6
55-12,DAVID OH,REP,19
55-12,DELSCIA GRAY,DEM,0
55-12,HELEN GYM,DEM,6
55-12,JAMES M DELEON,DEM,0
55-12,JEFF BROWN,DEM,3
55-12,REBECCA RHYNHART,DEM,10
55-12,WARREN BLOOM,DEM,0
55-12,WRITE-IN,DEM,0
55-12,WRITE-IN,REP,1
55-13,ALLAN DOMB,DEM,11
55-13,AMEN  BROWN,DEM,0
55-13,CHERELLE L PARKER,DEM,8
55-13,DAVID OH,REP,17
55-13,DELSCIA GRAY,DEM,0
55-13,HELEN GYM,DEM,5
55-13,JAMES M DELEON,DEM,2
55-13,JEFF BROWN,DEM,6
55-13,REBECCA RHYNHART,DEM,10
55-13,WARREN BLOOM,DEM,0
55-13,WRITE-IN,DEM,0
55-13,WRITE-IN,REP,0
55-14,ALLAN DOMB,DEM,24
55-14,AMEN  BROWN,DEM,0
55-14,CHERELLE L PARKER,DEM,16
55-14,DAVID OH,REP,8
55-14,DELSCIA GRAY,DEM,0
55-14,HELEN GYM,DEM,15
55-14,JAMES M DELEON,DEM,1
55-14,JEFF BROWN,DEM,1
55-14,REBECCA RHYNHART,DEM,14
55-14,WARREN BLOOM,DEM,0
55-14,WRITE-IN,DEM,0
55-14,WRITE-IN,REP,0
55-15,ALLAN DOMB,DEM,13
55-15,AMEN  BROWN,DEM,0
55-15,CHERELLE L PARKER,DEM,8
55-15,DAVID OH,REP,15
55-15,DELSCIA GRAY,DEM,0
55-15,HELEN GYM,DEM,9
55-15,JAMES M DELEON,DEM,0
55-15,JEFF BROWN,DEM,12
55-15,REBECCA RHYNHART,DEM,13
55-15,WARREN BLOOM,DEM,0
55-15,WRITE-IN,DEM,0
55-15,WRITE-IN,REP,0
55-16,ALLAN DOMB,DEM,9
55-16,AMEN  BROWN,DEM,0
55-16,CHERELLE L PARKER,DEM,10
55-16,DAVID OH,REP,9
55-16,DELSCIA GRAY,DEM,0
55-16,HELEN GYM,DEM,17
55-16,JAMES M DELEON,DEM,2
55-16,JEFF BROWN,DEM,10
55-16,REBECCA RHYNHART,DEM,11
55-16,WARREN BLOOM,DEM,0
55-16,WRITE-IN,DEM,0
55-16,WRITE-IN,REP,0
55-17,ALLAN DOMB,DEM,6
55-17,AMEN  BROWN,DEM,1
55-17,CHERELLE L PARKER,DEM,9
55-17,DAVID OH,REP,8
55-17,DELSCIA GRAY,DEM,0
55-17,HELEN GYM,DEM,11
55-17,JAMES M DELEON,DEM,1
55-17,JEFF BROWN,DEM,5
55-17,REBECCA RHYNHART,DEM,6
55-17,WARREN BLOOM,DEM,1
55-17,WRITE-IN,DEM,0
55-17,WRITE-IN,REP,0
55-18,ALLAN DOMB,DEM,17
55-18,AMEN  BROWN,DEM,1
55-18,CHERELLE L PARKER,DEM,11
55-18,DAVID OH,REP,17
55-18,DELSCIA GRAY,DEM,0
55-18,HELEN GYM,DEM,4
55-18,JAMES M DELEON,DEM,1
55-18,JEFF BROWN,DEM,6
55-18,REBECCA RHYNHART,DEM,6
55-18,WARREN BLOOM,DEM,0
55-18,WRITE-IN,DEM,0
55-18,WRITE-IN,REP,1
55-19,ALLAN DOMB,DEM,10
55-19,AMEN  BROWN,DEM,1
55-19,CHERELLE L PARKER,DEM,6
55-19,DAVID OH,REP,16
55-19,DELSCIA GRAY,DEM,0
55-19,HELEN GYM,DEM,5
55-19,JAMES M DELEON,DEM,0
55-19,JEFF BROWN,DEM,9
55-19,REBECCA RHYNHART,DEM,5
55-19,WARREN BLOOM,DEM,0
55-19,WRITE-IN,DEM,0
55-19,WRITE-IN,REP,1
55-20,ALLAN DOMB,DEM,18
55-20,AMEN  BROWN,DEM,0
55-20,CHERELLE L PARKER,DEM,9
55-20,DAVID OH,REP,10
55-20,DELSCIA GRAY,DEM,1
55-20,HELEN GYM,DEM,5
55-20,JAMES M DELEON,DEM,0
55-20,JEFF BROWN,DEM,8
55-20,REBECCA RHYNHART,DEM,17
55-20,WARREN BLOOM,DEM,0
55-20,WRITE-IN,DEM,0
55-20,WRITE-IN,REP,0
55-21,ALLAN DOMB,DEM,12
55-21,AMEN  BROWN,DEM,1
55-21,CHERELLE L PARKER,DEM,5
55-21,DAVID OH,REP,4
55-21,DELSCIA GRAY,DEM,0
55-21,HELEN GYM,DEM,2
55-21,JAMES M DELEON,DEM,1
55-21,JEFF BROWN,DEM,3
55-21,REBECCA RHYNHART,DEM,6
55-21,WARREN BLOOM,DEM,0
55-21,WRITE-IN,DEM,0
55-21,WRITE-IN,REP,1
55-22,ALLAN DOMB,DEM,15
55-22,AMEN  BROWN,DEM,0
55-22,CHERELLE L PARKER,DEM,8
55-22,DAVID OH,REP,12
55-22,DELSCIA GRAY,DEM,0
55-22,HELEN GYM,DEM,1
55-22,JAMES M DELEON,DEM,0
55-22,JEFF BROWN,DEM,4
55-22,REBECCA RHYNHART,DEM,4
55-22,WARREN BLOOM,DEM,1
55-22,WRITE-IN,DEM,0
55-22,WRITE-IN,REP,1
55-23,ALLAN DOMB,DEM,8
55-23,AMEN  BROWN,DEM,0
55-23,CHERELLE L PARKER,DEM,7
55-23,DAVID OH,REP,6
55-23,DELSCIA GRAY,DEM,0
55-23,HELEN GYM,DEM,3
55-23,JAMES M DELEON,DEM,0
55-23,JEFF BROWN,DEM,2
55-23,REBECCA RHYNHART,DEM,16
55-23,WARREN BLOOM,DEM,0
55-23,WRITE-IN,DEM,0
55-23,WRITE-IN,REP,1
55-24,ALLAN DOMB,DEM,15
55-24,AMEN  BROWN,DEM,1
55-24,CHERELLE L PARKER,DEM,9
55-24,DAVID OH,REP,21
55-24,DELSCIA GRAY,DEM,0
55-24,HELEN GYM,DEM,7
55-24,JAMES M DELEON,DEM,0
55-24,JEFF BROWN,DEM,10
55-24,REBECCA RHYNHART,DEM,9
55-24,WARREN BLOOM,DEM,0
55-24,WRITE-IN,DEM,0
55-24,WRITE-IN,REP,0
55-25,ALLAN DOMB,DEM,12
55-25,AMEN  BROWN,DEM,0
55-25,CHERELLE L PARKER,DEM,13
55-25,DAVID OH,REP,9
55-25,DELSCIA GRAY,DEM,1
55-25,HELEN GYM,DEM,6
55-25,JAMES M DELEON,DEM,1
55-25,JEFF BROWN,DEM,8
55-25,REBECCA RHYNHART,DEM,15
55-25,WARREN BLOOM,DEM,1
55-25,WRITE-IN,DEM,0
55-25,WRITE-IN,REP,0
55-26,ALLAN DOMB,DEM,14
55-26,AMEN  BROWN,DEM,0
55-26,CHERELLE L PARKER,DEM,22
55-26,DAVID OH,REP,10
55-26,DELSCIA GRAY,DEM,0
55-26,HELEN GYM,DEM,14
55-26,JAMES M DELEON,DEM,1
55-26,JEFF BROWN,DEM,7
55-26,REBECCA RHYNHART,DEM,9
55-26,WARREN BLOOM,DEM,0
55-26,WRITE-IN,DEM,0
55-26,WRITE-IN,REP,0
55-27,ALLAN DOMB,DEM,22
55-27,AMEN  BROWN,DEM,0
55-27,CHERELLE L PARKER,DEM,17
55-27,DAVID OH,REP,12
55-27,DELSCIA GRAY,DEM,0
55-27,HELEN GYM,DEM,7
55-27,JAMES M DELEON,DEM,1
55-27,JEFF BROWN,DEM,11
55-27,REBECCA RHYNHART,DEM,15
55-27,WARREN BLOOM,DEM,0
55-27,WRITE-IN,DEM,0
55-27,WRITE-IN,REP,0
55-28,ALLAN DOMB,DEM,24
55-28,AMEN  BROWN,DEM,1
55-28,CHERELLE L PARKER,DEM,15
55-28,DAVID OH,REP,19
55-28,DELSCIA GRAY,DEM,1
55-28,HELEN GYM,DEM,8
55-28,JAMES M DELEON,DEM,2
55-28,JEFF BROWN,DEM,13
55-28,REBECCA RHYNHART,DEM,25
55-28,WARREN BLOOM,DEM,0
55-28,WRITE-IN,DEM,0
55-28,WRITE-IN,REP,0
55-29,ALLAN DOMB,DEM,24
55-29,AMEN  BROWN,DEM,0
55-29,CHERELLE L PARKER,DEM,12
55-29,DAVID OH,REP,21
55-29,DELSCIA GRAY,DEM,0
55-29,HELEN GYM,DEM,9
55-29,JAMES M DELEON,DEM,0
55-29,JEFF BROWN,DEM,9
55-29,REBECCA RHYNHART,DEM,28
55-29,WARREN BLOOM,DEM,0
55-29,WRITE-IN,DEM,0
55-29,WRITE-IN,REP,0
56-01,ALLAN DOMB,DEM,26
56-01,AMEN  BROWN,DEM,4
56-01,CHERELLE L PARKER,DEM,15
56-01,DAVID OH,REP,20
56-01,DELSCIA GRAY,DEM,0
56-01,HELEN GYM,DEM,23
56-01,JAMES M DELEON,DEM,2
56-01,JEFF BROWN,DEM,14
56-01,REBECCA RHYNHART,DEM,21
56-01,WARREN BLOOM,DEM,0
56-01,WRITE-IN,DEM,0
56-01,WRITE-IN,REP,0
56-02,ALLAN DOMB,DEM,16
56-02,AMEN  BROWN,DEM,6
56-02,CHERELLE L PARKER,DEM,17
56-02,DAVID OH,REP,22
56-02,DELSCIA GRAY,DEM,0
56-02,HELEN GYM,DEM,17
56-02,JAMES M DELEON,DEM,0
56-02,JEFF BROWN,DEM,15
56-02,REBECCA RHYNHART,DEM,15
56-02,WARREN BLOOM,DEM,0
56-02,WRITE-IN,DEM,0
56-02,WRITE-IN,REP,0
56-03,ALLAN DOMB,DEM,10
56-03,AMEN  BROWN,DEM,1
56-03,CHERELLE L PARKER,DEM,13
56-03,DAVID OH,REP,4
56-03,DELSCIA GRAY,DEM,0
56-03,HELEN GYM,DEM,5
56-03,JAMES M DELEON,DEM,0
56-03,JEFF BROWN,DEM,8
56-03,REBECCA RHYNHART,DEM,12
56-03,WARREN BLOOM,DEM,0
56-03,WRITE-IN,DEM,0
56-03,WRITE-IN,REP,0
56-04,ALLAN DOMB,DEM,10
56-04,AMEN  BROWN,DEM,0
56-04,CHERELLE L PARKER,DEM,24
56-04,DAVID OH,REP,24
56-04,DELSCIA GRAY,DEM,0
56-04,HELEN GYM,DEM,12
56-04,JAMES M DELEON,DEM,1
56-04,JEFF BROWN,DEM,6
56-04,REBECCA RHYNHART,DEM,9
56-04,WARREN BLOOM,DEM,0
56-04,WRITE-IN,DEM,0
56-04,WRITE-IN,REP,0
56-05,ALLAN DOMB,DEM,23
56-05,AMEN  BROWN,DEM,1
56-05,CHERELLE L PARKER,DEM,15
56-05,DAVID OH,REP,19
56-05,DELSCIA GRAY,DEM,0
56-05,HELEN GYM,DEM,11
56-05,JAMES M DELEON,DEM,1
56-05,JEFF BROWN,DEM,3
56-05,REBECCA RHYNHART,DEM,8
56-05,WARREN BLOOM,DEM,0
56-05,WRITE-IN,DEM,0
56-05,WRITE-IN,REP,1
56-06,ALLAN DOMB,DEM,50
56-06,AMEN  BROWN,DEM,1
56-06,CHERELLE L PARKER,DEM,23
56-06,DAVID OH,REP,39
56-06,DELSCIA GRAY,DEM,2
56-06,HELEN GYM,DEM,13
56-06,JAMES M DELEON,DEM,1
56-06,JEFF BROWN,DEM,22
56-06,REBECCA RHYNHART,DEM,60
56-06,WARREN BLOOM,DEM,0
56-06,WRITE-IN,DEM,0
56-06,WRITE-IN,REP,2
56-07,ALLAN DOMB,DEM,21
56-07,AMEN  BROWN,DEM,0
56-07,CHERELLE L PARKER,DEM,22
56-07,DAVID OH,REP,15
56-07,DELSCIA GRAY,DEM,0
56-07,HELEN GYM,DEM,17
56-07,JAMES M DELEON,DEM,0
56-07,JEFF BROWN,DEM,19
56-07,REBECCA RHYNHART,DEM,28
56-07,WARREN BLOOM,DEM,0
56-07,WRITE-IN,DEM,0
56-07,WRITE-IN,REP,0
56-08,ALLAN DOMB,DEM,39
56-08,AMEN  BROWN,DEM,1
56-08,CHERELLE L PARKER,DEM,14
56-08,DAVID OH,REP,40
56-08,DELSCIA GRAY,DEM,1
56-08,HELEN GYM,DEM,18
56-08,JAMES M DELEON,DEM,0
56-08,JEFF BROWN,DEM,29
56-08,REBECCA RHYNHART,DEM,41
56-08,WARREN BLOOM,DEM,0
56-08,WRITE-IN,DEM,0
56-08,WRITE-IN,REP,0
56-09,ALLAN DOMB,DEM,17
56-09,AMEN  BROWN,DEM,1
56-09,CHERELLE L PARKER,DEM,19
56-09,DAVID OH,REP,18
56-09,DELSCIA GRAY,DEM,0
56-09,HELEN GYM,DEM,24
56-09,JAMES M DELEON,DEM,1
56-09,JEFF BROWN,DEM,8
56-09,REBECCA RHYNHART,DEM,24
56-09,WARREN BLOOM,DEM,1
56-09,WRITE-IN,DEM,0
56-09,WRITE-IN,REP,0
56-10,ALLAN DOMB,DEM,24
56-10,AMEN  BROWN,DEM,3
56-10,CHERELLE L PARKER,DEM,19
56-10,DAVID OH,REP,25
56-10,DELSCIA GRAY,DEM,0
56-10,HELEN GYM,DEM,12
56-10,JAMES M DELEON,DEM,1
56-10,JEFF BROWN,DEM,6
56-10,REBECCA RHYNHART,DEM,26
56-10,WARREN BLOOM,DEM,0
56-10,WRITE-IN,DEM,0
56-10,WRITE-IN,REP,2
56-11,ALLAN DOMB,DEM,10
56-11,AMEN  BROWN,DEM,4
56-11,CHERELLE L PARKER,DEM,11
56-11,DAVID OH,REP,8
56-11,DELSCIA GRAY,DEM,0
56-11,HELEN GYM,DEM,14
56-11,JAMES M DELEON,DEM,2
56-11,JEFF BROWN,DEM,6
56-11,REBECCA RHYNHART,DEM,7
56-11,WARREN BLOOM,DEM,0
56-11,WRITE-IN,DEM,0
56-11,WRITE-IN,REP,0
56-12,ALLAN DOMB,DEM,31
56-12,AMEN  BROWN,DEM,0
56-12,CHERELLE L PARKER,DEM,15
56-12,DAVID OH,REP,18
56-12,DELSCIA GRAY,DEM,0
56-12,HELEN GYM,DEM,22
56-12,JAMES M DELEON,DEM,0
56-12,JEFF BROWN,DEM,12
56-12,REBECCA RHYNHART,DEM,18
56-12,WARREN BLOOM,DEM,2
56-12,WRITE-IN,DEM,0
56-12,WRITE-IN,REP,1
56-13,ALLAN DOMB,DEM,12
56-13,AMEN  BROWN,DEM,1
56-13,CHERELLE L PARKER,DEM,13
56-13,DAVID OH,REP,8
56-13,DELSCIA GRAY,DEM,0
56-13,HELEN GYM,DEM,16
56-13,JAMES M DELEON,DEM,0
56-13,JEFF BROWN,DEM,4
56-13,REBECCA RHYNHART,DEM,21
56-13,WARREN BLOOM,DEM,1
56-13,WRITE-IN,DEM,0
56-13,WRITE-IN,REP,0
56-14,ALLAN DOMB,DEM,22
56-14,AMEN  BROWN,DEM,1
56-14,CHERELLE L PARKER,DEM,15
56-14,DAVID OH,REP,7
56-14,DELSCIA GRAY,DEM,0
56-14,HELEN GYM,DEM,10
56-14,JAMES M DELEON,DEM,0
56-14,JEFF BROWN,DEM,11
56-14,REBECCA RHYNHART,DEM,9
56-14,WARREN BLOOM,DEM,0
56-14,WRITE-IN,DEM,0
56-14,WRITE-IN,REP,0
56-15,ALLAN DOMB,DEM,18
56-15,AMEN  BROWN,DEM,2
56-15,CHERELLE L PARKER,DEM,17
56-15,DAVID OH,REP,19
56-15,DELSCIA GRAY,DEM,0
56-15,HELEN GYM,DEM,8
56-15,JAMES M DELEON,DEM,2
56-15,JEFF BROWN,DEM,6
56-15,REBECCA RHYNHART,DEM,7
56-15,WARREN BLOOM,DEM,0
56-15,WRITE-IN,DEM,0
56-15,WRITE-IN,REP,0
56-16,ALLAN DOMB,DEM,20
56-16,AMEN  BROWN,DEM,1
56-16,CHERELLE L PARKER,DEM,9
56-16,DAVID OH,REP,9
56-16,DELSCIA GRAY,DEM,0
56-16,HELEN GYM,DEM,14
56-16,JAMES M DELEON,DEM,0
56-16,JEFF BROWN,DEM,6
56-16,REBECCA RHYNHART,DEM,19
56-16,WARREN BLOOM,DEM,0
56-16,WRITE-IN,DEM,0
56-16,WRITE-IN,REP,0
56-17,ALLAN DOMB,DEM,19
56-17,AMEN  BROWN,DEM,0
56-17,CHERELLE L PARKER,DEM,18
56-17,DAVID OH,REP,18
56-17,DELSCIA GRAY,DEM,1
56-17,HELEN GYM,DEM,12
56-17,JAMES M DELEON,DEM,1
56-17,JEFF BROWN,DEM,5
56-17,REBECCA RHYNHART,DEM,17
56-17,WARREN BLOOM,DEM,0
56-17,WRITE-IN,DEM,0
56-17,WRITE-IN,REP,0
56-18,ALLAN DOMB,DEM,28
56-18,AMEN  BROWN,DEM,1
56-18,CHERELLE L PARKER,DEM,10
56-18,DAVID OH,REP,13
56-18,DELSCIA GRAY,DEM,1
56-18,HELEN GYM,DEM,11
56-18,JAMES M DELEON,DEM,0
56-18,JEFF BROWN,DEM,3
56-18,REBECCA RHYNHART,DEM,12
56-18,WARREN BLOOM,DEM,1
56-18,WRITE-IN,DEM,0
56-18,WRITE-IN,REP,1
56-19,ALLAN DOMB,DEM,37
56-19,AMEN  BROWN,DEM,0
56-19,CHERELLE L PARKER,DEM,27
56-19,DAVID OH,REP,33
56-19,DELSCIA GRAY,DEM,0
56-19,HELEN GYM,DEM,19
56-19,JAMES M DELEON,DEM,0
56-19,JEFF BROWN,DEM,16
56-19,REBECCA RHYNHART,DEM,33
56-19,WARREN BLOOM,DEM,0
56-19,WRITE-IN,DEM,0
56-19,WRITE-IN,REP,4
56-20,ALLAN DOMB,DEM,28
56-20,AMEN  BROWN,DEM,1
56-20,CHERELLE L PARKER,DEM,13
56-20,DAVID OH,REP,12
56-20,DELSCIA GRAY,DEM,0
56-20,HELEN GYM,DEM,12
56-20,JAMES M DELEON,DEM,0
56-20,JEFF BROWN,DEM,9
56-20,REBECCA RHYNHART,DEM,16
56-20,WARREN BLOOM,DEM,0
56-20,WRITE-IN,DEM,0
56-20,WRITE-IN,REP,0
56-21,ALLAN DOMB,DEM,14
56-21,AMEN  BROWN,DEM,0
56-21,CHERELLE L PARKER,DEM,17
56-21,DAVID OH,REP,8
56-21,DELSCIA GRAY,DEM,0
56-21,HELEN GYM,DEM,9
56-21,JAMES M DELEON,DEM,3
56-21,JEFF BROWN,DEM,6
56-21,REBECCA RHYNHART,DEM,24
56-21,WARREN BLOOM,DEM,0
56-21,WRITE-IN,DEM,0
56-21,WRITE-IN,REP,0
56-22,ALLAN DOMB,DEM,17
56-22,AMEN  BROWN,DEM,0
56-22,CHERELLE L PARKER,DEM,12
56-22,DAVID OH,REP,7
56-22,DELSCIA GRAY,DEM,0
56-22,HELEN GYM,DEM,5
56-22,JAMES M DELEON,DEM,2
56-22,JEFF BROWN,DEM,3
56-22,REBECCA RHYNHART,DEM,12
56-22,WARREN BLOOM,DEM,1
56-22,WRITE-IN,DEM,0
56-22,WRITE-IN,REP,0
56-23,ALLAN DOMB,DEM,35
56-23,AMEN  BROWN,DEM,1
56-23,CHERELLE L PARKER,DEM,21
56-23,DAVID OH,REP,17
56-23,DELSCIA GRAY,DEM,0
56-23,HELEN GYM,DEM,13
56-23,JAMES M DELEON,DEM,2
56-23,JEFF BROWN,DEM,9
56-23,REBECCA RHYNHART,DEM,15
56-23,WARREN BLOOM,DEM,0
56-23,WRITE-IN,DEM,0
56-23,WRITE-IN,REP,0
56-24,ALLAN DOMB,DEM,14
56-24,AMEN  BROWN,DEM,1
56-24,CHERELLE L PARKER,DEM,17
56-24,DAVID OH,REP,14
56-24,DELSCIA GRAY,DEM,2
56-24,HELEN GYM,DEM,11
56-24,JAMES M DELEON,DEM,2
56-24,JEFF BROWN,DEM,6
56-24,REBECCA RHYNHART,DEM,17
56-24,WARREN BLOOM,DEM,0
56-24,WRITE-IN,DEM,0
56-24,WRITE-IN,REP,0
56-25,ALLAN DOMB,DEM,25
56-25,AMEN  BROWN,DEM,1
56-25,CHERELLE L PARKER,DEM,28
56-25,DAVID OH,REP,7
56-25,DELSCIA GRAY,DEM,0
56-25,HELEN GYM,DEM,16
56-25,JAMES M DELEON,DEM,0
56-25,JEFF BROWN,DEM,13
56-25,REBECCA RHYNHART,DEM,30
56-25,WARREN BLOOM,DEM,0
56-25,WRITE-IN,DEM,0
56-25,WRITE-IN,REP,0
56-26,ALLAN DOMB,DEM,19
56-26,AMEN  BROWN,DEM,2
56-26,CHERELLE L PARKER,DEM,15
56-26,DAVID OH,REP,25
56-26,DELSCIA GRAY,DEM,1
56-26,HELEN GYM,DEM,14
56-26,JAMES M DELEON,DEM,0
56-26,JEFF BROWN,DEM,14
56-26,REBECCA RHYNHART,DEM,11
56-26,WARREN BLOOM,DEM,0
56-26,WRITE-IN,DEM,0
56-26,WRITE-IN,REP,0
56-27,ALLAN DOMB,DEM,29
56-27,AMEN  BROWN,DEM,0
56-27,CHERELLE L PARKER,DEM,11
56-27,DAVID OH,REP,11
56-27,DELSCIA GRAY,DEM,1
56-27,HELEN GYM,DEM,11
56-27,JAMES M DELEON,DEM,0
56-27,JEFF BROWN,DEM,10
56-27,REBECCA RHYNHART,DEM,16
56-27,WARREN BLOOM,DEM,0
56-27,WRITE-IN,DEM,0
56-27,WRITE-IN,REP,1
56-28,ALLAN DOMB,DEM,35
56-28,AMEN  BROWN,DEM,1
56-28,CHERELLE L PARKER,DEM,17
56-28,DAVID OH,REP,12
56-28,DELSCIA GRAY,DEM,0
56-28,HELEN GYM,DEM,15
56-28,JAMES M DELEON,DEM,0
56-28,JEFF BROWN,DEM,8
56-28,REBECCA RHYNHART,DEM,29
56-28,WARREN BLOOM,DEM,0
56-28,WRITE-IN,DEM,0
56-28,WRITE-IN,REP,2
56-29,ALLAN DOMB,DEM,23
56-29,AMEN  BROWN,DEM,1
56-29,CHERELLE L PARKER,DEM,21
56-29,DAVID OH,REP,21
56-29,DELSCIA GRAY,DEM,0
56-29,HELEN GYM,DEM,9
56-29,JAMES M DELEON,DEM,1
56-29,JEFF BROWN,DEM,9
56-29,REBECCA RHYNHART,DEM,31
56-29,WARREN BLOOM,DEM,0
56-29,WRITE-IN,DEM,0
56-29,WRITE-IN,REP,1
56-30,ALLAN DOMB,DEM,40
56-30,AMEN  BROWN,DEM,1
56-30,CHERELLE L PARKER,DEM,33
56-30,DAVID OH,REP,14
56-30,DELSCIA GRAY,DEM,0
56-30,HELEN GYM,DEM,22
56-30,JAMES M DELEON,DEM,0
56-30,JEFF BROWN,DEM,12
56-30,REBECCA RHYNHART,DEM,31
56-30,WARREN BLOOM,DEM,0
56-30,WRITE-IN,DEM,0
56-30,WRITE-IN,REP,1
56-31,ALLAN DOMB,DEM,37
56-31,AMEN  BROWN,DEM,0
56-31,CHERELLE L PARKER,DEM,20
56-31,DAVID OH,REP,18
56-31,DELSCIA GRAY,DEM,0
56-31,HELEN GYM,DEM,6
56-31,JAMES M DELEON,DEM,2
56-31,JEFF BROWN,DEM,9
56-31,REBECCA RHYNHART,DEM,25
56-31,WARREN BLOOM,DEM,0
56-31,WRITE-IN,DEM,1
56-31,WRITE-IN,REP,0
56-32,ALLAN DOMB,DEM,11
56-32,AMEN  BROWN,DEM,0
56-32,CHERELLE L PARKER,DEM,4
56-32,DAVID OH,REP,16
56-32,DELSCIA GRAY,DEM,0
56-32,HELEN GYM,DEM,9
56-32,JAMES M DELEON,DEM,0
56-32,JEFF BROWN,DEM,8
56-32,REBECCA RHYNHART,DEM,15
56-32,WARREN BLOOM,DEM,0
56-32,WRITE-IN,DEM,0
56-32,WRITE-IN,REP,0
56-33,ALLAN DOMB,DEM,18
56-33,AMEN  BROWN,DEM,2
56-33,CHERELLE L PARKER,DEM,19
56-33,DAVID OH,REP,17
56-33,DELSCIA GRAY,DEM,1
56-33,HELEN GYM,DEM,12
56-33,JAMES M DELEON,DEM,0
56-33,JEFF BROWN,DEM,13
56-33,REBECCA RHYNHART,DEM,21
56-33,WARREN BLOOM,DEM,0
56-33,WRITE-IN,DEM,0
56-33,WRITE-IN,REP,0
56-34,ALLAN DOMB,DEM,10
56-34,AMEN  BROWN,DEM,0
56-34,CHERELLE L PARKER,DEM,32
56-34,DAVID OH,REP,2
56-34,DELSCIA GRAY,DEM,0
56-34,HELEN GYM,DEM,15
56-34,JAMES M DELEON,DEM,1
56-34,JEFF BROWN,DEM,5
56-34,REBECCA RHYNHART,DEM,12
56-34,WARREN BLOOM,DEM,0
56-34,WRITE-IN,DEM,0
56-34,WRITE-IN,REP,0
56-35,ALLAN DOMB,DEM,13
56-35,AMEN  BROWN,DEM,2
56-35,CHERELLE L PARKER,DEM,18
56-35,DAVID OH,REP,12
56-35,DELSCIA GRAY,DEM,2
56-35,HELEN GYM,DEM,8
56-35,JAMES M DELEON,DEM,1
56-35,JEFF BROWN,DEM,14
56-35,REBECCA RHYNHART,DEM,17
56-35,WARREN BLOOM,DEM,2
56-35,WRITE-IN,DEM,0
56-35,WRITE-IN,REP,0
56-36,ALLAN DOMB,DEM,23
56-36,AMEN  BROWN,DEM,1
56-36,CHERELLE L PARKER,DEM,12
56-36,DAVID OH,REP,10
56-36,DELSCIA GRAY,DEM,0
56-36,HELEN GYM,DEM,12
56-36,JAMES M DELEON,DEM,1
56-36,JEFF BROWN,DEM,12
56-36,REBECCA RHYNHART,DEM,12
56-36,WARREN BLOOM,DEM,0
56-36,WRITE-IN,DEM,0
56-36,WRITE-IN,REP,0
56-37,ALLAN DOMB,DEM,26
56-37,AMEN  BROWN,DEM,2
56-37,CHERELLE L PARKER,DEM,21
56-37,DAVID OH,REP,13
56-37,DELSCIA GRAY,DEM,1
56-37,HELEN GYM,DEM,13
56-37,JAMES M DELEON,DEM,0
56-37,JEFF BROWN,DEM,5
56-37,REBECCA RHYNHART,DEM,12
56-37,WARREN BLOOM,DEM,0
56-37,WRITE-IN,DEM,0
56-37,WRITE-IN,REP,0
56-38,ALLAN DOMB,DEM,24
56-38,AMEN  BROWN,DEM,1
56-38,CHERELLE L PARKER,DEM,33
56-38,DAVID OH,REP,20
56-38,DELSCIA GRAY,DEM,0
56-38,HELEN GYM,DEM,23
56-38,JAMES M DELEON,DEM,3
56-38,JEFF BROWN,DEM,22
56-38,REBECCA RHYNHART,DEM,22
56-38,WARREN BLOOM,DEM,1
56-38,WRITE-IN,DEM,0
56-38,WRITE-IN,REP,0
56-39,ALLAN DOMB,DEM,33
56-39,AMEN  BROWN,DEM,1
56-39,CHERELLE L PARKER,DEM,11
56-39,DAVID OH,REP,15
56-39,DELSCIA GRAY,DEM,0
56-39,HELEN GYM,DEM,10
56-39,JAMES M DELEON,DEM,0
56-39,JEFF BROWN,DEM,11
56-39,REBECCA RHYNHART,DEM,23
56-39,WARREN BLOOM,DEM,0
56-39,WRITE-IN,DEM,0
56-39,WRITE-IN,REP,1
56-40,ALLAN DOMB,DEM,12
56-40,AMEN  BROWN,DEM,0
56-40,CHERELLE L PARKER,DEM,8
56-40,DAVID OH,REP,10
56-40,DELSCIA GRAY,DEM,0
56-40,HELEN GYM,DEM,12
56-40,JAMES M DELEON,DEM,0
56-40,JEFF BROWN,DEM,5
56-40,REBECCA RHYNHART,DEM,14
56-40,WARREN BLOOM,DEM,0
56-40,WRITE-IN,DEM,1
56-40,WRITE-IN,REP,0
56-41,ALLAN DOMB,DEM,42
56-41,AMEN  BROWN,DEM,1
56-41,CHERELLE L PARKER,DEM,44
56-41,DAVID OH,REP,18
56-41,DELSCIA GRAY,DEM,0
56-41,HELEN GYM,DEM,24
56-41,JAMES M DELEON,DEM,2
56-41,JEFF BROWN,DEM,21
56-41,REBECCA RHYNHART,DEM,25
56-41,WARREN BLOOM,DEM,1
56-41,WRITE-IN,DEM,0
56-41,WRITE-IN,REP,1
57-01,ALLAN DOMB,DEM,45
57-01,AMEN  BROWN,DEM,1
57-01,CHERELLE L PARKER,DEM,17
57-01,DAVID OH,REP,45
57-01,DELSCIA GRAY,DEM,0
57-01,HELEN GYM,DEM,13
57-01,JAMES M DELEON,DEM,0
57-01,JEFF BROWN,DEM,18
57-01,REBECCA RHYNHART,DEM,28
57-01,WARREN BLOOM,DEM,0
57-01,WRITE-IN,DEM,0
57-01,WRITE-IN,REP,0
57-02,ALLAN DOMB,DEM,34
57-02,AMEN  BROWN,DEM,2
57-02,CHERELLE L PARKER,DEM,29
57-02,DAVID OH,REP,39
57-02,DELSCIA GRAY,DEM,0
57-02,HELEN GYM,DEM,17
57-02,JAMES M DELEON,DEM,0
57-02,JEFF BROWN,DEM,16
57-02,REBECCA RHYNHART,DEM,33
57-02,WARREN BLOOM,DEM,3
57-02,WRITE-IN,DEM,0
57-02,WRITE-IN,REP,2
57-03,ALLAN DOMB,DEM,38
57-03,AMEN  BROWN,DEM,0
57-03,CHERELLE L PARKER,DEM,18
57-03,DAVID OH,REP,27
57-03,DELSCIA GRAY,DEM,0
57-03,HELEN GYM,DEM,4
57-03,JAMES M DELEON,DEM,1
57-03,JEFF BROWN,DEM,12
57-03,REBECCA RHYNHART,DEM,41
57-03,WARREN BLOOM,DEM,0
57-03,WRITE-IN,DEM,0
57-03,WRITE-IN,REP,1
57-04,ALLAN DOMB,DEM,35
57-04,AMEN  BROWN,DEM,2
57-04,CHERELLE L PARKER,DEM,13
57-04,DAVID OH,REP,30
57-04,DELSCIA GRAY,DEM,0
57-04,HELEN GYM,DEM,11
57-04,JAMES M DELEON,DEM,1
57-04,JEFF BROWN,DEM,11
57-04,REBECCA RHYNHART,DEM,35
57-04,WARREN BLOOM,DEM,0
57-04,WRITE-IN,DEM,0
57-04,WRITE-IN,REP,0
57-05,ALLAN DOMB,DEM,30
57-05,AMEN  BROWN,DEM,0
57-05,CHERELLE L PARKER,DEM,15
57-05,DAVID OH,REP,14
57-05,DELSCIA GRAY,DEM,0
57-05,HELEN GYM,DEM,8
57-05,JAMES M DELEON,DEM,0
57-05,JEFF BROWN,DEM,11
57-05,REBECCA RHYNHART,DEM,19
57-05,WARREN BLOOM,DEM,1
57-05,WRITE-IN,DEM,0
57-05,WRITE-IN,REP,0
57-06,ALLAN DOMB,DEM,50
57-06,AMEN  BROWN,DEM,2
57-06,CHERELLE L PARKER,DEM,39
57-06,DAVID OH,REP,18
57-06,DELSCIA GRAY,DEM,1
57-06,HELEN GYM,DEM,21
57-06,JAMES M DELEON,DEM,0
57-06,JEFF BROWN,DEM,15
57-06,REBECCA RHYNHART,DEM,35
57-06,WARREN BLOOM,DEM,0
57-06,WRITE-IN,DEM,0
57-06,WRITE-IN,REP,0
57-07,ALLAN DOMB,DEM,20
57-07,AMEN  BROWN,DEM,2
57-07,CHERELLE L PARKER,DEM,27
57-07,DAVID OH,REP,12
57-07,DELSCIA GRAY,DEM,1
57-07,HELEN GYM,DEM,8
57-07,JAMES M DELEON,DEM,1
57-07,JEFF BROWN,DEM,8
57-07,REBECCA RHYNHART,DEM,9
57-07,WARREN BLOOM,DEM,0
57-07,WRITE-IN,DEM,1
57-07,WRITE-IN,REP,0
57-08,ALLAN DOMB,DEM,35
57-08,AMEN  BROWN,DEM,1
57-08,CHERELLE L PARKER,DEM,25
57-08,DAVID OH,REP,20
57-08,DELSCIA GRAY,DEM,0
57-08,HELEN GYM,DEM,22
57-08,JAMES M DELEON,DEM,2
57-08,JEFF BROWN,DEM,13
57-08,REBECCA RHYNHART,DEM,37
57-08,WARREN BLOOM,DEM,0
57-08,WRITE-IN,DEM,0
57-08,WRITE-IN,REP,1
57-09,ALLAN DOMB,DEM,24
57-09,AMEN  BROWN,DEM,0
57-09,CHERELLE L PARKER,DEM,13
57-09,DAVID OH,REP,15
57-09,DELSCIA GRAY,DEM,0
57-09,HELEN GYM,DEM,12
57-09,JAMES M DELEON,DEM,0
57-09,JEFF BROWN,DEM,13
57-09,REBECCA RHYNHART,DEM,19
57-09,WARREN BLOOM,DEM,0
57-09,WRITE-IN,DEM,0
57-09,WRITE-IN,REP,0
57-10,ALLAN DOMB,DEM,35
57-10,AMEN  BROWN,DEM,0
57-10,CHERELLE L PARKER,DEM,32
57-10,DAVID OH,REP,29
57-10,DELSCIA GRAY,DEM,1
57-10,HELEN GYM,DEM,14
57-10,JAMES M DELEON,DEM,0
57-10,JEFF BROWN,DEM,25
57-10,REBECCA RHYNHART,DEM,16
57-10,WARREN BLOOM,DEM,0
57-10,WRITE-IN,DEM,0
57-10,WRITE-IN,REP,2
57-11,ALLAN DOMB,DEM,44
57-11,AMEN  BROWN,DEM,2
57-11,CHERELLE L PARKER,DEM,29
57-11,DAVID OH,REP,42
57-11,DELSCIA GRAY,DEM,1
57-11,HELEN GYM,DEM,26
57-11,JAMES M DELEON,DEM,0
57-11,JEFF BROWN,DEM,21
57-11,REBECCA RHYNHART,DEM,24
57-11,WARREN BLOOM,DEM,0
57-11,WRITE-IN,DEM,0
57-11,WRITE-IN,REP,0
57-12,ALLAN DOMB,DEM,36
57-12,AMEN  BROWN,DEM,4
57-12,CHERELLE L PARKER,DEM,11
57-12,DAVID OH,REP,43
57-12,DELSCIA GRAY,DEM,1
57-12,HELEN GYM,DEM,15
57-12,JAMES M DELEON,DEM,0
57-12,JEFF BROWN,DEM,12
57-12,REBECCA RHYNHART,DEM,19
57-12,WARREN BLOOM,DEM,0
57-12,WRITE-IN,DEM,0
57-12,WRITE-IN,REP,1
57-13,ALLAN DOMB,DEM,68
57-13,AMEN  BROWN,DEM,0
57-13,CHERELLE L PARKER,DEM,21
57-13,DAVID OH,REP,88
57-13,DELSCIA GRAY,DEM,0
57-13,HELEN GYM,DEM,9
57-13,JAMES M DELEON,DEM,1
57-13,JEFF BROWN,DEM,21
57-13,REBECCA RHYNHART,DEM,47
57-13,WARREN BLOOM,DEM,0
57-13,WRITE-IN,DEM,0
57-13,WRITE-IN,REP,0
57-14,ALLAN DOMB,DEM,40
57-14,AMEN  BROWN,DEM,3
57-14,CHERELLE L PARKER,DEM,23
57-14,DAVID OH,REP,45
57-14,DELSCIA GRAY,DEM,1
57-14,HELEN GYM,DEM,4
57-14,JAMES M DELEON,DEM,0
57-14,JEFF BROWN,DEM,18
57-14,REBECCA RHYNHART,DEM,47
57-14,WARREN BLOOM,DEM,1
57-14,WRITE-IN,DEM,0
57-14,WRITE-IN,REP,2
57-15,ALLAN DOMB,DEM,22
57-15,AMEN  BROWN,DEM,0
57-15,CHERELLE L PARKER,DEM,20
57-15,DAVID OH,REP,23
57-15,DELSCIA GRAY,DEM,0
57-15,HELEN GYM,DEM,16
57-15,JAMES M DELEON,DEM,2
57-15,JEFF BROWN,DEM,21
57-15,REBECCA RHYNHART,DEM,30
57-15,WARREN BLOOM,DEM,0
57-15,WRITE-IN,DEM,0
57-15,WRITE-IN,REP,1
57-16,ALLAN DOMB,DEM,29
57-16,AMEN  BROWN,DEM,0
57-16,CHERELLE L PARKER,DEM,14
57-16,DAVID OH,REP,29
57-16,DELSCIA GRAY,DEM,0
57-16,HELEN GYM,DEM,13
57-16,JAMES M DELEON,DEM,0
57-16,JEFF BROWN,DEM,11
57-16,REBECCA RHYNHART,DEM,20
57-16,WARREN BLOOM,DEM,1
57-16,WRITE-IN,DEM,0
57-16,WRITE-IN,REP,0
57-17,ALLAN DOMB,DEM,52
57-17,AMEN  BROWN,DEM,1
57-17,CHERELLE L PARKER,DEM,10
57-17,DAVID OH,REP,50
57-17,DELSCIA GRAY,DEM,0
57-17,HELEN GYM,DEM,14
57-17,JAMES M DELEON,DEM,1
57-17,JEFF BROWN,DEM,24
57-17,REBECCA RHYNHART,DEM,29
57-17,WARREN BLOOM,DEM,0
57-17,WRITE-IN,DEM,0
57-17,WRITE-IN,REP,0
57-18,ALLAN DOMB,DEM,44
57-18,AMEN  BROWN,DEM,2
57-18,CHERELLE L PARKER,DEM,27
57-18,DAVID OH,REP,69
57-18,DELSCIA GRAY,DEM,0
57-18,HELEN GYM,DEM,18
57-18,JAMES M DELEON,DEM,1
57-18,JEFF BROWN,DEM,21
57-18,REBECCA RHYNHART,DEM,27
57-18,WARREN BLOOM,DEM,1
57-18,WRITE-IN,DEM,0
57-18,WRITE-IN,REP,1
57-19,ALLAN DOMB,DEM,36
57-19,AMEN  BROWN,DEM,0
57-19,CHERELLE L PARKER,DEM,10
57-19,DAVID OH,REP,24
57-19,DELSCIA GRAY,DEM,0
57-19,HELEN GYM,DEM,12
57-19,JAMES M DELEON,DEM,0
57-19,JEFF BROWN,DEM,13
57-19,REBECCA RHYNHART,DEM,28
57-19,WARREN BLOOM,DEM,1
57-19,WRITE-IN,DEM,0
57-19,WRITE-IN,REP,0
57-20,ALLAN DOMB,DEM,19
57-20,AMEN  BROWN,DEM,0
57-20,CHERELLE L PARKER,DEM,11
57-20,DAVID OH,REP,25
57-20,DELSCIA GRAY,DEM,0
57-20,HELEN GYM,DEM,12
57-20,JAMES M DELEON,DEM,0
57-20,JEFF BROWN,DEM,6
57-20,REBECCA RHYNHART,DEM,29
57-20,WARREN BLOOM,DEM,0
57-20,WRITE-IN,DEM,0
57-20,WRITE-IN,REP,1
57-21,ALLAN DOMB,DEM,26
57-21,AMEN  BROWN,DEM,0
57-21,CHERELLE L PARKER,DEM,20
57-21,DAVID OH,REP,21
57-21,DELSCIA GRAY,DEM,0
57-21,HELEN GYM,DEM,18
57-21,JAMES M DELEON,DEM,1
57-21,JEFF BROWN,DEM,11
57-21,REBECCA RHYNHART,DEM,37
57-21,WARREN BLOOM,DEM,0
57-21,WRITE-IN,DEM,0
57-21,WRITE-IN,REP,1
57-22,ALLAN DOMB,DEM,48
57-22,AMEN  BROWN,DEM,1
57-22,CHERELLE L PARKER,DEM,15
57-22,DAVID OH,REP,42
57-22,DELSCIA GRAY,DEM,0
57-22,HELEN GYM,DEM,11
57-22,JAMES M DELEON,DEM,1
57-22,JEFF BROWN,DEM,23
57-22,REBECCA RHYNHART,DEM,35
57-22,WARREN BLOOM,DEM,1
57-22,WRITE-IN,DEM,0
57-22,WRITE-IN,REP,3
57-23,ALLAN DOMB,DEM,46
57-23,AMEN  BROWN,DEM,0
57-23,CHERELLE L PARKER,DEM,27
57-23,DAVID OH,REP,24
57-23,DELSCIA GRAY,DEM,0
57-23,HELEN GYM,DEM,16
57-23,JAMES M DELEON,DEM,1
57-23,JEFF BROWN,DEM,12
57-23,REBECCA RHYNHART,DEM,30
57-23,WARREN BLOOM,DEM,0
57-23,WRITE-IN,DEM,0
57-23,WRITE-IN,REP,0
57-24,ALLAN DOMB,DEM,23
57-24,AMEN  BROWN,DEM,0
57-24,CHERELLE L PARKER,DEM,10
57-24,DAVID OH,REP,26
57-24,DELSCIA GRAY,DEM,1
57-24,HELEN GYM,DEM,5
57-24,JAMES M DELEON,DEM,4
57-24,JEFF BROWN,DEM,14
57-24,REBECCA RHYNHART,DEM,8
57-24,WARREN BLOOM,DEM,0
57-24,WRITE-IN,DEM,0
57-24,WRITE-IN,REP,0
57-25,ALLAN DOMB,DEM,37
57-25,AMEN  BROWN,DEM,1
57-25,CHERELLE L PARKER,DEM,20
57-25,DAVID OH,REP,28
57-25,DELSCIA GRAY,DEM,0
57-25,HELEN GYM,DEM,9
57-25,JAMES M DELEON,DEM,0
57-25,JEFF BROWN,DEM,9
57-25,REBECCA RHYNHART,DEM,18
57-25,WARREN BLOOM,DEM,0
57-25,WRITE-IN,DEM,0
57-25,WRITE-IN,REP,2
57-26,ALLAN DOMB,DEM,12
57-26,AMEN  BROWN,DEM,1
57-26,CHERELLE L PARKER,DEM,26
57-26,DAVID OH,REP,11
57-26,DELSCIA GRAY,DEM,0
57-26,HELEN GYM,DEM,11
57-26,JAMES M DELEON,DEM,1
57-26,JEFF BROWN,DEM,9
57-26,REBECCA RHYNHART,DEM,12
57-26,WARREN BLOOM,DEM,0
57-26,WRITE-IN,DEM,0
57-26,WRITE-IN,REP,1
57-27,ALLAN DOMB,DEM,16
57-27,AMEN  BROWN,DEM,4
57-27,CHERELLE L PARKER,DEM,42
57-27,DAVID OH,REP,11
57-27,DELSCIA GRAY,DEM,1
57-27,HELEN GYM,DEM,22
57-27,JAMES M DELEON,DEM,1
57-27,JEFF BROWN,DEM,16
57-27,REBECCA RHYNHART,DEM,13
57-27,WARREN BLOOM,DEM,0
57-27,WRITE-IN,DEM,0
57-27,WRITE-IN,REP,0
57-28,ALLAN DOMB,DEM,38
57-28,AMEN  BROWN,DEM,1
57-28,CHERELLE L PARKER,DEM,11
57-28,DAVID OH,REP,43
57-28,DELSCIA GRAY,DEM,0
57-28,HELEN GYM,DEM,14
57-28,JAMES M DELEON,DEM,1
57-28,JEFF BROWN,DEM,9
57-28,REBECCA RHYNHART,DEM,27
57-28,WARREN BLOOM,DEM,0
57-28,WRITE-IN,DEM,1
57-28,WRITE-IN,REP,1
58-01,ALLAN DOMB,DEM,25
58-01,AMEN  BROWN,DEM,0
58-01,CHERELLE L PARKER,DEM,9
58-01,DAVID OH,REP,7
58-01,DELSCIA GRAY,DEM,0
58-01,HELEN GYM,DEM,5
58-01,JAMES M DELEON,DEM,0
58-01,JEFF BROWN,DEM,2
58-01,REBECCA RHYNHART,DEM,14
58-01,WARREN BLOOM,DEM,0
58-01,WRITE-IN,DEM,0
58-01,WRITE-IN,REP,0
58-02,ALLAN DOMB,DEM,10
58-02,AMEN  BROWN,DEM,0
58-02,CHERELLE L PARKER,DEM,3
58-02,DAVID OH,REP,4
58-02,DELSCIA GRAY,DEM,0
58-02,HELEN GYM,DEM,4
58-02,JAMES M DELEON,DEM,1
58-02,JEFF BROWN,DEM,4
58-02,REBECCA RHYNHART,DEM,8
58-02,WARREN BLOOM,DEM,0
58-02,WRITE-IN,DEM,0
58-02,WRITE-IN,REP,0
58-03,ALLAN DOMB,DEM,44
58-03,AMEN  BROWN,DEM,3
58-03,CHERELLE L PARKER,DEM,29
58-03,DAVID OH,REP,26
58-03,DELSCIA GRAY,DEM,0
58-03,HELEN GYM,DEM,20
58-03,JAMES M DELEON,DEM,1
58-03,JEFF BROWN,DEM,17
58-03,REBECCA RHYNHART,DEM,30
58-03,WARREN BLOOM,DEM,0
58-03,WRITE-IN,DEM,0
58-03,WRITE-IN,REP,1
58-04,ALLAN DOMB,DEM,30
58-04,AMEN  BROWN,DEM,0
58-04,CHERELLE L PARKER,DEM,17
58-04,DAVID OH,REP,81
58-04,DELSCIA GRAY,DEM,1
58-04,HELEN GYM,DEM,7
58-04,JAMES M DELEON,DEM,1
58-04,JEFF BROWN,DEM,39
58-04,REBECCA RHYNHART,DEM,36
58-04,WARREN BLOOM,DEM,0
58-04,WRITE-IN,DEM,0
58-04,WRITE-IN,REP,1
58-05,ALLAN DOMB,DEM,35
58-05,AMEN  BROWN,DEM,1
58-05,CHERELLE L PARKER,DEM,30
58-05,DAVID OH,REP,36
58-05,DELSCIA GRAY,DEM,2
58-05,HELEN GYM,DEM,25
58-05,JAMES M DELEON,DEM,0
58-05,JEFF BROWN,DEM,16
58-05,REBECCA RHYNHART,DEM,37
58-05,WARREN BLOOM,DEM,0
58-05,WRITE-IN,DEM,0
58-05,WRITE-IN,REP,1
58-06,ALLAN DOMB,DEM,49
58-06,AMEN  BROWN,DEM,1
58-06,CHERELLE L PARKER,DEM,17
58-06,DAVID OH,REP,34
58-06,DELSCIA GRAY,DEM,0
58-06,HELEN GYM,DEM,19
58-06,JAMES M DELEON,DEM,1
58-06,JEFF BROWN,DEM,17
58-06,REBECCA RHYNHART,DEM,12
58-06,WARREN BLOOM,DEM,0
58-06,WRITE-IN,DEM,0
58-06,WRITE-IN,REP,0
58-07,ALLAN DOMB,DEM,23
58-07,AMEN  BROWN,DEM,0
58-07,CHERELLE L PARKER,DEM,11
58-07,DAVID OH,REP,48
58-07,DELSCIA GRAY,DEM,0
58-07,HELEN GYM,DEM,8
58-07,JAMES M DELEON,DEM,1
58-07,JEFF BROWN,DEM,11
58-07,REBECCA RHYNHART,DEM,23
58-07,WARREN BLOOM,DEM,0
58-07,WRITE-IN,DEM,0
58-07,WRITE-IN,REP,1
58-08,ALLAN DOMB,DEM,28
58-08,AMEN  BROWN,DEM,1
58-08,CHERELLE L PARKER,DEM,20
58-08,DAVID OH,REP,17
58-08,DELSCIA GRAY,DEM,0
58-08,HELEN GYM,DEM,14
58-08,JAMES M DELEON,DEM,1
58-08,JEFF BROWN,DEM,14
58-08,REBECCA RHYNHART,DEM,41
58-08,WARREN BLOOM,DEM,1
58-08,WRITE-IN,DEM,0
58-08,WRITE-IN,REP,2
58-09,ALLAN DOMB,DEM,42
58-09,AMEN  BROWN,DEM,1
58-09,CHERELLE L PARKER,DEM,21
58-09,DAVID OH,REP,52
58-09,DELSCIA GRAY,DEM,1
58-09,HELEN GYM,DEM,10
58-09,JAMES M DELEON,DEM,1
58-09,JEFF BROWN,DEM,15
58-09,REBECCA RHYNHART,DEM,42
58-09,WARREN BLOOM,DEM,0
58-09,WRITE-IN,DEM,0
58-09,WRITE-IN,REP,2
58-10,ALLAN DOMB,DEM,41
58-10,AMEN  BROWN,DEM,1
58-10,CHERELLE L PARKER,DEM,18
58-10,DAVID OH,REP,16
58-10,DELSCIA GRAY,DEM,0
58-10,HELEN GYM,DEM,14
58-10,JAMES M DELEON,DEM,0
58-10,JEFF BROWN,DEM,13
58-10,REBECCA RHYNHART,DEM,31
58-10,WARREN BLOOM,DEM,1
58-10,WRITE-IN,DEM,0
58-10,WRITE-IN,REP,1
58-11,ALLAN DOMB,DEM,27
58-11,AMEN  BROWN,DEM,0
58-11,CHERELLE L PARKER,DEM,13
58-11,DAVID OH,REP,29
58-11,DELSCIA GRAY,DEM,1
58-11,HELEN GYM,DEM,18
58-11,JAMES M DELEON,DEM,0
58-11,JEFF BROWN,DEM,8
58-11,REBECCA RHYNHART,DEM,23
58-11,WARREN BLOOM,DEM,1
58-11,WRITE-IN,DEM,0
58-11,WRITE-IN,REP,0
58-12,ALLAN DOMB,DEM,23
58-12,AMEN  BROWN,DEM,0
58-12,CHERELLE L PARKER,DEM,7
58-12,DAVID OH,REP,23
58-12,DELSCIA GRAY,DEM,1
58-12,HELEN GYM,DEM,11
58-12,JAMES M DELEON,DEM,1
58-12,JEFF BROWN,DEM,6
58-12,REBECCA RHYNHART,DEM,22
58-12,WARREN BLOOM,DEM,2
58-12,WRITE-IN,DEM,1
58-12,WRITE-IN,REP,0
58-13,ALLAN DOMB,DEM,43
58-13,AMEN  BROWN,DEM,0
58-13,CHERELLE L PARKER,DEM,12
58-13,DAVID OH,REP,31
58-13,DELSCIA GRAY,DEM,1
58-13,HELEN GYM,DEM,24
58-13,JAMES M DELEON,DEM,1
58-13,JEFF BROWN,DEM,17
58-13,REBECCA RHYNHART,DEM,38
58-13,WARREN BLOOM,DEM,0
58-13,WRITE-IN,DEM,0
58-13,WRITE-IN,REP,1
58-14,ALLAN DOMB,DEM,23
58-14,AMEN  BROWN,DEM,1
58-14,CHERELLE L PARKER,DEM,9
58-14,DAVID OH,REP,32
58-14,DELSCIA GRAY,DEM,0
58-14,HELEN GYM,DEM,11
58-14,JAMES M DELEON,DEM,1
58-14,JEFF BROWN,DEM,7
58-14,REBECCA RHYNHART,DEM,16
58-14,WARREN BLOOM,DEM,0
58-14,WRITE-IN,DEM,0
58-14,WRITE-IN,REP,0
58-15,ALLAN DOMB,DEM,14
58-15,AMEN  BROWN,DEM,0
58-15,CHERELLE L PARKER,DEM,5
58-15,DAVID OH,REP,8
58-15,DELSCIA GRAY,DEM,0
58-15,HELEN GYM,DEM,11
58-15,JAMES M DELEON,DEM,0
58-15,JEFF BROWN,DEM,4
58-15,REBECCA RHYNHART,DEM,14
58-15,WARREN BLOOM,DEM,0
58-15,WRITE-IN,DEM,0
58-15,WRITE-IN,REP,0
58-16,ALLAN DOMB,DEM,40
58-16,AMEN  BROWN,DEM,4
58-16,CHERELLE L PARKER,DEM,17
58-16,DAVID OH,REP,55
58-16,DELSCIA GRAY,DEM,1
58-16,HELEN GYM,DEM,19
58-16,JAMES M DELEON,DEM,0
58-16,JEFF BROWN,DEM,18
58-16,REBECCA RHYNHART,DEM,44
58-16,WARREN BLOOM,DEM,0
58-16,WRITE-IN,DEM,0
58-16,WRITE-IN,REP,0
58-17,ALLAN DOMB,DEM,56
58-17,AMEN  BROWN,DEM,1
58-17,CHERELLE L PARKER,DEM,8
58-17,DAVID OH,REP,35
58-17,DELSCIA GRAY,DEM,0
58-17,HELEN GYM,DEM,15
58-17,JAMES M DELEON,DEM,2
58-17,JEFF BROWN,DEM,18
58-17,REBECCA RHYNHART,DEM,26
58-17,WARREN BLOOM,DEM,3
58-17,WRITE-IN,DEM,0
58-17,WRITE-IN,REP,1
58-18,ALLAN DOMB,DEM,28
58-18,AMEN  BROWN,DEM,1
58-18,CHERELLE L PARKER,DEM,13
58-18,DAVID OH,REP,16
58-18,DELSCIA GRAY,DEM,0
58-18,HELEN GYM,DEM,8
58-18,JAMES M DELEON,DEM,0
58-18,JEFF BROWN,DEM,3
58-18,REBECCA RHYNHART,DEM,22
58-18,WARREN BLOOM,DEM,0
58-18,WRITE-IN,DEM,0
58-18,WRITE-IN,REP,0
58-19,ALLAN DOMB,DEM,100
58-19,AMEN  BROWN,DEM,3
58-19,CHERELLE L PARKER,DEM,18
58-19,DAVID OH,REP,58
58-19,DELSCIA GRAY,DEM,1
58-19,HELEN GYM,DEM,21
58-19,JAMES M DELEON,DEM,2
58-19,JEFF BROWN,DEM,23
58-19,REBECCA RHYNHART,DEM,84
58-19,WARREN BLOOM,DEM,0
58-19,WRITE-IN,DEM,0
58-19,WRITE-IN,REP,1
58-20,ALLAN DOMB,DEM,28
58-20,AMEN  BROWN,DEM,1
58-20,CHERELLE L PARKER,DEM,22
58-20,DAVID OH,REP,25
58-20,DELSCIA GRAY,DEM,0
58-20,HELEN GYM,DEM,18
58-20,JAMES M DELEON,DEM,3
58-20,JEFF BROWN,DEM,9
58-20,REBECCA RHYNHART,DEM,23
58-20,WARREN BLOOM,DEM,0
58-20,WRITE-IN,DEM,0
58-20,WRITE-IN,REP,3
58-21,ALLAN DOMB,DEM,24
58-21,AMEN  BROWN,DEM,1
58-21,CHERELLE L PARKER,DEM,16
58-21,DAVID OH,REP,78
58-21,DELSCIA GRAY,DEM,1
58-21,HELEN GYM,DEM,19
58-21,JAMES M DELEON,DEM,1
58-21,JEFF BROWN,DEM,9
58-21,REBECCA RHYNHART,DEM,41
58-21,WARREN BLOOM,DEM,0
58-21,WRITE-IN,DEM,0
58-21,WRITE-IN,REP,1
58-22,ALLAN DOMB,DEM,25
58-22,AMEN  BROWN,DEM,1
58-22,CHERELLE L PARKER,DEM,5
58-22,DAVID OH,REP,37
58-22,DELSCIA GRAY,DEM,0
58-22,HELEN GYM,DEM,12
58-22,JAMES M DELEON,DEM,1
58-22,JEFF BROWN,DEM,18
58-22,REBECCA RHYNHART,DEM,11
58-22,WARREN BLOOM,DEM,1
58-22,WRITE-IN,DEM,0
58-22,WRITE-IN,REP,0
58-23,ALLAN DOMB,DEM,41
58-23,AMEN  BROWN,DEM,0
58-23,CHERELLE L PARKER,DEM,22
58-23,DAVID OH,REP,50
58-23,DELSCIA GRAY,DEM,0
58-23,HELEN GYM,DEM,33
58-23,JAMES M DELEON,DEM,0
58-23,JEFF BROWN,DEM,13
58-23,REBECCA RHYNHART,DEM,27
58-23,WARREN BLOOM,DEM,1
58-23,WRITE-IN,DEM,0
58-23,WRITE-IN,REP,1
58-24,ALLAN DOMB,DEM,93
58-24,AMEN  BROWN,DEM,2
58-24,CHERELLE L PARKER,DEM,43
58-24,DAVID OH,REP,92
58-24,DELSCIA GRAY,DEM,0
58-24,HELEN GYM,DEM,10
58-24,JAMES M DELEON,DEM,0
58-24,JEFF BROWN,DEM,38
58-24,REBECCA RHYNHART,DEM,82
58-24,WARREN BLOOM,DEM,0
58-24,WRITE-IN,DEM,0
58-24,WRITE-IN,REP,4
58-25,ALLAN DOMB,DEM,31
58-25,AMEN  BROWN,DEM,1
58-25,CHERELLE L PARKER,DEM,13
58-25,DAVID OH,REP,21
58-25,DELSCIA GRAY,DEM,1
58-25,HELEN GYM,DEM,25
58-25,JAMES M DELEON,DEM,0
58-25,JEFF BROWN,DEM,13
58-25,REBECCA RHYNHART,DEM,27
58-25,WARREN BLOOM,DEM,0
58-25,WRITE-IN,DEM,0
58-25,WRITE-IN,REP,1
58-26,ALLAN DOMB,DEM,35
58-26,AMEN  BROWN,DEM,0
58-26,CHERELLE L PARKER,DEM,16
58-26,DAVID OH,REP,37
58-26,DELSCIA GRAY,DEM,0
58-26,HELEN GYM,DEM,15
58-26,JAMES M DELEON,DEM,0
58-26,JEFF BROWN,DEM,30
58-26,REBECCA RHYNHART,DEM,40
58-26,WARREN BLOOM,DEM,0
58-26,WRITE-IN,DEM,0
58-26,WRITE-IN,REP,0
58-27,ALLAN DOMB,DEM,19
58-27,AMEN  BROWN,DEM,0
58-27,CHERELLE L PARKER,DEM,8
58-27,DAVID OH,REP,7
58-27,DELSCIA GRAY,DEM,0
58-27,HELEN GYM,DEM,6
58-27,JAMES M DELEON,DEM,0
58-27,JEFF BROWN,DEM,7
58-27,REBECCA RHYNHART,DEM,23
58-27,WARREN BLOOM,DEM,0
58-27,WRITE-IN,DEM,0
58-27,WRITE-IN,REP,0
58-28,ALLAN DOMB,DEM,36
58-28,AMEN  BROWN,DEM,2
58-28,CHERELLE L PARKER,DEM,8
58-28,DAVID OH,REP,30
58-28,DELSCIA GRAY,DEM,0
58-28,HELEN GYM,DEM,13
58-28,JAMES M DELEON,DEM,0
58-28,JEFF BROWN,DEM,22
58-28,REBECCA RHYNHART,DEM,21
58-28,WARREN BLOOM,DEM,0
58-28,WRITE-IN,DEM,0
58-28,WRITE-IN,REP,1
58-29,ALLAN DOMB,DEM,49
58-29,AMEN  BROWN,DEM,0
58-29,CHERELLE L PARKER,DEM,33
58-29,DAVID OH,REP,69
58-29,DELSCIA GRAY,DEM,0
58-29,HELEN GYM,DEM,16
58-29,JAMES M DELEON,DEM,0
58-29,JEFF BROWN,DEM,32
58-29,REBECCA RHYNHART,DEM,40
58-29,WARREN BLOOM,DEM,1
58-29,WRITE-IN,DEM,0
58-29,WRITE-IN,REP,2
58-30,ALLAN DOMB,DEM,28
58-30,AMEN  BROWN,DEM,1
58-30,CHERELLE L PARKER,DEM,8
58-30,DAVID OH,REP,19
58-30,DELSCIA GRAY,DEM,1
58-30,HELEN GYM,DEM,18
58-30,JAMES M DELEON,DEM,0
58-30,JEFF BROWN,DEM,13
58-30,REBECCA RHYNHART,DEM,20
58-30,WARREN BLOOM,DEM,0
58-30,WRITE-IN,DEM,0
58-30,WRITE-IN,REP,0
58-31,ALLAN DOMB,DEM,21
58-31,AMEN  BROWN,DEM,0
58-31,CHERELLE L PARKER,DEM,16
58-31,DAVID OH,REP,34
58-31,DELSCIA GRAY,DEM,1
58-31,HELEN GYM,DEM,14
58-31,JAMES M DELEON,DEM,3
58-31,JEFF BROWN,DEM,13
58-31,REBECCA RHYNHART,DEM,18
58-31,WARREN BLOOM,DEM,0
58-31,WRITE-IN,DEM,0
58-31,WRITE-IN,REP,2
58-32,ALLAN DOMB,DEM,21
58-32,AMEN  BROWN,DEM,0
58-32,CHERELLE L PARKER,DEM,5
58-32,DAVID OH,REP,11
58-32,DELSCIA GRAY,DEM,0
58-32,HELEN GYM,DEM,6
58-32,JAMES M DELEON,DEM,0
58-32,JEFF BROWN,DEM,3
58-32,REBECCA RHYNHART,DEM,15
58-32,WARREN BLOOM,DEM,0
58-32,WRITE-IN,DEM,0
58-32,WRITE-IN,REP,0
58-33,ALLAN DOMB,DEM,13
58-33,AMEN  BROWN,DEM,0
58-33,CHERELLE L PARKER,DEM,3
58-33,DAVID OH,REP,12
58-33,DELSCIA GRAY,DEM,0
58-33,HELEN GYM,DEM,5
58-33,JAMES M DELEON,DEM,1
58-33,JEFF BROWN,DEM,3
58-33,REBECCA RHYNHART,DEM,12
58-33,WARREN BLOOM,DEM,0
58-33,WRITE-IN,DEM,0
58-33,WRITE-IN,REP,0
58-34,ALLAN DOMB,DEM,34
58-34,AMEN  BROWN,DEM,1
58-34,CHERELLE L PARKER,DEM,10
58-34,DAVID OH,REP,23
58-34,DELSCIA GRAY,DEM,0
58-34,HELEN GYM,DEM,13
58-34,JAMES M DELEON,DEM,0
58-34,JEFF BROWN,DEM,14
58-34,REBECCA RHYNHART,DEM,38
58-34,WARREN BLOOM,DEM,1
58-34,WRITE-IN,DEM,0
58-34,WRITE-IN,REP,1
58-35,ALLAN DOMB,DEM,35
58-35,AMEN  BROWN,DEM,0
58-35,CHERELLE L PARKER,DEM,15
58-35,DAVID OH,REP,59
58-35,DELSCIA GRAY,DEM,0
58-35,HELEN GYM,DEM,13
58-35,JAMES M DELEON,DEM,0
58-35,JEFF BROWN,DEM,10
58-35,REBECCA RHYNHART,DEM,19
58-35,WARREN BLOOM,DEM,0
58-35,WRITE-IN,DEM,0
58-35,WRITE-IN,REP,0
58-36,ALLAN DOMB,DEM,7
58-36,AMEN  BROWN,DEM,3
58-36,CHERELLE L PARKER,DEM,6
58-36,DAVID OH,REP,12
58-36,DELSCIA GRAY,DEM,0
58-36,HELEN GYM,DEM,3
58-36,JAMES M DELEON,DEM,1
58-36,JEFF BROWN,DEM,5
58-36,REBECCA RHYNHART,DEM,11
58-36,WARREN BLOOM,DEM,0
58-36,WRITE-IN,DEM,0
58-36,WRITE-IN,REP,0
58-37,ALLAN DOMB,DEM,29
58-37,AMEN  BROWN,DEM,0
58-37,CHERELLE L PARKER,DEM,10
58-37,DAVID OH,REP,28
58-37,DELSCIA GRAY,DEM,0
58-37,HELEN GYM,DEM,17
58-37,JAMES M DELEON,DEM,1
58-37,JEFF BROWN,DEM,14
58-37,REBECCA RHYNHART,DEM,34
58-37,WARREN BLOOM,DEM,0
58-37,WRITE-IN,DEM,0
58-37,WRITE-IN,REP,0
58-38,ALLAN DOMB,DEM,9
58-38,AMEN  BROWN,DEM,0
58-38,CHERELLE L PARKER,DEM,3
58-38,DAVID OH,REP,10
58-38,DELSCIA GRAY,DEM,0
58-38,HELEN GYM,DEM,11
58-38,JAMES M DELEON,DEM,0
58-38,JEFF BROWN,DEM,3
58-38,REBECCA RHYNHART,DEM,5
58-38,WARREN BLOOM,DEM,0
58-38,WRITE-IN,DEM,0
58-38,WRITE-IN,REP,0
58-39,ALLAN DOMB,DEM,39
58-39,AMEN  BROWN,DEM,0
58-39,CHERELLE L PARKER,DEM,28
58-39,DAVID OH,REP,71
58-39,DELSCIA GRAY,DEM,0
58-39,HELEN GYM,DEM,10
58-39,JAMES M DELEON,DEM,0
58-39,JEFF BROWN,DEM,23
58-39,REBECCA RHYNHART,DEM,20
58-39,WARREN BLOOM,DEM,1
58-39,WRITE-IN,DEM,1
58-39,WRITE-IN,REP,2
58-40,ALLAN DOMB,DEM,18
58-40,AMEN  BROWN,DEM,1
58-40,CHERELLE L PARKER,DEM,7
58-40,DAVID OH,REP,9
58-40,DELSCIA GRAY,DEM,1
58-40,HELEN GYM,DEM,12
58-40,JAMES M DELEON,DEM,0
58-40,JEFF BROWN,DEM,8
58-40,REBECCA RHYNHART,DEM,17
58-40,WARREN BLOOM,DEM,0
58-40,WRITE-IN,DEM,0
58-40,WRITE-IN,REP,0
58-41,ALLAN DOMB,DEM,62
58-41,AMEN  BROWN,DEM,0
58-41,CHERELLE L PARKER,DEM,30
58-41,DAVID OH,REP,93
58-41,DELSCIA GRAY,DEM,1
58-41,HELEN GYM,DEM,18
58-41,JAMES M DELEON,DEM,2
58-41,JEFF BROWN,DEM,28
58-41,REBECCA RHYNHART,DEM,48
58-41,WARREN BLOOM,DEM,0
58-41,WRITE-IN,DEM,0
58-41,WRITE-IN,REP,1
58-42,ALLAN DOMB,DEM,26
58-42,AMEN  BROWN,DEM,1
58-42,CHERELLE L PARKER,DEM,9
58-42,DAVID OH,REP,21
58-42,DELSCIA GRAY,DEM,0
58-42,HELEN GYM,DEM,16
58-42,JAMES M DELEON,DEM,0
58-42,JEFF BROWN,DEM,14
58-42,REBECCA RHYNHART,DEM,20
58-42,WARREN BLOOM,DEM,0
58-42,WRITE-IN,DEM,0
58-42,WRITE-IN,REP,1
58-43,ALLAN DOMB,DEM,31
58-43,AMEN  BROWN,DEM,1
58-43,CHERELLE L PARKER,DEM,12
58-43,DAVID OH,REP,12
58-43,DELSCIA GRAY,DEM,1
58-43,HELEN GYM,DEM,9
58-43,JAMES M DELEON,DEM,0
58-43,JEFF BROWN,DEM,8
58-43,REBECCA RHYNHART,DEM,26
58-43,WARREN BLOOM,DEM,0
58-43,WRITE-IN,DEM,0
58-43,WRITE-IN,REP,0
58-44,ALLAN DOMB,DEM,28
58-44,AMEN  BROWN,DEM,0
58-44,CHERELLE L PARKER,DEM,3
58-44,DAVID OH,REP,7
58-44,DELSCIA GRAY,DEM,0
58-44,HELEN GYM,DEM,13
58-44,JAMES M DELEON,DEM,0
58-44,JEFF BROWN,DEM,3
58-44,REBECCA RHYNHART,DEM,14
58-44,WARREN BLOOM,DEM,0
58-44,WRITE-IN,DEM,0
58-44,WRITE-IN,REP,1
59-01,ALLAN DOMB,DEM,3
59-01,AMEN  BROWN,DEM,7
59-01,CHERELLE L PARKER,DEM,68
59-01,DAVID OH,REP,0
59-01,DELSCIA GRAY,DEM,1
59-01,HELEN GYM,DEM,7
59-01,JAMES M DELEON,DEM,1
59-01,JEFF BROWN,DEM,25
59-01,REBECCA RHYNHART,DEM,9
59-01,WARREN BLOOM,DEM,0
59-01,WRITE-IN,DEM,0
59-01,WRITE-IN,REP,1
59-02,ALLAN DOMB,DEM,6
59-02,AMEN  BROWN,DEM,5
59-02,CHERELLE L PARKER,DEM,111
59-02,DAVID OH,REP,1
59-02,DELSCIA GRAY,DEM,0
59-02,HELEN GYM,DEM,18
59-02,JAMES M DELEON,DEM,1
59-02,JEFF BROWN,DEM,33
59-02,REBECCA RHYNHART,DEM,9
59-02,WARREN BLOOM,DEM,0
59-02,WRITE-IN,DEM,0
59-02,WRITE-IN,REP,1
59-03,ALLAN DOMB,DEM,10
59-03,AMEN  BROWN,DEM,1
59-03,CHERELLE L PARKER,DEM,71
59-03,DAVID OH,REP,4
59-03,DELSCIA GRAY,DEM,0
59-03,HELEN GYM,DEM,14
59-03,JAMES M DELEON,DEM,1
59-03,JEFF BROWN,DEM,20
59-03,REBECCA RHYNHART,DEM,11
59-03,WARREN BLOOM,DEM,0
59-03,WRITE-IN,DEM,0
59-03,WRITE-IN,REP,0
59-04,ALLAN DOMB,DEM,17
59-04,AMEN  BROWN,DEM,3
59-04,CHERELLE L PARKER,DEM,166
59-04,DAVID OH,REP,3
59-04,DELSCIA GRAY,DEM,0
59-04,HELEN GYM,DEM,32
59-04,JAMES M DELEON,DEM,2
59-04,JEFF BROWN,DEM,48
59-04,REBECCA RHYNHART,DEM,52
59-04,WARREN BLOOM,DEM,1
59-04,WRITE-IN,DEM,0
59-04,WRITE-IN,REP,0
59-05,ALLAN DOMB,DEM,5
59-05,AMEN  BROWN,DEM,3
59-05,CHERELLE L PARKER,DEM,128
59-05,DAVID OH,REP,3
59-05,DELSCIA GRAY,DEM,1
59-05,HELEN GYM,DEM,26
59-05,JAMES M DELEON,DEM,0
59-05,JEFF BROWN,DEM,28
59-05,REBECCA RHYNHART,DEM,13
59-05,WARREN BLOOM,DEM,1
59-05,WRITE-IN,DEM,0
59-05,WRITE-IN,REP,0
59-06,ALLAN DOMB,DEM,3
59-06,AMEN  BROWN,DEM,4
59-06,CHERELLE L PARKER,DEM,59
59-06,DAVID OH,REP,0
59-06,DELSCIA GRAY,DEM,0
59-06,HELEN GYM,DEM,10
59-06,JAMES M DELEON,DEM,0
59-06,JEFF BROWN,DEM,15
59-06,REBECCA RHYNHART,DEM,9
59-06,WARREN BLOOM,DEM,1
59-06,WRITE-IN,DEM,0
59-06,WRITE-IN,REP,0
59-07,ALLAN DOMB,DEM,5
59-07,AMEN  BROWN,DEM,1
59-07,CHERELLE L PARKER,DEM,54
59-07,DAVID OH,REP,0
59-07,DELSCIA GRAY,DEM,1
59-07,HELEN GYM,DEM,17
59-07,JAMES M DELEON,DEM,4
59-07,JEFF BROWN,DEM,21
59-07,REBECCA RHYNHART,DEM,7
59-07,WARREN BLOOM,DEM,0
59-07,WRITE-IN,DEM,0
59-07,WRITE-IN,REP,0
59-08,ALLAN DOMB,DEM,8
59-08,AMEN  BROWN,DEM,4
59-08,CHERELLE L PARKER,DEM,91
59-08,DAVID OH,REP,2
59-08,DELSCIA GRAY,DEM,0
59-08,HELEN GYM,DEM,23
59-08,JAMES M DELEON,DEM,4
59-08,JEFF BROWN,DEM,18
59-08,REBECCA RHYNHART,DEM,13
59-08,WARREN BLOOM,DEM,1
59-08,WRITE-IN,DEM,0
59-08,WRITE-IN,REP,0
59-09,ALLAN DOMB,DEM,7
59-09,AMEN  BROWN,DEM,1
59-09,CHERELLE L PARKER,DEM,65
59-09,DAVID OH,REP,0
59-09,DELSCIA GRAY,DEM,0
59-09,HELEN GYM,DEM,6
59-09,JAMES M DELEON,DEM,0
59-09,JEFF BROWN,DEM,15
59-09,REBECCA RHYNHART,DEM,13
59-09,WARREN BLOOM,DEM,1
59-09,WRITE-IN,DEM,0
59-09,WRITE-IN,REP,0
59-10,ALLAN DOMB,DEM,8
59-10,AMEN  BROWN,DEM,4
59-10,CHERELLE L PARKER,DEM,118
59-10,DAVID OH,REP,1
59-10,DELSCIA GRAY,DEM,0
59-10,HELEN GYM,DEM,29
59-10,JAMES M DELEON,DEM,3
59-10,JEFF BROWN,DEM,24
59-10,REBECCA RHYNHART,DEM,15
59-10,WARREN BLOOM,DEM,1
59-10,WRITE-IN,DEM,0
59-10,WRITE-IN,REP,1
59-11,ALLAN DOMB,DEM,9
59-11,AMEN  BROWN,DEM,2
59-11,CHERELLE L PARKER,DEM,76
59-11,DAVID OH,REP,1
59-11,DELSCIA GRAY,DEM,0
59-11,HELEN GYM,DEM,27
59-11,JAMES M DELEON,DEM,1
59-11,JEFF BROWN,DEM,22
59-11,REBECCA RHYNHART,DEM,14
59-11,WARREN BLOOM,DEM,0
59-11,WRITE-IN,DEM,0
59-11,WRITE-IN,REP,0
59-12,ALLAN DOMB,DEM,4
59-12,AMEN  BROWN,DEM,4
59-12,CHERELLE L PARKER,DEM,73
59-12,DAVID OH,REP,0
59-12,DELSCIA GRAY,DEM,0
59-12,HELEN GYM,DEM,40
59-12,JAMES M DELEON,DEM,0
59-12,JEFF BROWN,DEM,23
59-12,REBECCA RHYNHART,DEM,21
59-12,WARREN BLOOM,DEM,0
59-12,WRITE-IN,DEM,0
59-12,WRITE-IN,REP,1
59-13,ALLAN DOMB,DEM,5
59-13,AMEN  BROWN,DEM,3
59-13,CHERELLE L PARKER,DEM,95
59-13,DAVID OH,REP,4
59-13,DELSCIA GRAY,DEM,0
59-13,HELEN GYM,DEM,25
59-13,JAMES M DELEON,DEM,1
59-13,JEFF BROWN,DEM,20
59-13,REBECCA RHYNHART,DEM,10
59-13,WARREN BLOOM,DEM,1
59-13,WRITE-IN,DEM,0
59-13,WRITE-IN,REP,0
59-14,ALLAN DOMB,DEM,10
59-14,AMEN  BROWN,DEM,2
59-14,CHERELLE L PARKER,DEM,53
59-14,DAVID OH,REP,1
59-14,DELSCIA GRAY,DEM,0
59-14,HELEN GYM,DEM,25
59-14,JAMES M DELEON,DEM,0
59-14,JEFF BROWN,DEM,10
59-14,REBECCA RHYNHART,DEM,8
59-14,WARREN BLOOM,DEM,2
59-14,WRITE-IN,DEM,0
59-14,WRITE-IN,REP,1
59-15,ALLAN DOMB,DEM,7
59-15,AMEN  BROWN,DEM,3
59-15,CHERELLE L PARKER,DEM,54
59-15,DAVID OH,REP,7
59-15,DELSCIA GRAY,DEM,0
59-15,HELEN GYM,DEM,13
59-15,JAMES M DELEON,DEM,0
59-15,JEFF BROWN,DEM,11
59-15,REBECCA RHYNHART,DEM,7
59-15,WARREN BLOOM,DEM,0
59-15,WRITE-IN,DEM,0
59-15,WRITE-IN,REP,0
59-16,ALLAN DOMB,DEM,6
59-16,AMEN  BROWN,DEM,4
59-16,CHERELLE L PARKER,DEM,43
59-16,DAVID OH,REP,2
59-16,DELSCIA GRAY,DEM,1
59-16,HELEN GYM,DEM,25
59-16,JAMES M DELEON,DEM,1
59-16,JEFF BROWN,DEM,12
59-16,REBECCA RHYNHART,DEM,10
59-16,WARREN BLOOM,DEM,1
59-16,WRITE-IN,DEM,0
59-16,WRITE-IN,REP,0
59-17,ALLAN DOMB,DEM,15
59-17,AMEN  BROWN,DEM,1
59-17,CHERELLE L PARKER,DEM,121
59-17,DAVID OH,REP,6
59-17,DELSCIA GRAY,DEM,1
59-17,HELEN GYM,DEM,118
59-17,JAMES M DELEON,DEM,3
59-17,JEFF BROWN,DEM,24
59-17,REBECCA RHYNHART,DEM,72
59-17,WARREN BLOOM,DEM,0
59-17,WRITE-IN,DEM,0
59-17,WRITE-IN,REP,1
59-18,ALLAN DOMB,DEM,13
59-18,AMEN  BROWN,DEM,6
59-18,CHERELLE L PARKER,DEM,94
59-18,DAVID OH,REP,2
59-18,DELSCIA GRAY,DEM,5
59-18,HELEN GYM,DEM,19
59-18,JAMES M DELEON,DEM,4
59-18,JEFF BROWN,DEM,27
59-18,REBECCA RHYNHART,DEM,28
59-18,WARREN BLOOM,DEM,0
59-18,WRITE-IN,DEM,2
59-18,WRITE-IN,REP,1
59-19,ALLAN DOMB,DEM,9
59-19,AMEN  BROWN,DEM,3
59-19,CHERELLE L PARKER,DEM,75
59-19,DAVID OH,REP,1
59-19,DELSCIA GRAY,DEM,0
59-19,HELEN GYM,DEM,162
59-19,JAMES M DELEON,DEM,1
59-19,JEFF BROWN,DEM,14
59-19,REBECCA RHYNHART,DEM,45
59-19,WARREN BLOOM,DEM,0
59-19,WRITE-IN,DEM,0
59-19,WRITE-IN,REP,0
59-20,ALLAN DOMB,DEM,11
59-20,AMEN  BROWN,DEM,1
59-20,CHERELLE L PARKER,DEM,15
59-20,DAVID OH,REP,3
59-20,DELSCIA GRAY,DEM,0
59-20,HELEN GYM,DEM,24
59-20,JAMES M DELEON,DEM,3
59-20,JEFF BROWN,DEM,5
59-20,REBECCA RHYNHART,DEM,8
59-20,WARREN BLOOM,DEM,0
59-20,WRITE-IN,DEM,0
59-20,WRITE-IN,REP,0
59-21,ALLAN DOMB,DEM,6
59-21,AMEN  BROWN,DEM,0
59-21,CHERELLE L PARKER,DEM,54
59-21,DAVID OH,REP,6
59-21,DELSCIA GRAY,DEM,1
59-21,HELEN GYM,DEM,91
59-21,JAMES M DELEON,DEM,0
59-21,JEFF BROWN,DEM,13
59-21,REBECCA RHYNHART,DEM,50
59-21,WARREN BLOOM,DEM,0
59-21,WRITE-IN,DEM,0
59-21,WRITE-IN,REP,0
59-22,ALLAN DOMB,DEM,7
59-22,AMEN  BROWN,DEM,1
59-22,CHERELLE L PARKER,DEM,64
59-22,DAVID OH,REP,3
59-22,DELSCIA GRAY,DEM,0
59-22,HELEN GYM,DEM,101
59-22,JAMES M DELEON,DEM,1
59-22,JEFF BROWN,DEM,12
59-22,REBECCA RHYNHART,DEM,65
59-22,WARREN BLOOM,DEM,0
59-22,WRITE-IN,DEM,0
59-22,WRITE-IN,REP,0
59-23,ALLAN DOMB,DEM,7
59-23,AMEN  BROWN,DEM,4
59-23,CHERELLE L PARKER,DEM,72
59-23,DAVID OH,REP,1
59-23,DELSCIA GRAY,DEM,0
59-23,HELEN GYM,DEM,79
59-23,JAMES M DELEON,DEM,3
59-23,JEFF BROWN,DEM,16
59-23,REBECCA RHYNHART,DEM,21
59-23,WARREN BLOOM,DEM,0
59-23,WRITE-IN,DEM,0
59-23,WRITE-IN,REP,2
59-24,ALLAN DOMB,DEM,2
59-24,AMEN  BROWN,DEM,2
59-24,CHERELLE L PARKER,DEM,57
59-24,DAVID OH,REP,2
59-24,DELSCIA GRAY,DEM,0
59-24,HELEN GYM,DEM,88
59-24,JAMES M DELEON,DEM,2
59-24,JEFF BROWN,DEM,10
59-24,REBECCA RHYNHART,DEM,59
59-24,WARREN BLOOM,DEM,0
59-24,WRITE-IN,DEM,0
59-24,WRITE-IN,REP,0
59-25,ALLAN DOMB,DEM,3
59-25,AMEN  BROWN,DEM,0
59-25,CHERELLE L PARKER,DEM,62
59-25,DAVID OH,REP,3
59-25,DELSCIA GRAY,DEM,0
59-25,HELEN GYM,DEM,83
59-25,JAMES M DELEON,DEM,1
59-25,JEFF BROWN,DEM,20
59-25,REBECCA RHYNHART,DEM,41
59-25,WARREN BLOOM,DEM,0
59-25,WRITE-IN,DEM,0
59-25,WRITE-IN,REP,0
60-01,ALLAN DOMB,DEM,10
60-01,AMEN  BROWN,DEM,2
60-01,CHERELLE L PARKER,DEM,25
60-01,DAVID OH,REP,4
60-01,DELSCIA GRAY,DEM,0
60-01,HELEN GYM,DEM,49
60-01,JAMES M DELEON,DEM,2
60-01,JEFF BROWN,DEM,7
60-01,REBECCA RHYNHART,DEM,14
60-01,WARREN BLOOM,DEM,0
60-01,WRITE-IN,DEM,0
60-01,WRITE-IN,REP,0
60-02,ALLAN DOMB,DEM,10
60-02,AMEN  BROWN,DEM,8
60-02,CHERELLE L PARKER,DEM,47
60-02,DAVID OH,REP,1
60-02,DELSCIA GRAY,DEM,0
60-02,HELEN GYM,DEM,62
60-02,JAMES M DELEON,DEM,0
60-02,JEFF BROWN,DEM,15
60-02,REBECCA RHYNHART,DEM,22
60-02,WARREN BLOOM,DEM,0
60-02,WRITE-IN,DEM,0
60-02,WRITE-IN,REP,0
60-03,ALLAN DOMB,DEM,4
60-03,AMEN  BROWN,DEM,2
60-03,CHERELLE L PARKER,DEM,43
60-03,DAVID OH,REP,1
60-03,DELSCIA GRAY,DEM,0
60-03,HELEN GYM,DEM,37
60-03,JAMES M DELEON,DEM,0
60-03,JEFF BROWN,DEM,5
60-03,REBECCA RHYNHART,DEM,12
60-03,WARREN BLOOM,DEM,1
60-03,WRITE-IN,DEM,0
60-03,WRITE-IN,REP,0
60-04,ALLAN DOMB,DEM,7
60-04,AMEN  BROWN,DEM,31
60-04,CHERELLE L PARKER,DEM,59
60-04,DAVID OH,REP,2
60-04,DELSCIA GRAY,DEM,0
60-04,HELEN GYM,DEM,18
60-04,JAMES M DELEON,DEM,0
60-04,JEFF BROWN,DEM,19
60-04,REBECCA RHYNHART,DEM,8
60-04,WARREN BLOOM,DEM,0
60-04,WRITE-IN,DEM,0
60-04,WRITE-IN,REP,0
60-05,ALLAN DOMB,DEM,15
60-05,AMEN  BROWN,DEM,14
60-05,CHERELLE L PARKER,DEM,92
60-05,DAVID OH,REP,0
60-05,DELSCIA GRAY,DEM,0
60-05,HELEN GYM,DEM,21
60-05,JAMES M DELEON,DEM,0
60-05,JEFF BROWN,DEM,18
60-05,REBECCA RHYNHART,DEM,6
60-05,WARREN BLOOM,DEM,0
60-05,WRITE-IN,DEM,0
60-05,WRITE-IN,REP,0
60-06,ALLAN DOMB,DEM,13
60-06,AMEN  BROWN,DEM,18
60-06,CHERELLE L PARKER,DEM,47
60-06,DAVID OH,REP,0
60-06,DELSCIA GRAY,DEM,0
60-06,HELEN GYM,DEM,10
60-06,JAMES M DELEON,DEM,0
60-06,JEFF BROWN,DEM,18
60-06,REBECCA RHYNHART,DEM,5
60-06,WARREN BLOOM,DEM,0
60-06,WRITE-IN,DEM,0
60-06,WRITE-IN,REP,0
60-07,ALLAN DOMB,DEM,4
60-07,AMEN  BROWN,DEM,25
60-07,CHERELLE L PARKER,DEM,55
60-07,DAVID OH,REP,1
60-07,DELSCIA GRAY,DEM,0
60-07,HELEN GYM,DEM,7
60-07,JAMES M DELEON,DEM,0
60-07,JEFF BROWN,DEM,13
60-07,REBECCA RHYNHART,DEM,9
60-07,WARREN BLOOM,DEM,0
60-07,WRITE-IN,DEM,1
60-07,WRITE-IN,REP,0
60-08,ALLAN DOMB,DEM,6
60-08,AMEN  BROWN,DEM,3
60-08,CHERELLE L PARKER,DEM,34
60-08,DAVID OH,REP,0
60-08,DELSCIA GRAY,DEM,0
60-08,HELEN GYM,DEM,74
60-08,JAMES M DELEON,DEM,0
60-08,JEFF BROWN,DEM,8
60-08,REBECCA RHYNHART,DEM,28
60-08,WARREN BLOOM,DEM,0
60-08,WRITE-IN,DEM,0
60-08,WRITE-IN,REP,0
60-09,ALLAN DOMB,DEM,19
60-09,AMEN  BROWN,DEM,2
60-09,CHERELLE L PARKER,DEM,74
60-09,DAVID OH,REP,3
60-09,DELSCIA GRAY,DEM,2
60-09,HELEN GYM,DEM,176
60-09,JAMES M DELEON,DEM,2
60-09,JEFF BROWN,DEM,16
60-09,REBECCA RHYNHART,DEM,50
60-09,WARREN BLOOM,DEM,1
60-09,WRITE-IN,DEM,0
60-09,WRITE-IN,REP,0
60-10,ALLAN DOMB,DEM,6
60-10,AMEN  BROWN,DEM,8
60-10,CHERELLE L PARKER,DEM,47
60-10,DAVID OH,REP,0
60-10,DELSCIA GRAY,DEM,0
60-10,HELEN GYM,DEM,53
60-10,JAMES M DELEON,DEM,0
60-10,JEFF BROWN,DEM,15
60-10,REBECCA RHYNHART,DEM,10
60-10,WARREN BLOOM,DEM,0
60-10,WRITE-IN,DEM,0
60-10,WRITE-IN,REP,0
60-11,ALLAN DOMB,DEM,10
60-11,AMEN  BROWN,DEM,18
60-11,CHERELLE L PARKER,DEM,67
60-11,DAVID OH,REP,1
60-11,DELSCIA GRAY,DEM,0
60-11,HELEN GYM,DEM,38
60-11,JAMES M DELEON,DEM,0
60-11,JEFF BROWN,DEM,13
60-11,REBECCA RHYNHART,DEM,11
60-11,WARREN BLOOM,DEM,0
60-11,WRITE-IN,DEM,0
60-11,WRITE-IN,REP,0
60-12,ALLAN DOMB,DEM,7
60-12,AMEN  BROWN,DEM,4
60-12,CHERELLE L PARKER,DEM,31
60-12,DAVID OH,REP,2
60-12,DELSCIA GRAY,DEM,1
60-12,HELEN GYM,DEM,65
60-12,JAMES M DELEON,DEM,1
60-12,JEFF BROWN,DEM,20
60-12,REBECCA RHYNHART,DEM,20
60-12,WARREN BLOOM,DEM,1
60-12,WRITE-IN,DEM,1
60-12,WRITE-IN,REP,0
60-13,ALLAN DOMB,DEM,5
60-13,AMEN  BROWN,DEM,2
60-13,CHERELLE L PARKER,DEM,44
60-13,DAVID OH,REP,2
60-13,DELSCIA GRAY,DEM,0
60-13,HELEN GYM,DEM,54
60-13,JAMES M DELEON,DEM,2
60-13,JEFF BROWN,DEM,13
60-13,REBECCA RHYNHART,DEM,12
60-13,WARREN BLOOM,DEM,0
60-13,WRITE-IN,DEM,0
60-13,WRITE-IN,REP,0
60-14,ALLAN DOMB,DEM,13
60-14,AMEN  BROWN,DEM,12
60-14,CHERELLE L PARKER,DEM,86
60-14,DAVID OH,REP,0
60-14,DELSCIA GRAY,DEM,2
60-14,HELEN GYM,DEM,28
60-14,JAMES M DELEON,DEM,1
60-14,JEFF BROWN,DEM,14
60-14,REBECCA RHYNHART,DEM,10
60-14,WARREN BLOOM,DEM,1
60-14,WRITE-IN,DEM,0
60-14,WRITE-IN,REP,0
60-15,ALLAN DOMB,DEM,12
60-15,AMEN  BROWN,DEM,11
60-15,CHERELLE L PARKER,DEM,56
60-15,DAVID OH,REP,0
60-15,DELSCIA GRAY,DEM,0
60-15,HELEN GYM,DEM,42
60-15,JAMES M DELEON,DEM,0
60-15,JEFF BROWN,DEM,26
60-15,REBECCA RHYNHART,DEM,13
60-15,WARREN BLOOM,DEM,2
60-15,WRITE-IN,DEM,0
60-15,WRITE-IN,REP,0
60-16,ALLAN DOMB,DEM,9
60-16,AMEN  BROWN,DEM,19
60-16,CHERELLE L PARKER,DEM,51
60-16,DAVID OH,REP,2
60-16,DELSCIA GRAY,DEM,2
60-16,HELEN GYM,DEM,57
60-16,JAMES M DELEON,DEM,0
60-16,JEFF BROWN,DEM,9
60-16,REBECCA RHYNHART,DEM,11
60-16,WARREN BLOOM,DEM,0
60-16,WRITE-IN,DEM,1
60-16,WRITE-IN,REP,0
60-17,ALLAN DOMB,DEM,7
60-17,AMEN  BROWN,DEM,11
60-17,CHERELLE L PARKER,DEM,83
60-17,DAVID OH,REP,1
60-17,DELSCIA GRAY,DEM,1
60-17,HELEN GYM,DEM,39
60-17,JAMES M DELEON,DEM,3
60-17,JEFF BROWN,DEM,19
60-17,REBECCA RHYNHART,DEM,8
60-17,WARREN BLOOM,DEM,0
60-17,WRITE-IN,DEM,0
60-17,WRITE-IN,REP,0
60-18,ALLAN DOMB,DEM,4
60-18,AMEN  BROWN,DEM,11
60-18,CHERELLE L PARKER,DEM,82
60-18,DAVID OH,REP,0
60-18,DELSCIA GRAY,DEM,0
60-18,HELEN GYM,DEM,12
60-18,JAMES M DELEON,DEM,1
60-18,JEFF BROWN,DEM,18
60-18,REBECCA RHYNHART,DEM,15
60-18,WARREN BLOOM,DEM,1
60-18,WRITE-IN,DEM,0
60-18,WRITE-IN,REP,0
60-19,ALLAN DOMB,DEM,11
60-19,AMEN  BROWN,DEM,10
60-19,CHERELLE L PARKER,DEM,79
60-19,DAVID OH,REP,1
60-19,DELSCIA GRAY,DEM,0
60-19,HELEN GYM,DEM,13
60-19,JAMES M DELEON,DEM,1
60-19,JEFF BROWN,DEM,14
60-19,REBECCA RHYNHART,DEM,5
60-19,WARREN BLOOM,DEM,0
60-19,WRITE-IN,DEM,0
60-19,WRITE-IN,REP,0
60-20,ALLAN DOMB,DEM,7
60-20,AMEN  BROWN,DEM,14
60-20,CHERELLE L PARKER,DEM,76
60-20,DAVID OH,REP,2
60-20,DELSCIA GRAY,DEM,1
60-20,HELEN GYM,DEM,23
60-20,JAMES M DELEON,DEM,0
60-20,JEFF BROWN,DEM,13
60-20,REBECCA RHYNHART,DEM,20
60-20,WARREN BLOOM,DEM,0
60-20,WRITE-IN,DEM,0
60-20,WRITE-IN,REP,0
60-21,ALLAN DOMB,DEM,5
60-21,AMEN  BROWN,DEM,4
60-21,CHERELLE L PARKER,DEM,50
60-21,DAVID OH,REP,1
60-21,DELSCIA GRAY,DEM,0
60-21,HELEN GYM,DEM,27
60-21,JAMES M DELEON,DEM,0
60-21,JEFF BROWN,DEM,4
60-21,REBECCA RHYNHART,DEM,7
60-21,WARREN BLOOM,DEM,0
60-21,WRITE-IN,DEM,0
60-21,WRITE-IN,REP,0
60-22,ALLAN DOMB,DEM,1
60-22,AMEN  BROWN,DEM,13
60-22,CHERELLE L PARKER,DEM,50
60-22,DAVID OH,REP,2
60-22,DELSCIA GRAY,DEM,0
60-22,HELEN GYM,DEM,13
60-22,JAMES M DELEON,DEM,0
60-22,JEFF BROWN,DEM,21
60-22,REBECCA RHYNHART,DEM,3
60-22,WARREN BLOOM,DEM,0
60-22,WRITE-IN,DEM,0
60-22,WRITE-IN,REP,0
60-23,ALLAN DOMB,DEM,7
60-23,AMEN  BROWN,DEM,1
60-23,CHERELLE L PARKER,DEM,30
60-23,DAVID OH,REP,3
60-23,DELSCIA GRAY,DEM,1
60-23,HELEN GYM,DEM,72
60-23,JAMES M DELEON,DEM,0
60-23,JEFF BROWN,DEM,22
60-23,REBECCA RHYNHART,DEM,19
60-23,WARREN BLOOM,DEM,0
60-23,WRITE-IN,DEM,2
60-23,WRITE-IN,REP,0
61-01,ALLAN DOMB,DEM,10
61-01,AMEN  BROWN,DEM,4
61-01,CHERELLE L PARKER,DEM,62
61-01,DAVID OH,REP,1
61-01,DELSCIA GRAY,DEM,0
61-01,HELEN GYM,DEM,14
61-01,JAMES M DELEON,DEM,1
61-01,JEFF BROWN,DEM,4
61-01,REBECCA RHYNHART,DEM,10
61-01,WARREN BLOOM,DEM,0
61-01,WRITE-IN,DEM,0
61-01,WRITE-IN,REP,0
61-02,ALLAN DOMB,DEM,12
61-02,AMEN  BROWN,DEM,3
61-02,CHERELLE L PARKER,DEM,99
61-02,DAVID OH,REP,4
61-02,DELSCIA GRAY,DEM,1
61-02,HELEN GYM,DEM,13
61-02,JAMES M DELEON,DEM,3
61-02,JEFF BROWN,DEM,13
61-02,REBECCA RHYNHART,DEM,13
61-02,WARREN BLOOM,DEM,0
61-02,WRITE-IN,DEM,0
61-02,WRITE-IN,REP,2
61-03,ALLAN DOMB,DEM,13
61-03,AMEN  BROWN,DEM,5
61-03,CHERELLE L PARKER,DEM,52
61-03,DAVID OH,REP,5
61-03,DELSCIA GRAY,DEM,1
61-03,HELEN GYM,DEM,16
61-03,JAMES M DELEON,DEM,2
61-03,JEFF BROWN,DEM,20
61-03,REBECCA RHYNHART,DEM,8
61-03,WARREN BLOOM,DEM,0
61-03,WRITE-IN,DEM,0
61-03,WRITE-IN,REP,0
61-04,ALLAN DOMB,DEM,7
61-04,AMEN  BROWN,DEM,0
61-04,CHERELLE L PARKER,DEM,43
61-04,DAVID OH,REP,1
61-04,DELSCIA GRAY,DEM,0
61-04,HELEN GYM,DEM,11
61-04,JAMES M DELEON,DEM,0
61-04,JEFF BROWN,DEM,8
61-04,REBECCA RHYNHART,DEM,23
61-04,WARREN BLOOM,DEM,0
61-04,WRITE-IN,DEM,0
61-04,WRITE-IN,REP,0
61-05,ALLAN DOMB,DEM,9
61-05,AMEN  BROWN,DEM,2
61-05,CHERELLE L PARKER,DEM,69
61-05,DAVID OH,REP,3
61-05,DELSCIA GRAY,DEM,0
61-05,HELEN GYM,DEM,19
61-05,JAMES M DELEON,DEM,1
61-05,JEFF BROWN,DEM,7
61-05,REBECCA RHYNHART,DEM,5
61-05,WARREN BLOOM,DEM,0
61-05,WRITE-IN,DEM,0
61-05,WRITE-IN,REP,1
61-06,ALLAN DOMB,DEM,21
61-06,AMEN  BROWN,DEM,3
61-06,CHERELLE L PARKER,DEM,171
61-06,DAVID OH,REP,7
61-06,DELSCIA GRAY,DEM,1
61-06,HELEN GYM,DEM,44
61-06,JAMES M DELEON,DEM,2
61-06,JEFF BROWN,DEM,32
61-06,REBECCA RHYNHART,DEM,23
61-06,WARREN BLOOM,DEM,0
61-06,WRITE-IN,DEM,0
61-06,WRITE-IN,REP,0
61-07,ALLAN DOMB,DEM,10
61-07,AMEN  BROWN,DEM,1
61-07,CHERELLE L PARKER,DEM,104
61-07,DAVID OH,REP,3
61-07,DELSCIA GRAY,DEM,0
61-07,HELEN GYM,DEM,17
61-07,JAMES M DELEON,DEM,5
61-07,JEFF BROWN,DEM,13
61-07,REBECCA RHYNHART,DEM,12
61-07,WARREN BLOOM,DEM,1
61-07,WRITE-IN,DEM,0
61-07,WRITE-IN,REP,0
61-08,ALLAN DOMB,DEM,7
61-08,AMEN  BROWN,DEM,2
61-08,CHERELLE L PARKER,DEM,74
61-08,DAVID OH,REP,4
61-08,DELSCIA GRAY,DEM,2
61-08,HELEN GYM,DEM,14
61-08,JAMES M DELEON,DEM,1
61-08,JEFF BROWN,DEM,11
61-08,REBECCA RHYNHART,DEM,20
61-08,WARREN BLOOM,DEM,0
61-08,WRITE-IN,DEM,0
61-08,WRITE-IN,REP,0
61-09,ALLAN DOMB,DEM,9
61-09,AMEN  BROWN,DEM,1
61-09,CHERELLE L PARKER,DEM,72
61-09,DAVID OH,REP,0
61-09,DELSCIA GRAY,DEM,0
61-09,HELEN GYM,DEM,15
61-09,JAMES M DELEON,DEM,0
61-09,JEFF BROWN,DEM,10
61-09,REBECCA RHYNHART,DEM,9
61-09,WARREN BLOOM,DEM,0
61-09,WRITE-IN,DEM,0
61-09,WRITE-IN,REP,0
61-10,ALLAN DOMB,DEM,7
61-10,AMEN  BROWN,DEM,1
61-10,CHERELLE L PARKER,DEM,85
61-10,DAVID OH,REP,6
61-10,DELSCIA GRAY,DEM,0
61-10,HELEN GYM,DEM,22
61-10,JAMES M DELEON,DEM,1
61-10,JEFF BROWN,DEM,12
61-10,REBECCA RHYNHART,DEM,10
61-10,WARREN BLOOM,DEM,0
61-10,WRITE-IN,DEM,0
61-10,WRITE-IN,REP,0
61-11,ALLAN DOMB,DEM,7
61-11,AMEN  BROWN,DEM,2
61-11,CHERELLE L PARKER,DEM,79
61-11,DAVID OH,REP,2
61-11,DELSCIA GRAY,DEM,0
61-11,HELEN GYM,DEM,13
61-11,JAMES M DELEON,DEM,2
61-11,JEFF BROWN,DEM,9
61-11,REBECCA RHYNHART,DEM,12
61-11,WARREN BLOOM,DEM,0
61-11,WRITE-IN,DEM,0
61-11,WRITE-IN,REP,0
61-12,ALLAN DOMB,DEM,7
61-12,AMEN  BROWN,DEM,1
61-12,CHERELLE L PARKER,DEM,43
61-12,DAVID OH,REP,0
61-12,DELSCIA GRAY,DEM,0
61-12,HELEN GYM,DEM,8
61-12,JAMES M DELEON,DEM,1
61-12,JEFF BROWN,DEM,10
61-12,REBECCA RHYNHART,DEM,8
61-12,WARREN BLOOM,DEM,0
61-12,WRITE-IN,DEM,0
61-12,WRITE-IN,REP,0
61-13,ALLAN DOMB,DEM,7
61-13,AMEN  BROWN,DEM,4
61-13,CHERELLE L PARKER,DEM,103
61-13,DAVID OH,REP,0
61-13,DELSCIA GRAY,DEM,1
61-13,HELEN GYM,DEM,14
61-13,JAMES M DELEON,DEM,0
61-13,JEFF BROWN,DEM,20
61-13,REBECCA RHYNHART,DEM,6
61-13,WARREN BLOOM,DEM,0
61-13,WRITE-IN,DEM,0
61-13,WRITE-IN,REP,0
61-14,ALLAN DOMB,DEM,14
61-14,AMEN  BROWN,DEM,5
61-14,CHERELLE L PARKER,DEM,86
61-14,DAVID OH,REP,4
61-14,DELSCIA GRAY,DEM,0
61-14,HELEN GYM,DEM,15
61-14,JAMES M DELEON,DEM,0
61-14,JEFF BROWN,DEM,7
61-14,REBECCA RHYNHART,DEM,13
61-14,WARREN BLOOM,DEM,1
61-14,WRITE-IN,DEM,0
61-14,WRITE-IN,REP,1
61-15,ALLAN DOMB,DEM,3
61-15,AMEN  BROWN,DEM,3
61-15,CHERELLE L PARKER,DEM,77
61-15,DAVID OH,REP,4
61-15,DELSCIA GRAY,DEM,0
61-15,HELEN GYM,DEM,14
61-15,JAMES M DELEON,DEM,1
61-15,JEFF BROWN,DEM,9
61-15,REBECCA RHYNHART,DEM,5
61-15,WARREN BLOOM,DEM,0
61-15,WRITE-IN,DEM,0
61-15,WRITE-IN,REP,0
61-16,ALLAN DOMB,DEM,4
61-16,AMEN  BROWN,DEM,2
61-16,CHERELLE L PARKER,DEM,76
61-16,DAVID OH,REP,4
61-16,DELSCIA GRAY,DEM,0
61-16,HELEN GYM,DEM,19
61-16,JAMES M DELEON,DEM,0
61-16,JEFF BROWN,DEM,15
61-16,REBECCA RHYNHART,DEM,15
61-16,WARREN BLOOM,DEM,2
61-16,WRITE-IN,DEM,0
61-16,WRITE-IN,REP,0
61-17,ALLAN DOMB,DEM,14
61-17,AMEN  BROWN,DEM,2
61-17,CHERELLE L PARKER,DEM,99
61-17,DAVID OH,REP,4
61-17,DELSCIA GRAY,DEM,0
61-17,HELEN GYM,DEM,32
61-17,JAMES M DELEON,DEM,3
61-17,JEFF BROWN,DEM,23
61-17,REBECCA RHYNHART,DEM,22
61-17,WARREN BLOOM,DEM,0
61-17,WRITE-IN,DEM,0
61-17,WRITE-IN,REP,2
61-18,ALLAN DOMB,DEM,7
61-18,AMEN  BROWN,DEM,2
61-18,CHERELLE L PARKER,DEM,100
61-18,DAVID OH,REP,5
61-18,DELSCIA GRAY,DEM,1
61-18,HELEN GYM,DEM,11
61-18,JAMES M DELEON,DEM,2
61-18,JEFF BROWN,DEM,17
61-18,REBECCA RHYNHART,DEM,10
61-18,WARREN BLOOM,DEM,1
61-18,WRITE-IN,DEM,0
61-18,WRITE-IN,REP,0
61-19,ALLAN DOMB,DEM,7
61-19,AMEN  BROWN,DEM,2
61-19,CHERELLE L PARKER,DEM,84
61-19,DAVID OH,REP,4
61-19,DELSCIA GRAY,DEM,1
61-19,HELEN GYM,DEM,15
61-19,JAMES M DELEON,DEM,2
61-19,JEFF BROWN,DEM,22
61-19,REBECCA RHYNHART,DEM,9
61-19,WARREN BLOOM,DEM,1
61-19,WRITE-IN,DEM,2
61-19,WRITE-IN,REP,0
61-20,ALLAN DOMB,DEM,17
61-20,AMEN  BROWN,DEM,4
61-20,CHERELLE L PARKER,DEM,110
61-20,DAVID OH,REP,2
61-20,DELSCIA GRAY,DEM,1
61-20,HELEN GYM,DEM,16
61-20,JAMES M DELEON,DEM,1
61-20,JEFF BROWN,DEM,17
61-20,REBECCA RHYNHART,DEM,29
61-20,WARREN BLOOM,DEM,0
61-20,WRITE-IN,DEM,0
61-20,WRITE-IN,REP,0
61-21,ALLAN DOMB,DEM,16
61-21,AMEN  BROWN,DEM,3
61-21,CHERELLE L PARKER,DEM,131
61-21,DAVID OH,REP,2
61-21,DELSCIA GRAY,DEM,0
61-21,HELEN GYM,DEM,26
61-21,JAMES M DELEON,DEM,0
61-21,JEFF BROWN,DEM,29
61-21,REBECCA RHYNHART,DEM,28
61-21,WARREN BLOOM,DEM,1
61-21,WRITE-IN,DEM,0
61-21,WRITE-IN,REP,0
61-22,ALLAN DOMB,DEM,15
61-22,AMEN  BROWN,DEM,1
61-22,CHERELLE L PARKER,DEM,65
61-22,DAVID OH,REP,2
61-22,DELSCIA GRAY,DEM,0
61-22,HELEN GYM,DEM,29
61-22,JAMES M DELEON,DEM,0
61-22,JEFF BROWN,DEM,15
61-22,REBECCA RHYNHART,DEM,18
61-22,WARREN BLOOM,DEM,0
61-22,WRITE-IN,DEM,0
61-22,WRITE-IN,REP,1
61-23,ALLAN DOMB,DEM,30
61-23,AMEN  BROWN,DEM,1
61-23,CHERELLE L PARKER,DEM,79
61-23,DAVID OH,REP,4
61-23,DELSCIA GRAY,DEM,0
61-23,HELEN GYM,DEM,46
61-23,JAMES M DELEON,DEM,1
61-23,JEFF BROWN,DEM,27
61-23,REBECCA RHYNHART,DEM,32
61-23,WARREN BLOOM,DEM,1
61-23,WRITE-IN,DEM,0
61-23,WRITE-IN,REP,0
61-24,ALLAN DOMB,DEM,11
61-24,AMEN  BROWN,DEM,4
61-24,CHERELLE L PARKER,DEM,50
61-24,DAVID OH,REP,3
61-24,DELSCIA GRAY,DEM,0
61-24,HELEN GYM,DEM,12
61-24,JAMES M DELEON,DEM,1
61-24,JEFF BROWN,DEM,11
61-24,REBECCA RHYNHART,DEM,18
61-24,WARREN BLOOM,DEM,0
61-24,WRITE-IN,DEM,0
61-24,WRITE-IN,REP,0
61-25,ALLAN DOMB,DEM,11
61-25,AMEN  BROWN,DEM,1
61-25,CHERELLE L PARKER,DEM,120
61-25,DAVID OH,REP,5
61-25,DELSCIA GRAY,DEM,1
61-25,HELEN GYM,DEM,9
61-25,JAMES M DELEON,DEM,1
61-25,JEFF BROWN,DEM,22
61-25,REBECCA RHYNHART,DEM,13
61-25,WARREN BLOOM,DEM,1
61-25,WRITE-IN,DEM,2
61-25,WRITE-IN,REP,1
61-26,ALLAN DOMB,DEM,13
61-26,AMEN  BROWN,DEM,0
61-26,CHERELLE L PARKER,DEM,121
61-26,DAVID OH,REP,2
61-26,DELSCIA GRAY,DEM,0
61-26,HELEN GYM,DEM,16
61-26,JAMES M DELEON,DEM,2
61-26,JEFF BROWN,DEM,14
61-26,REBECCA RHYNHART,DEM,15
61-26,WARREN BLOOM,DEM,2
61-26,WRITE-IN,DEM,0
61-26,WRITE-IN,REP,0
61-27,ALLAN DOMB,DEM,11
61-27,AMEN  BROWN,DEM,2
61-27,CHERELLE L PARKER,DEM,123
61-27,DAVID OH,REP,2
61-27,DELSCIA GRAY,DEM,0
61-27,HELEN GYM,DEM,16
61-27,JAMES M DELEON,DEM,1
61-27,JEFF BROWN,DEM,26
61-27,REBECCA RHYNHART,DEM,17
61-27,WARREN BLOOM,DEM,1
61-27,WRITE-IN,DEM,0
61-27,WRITE-IN,REP,0
61-28,ALLAN DOMB,DEM,16
61-28,AMEN  BROWN,DEM,2
61-28,CHERELLE L PARKER,DEM,146
61-28,DAVID OH,REP,3
61-28,DELSCIA GRAY,DEM,1
61-28,HELEN GYM,DEM,9
61-28,JAMES M DELEON,DEM,0
61-28,JEFF BROWN,DEM,19
61-28,REBECCA RHYNHART,DEM,22
61-28,WARREN BLOOM,DEM,0
61-28,WRITE-IN,DEM,0
61-28,WRITE-IN,REP,0
62-01,ALLAN DOMB,DEM,14
62-01,AMEN  BROWN,DEM,1
62-01,CHERELLE L PARKER,DEM,41
62-01,DAVID OH,REP,3
62-01,DELSCIA GRAY,DEM,1
62-01,HELEN GYM,DEM,15
62-01,JAMES M DELEON,DEM,1
62-01,JEFF BROWN,DEM,7
62-01,REBECCA RHYNHART,DEM,10
62-01,WARREN BLOOM,DEM,0
62-01,WRITE-IN,DEM,0
62-01,WRITE-IN,REP,0
62-02,ALLAN DOMB,DEM,8
62-02,AMEN  BROWN,DEM,1
62-02,CHERELLE L PARKER,DEM,26
62-02,DAVID OH,REP,2
62-02,DELSCIA GRAY,DEM,0
62-02,HELEN GYM,DEM,7
62-02,JAMES M DELEON,DEM,0
62-02,JEFF BROWN,DEM,11
62-02,REBECCA RHYNHART,DEM,12
62-02,WARREN BLOOM,DEM,1
62-02,WRITE-IN,DEM,0
62-02,WRITE-IN,REP,0
62-03,ALLAN DOMB,DEM,22
62-03,AMEN  BROWN,DEM,1
62-03,CHERELLE L PARKER,DEM,34
62-03,DAVID OH,REP,5
62-03,DELSCIA GRAY,DEM,0
62-03,HELEN GYM,DEM,9
62-03,JAMES M DELEON,DEM,1
62-03,JEFF BROWN,DEM,15
62-03,REBECCA RHYNHART,DEM,16
62-03,WARREN BLOOM,DEM,0
62-03,WRITE-IN,DEM,0
62-03,WRITE-IN,REP,0
62-04,ALLAN DOMB,DEM,12
62-04,AMEN  BROWN,DEM,1
62-04,CHERELLE L PARKER,DEM,55
62-04,DAVID OH,REP,8
62-04,DELSCIA GRAY,DEM,0
62-04,HELEN GYM,DEM,10
62-04,JAMES M DELEON,DEM,0
62-04,JEFF BROWN,DEM,8
62-04,REBECCA RHYNHART,DEM,15
62-04,WARREN BLOOM,DEM,0
62-04,WRITE-IN,DEM,0
62-04,WRITE-IN,REP,0
62-05,ALLAN DOMB,DEM,9
62-05,AMEN  BROWN,DEM,2
62-05,CHERELLE L PARKER,DEM,39
62-05,DAVID OH,REP,9
62-05,DELSCIA GRAY,DEM,0
62-05,HELEN GYM,DEM,7
62-05,JAMES M DELEON,DEM,0
62-05,JEFF BROWN,DEM,11
62-05,REBECCA RHYNHART,DEM,8
62-05,WARREN BLOOM,DEM,0
62-05,WRITE-IN,DEM,0
62-05,WRITE-IN,REP,0
62-06,ALLAN DOMB,DEM,12
62-06,AMEN  BROWN,DEM,2
62-06,CHERELLE L PARKER,DEM,40
62-06,DAVID OH,REP,12
62-06,DELSCIA GRAY,DEM,1
62-06,HELEN GYM,DEM,12
62-06,JAMES M DELEON,DEM,2
62-06,JEFF BROWN,DEM,10
62-06,REBECCA RHYNHART,DEM,10
62-06,WARREN BLOOM,DEM,3
62-06,WRITE-IN,DEM,1
62-06,WRITE-IN,REP,0
62-07,ALLAN DOMB,DEM,11
62-07,AMEN  BROWN,DEM,1
62-07,CHERELLE L PARKER,DEM,59
62-07,DAVID OH,REP,4
62-07,DELSCIA GRAY,DEM,0
62-07,HELEN GYM,DEM,12
62-07,JAMES M DELEON,DEM,0
62-07,JEFF BROWN,DEM,4
62-07,REBECCA RHYNHART,DEM,7
62-07,WARREN BLOOM,DEM,1
62-07,WRITE-IN,DEM,0
62-07,WRITE-IN,REP,0
62-08,ALLAN DOMB,DEM,10
62-08,AMEN  BROWN,DEM,0
62-08,CHERELLE L PARKER,DEM,53
62-08,DAVID OH,REP,6
62-08,DELSCIA GRAY,DEM,0
62-08,HELEN GYM,DEM,9
62-08,JAMES M DELEON,DEM,0
62-08,JEFF BROWN,DEM,6
62-08,REBECCA RHYNHART,DEM,11
62-08,WARREN BLOOM,DEM,1
62-08,WRITE-IN,DEM,1
62-08,WRITE-IN,REP,1
62-09,ALLAN DOMB,DEM,8
62-09,AMEN  BROWN,DEM,2
62-09,CHERELLE L PARKER,DEM,22
62-09,DAVID OH,REP,4
62-09,DELSCIA GRAY,DEM,0
62-09,HELEN GYM,DEM,9
62-09,JAMES M DELEON,DEM,1
62-09,JEFF BROWN,DEM,9
62-09,REBECCA RHYNHART,DEM,4
62-09,WARREN BLOOM,DEM,0
62-09,WRITE-IN,DEM,0
62-09,WRITE-IN,REP,0
62-10,ALLAN DOMB,DEM,5
62-10,AMEN  BROWN,DEM,3
62-10,CHERELLE L PARKER,DEM,38
62-10,DAVID OH,REP,3
62-10,DELSCIA GRAY,DEM,1
62-10,HELEN GYM,DEM,6
62-10,JAMES M DELEON,DEM,4
62-10,JEFF BROWN,DEM,9
62-10,REBECCA RHYNHART,DEM,5
62-10,WARREN BLOOM,DEM,0
62-10,WRITE-IN,DEM,0
62-10,WRITE-IN,REP,0
62-11,ALLAN DOMB,DEM,15
62-11,AMEN  BROWN,DEM,2
62-11,CHERELLE L PARKER,DEM,57
62-11,DAVID OH,REP,4
62-11,DELSCIA GRAY,DEM,0
62-11,HELEN GYM,DEM,17
62-11,JAMES M DELEON,DEM,0
62-11,JEFF BROWN,DEM,9
62-11,REBECCA RHYNHART,DEM,16
62-11,WARREN BLOOM,DEM,2
62-11,WRITE-IN,DEM,0
62-11,WRITE-IN,REP,0
62-12,ALLAN DOMB,DEM,8
62-12,AMEN  BROWN,DEM,0
62-12,CHERELLE L PARKER,DEM,45
62-12,DAVID OH,REP,2
62-12,DELSCIA GRAY,DEM,0
62-12,HELEN GYM,DEM,9
62-12,JAMES M DELEON,DEM,3
62-12,JEFF BROWN,DEM,7
62-12,REBECCA RHYNHART,DEM,12
62-12,WARREN BLOOM,DEM,0
62-12,WRITE-IN,DEM,0
62-12,WRITE-IN,REP,0
62-13,ALLAN DOMB,DEM,15
62-13,AMEN  BROWN,DEM,0
62-13,CHERELLE L PARKER,DEM,68
62-13,DAVID OH,REP,11
62-13,DELSCIA GRAY,DEM,1
62-13,HELEN GYM,DEM,14
62-13,JAMES M DELEON,DEM,0
62-13,JEFF BROWN,DEM,7
62-13,REBECCA RHYNHART,DEM,12
62-13,WARREN BLOOM,DEM,0
62-13,WRITE-IN,DEM,0
62-13,WRITE-IN,REP,0
62-14,ALLAN DOMB,DEM,11
62-14,AMEN  BROWN,DEM,1
62-14,CHERELLE L PARKER,DEM,65
62-14,DAVID OH,REP,6
62-14,DELSCIA GRAY,DEM,2
62-14,HELEN GYM,DEM,18
62-14,JAMES M DELEON,DEM,1
62-14,JEFF BROWN,DEM,9
62-14,REBECCA RHYNHART,DEM,15
62-14,WARREN BLOOM,DEM,0
62-14,WRITE-IN,DEM,1
62-14,WRITE-IN,REP,0
62-15,ALLAN DOMB,DEM,15
62-15,AMEN  BROWN,DEM,1
62-15,CHERELLE L PARKER,DEM,43
62-15,DAVID OH,REP,1
62-15,DELSCIA GRAY,DEM,0
62-15,HELEN GYM,DEM,18
62-15,JAMES M DELEON,DEM,0
62-15,JEFF BROWN,DEM,14
62-15,REBECCA RHYNHART,DEM,11
62-15,WARREN BLOOM,DEM,0
62-15,WRITE-IN,DEM,0
62-15,WRITE-IN,REP,0
62-16,ALLAN DOMB,DEM,12
62-16,AMEN  BROWN,DEM,1
62-16,CHERELLE L PARKER,DEM,33
62-16,DAVID OH,REP,0
62-16,DELSCIA GRAY,DEM,1
62-16,HELEN GYM,DEM,10
62-16,JAMES M DELEON,DEM,0
62-16,JEFF BROWN,DEM,8
62-16,REBECCA RHYNHART,DEM,17
62-16,WARREN BLOOM,DEM,0
62-16,WRITE-IN,DEM,2
62-16,WRITE-IN,REP,0
62-17,ALLAN DOMB,DEM,21
62-17,AMEN  BROWN,DEM,1
62-17,CHERELLE L PARKER,DEM,24
62-17,DAVID OH,REP,7
62-17,DELSCIA GRAY,DEM,1
62-17,HELEN GYM,DEM,8
62-17,JAMES M DELEON,DEM,1
62-17,JEFF BROWN,DEM,10
62-17,REBECCA RHYNHART,DEM,16
62-17,WARREN BLOOM,DEM,1
62-17,WRITE-IN,DEM,0
62-17,WRITE-IN,REP,0
62-18,ALLAN DOMB,DEM,15
62-18,AMEN  BROWN,DEM,2
62-18,CHERELLE L PARKER,DEM,36
62-18,DAVID OH,REP,11
62-18,DELSCIA GRAY,DEM,0
62-18,HELEN GYM,DEM,9
62-18,JAMES M DELEON,DEM,0
62-18,JEFF BROWN,DEM,13
62-18,REBECCA RHYNHART,DEM,15
62-18,WARREN BLOOM,DEM,2
62-18,WRITE-IN,DEM,0
62-18,WRITE-IN,REP,0
62-19,ALLAN DOMB,DEM,10
62-19,AMEN  BROWN,DEM,1
62-19,CHERELLE L PARKER,DEM,21
62-19,DAVID OH,REP,13
62-19,DELSCIA GRAY,DEM,1
62-19,HELEN GYM,DEM,6
62-19,JAMES M DELEON,DEM,0
62-19,JEFF BROWN,DEM,8
62-19,REBECCA RHYNHART,DEM,9
62-19,WARREN BLOOM,DEM,0
62-19,WRITE-IN,DEM,0
62-19,WRITE-IN,REP,1
62-20,ALLAN DOMB,DEM,17
62-20,AMEN  BROWN,DEM,0
62-20,CHERELLE L PARKER,DEM,49
62-20,DAVID OH,REP,7
62-20,DELSCIA GRAY,DEM,0
62-20,HELEN GYM,DEM,8
62-20,JAMES M DELEON,DEM,4
62-20,JEFF BROWN,DEM,14
62-20,REBECCA RHYNHART,DEM,18
62-20,WARREN BLOOM,DEM,1
62-20,WRITE-IN,DEM,0
62-20,WRITE-IN,REP,0
62-21,ALLAN DOMB,DEM,13
62-21,AMEN  BROWN,DEM,2
62-21,CHERELLE L PARKER,DEM,17
62-21,DAVID OH,REP,8
62-21,DELSCIA GRAY,DEM,0
62-21,HELEN GYM,DEM,4
62-21,JAMES M DELEON,DEM,2
62-21,JEFF BROWN,DEM,9
62-21,REBECCA RHYNHART,DEM,10
62-21,WARREN BLOOM,DEM,0
62-21,WRITE-IN,DEM,0
62-21,WRITE-IN,REP,0
62-22,ALLAN DOMB,DEM,13
62-22,AMEN  BROWN,DEM,1
62-22,CHERELLE L PARKER,DEM,20
62-22,DAVID OH,REP,4
62-22,DELSCIA GRAY,DEM,1
62-22,HELEN GYM,DEM,11
62-22,JAMES M DELEON,DEM,1
62-22,JEFF BROWN,DEM,8
62-22,REBECCA RHYNHART,DEM,12
62-22,WARREN BLOOM,DEM,0
62-22,WRITE-IN,DEM,1
62-22,WRITE-IN,REP,0
62-23,ALLAN DOMB,DEM,14
62-23,AMEN  BROWN,DEM,0
62-23,CHERELLE L PARKER,DEM,12
62-23,DAVID OH,REP,8
62-23,DELSCIA GRAY,DEM,0
62-23,HELEN GYM,DEM,4
62-23,JAMES M DELEON,DEM,1
62-23,JEFF BROWN,DEM,8
62-23,REBECCA RHYNHART,DEM,12
62-23,WARREN BLOOM,DEM,0
62-23,WRITE-IN,DEM,0
62-23,WRITE-IN,REP,1
62-24,ALLAN DOMB,DEM,12
62-24,AMEN  BROWN,DEM,0
62-24,CHERELLE L PARKER,DEM,14
62-24,DAVID OH,REP,7
62-24,DELSCIA GRAY,DEM,1
62-24,HELEN GYM,DEM,4
62-24,JAMES M DELEON,DEM,0
62-24,JEFF BROWN,DEM,8
62-24,REBECCA RHYNHART,DEM,7
62-24,WARREN BLOOM,DEM,0
62-24,WRITE-IN,DEM,0
62-24,WRITE-IN,REP,1
62-25,ALLAN DOMB,DEM,13
62-25,AMEN  BROWN,DEM,0
62-25,CHERELLE L PARKER,DEM,13
62-25,DAVID OH,REP,9
62-25,DELSCIA GRAY,DEM,0
62-25,HELEN GYM,DEM,10
62-25,JAMES M DELEON,DEM,2
62-25,JEFF BROWN,DEM,7
62-25,REBECCA RHYNHART,DEM,11
62-25,WARREN BLOOM,DEM,0
62-25,WRITE-IN,DEM,1
62-25,WRITE-IN,REP,0
62-26,ALLAN DOMB,DEM,18
62-26,AMEN  BROWN,DEM,2
62-26,CHERELLE L PARKER,DEM,18
62-26,DAVID OH,REP,9
62-26,DELSCIA GRAY,DEM,1
62-26,HELEN GYM,DEM,12
62-26,JAMES M DELEON,DEM,1
62-26,JEFF BROWN,DEM,5
62-26,REBECCA RHYNHART,DEM,7
62-26,WARREN BLOOM,DEM,0
62-26,WRITE-IN,DEM,0
62-26,WRITE-IN,REP,0
63-01,ALLAN DOMB,DEM,36
63-01,AMEN  BROWN,DEM,0
63-01,CHERELLE L PARKER,DEM,26
63-01,DAVID OH,REP,46
63-01,DELSCIA GRAY,DEM,1
63-01,HELEN GYM,DEM,20
63-01,JAMES M DELEON,DEM,1
63-01,JEFF BROWN,DEM,21
63-01,REBECCA RHYNHART,DEM,56
63-01,WARREN BLOOM,DEM,0
63-01,WRITE-IN,DEM,0
63-01,WRITE-IN,REP,1
63-02,ALLAN DOMB,DEM,34
63-02,AMEN  BROWN,DEM,0
63-02,CHERELLE L PARKER,DEM,17
63-02,DAVID OH,REP,52
63-02,DELSCIA GRAY,DEM,1
63-02,HELEN GYM,DEM,19
63-02,JAMES M DELEON,DEM,0
63-02,JEFF BROWN,DEM,13
63-02,REBECCA RHYNHART,DEM,41
63-02,WARREN BLOOM,DEM,0
63-02,WRITE-IN,DEM,0
63-02,WRITE-IN,REP,0
63-03,ALLAN DOMB,DEM,43
63-03,AMEN  BROWN,DEM,0
63-03,CHERELLE L PARKER,DEM,22
63-03,DAVID OH,REP,62
63-03,DELSCIA GRAY,DEM,0
63-03,HELEN GYM,DEM,19
63-03,JAMES M DELEON,DEM,0
63-03,JEFF BROWN,DEM,32
63-03,REBECCA RHYNHART,DEM,52
63-03,WARREN BLOOM,DEM,0
63-03,WRITE-IN,DEM,0
63-03,WRITE-IN,REP,4
63-04,ALLAN DOMB,DEM,31
63-04,AMEN  BROWN,DEM,5
63-04,CHERELLE L PARKER,DEM,13
63-04,DAVID OH,REP,44
63-04,DELSCIA GRAY,DEM,0
63-04,HELEN GYM,DEM,12
63-04,JAMES M DELEON,DEM,0
63-04,JEFF BROWN,DEM,19
63-04,REBECCA RHYNHART,DEM,54
63-04,WARREN BLOOM,DEM,0
63-04,WRITE-IN,DEM,0
63-04,WRITE-IN,REP,0
63-05,ALLAN DOMB,DEM,38
63-05,AMEN  BROWN,DEM,1
63-05,CHERELLE L PARKER,DEM,23
63-05,DAVID OH,REP,40
63-05,DELSCIA GRAY,DEM,0
63-05,HELEN GYM,DEM,23
63-05,JAMES M DELEON,DEM,0
63-05,JEFF BROWN,DEM,14
63-05,REBECCA RHYNHART,DEM,35
63-05,WARREN BLOOM,DEM,0
63-05,WRITE-IN,DEM,1
63-05,WRITE-IN,REP,1
63-06,ALLAN DOMB,DEM,19
63-06,AMEN  BROWN,DEM,0
63-06,CHERELLE L PARKER,DEM,23
63-06,DAVID OH,REP,21
63-06,DELSCIA GRAY,DEM,0
63-06,HELEN GYM,DEM,25
63-06,JAMES M DELEON,DEM,0
63-06,JEFF BROWN,DEM,15
63-06,REBECCA RHYNHART,DEM,28
63-06,WARREN BLOOM,DEM,0
63-06,WRITE-IN,DEM,0
63-06,WRITE-IN,REP,2
63-07,ALLAN DOMB,DEM,29
63-07,AMEN  BROWN,DEM,2
63-07,CHERELLE L PARKER,DEM,13
63-07,DAVID OH,REP,18
63-07,DELSCIA GRAY,DEM,0
63-07,HELEN GYM,DEM,5
63-07,JAMES M DELEON,DEM,0
63-07,JEFF BROWN,DEM,2
63-07,REBECCA RHYNHART,DEM,20
63-07,WARREN BLOOM,DEM,1
63-07,WRITE-IN,DEM,0
63-07,WRITE-IN,REP,1
63-08,ALLAN DOMB,DEM,32
63-08,AMEN  BROWN,DEM,0
63-08,CHERELLE L PARKER,DEM,32
63-08,DAVID OH,REP,50
63-08,DELSCIA GRAY,DEM,0
63-08,HELEN GYM,DEM,28
63-08,JAMES M DELEON,DEM,3
63-08,JEFF BROWN,DEM,18
63-08,REBECCA RHYNHART,DEM,50
63-08,WARREN BLOOM,DEM,1
63-08,WRITE-IN,DEM,0
63-08,WRITE-IN,REP,0
63-09,ALLAN DOMB,DEM,48
63-09,AMEN  BROWN,DEM,1
63-09,CHERELLE L PARKER,DEM,30
63-09,DAVID OH,REP,58
63-09,DELSCIA GRAY,DEM,0
63-09,HELEN GYM,DEM,17
63-09,JAMES M DELEON,DEM,1
63-09,JEFF BROWN,DEM,11
63-09,REBECCA RHYNHART,DEM,30
63-09,WARREN BLOOM,DEM,0
63-09,WRITE-IN,DEM,0
63-09,WRITE-IN,REP,0
63-10,ALLAN DOMB,DEM,37
63-10,AMEN  BROWN,DEM,1
63-10,CHERELLE L PARKER,DEM,25
63-10,DAVID OH,REP,49
63-10,DELSCIA GRAY,DEM,0
63-10,HELEN GYM,DEM,17
63-10,JAMES M DELEON,DEM,0
63-10,JEFF BROWN,DEM,22
63-10,REBECCA RHYNHART,DEM,38
63-10,WARREN BLOOM,DEM,0
63-10,WRITE-IN,DEM,0
63-10,WRITE-IN,REP,0
63-11,ALLAN DOMB,DEM,95
63-11,AMEN  BROWN,DEM,1
63-11,CHERELLE L PARKER,DEM,53
63-11,DAVID OH,REP,67
63-11,DELSCIA GRAY,DEM,0
63-11,HELEN GYM,DEM,38
63-11,JAMES M DELEON,DEM,1
63-11,JEFF BROWN,DEM,29
63-11,REBECCA RHYNHART,DEM,110
63-11,WARREN BLOOM,DEM,1
63-11,WRITE-IN,DEM,0
63-11,WRITE-IN,REP,1
63-12,ALLAN DOMB,DEM,37
63-12,AMEN  BROWN,DEM,1
63-12,CHERELLE L PARKER,DEM,21
63-12,DAVID OH,REP,35
63-12,DELSCIA GRAY,DEM,0
63-12,HELEN GYM,DEM,24
63-12,JAMES M DELEON,DEM,0
63-12,JEFF BROWN,DEM,13
63-12,REBECCA RHYNHART,DEM,35
63-12,WARREN BLOOM,DEM,0
63-12,WRITE-IN,DEM,1
63-12,WRITE-IN,REP,0
63-13,ALLAN DOMB,DEM,34
63-13,AMEN  BROWN,DEM,1
63-13,CHERELLE L PARKER,DEM,36
63-13,DAVID OH,REP,40
63-13,DELSCIA GRAY,DEM,0
63-13,HELEN GYM,DEM,21
63-13,JAMES M DELEON,DEM,0
63-13,JEFF BROWN,DEM,18
63-13,REBECCA RHYNHART,DEM,41
63-13,WARREN BLOOM,DEM,1
63-13,WRITE-IN,DEM,0
63-13,WRITE-IN,REP,1
63-14,ALLAN DOMB,DEM,39
63-14,AMEN  BROWN,DEM,0
63-14,CHERELLE L PARKER,DEM,22
63-14,DAVID OH,REP,51
63-14,DELSCIA GRAY,DEM,0
63-14,HELEN GYM,DEM,15
63-14,JAMES M DELEON,DEM,0
63-14,JEFF BROWN,DEM,11
63-14,REBECCA RHYNHART,DEM,44
63-14,WARREN BLOOM,DEM,0
63-14,WRITE-IN,DEM,0
63-14,WRITE-IN,REP,0
63-15,ALLAN DOMB,DEM,44
63-15,AMEN  BROWN,DEM,1
63-15,CHERELLE L PARKER,DEM,28
63-15,DAVID OH,REP,35
63-15,DELSCIA GRAY,DEM,0
63-15,HELEN GYM,DEM,19
63-15,JAMES M DELEON,DEM,0
63-15,JEFF BROWN,DEM,12
63-15,REBECCA RHYNHART,DEM,47
63-15,WARREN BLOOM,DEM,0
63-15,WRITE-IN,DEM,0
63-15,WRITE-IN,REP,0
63-16,ALLAN DOMB,DEM,19
63-16,AMEN  BROWN,DEM,1
63-16,CHERELLE L PARKER,DEM,14
63-16,DAVID OH,REP,32
63-16,DELSCIA GRAY,DEM,0
63-16,HELEN GYM,DEM,10
63-16,JAMES M DELEON,DEM,1
63-16,JEFF BROWN,DEM,7
63-16,REBECCA RHYNHART,DEM,22
63-16,WARREN BLOOM,DEM,0
63-16,WRITE-IN,DEM,0
63-16,WRITE-IN,REP,1
63-17,ALLAN DOMB,DEM,30
63-17,AMEN  BROWN,DEM,1
63-17,CHERELLE L PARKER,DEM,30
63-17,DAVID OH,REP,37
63-17,DELSCIA GRAY,DEM,0
63-17,HELEN GYM,DEM,2
63-17,JAMES M DELEON,DEM,1
63-17,JEFF BROWN,DEM,18
63-17,REBECCA RHYNHART,DEM,30
63-17,WARREN BLOOM,DEM,0
63-17,WRITE-IN,DEM,0
63-17,WRITE-IN,REP,2
63-18,ALLAN DOMB,DEM,36
63-18,AMEN  BROWN,DEM,0
63-18,CHERELLE L PARKER,DEM,16
63-18,DAVID OH,REP,29
63-18,DELSCIA GRAY,DEM,0
63-18,HELEN GYM,DEM,13
63-18,JAMES M DELEON,DEM,0
63-18,JEFF BROWN,DEM,19
63-18,REBECCA RHYNHART,DEM,43
63-18,WARREN BLOOM,DEM,0
63-18,WRITE-IN,DEM,0
63-18,WRITE-IN,REP,1
63-19,ALLAN DOMB,DEM,27
63-19,AMEN  BROWN,DEM,1
63-19,CHERELLE L PARKER,DEM,15
63-19,DAVID OH,REP,38
63-19,DELSCIA GRAY,DEM,0
63-19,HELEN GYM,DEM,16
63-19,JAMES M DELEON,DEM,0
63-19,JEFF BROWN,DEM,18
63-19,REBECCA RHYNHART,DEM,37
63-19,WARREN BLOOM,DEM,0
63-19,WRITE-IN,DEM,0
63-19,WRITE-IN,REP,1
63-20,ALLAN DOMB,DEM,36
63-20,AMEN  BROWN,DEM,0
63-20,CHERELLE L PARKER,DEM,21
63-20,DAVID OH,REP,30
63-20,DELSCIA GRAY,DEM,0
63-20,HELEN GYM,DEM,21
63-20,JAMES M DELEON,DEM,0
63-20,JEFF BROWN,DEM,15
63-20,REBECCA RHYNHART,DEM,26
63-20,WARREN BLOOM,DEM,1
63-20,WRITE-IN,DEM,0
63-20,WRITE-IN,REP,2
63-21,ALLAN DOMB,DEM,51
63-21,AMEN  BROWN,DEM,1
63-21,CHERELLE L PARKER,DEM,12
63-21,DAVID OH,REP,21
63-21,DELSCIA GRAY,DEM,1
63-21,HELEN GYM,DEM,28
63-21,JAMES M DELEON,DEM,0
63-21,JEFF BROWN,DEM,15
63-21,REBECCA RHYNHART,DEM,40
63-21,WARREN BLOOM,DEM,0
63-21,WRITE-IN,DEM,0
63-21,WRITE-IN,REP,0
63-22,ALLAN DOMB,DEM,19
63-22,AMEN  BROWN,DEM,0
63-22,CHERELLE L PARKER,DEM,14
63-22,DAVID OH,REP,18
63-22,DELSCIA GRAY,DEM,0
63-22,HELEN GYM,DEM,18
63-22,JAMES M DELEON,DEM,0
63-22,JEFF BROWN,DEM,19
63-22,REBECCA RHYNHART,DEM,28
63-22,WARREN BLOOM,DEM,0
63-22,WRITE-IN,DEM,0
63-22,WRITE-IN,REP,0
63-23,ALLAN DOMB,DEM,56
63-23,AMEN  BROWN,DEM,0
63-23,CHERELLE L PARKER,DEM,56
63-23,DAVID OH,REP,35
63-23,DELSCIA GRAY,DEM,0
63-23,HELEN GYM,DEM,27
63-23,JAMES M DELEON,DEM,1
63-23,JEFF BROWN,DEM,31
63-23,REBECCA RHYNHART,DEM,65
63-23,WARREN BLOOM,DEM,0
63-23,WRITE-IN,DEM,0
63-23,WRITE-IN,REP,1
63-24,ALLAN DOMB,DEM,30
63-24,AMEN  BROWN,DEM,0
63-24,CHERELLE L PARKER,DEM,22
63-24,DAVID OH,REP,21
63-24,DELSCIA GRAY,DEM,0
63-24,HELEN GYM,DEM,16
63-24,JAMES M DELEON,DEM,1
63-24,JEFF BROWN,DEM,12
63-24,REBECCA RHYNHART,DEM,22
63-24,WARREN BLOOM,DEM,0
63-24,WRITE-IN,DEM,0
63-24,WRITE-IN,REP,1
63-25,ALLAN DOMB,DEM,28
63-25,AMEN  BROWN,DEM,2
63-25,CHERELLE L PARKER,DEM,12
63-25,DAVID OH,REP,18
63-25,DELSCIA GRAY,DEM,0
63-25,HELEN GYM,DEM,11
63-25,JAMES M DELEON,DEM,2
63-25,JEFF BROWN,DEM,14
63-25,REBECCA RHYNHART,DEM,20
63-25,WARREN BLOOM,DEM,0
63-25,WRITE-IN,DEM,0
63-25,WRITE-IN,REP,0
64-01,ALLAN DOMB,DEM,24
64-01,AMEN  BROWN,DEM,1
64-01,CHERELLE L PARKER,DEM,25
64-01,DAVID OH,REP,16
64-01,DELSCIA GRAY,DEM,0
64-01,HELEN GYM,DEM,16
64-01,JAMES M DELEON,DEM,0
64-01,JEFF BROWN,DEM,13
64-01,REBECCA RHYNHART,DEM,28
64-01,WARREN BLOOM,DEM,0
64-01,WRITE-IN,DEM,0
64-01,WRITE-IN,REP,2
64-02,ALLAN DOMB,DEM,52
64-02,AMEN  BROWN,DEM,1
64-02,CHERELLE L PARKER,DEM,25
64-02,DAVID OH,REP,59
64-02,DELSCIA GRAY,DEM,0
64-02,HELEN GYM,DEM,21
64-02,JAMES M DELEON,DEM,1
64-02,JEFF BROWN,DEM,18
64-02,REBECCA RHYNHART,DEM,33
64-02,WARREN BLOOM,DEM,0
64-02,WRITE-IN,DEM,1
64-02,WRITE-IN,REP,0
64-03,ALLAN DOMB,DEM,26
64-03,AMEN  BROWN,DEM,2
64-03,CHERELLE L PARKER,DEM,10
64-03,DAVID OH,REP,22
64-03,DELSCIA GRAY,DEM,0
64-03,HELEN GYM,DEM,9
64-03,JAMES M DELEON,DEM,0
64-03,JEFF BROWN,DEM,12
64-03,REBECCA RHYNHART,DEM,14
64-03,WARREN BLOOM,DEM,0
64-03,WRITE-IN,DEM,0
64-03,WRITE-IN,REP,0
64-04,ALLAN DOMB,DEM,22
64-04,AMEN  BROWN,DEM,0
64-04,CHERELLE L PARKER,DEM,6
64-04,DAVID OH,REP,28
64-04,DELSCIA GRAY,DEM,1
64-04,HELEN GYM,DEM,5
64-04,JAMES M DELEON,DEM,1
64-04,JEFF BROWN,DEM,7
64-04,REBECCA RHYNHART,DEM,13
64-04,WARREN BLOOM,DEM,0
64-04,WRITE-IN,DEM,0
64-04,WRITE-IN,REP,0
64-05,ALLAN DOMB,DEM,20
64-05,AMEN  BROWN,DEM,1
64-05,CHERELLE L PARKER,DEM,17
64-05,DAVID OH,REP,29
64-05,DELSCIA GRAY,DEM,0
64-05,HELEN GYM,DEM,9
64-05,JAMES M DELEON,DEM,0
64-05,JEFF BROWN,DEM,19
64-05,REBECCA RHYNHART,DEM,16
64-05,WARREN BLOOM,DEM,0
64-05,WRITE-IN,DEM,0
64-05,WRITE-IN,REP,0
64-06,ALLAN DOMB,DEM,18
64-06,AMEN  BROWN,DEM,0
64-06,CHERELLE L PARKER,DEM,12
64-06,DAVID OH,REP,29
64-06,DELSCIA GRAY,DEM,1
64-06,HELEN GYM,DEM,9
64-06,JAMES M DELEON,DEM,0
64-06,JEFF BROWN,DEM,8
64-06,REBECCA RHYNHART,DEM,14
64-06,WARREN BLOOM,DEM,1
64-06,WRITE-IN,DEM,0
64-06,WRITE-IN,REP,0
64-07,ALLAN DOMB,DEM,28
64-07,AMEN  BROWN,DEM,0
64-07,CHERELLE L PARKER,DEM,14
64-07,DAVID OH,REP,24
64-07,DELSCIA GRAY,DEM,0
64-07,HELEN GYM,DEM,10
64-07,JAMES M DELEON,DEM,1
64-07,JEFF BROWN,DEM,14
64-07,REBECCA RHYNHART,DEM,39
64-07,WARREN BLOOM,DEM,1
64-07,WRITE-IN,DEM,0
64-07,WRITE-IN,REP,1
64-08,ALLAN DOMB,DEM,23
64-08,AMEN  BROWN,DEM,1
64-08,CHERELLE L PARKER,DEM,11
64-08,DAVID OH,REP,25
64-08,DELSCIA GRAY,DEM,0
64-08,HELEN GYM,DEM,12
64-08,JAMES M DELEON,DEM,1
64-08,JEFF BROWN,DEM,8
64-08,REBECCA RHYNHART,DEM,14
64-08,WARREN BLOOM,DEM,0
64-08,WRITE-IN,DEM,0
64-08,WRITE-IN,REP,0
64-09,ALLAN DOMB,DEM,2
64-09,AMEN  BROWN,DEM,0
64-09,CHERELLE L PARKER,DEM,6
64-09,DAVID OH,REP,13
64-09,DELSCIA GRAY,DEM,0
64-09,HELEN GYM,DEM,7
64-09,JAMES M DELEON,DEM,0
64-09,JEFF BROWN,DEM,8
64-09,REBECCA RHYNHART,DEM,14
64-09,WARREN BLOOM,DEM,1
64-09,WRITE-IN,DEM,0
64-09,WRITE-IN,REP,0
64-10,ALLAN DOMB,DEM,21
64-10,AMEN  BROWN,DEM,2
64-10,CHERELLE L PARKER,DEM,7
64-10,DAVID OH,REP,12
64-10,DELSCIA GRAY,DEM,0
64-10,HELEN GYM,DEM,14
64-10,JAMES M DELEON,DEM,0
64-10,JEFF BROWN,DEM,16
64-10,REBECCA RHYNHART,DEM,13
64-10,WARREN BLOOM,DEM,0
64-10,WRITE-IN,DEM,0
64-10,WRITE-IN,REP,0
64-11,ALLAN DOMB,DEM,9
64-11,AMEN  BROWN,DEM,0
64-11,CHERELLE L PARKER,DEM,6
64-11,DAVID OH,REP,18
64-11,DELSCIA GRAY,DEM,0
64-11,HELEN GYM,DEM,9
64-11,JAMES M DELEON,DEM,0
64-11,JEFF BROWN,DEM,9
64-11,REBECCA RHYNHART,DEM,15
64-11,WARREN BLOOM,DEM,0
64-11,WRITE-IN,DEM,0
64-11,WRITE-IN,REP,0
64-12,ALLAN DOMB,DEM,3
64-12,AMEN  BROWN,DEM,1
64-12,CHERELLE L PARKER,DEM,5
64-12,DAVID OH,REP,12
64-12,DELSCIA GRAY,DEM,0
64-12,HELEN GYM,DEM,2
64-12,JAMES M DELEON,DEM,0
64-12,JEFF BROWN,DEM,3
64-12,REBECCA RHYNHART,DEM,10
64-12,WARREN BLOOM,DEM,0
64-12,WRITE-IN,DEM,0
64-12,WRITE-IN,REP,0
64-13,ALLAN DOMB,DEM,13
64-13,AMEN  BROWN,DEM,0
64-13,CHERELLE L PARKER,DEM,7
64-13,DAVID OH,REP,11
64-13,DELSCIA GRAY,DEM,0
64-13,HELEN GYM,DEM,2
64-13,JAMES M DELEON,DEM,0
64-13,JEFF BROWN,DEM,0
64-13,REBECCA RHYNHART,DEM,16
64-13,WARREN BLOOM,DEM,0
64-13,WRITE-IN,DEM,0
64-13,WRITE-IN,REP,3
64-14,ALLAN DOMB,DEM,8
64-14,AMEN  BROWN,DEM,1
64-14,CHERELLE L PARKER,DEM,10
64-14,DAVID OH,REP,16
64-14,DELSCIA GRAY,DEM,1
64-14,HELEN GYM,DEM,10
64-14,JAMES M DELEON,DEM,1
64-14,JEFF BROWN,DEM,11
64-14,REBECCA RHYNHART,DEM,8
64-14,WARREN BLOOM,DEM,0
64-14,WRITE-IN,DEM,0
64-14,WRITE-IN,REP,1
64-15,ALLAN DOMB,DEM,32
64-15,AMEN  BROWN,DEM,1
64-15,CHERELLE L PARKER,DEM,18
64-15,DAVID OH,REP,22
64-15,DELSCIA GRAY,DEM,2
64-15,HELEN GYM,DEM,14
64-15,JAMES M DELEON,DEM,3
64-15,JEFF BROWN,DEM,9
64-15,REBECCA RHYNHART,DEM,20
64-15,WARREN BLOOM,DEM,0
64-15,WRITE-IN,DEM,0
64-15,WRITE-IN,REP,1
64-16,ALLAN DOMB,DEM,35
64-16,AMEN  BROWN,DEM,0
64-16,CHERELLE L PARKER,DEM,13
64-16,DAVID OH,REP,43
64-16,DELSCIA GRAY,DEM,0
64-16,HELEN GYM,DEM,9
64-16,JAMES M DELEON,DEM,0
64-16,JEFF BROWN,DEM,16
64-16,REBECCA RHYNHART,DEM,24
64-16,WARREN BLOOM,DEM,0
64-16,WRITE-IN,DEM,0
64-16,WRITE-IN,REP,2
64-17,ALLAN DOMB,DEM,19
64-17,AMEN  BROWN,DEM,0
64-17,CHERELLE L PARKER,DEM,5
64-17,DAVID OH,REP,14
64-17,DELSCIA GRAY,DEM,0
64-17,HELEN GYM,DEM,6
64-17,JAMES M DELEON,DEM,1
64-17,JEFF BROWN,DEM,6
64-17,REBECCA RHYNHART,DEM,8
64-17,WARREN BLOOM,DEM,0
64-17,WRITE-IN,DEM,0
64-17,WRITE-IN,REP,2
64-18,ALLAN DOMB,DEM,27
64-18,AMEN  BROWN,DEM,0
64-18,CHERELLE L PARKER,DEM,27
64-18,DAVID OH,REP,48
64-18,DELSCIA GRAY,DEM,0
64-18,HELEN GYM,DEM,15
64-18,JAMES M DELEON,DEM,1
64-18,JEFF BROWN,DEM,23
64-18,REBECCA RHYNHART,DEM,44
64-18,WARREN BLOOM,DEM,0
64-18,WRITE-IN,DEM,0
64-18,WRITE-IN,REP,2
65-01,ALLAN DOMB,DEM,74
65-01,AMEN  BROWN,DEM,0
65-01,CHERELLE L PARKER,DEM,27
65-01,DAVID OH,REP,68
65-01,DELSCIA GRAY,DEM,0
65-01,HELEN GYM,DEM,14
65-01,JAMES M DELEON,DEM,2
65-01,JEFF BROWN,DEM,38
65-01,REBECCA RHYNHART,DEM,62
65-01,WARREN BLOOM,DEM,0
65-01,WRITE-IN,DEM,1
65-01,WRITE-IN,REP,4
65-02,ALLAN DOMB,DEM,57
65-02,AMEN  BROWN,DEM,0
65-02,CHERELLE L PARKER,DEM,35
65-02,DAVID OH,REP,62
65-02,DELSCIA GRAY,DEM,0
65-02,HELEN GYM,DEM,20
65-02,JAMES M DELEON,DEM,1
65-02,JEFF BROWN,DEM,30
65-02,REBECCA RHYNHART,DEM,46
65-02,WARREN BLOOM,DEM,0
65-02,WRITE-IN,DEM,0
65-02,WRITE-IN,REP,4
65-03,ALLAN DOMB,DEM,22
65-03,AMEN  BROWN,DEM,1
65-03,CHERELLE L PARKER,DEM,16
65-03,DAVID OH,REP,15
65-03,DELSCIA GRAY,DEM,0
65-03,HELEN GYM,DEM,16
65-03,JAMES M DELEON,DEM,0
65-03,JEFF BROWN,DEM,11
65-03,REBECCA RHYNHART,DEM,15
65-03,WARREN BLOOM,DEM,0
65-03,WRITE-IN,DEM,0
65-03,WRITE-IN,REP,0
65-04,ALLAN DOMB,DEM,113
65-04,AMEN  BROWN,DEM,1
65-04,CHERELLE L PARKER,DEM,34
65-04,DAVID OH,REP,75
65-04,DELSCIA GRAY,DEM,0
65-04,HELEN GYM,DEM,27
65-04,JAMES M DELEON,DEM,4
65-04,JEFF BROWN,DEM,25
65-04,REBECCA RHYNHART,DEM,78
65-04,WARREN BLOOM,DEM,2
65-04,WRITE-IN,DEM,0
65-04,WRITE-IN,REP,0
65-05,ALLAN DOMB,DEM,14
65-05,AMEN  BROWN,DEM,2
65-05,CHERELLE L PARKER,DEM,12
65-05,DAVID OH,REP,15
65-05,DELSCIA GRAY,DEM,0
65-05,HELEN GYM,DEM,7
65-05,JAMES M DELEON,DEM,1
65-05,JEFF BROWN,DEM,9
65-05,REBECCA RHYNHART,DEM,15
65-05,WARREN BLOOM,DEM,0
65-05,WRITE-IN,DEM,0
65-05,WRITE-IN,REP,0
65-06,ALLAN DOMB,DEM,8
65-06,AMEN  BROWN,DEM,0
65-06,CHERELLE L PARKER,DEM,13
65-06,DAVID OH,REP,11
65-06,DELSCIA GRAY,DEM,0
65-06,HELEN GYM,DEM,7
65-06,JAMES M DELEON,DEM,1
65-06,JEFF BROWN,DEM,8
65-06,REBECCA RHYNHART,DEM,14
65-06,WARREN BLOOM,DEM,0
65-06,WRITE-IN,DEM,0
65-06,WRITE-IN,REP,0
65-07,ALLAN DOMB,DEM,68
65-07,AMEN  BROWN,DEM,1
65-07,CHERELLE L PARKER,DEM,47
65-07,DAVID OH,REP,88
65-07,DELSCIA GRAY,DEM,0
65-07,HELEN GYM,DEM,28
65-07,JAMES M DELEON,DEM,0
65-07,JEFF BROWN,DEM,32
65-07,REBECCA RHYNHART,DEM,46
65-07,WARREN BLOOM,DEM,0
65-07,WRITE-IN,DEM,0
65-07,WRITE-IN,REP,0
65-08,ALLAN DOMB,DEM,27
65-08,AMEN  BROWN,DEM,0
65-08,CHERELLE L PARKER,DEM,24
65-08,DAVID OH,REP,22
65-08,DELSCIA GRAY,DEM,0
65-08,HELEN GYM,DEM,4
65-08,JAMES M DELEON,DEM,0
65-08,JEFF BROWN,DEM,12
65-08,REBECCA RHYNHART,DEM,17
65-08,WARREN BLOOM,DEM,0
65-08,WRITE-IN,DEM,0
65-08,WRITE-IN,REP,0
65-09,ALLAN DOMB,DEM,32
65-09,AMEN  BROWN,DEM,2
65-09,CHERELLE L PARKER,DEM,19
65-09,DAVID OH,REP,28
65-09,DELSCIA GRAY,DEM,1
65-09,HELEN GYM,DEM,8
65-09,JAMES M DELEON,DEM,0
65-09,JEFF BROWN,DEM,14
65-09,REBECCA RHYNHART,DEM,32
65-09,WARREN BLOOM,DEM,0
65-09,WRITE-IN,DEM,0
65-09,WRITE-IN,REP,2
65-10,ALLAN DOMB,DEM,46
65-10,AMEN  BROWN,DEM,2
65-10,CHERELLE L PARKER,DEM,21
65-10,DAVID OH,REP,49
65-10,DELSCIA GRAY,DEM,0
65-10,HELEN GYM,DEM,21
65-10,JAMES M DELEON,DEM,2
65-10,JEFF BROWN,DEM,29
65-10,REBECCA RHYNHART,DEM,41
65-10,WARREN BLOOM,DEM,0
65-10,WRITE-IN,DEM,0
65-10,WRITE-IN,REP,0
65-11,ALLAN DOMB,DEM,28
65-11,AMEN  BROWN,DEM,2
65-11,CHERELLE L PARKER,DEM,49
65-11,DAVID OH,REP,10
65-11,DELSCIA GRAY,DEM,0
65-11,HELEN GYM,DEM,14
65-11,JAMES M DELEON,DEM,2
65-11,JEFF BROWN,DEM,12
65-11,REBECCA RHYNHART,DEM,27
65-11,WARREN BLOOM,DEM,0
65-11,WRITE-IN,DEM,0
65-11,WRITE-IN,REP,0
65-12,ALLAN DOMB,DEM,7
65-12,AMEN  BROWN,DEM,0
65-12,CHERELLE L PARKER,DEM,17
65-12,DAVID OH,REP,4
65-12,DELSCIA GRAY,DEM,0
65-12,HELEN GYM,DEM,3
65-12,JAMES M DELEON,DEM,0
65-12,JEFF BROWN,DEM,5
65-12,REBECCA RHYNHART,DEM,10
65-12,WARREN BLOOM,DEM,1
65-12,WRITE-IN,DEM,0
65-12,WRITE-IN,REP,1
65-13,ALLAN DOMB,DEM,8
65-13,AMEN  BROWN,DEM,2
65-13,CHERELLE L PARKER,DEM,19
65-13,DAVID OH,REP,4
65-13,DELSCIA GRAY,DEM,0
65-13,HELEN GYM,DEM,12
65-13,JAMES M DELEON,DEM,0
65-13,JEFF BROWN,DEM,7
65-13,REBECCA RHYNHART,DEM,11
65-13,WARREN BLOOM,DEM,0
65-13,WRITE-IN,DEM,0
65-13,WRITE-IN,REP,0
65-14,ALLAN DOMB,DEM,3
65-14,AMEN  BROWN,DEM,1
65-14,CHERELLE L PARKER,DEM,18
65-14,DAVID OH,REP,5
65-14,DELSCIA GRAY,DEM,0
65-14,HELEN GYM,DEM,3
65-14,JAMES M DELEON,DEM,0
65-14,JEFF BROWN,DEM,4
65-14,REBECCA RHYNHART,DEM,11
65-14,WARREN BLOOM,DEM,1
65-14,WRITE-IN,DEM,0
65-14,WRITE-IN,REP,0
65-15,ALLAN DOMB,DEM,19
65-15,AMEN  BROWN,DEM,3
65-15,CHERELLE L PARKER,DEM,21
65-15,DAVID OH,REP,3
65-15,DELSCIA GRAY,DEM,1
65-15,HELEN GYM,DEM,6
65-15,JAMES M DELEON,DEM,1
65-15,JEFF BROWN,DEM,2
65-15,REBECCA RHYNHART,DEM,14
65-15,WARREN BLOOM,DEM,0
65-15,WRITE-IN,DEM,0
65-15,WRITE-IN,REP,0
65-16,ALLAN DOMB,DEM,16
65-16,AMEN  BROWN,DEM,0
65-16,CHERELLE L PARKER,DEM,18
65-16,DAVID OH,REP,23
65-16,DELSCIA GRAY,DEM,0
65-16,HELEN GYM,DEM,8
65-16,JAMES M DELEON,DEM,0
65-16,JEFF BROWN,DEM,3
65-16,REBECCA RHYNHART,DEM,14
65-16,WARREN BLOOM,DEM,0
65-16,WRITE-IN,DEM,0
65-16,WRITE-IN,REP,1
65-17,ALLAN DOMB,DEM,20
65-17,AMEN  BROWN,DEM,0
65-17,CHERELLE L PARKER,DEM,22
65-17,DAVID OH,REP,17
65-17,DELSCIA GRAY,DEM,0
65-17,HELEN GYM,DEM,21
65-17,JAMES M DELEON,DEM,1
65-17,JEFF BROWN,DEM,13
65-17,REBECCA RHYNHART,DEM,31
65-17,WARREN BLOOM,DEM,0
65-17,WRITE-IN,DEM,0
65-17,WRITE-IN,REP,1
65-18,ALLAN DOMB,DEM,27
65-18,AMEN  BROWN,DEM,2
65-18,CHERELLE L PARKER,DEM,34
65-18,DAVID OH,REP,7
65-18,DELSCIA GRAY,DEM,0
65-18,HELEN GYM,DEM,14
65-18,JAMES M DELEON,DEM,0
65-18,JEFF BROWN,DEM,16
65-18,REBECCA RHYNHART,DEM,18
65-18,WARREN BLOOM,DEM,0
65-18,WRITE-IN,DEM,0
65-18,WRITE-IN,REP,0
65-19,ALLAN DOMB,DEM,16
65-19,AMEN  BROWN,DEM,0
65-19,CHERELLE L PARKER,DEM,19
65-19,DAVID OH,REP,9
65-19,DELSCIA GRAY,DEM,0
65-19,HELEN GYM,DEM,8
65-19,JAMES M DELEON,DEM,2
65-19,JEFF BROWN,DEM,7
65-19,REBECCA RHYNHART,DEM,11
65-19,WARREN BLOOM,DEM,0
65-19,WRITE-IN,DEM,0
65-19,WRITE-IN,REP,0
65-20,ALLAN DOMB,DEM,133
65-20,AMEN  BROWN,DEM,0
65-20,CHERELLE L PARKER,DEM,61
65-20,DAVID OH,REP,103
65-20,DELSCIA GRAY,DEM,0
65-20,HELEN GYM,DEM,23
65-20,JAMES M DELEON,DEM,0
65-20,JEFF BROWN,DEM,37
65-20,REBECCA RHYNHART,DEM,134
65-20,WARREN BLOOM,DEM,3
65-20,WRITE-IN,DEM,0
65-20,WRITE-IN,REP,1
65-21,ALLAN DOMB,DEM,26
65-21,AMEN  BROWN,DEM,0
65-21,CHERELLE L PARKER,DEM,8
65-21,DAVID OH,REP,12
65-21,DELSCIA GRAY,DEM,0
65-21,HELEN GYM,DEM,6
65-21,JAMES M DELEON,DEM,0
65-21,JEFF BROWN,DEM,4
65-21,REBECCA RHYNHART,DEM,13
65-21,WARREN BLOOM,DEM,0
65-21,WRITE-IN,DEM,0
65-21,WRITE-IN,REP,0
65-22,ALLAN DOMB,DEM,22
65-22,AMEN  BROWN,DEM,0
65-22,CHERELLE L PARKER,DEM,23
65-22,DAVID OH,REP,11
65-22,DELSCIA GRAY,DEM,0
65-22,HELEN GYM,DEM,8
65-22,JAMES M DELEON,DEM,2
65-22,JEFF BROWN,DEM,6
65-22,REBECCA RHYNHART,DEM,19
65-22,WARREN BLOOM,DEM,0
65-22,WRITE-IN,DEM,0
65-22,WRITE-IN,REP,1
65-23,ALLAN DOMB,DEM,48
65-23,AMEN  BROWN,DEM,2
65-23,CHERELLE L PARKER,DEM,15
65-23,DAVID OH,REP,35
65-23,DELSCIA GRAY,DEM,0
65-23,HELEN GYM,DEM,11
65-23,JAMES M DELEON,DEM,2
65-23,JEFF BROWN,DEM,14
65-23,REBECCA RHYNHART,DEM,36
65-23,WARREN BLOOM,DEM,1
65-23,WRITE-IN,DEM,0
65-23,WRITE-IN,REP,1
66-01,ALLAN DOMB,DEM,21
66-01,AMEN  BROWN,DEM,2
66-01,CHERELLE L PARKER,DEM,12
66-01,DAVID OH,REP,19
66-01,DELSCIA GRAY,DEM,0
66-01,HELEN GYM,DEM,15
66-01,JAMES M DELEON,DEM,0
66-01,JEFF BROWN,DEM,13
66-01,REBECCA RHYNHART,DEM,27
66-01,WARREN BLOOM,DEM,1
66-01,WRITE-IN,DEM,0
66-01,WRITE-IN,REP,0
66-02,ALLAN DOMB,DEM,20
66-02,AMEN  BROWN,DEM,1
66-02,CHERELLE L PARKER,DEM,9
66-02,DAVID OH,REP,35
66-02,DELSCIA GRAY,DEM,0
66-02,HELEN GYM,DEM,6
66-02,JAMES M DELEON,DEM,0
66-02,JEFF BROWN,DEM,19
66-02,REBECCA RHYNHART,DEM,14
66-02,WARREN BLOOM,DEM,0
66-02,WRITE-IN,DEM,0
66-02,WRITE-IN,REP,2
66-03,ALLAN DOMB,DEM,19
66-03,AMEN  BROWN,DEM,0
66-03,CHERELLE L PARKER,DEM,16
66-03,DAVID OH,REP,32
66-03,DELSCIA GRAY,DEM,0
66-03,HELEN GYM,DEM,9
66-03,JAMES M DELEON,DEM,0
66-03,JEFF BROWN,DEM,12
66-03,REBECCA RHYNHART,DEM,15
66-03,WARREN BLOOM,DEM,0
66-03,WRITE-IN,DEM,0
66-03,WRITE-IN,REP,0
66-04,ALLAN DOMB,DEM,28
66-04,AMEN  BROWN,DEM,1
66-04,CHERELLE L PARKER,DEM,3
66-04,DAVID OH,REP,32
66-04,DELSCIA GRAY,DEM,0
66-04,HELEN GYM,DEM,8
66-04,JAMES M DELEON,DEM,0
66-04,JEFF BROWN,DEM,9
66-04,REBECCA RHYNHART,DEM,17
66-04,WARREN BLOOM,DEM,0
66-04,WRITE-IN,DEM,0
66-04,WRITE-IN,REP,0
66-05,ALLAN DOMB,DEM,14
66-05,AMEN  BROWN,DEM,1
66-05,CHERELLE L PARKER,DEM,13
66-05,DAVID OH,REP,35
66-05,DELSCIA GRAY,DEM,2
66-05,HELEN GYM,DEM,12
66-05,JAMES M DELEON,DEM,4
66-05,JEFF BROWN,DEM,24
66-05,REBECCA RHYNHART,DEM,37
66-05,WARREN BLOOM,DEM,0
66-05,WRITE-IN,DEM,1
66-05,WRITE-IN,REP,3
66-06,ALLAN DOMB,DEM,38
66-06,AMEN  BROWN,DEM,2
66-06,CHERELLE L PARKER,DEM,21
66-06,DAVID OH,REP,42
66-06,DELSCIA GRAY,DEM,0
66-06,HELEN GYM,DEM,7
66-06,JAMES M DELEON,DEM,0
66-06,JEFF BROWN,DEM,21
66-06,REBECCA RHYNHART,DEM,28
66-06,WARREN BLOOM,DEM,0
66-06,WRITE-IN,DEM,0
66-06,WRITE-IN,REP,3
66-07,ALLAN DOMB,DEM,16
66-07,AMEN  BROWN,DEM,2
66-07,CHERELLE L PARKER,DEM,24
66-07,DAVID OH,REP,38
66-07,DELSCIA GRAY,DEM,0
66-07,HELEN GYM,DEM,11
66-07,JAMES M DELEON,DEM,0
66-07,JEFF BROWN,DEM,15
66-07,REBECCA RHYNHART,DEM,22
66-07,WARREN BLOOM,DEM,0
66-07,WRITE-IN,DEM,0
66-07,WRITE-IN,REP,1
66-08,ALLAN DOMB,DEM,48
66-08,AMEN  BROWN,DEM,0
66-08,CHERELLE L PARKER,DEM,28
66-08,DAVID OH,REP,53
66-08,DELSCIA GRAY,DEM,0
66-08,HELEN GYM,DEM,12
66-08,JAMES M DELEON,DEM,3
66-08,JEFF BROWN,DEM,21
66-08,REBECCA RHYNHART,DEM,22
66-08,WARREN BLOOM,DEM,0
66-08,WRITE-IN,DEM,1
66-08,WRITE-IN,REP,1
66-09,ALLAN DOMB,DEM,39
66-09,AMEN  BROWN,DEM,1
66-09,CHERELLE L PARKER,DEM,13
66-09,DAVID OH,REP,43
66-09,DELSCIA GRAY,DEM,0
66-09,HELEN GYM,DEM,7
66-09,JAMES M DELEON,DEM,1
66-09,JEFF BROWN,DEM,14
66-09,REBECCA RHYNHART,DEM,26
66-09,WARREN BLOOM,DEM,0
66-09,WRITE-IN,DEM,0
66-09,WRITE-IN,REP,2
66-10,ALLAN DOMB,DEM,50
66-10,AMEN  BROWN,DEM,1
66-10,CHERELLE L PARKER,DEM,24
66-10,DAVID OH,REP,61
66-10,DELSCIA GRAY,DEM,0
66-10,HELEN GYM,DEM,19
66-10,JAMES M DELEON,DEM,0
66-10,JEFF BROWN,DEM,24
66-10,REBECCA RHYNHART,DEM,29
66-10,WARREN BLOOM,DEM,0
66-10,WRITE-IN,DEM,0
66-10,WRITE-IN,REP,0
66-11,ALLAN DOMB,DEM,40
66-11,AMEN  BROWN,DEM,1
66-11,CHERELLE L PARKER,DEM,8
66-11,DAVID OH,REP,65
66-11,DELSCIA GRAY,DEM,0
66-11,HELEN GYM,DEM,5
66-11,JAMES M DELEON,DEM,0
66-11,JEFF BROWN,DEM,11
66-11,REBECCA RHYNHART,DEM,34
66-11,WARREN BLOOM,DEM,1
66-11,WRITE-IN,DEM,0
66-11,WRITE-IN,REP,0
66-12,ALLAN DOMB,DEM,28
66-12,AMEN  BROWN,DEM,0
66-12,CHERELLE L PARKER,DEM,23
66-12,DAVID OH,REP,23
66-12,DELSCIA GRAY,DEM,0
66-12,HELEN GYM,DEM,11
66-12,JAMES M DELEON,DEM,1
66-12,JEFF BROWN,DEM,12
66-12,REBECCA RHYNHART,DEM,20
66-12,WARREN BLOOM,DEM,1
66-12,WRITE-IN,DEM,0
66-12,WRITE-IN,REP,0
66-13,ALLAN DOMB,DEM,22
66-13,AMEN  BROWN,DEM,1
66-13,CHERELLE L PARKER,DEM,11
66-13,DAVID OH,REP,25
66-13,DELSCIA GRAY,DEM,0
66-13,HELEN GYM,DEM,6
66-13,JAMES M DELEON,DEM,0
66-13,JEFF BROWN,DEM,15
66-13,REBECCA RHYNHART,DEM,19
66-13,WARREN BLOOM,DEM,0
66-13,WRITE-IN,DEM,0
66-13,WRITE-IN,REP,3
66-14,ALLAN DOMB,DEM,34
66-14,AMEN  BROWN,DEM,0
66-14,CHERELLE L PARKER,DEM,19
66-14,DAVID OH,REP,40
66-14,DELSCIA GRAY,DEM,1
66-14,HELEN GYM,DEM,9
66-14,JAMES M DELEON,DEM,1
66-14,JEFF BROWN,DEM,17
66-14,REBECCA RHYNHART,DEM,26
66-14,WARREN BLOOM,DEM,0
66-14,WRITE-IN,DEM,0
66-14,WRITE-IN,REP,0
66-15,ALLAN DOMB,DEM,25
66-15,AMEN  BROWN,DEM,0
66-15,CHERELLE L PARKER,DEM,18
66-15,DAVID OH,REP,25
66-15,DELSCIA GRAY,DEM,0
66-15,HELEN GYM,DEM,12
66-15,JAMES M DELEON,DEM,1
66-15,JEFF BROWN,DEM,16
66-15,REBECCA RHYNHART,DEM,40
66-15,WARREN BLOOM,DEM,0
66-15,WRITE-IN,DEM,1
66-15,WRITE-IN,REP,1
66-16,ALLAN DOMB,DEM,20
66-16,AMEN  BROWN,DEM,0
66-16,CHERELLE L PARKER,DEM,10
66-16,DAVID OH,REP,37
66-16,DELSCIA GRAY,DEM,0
66-16,HELEN GYM,DEM,6
66-16,JAMES M DELEON,DEM,2
66-16,JEFF BROWN,DEM,25
66-16,REBECCA RHYNHART,DEM,19
66-16,WARREN BLOOM,DEM,0
66-16,WRITE-IN,DEM,0
66-16,WRITE-IN,REP,1
66-17,ALLAN DOMB,DEM,17
66-17,AMEN  BROWN,DEM,0
66-17,CHERELLE L PARKER,DEM,9
66-17,DAVID OH,REP,71
66-17,DELSCIA GRAY,DEM,0
66-17,HELEN GYM,DEM,11
66-17,JAMES M DELEON,DEM,0
66-17,JEFF BROWN,DEM,6
66-17,REBECCA RHYNHART,DEM,23
66-17,WARREN BLOOM,DEM,0
66-17,WRITE-IN,DEM,0
66-17,WRITE-IN,REP,0
66-18,ALLAN DOMB,DEM,25
66-18,AMEN  BROWN,DEM,0
66-18,CHERELLE L PARKER,DEM,21
66-18,DAVID OH,REP,35
66-18,DELSCIA GRAY,DEM,0
66-18,HELEN GYM,DEM,9
66-18,JAMES M DELEON,DEM,0
66-18,JEFF BROWN,DEM,15
66-18,REBECCA RHYNHART,DEM,24
66-18,WARREN BLOOM,DEM,0
66-18,WRITE-IN,DEM,0
66-18,WRITE-IN,REP,0
66-19,ALLAN DOMB,DEM,22
66-19,AMEN  BROWN,DEM,3
66-19,CHERELLE L PARKER,DEM,19
66-19,DAVID OH,REP,27
66-19,DELSCIA GRAY,DEM,1
66-19,HELEN GYM,DEM,16
66-19,JAMES M DELEON,DEM,0
66-19,JEFF BROWN,DEM,23
66-19,REBECCA RHYNHART,DEM,23
66-19,WARREN BLOOM,DEM,0
66-19,WRITE-IN,DEM,0
66-19,WRITE-IN,REP,1
66-20,ALLAN DOMB,DEM,31
66-20,AMEN  BROWN,DEM,2
66-20,CHERELLE L PARKER,DEM,37
66-20,DAVID OH,REP,35
66-20,DELSCIA GRAY,DEM,0
66-20,HELEN GYM,DEM,14
66-20,JAMES M DELEON,DEM,1
66-20,JEFF BROWN,DEM,21
66-20,REBECCA RHYNHART,DEM,13
66-20,WARREN BLOOM,DEM,1
66-20,WRITE-IN,DEM,0
66-20,WRITE-IN,REP,1
66-21,ALLAN DOMB,DEM,50
66-21,AMEN  BROWN,DEM,0
66-21,CHERELLE L PARKER,DEM,37
66-21,DAVID OH,REP,66
66-21,DELSCIA GRAY,DEM,1
66-21,HELEN GYM,DEM,25
66-21,JAMES M DELEON,DEM,1
66-21,JEFF BROWN,DEM,41
66-21,REBECCA RHYNHART,DEM,38
66-21,WARREN BLOOM,DEM,0
66-21,WRITE-IN,DEM,0
66-21,WRITE-IN,REP,3
66-22,ALLAN DOMB,DEM,29
66-22,AMEN  BROWN,DEM,0
66-22,CHERELLE L PARKER,DEM,40
66-22,DAVID OH,REP,61
66-22,DELSCIA GRAY,DEM,0
66-22,HELEN GYM,DEM,24
66-22,JAMES M DELEON,DEM,0
66-22,JEFF BROWN,DEM,18
66-22,REBECCA RHYNHART,DEM,41
66-22,WARREN BLOOM,DEM,0
66-22,WRITE-IN,DEM,0
66-22,WRITE-IN,REP,0
66-23,ALLAN DOMB,DEM,29
66-23,AMEN  BROWN,DEM,0
66-23,CHERELLE L PARKER,DEM,18
66-23,DAVID OH,REP,28
66-23,DELSCIA GRAY,DEM,0
66-23,HELEN GYM,DEM,10
66-23,JAMES M DELEON,DEM,1
66-23,JEFF BROWN,DEM,26
66-23,REBECCA RHYNHART,DEM,22
66-23,WARREN BLOOM,DEM,0
66-23,WRITE-IN,DEM,0
66-23,WRITE-IN,REP,4
66-24,ALLAN DOMB,DEM,29
66-24,AMEN  BROWN,DEM,2
66-24,CHERELLE L PARKER,DEM,20
66-24,DAVID OH,REP,37
66-24,DELSCIA GRAY,DEM,0
66-24,HELEN GYM,DEM,14
66-24,JAMES M DELEON,DEM,1
66-24,JEFF BROWN,DEM,27
66-24,REBECCA RHYNHART,DEM,29
66-24,WARREN BLOOM,DEM,0
66-24,WRITE-IN,DEM,0
66-24,WRITE-IN,REP,3
66-25,ALLAN DOMB,DEM,31
66-25,AMEN  BROWN,DEM,1
66-25,CHERELLE L PARKER,DEM,14
66-25,DAVID OH,REP,40
66-25,DELSCIA GRAY,DEM,0
66-25,HELEN GYM,DEM,10
66-25,JAMES M DELEON,DEM,0
66-25,JEFF BROWN,DEM,33
66-25,REBECCA RHYNHART,DEM,24
66-25,WARREN BLOOM,DEM,1
66-25,WRITE-IN,DEM,0
66-25,WRITE-IN,REP,2
66-26,ALLAN DOMB,DEM,35
66-26,AMEN  BROWN,DEM,1
66-26,CHERELLE L PARKER,DEM,11
66-26,DAVID OH,REP,34
66-26,DELSCIA GRAY,DEM,0
66-26,HELEN GYM,DEM,14
66-26,JAMES M DELEON,DEM,0
66-26,JEFF BROWN,DEM,20
66-26,REBECCA RHYNHART,DEM,40
66-26,WARREN BLOOM,DEM,0
66-26,WRITE-IN,DEM,0
66-26,WRITE-IN,REP,0
66-27,ALLAN DOMB,DEM,22
66-27,AMEN  BROWN,DEM,1
66-27,CHERELLE L PARKER,DEM,17
66-27,DAVID OH,REP,24
66-27,DELSCIA GRAY,DEM,0
66-27,HELEN GYM,DEM,9
66-27,JAMES M DELEON,DEM,1
66-27,JEFF BROWN,DEM,7
66-27,REBECCA RHYNHART,DEM,26
66-27,WARREN BLOOM,DEM,0
66-27,WRITE-IN,DEM,0
66-27,WRITE-IN,REP,0
66-28,ALLAN DOMB,DEM,29
66-28,AMEN  BROWN,DEM,0
66-28,CHERELLE L PARKER,DEM,26
66-28,DAVID OH,REP,36
66-28,DELSCIA GRAY,DEM,0
66-28,HELEN GYM,DEM,12
66-28,JAMES M DELEON,DEM,0
66-28,JEFF BROWN,DEM,15
66-28,REBECCA RHYNHART,DEM,28
66-28,WARREN BLOOM,DEM,1
66-28,WRITE-IN,DEM,0
66-28,WRITE-IN,REP,3
66-29,ALLAN DOMB,DEM,69
66-29,AMEN  BROWN,DEM,2
66-29,CHERELLE L PARKER,DEM,26
66-29,DAVID OH,REP,53
66-29,DELSCIA GRAY,DEM,0
66-29,HELEN GYM,DEM,25
66-29,JAMES M DELEON,DEM,3
66-29,JEFF BROWN,DEM,21
66-29,REBECCA RHYNHART,DEM,26
66-29,WARREN BLOOM,DEM,0
66-29,WRITE-IN,DEM,0
66-29,WRITE-IN,REP,2
66-30,ALLAN DOMB,DEM,22
66-30,AMEN  BROWN,DEM,0
66-30,CHERELLE L PARKER,DEM,19
66-30,DAVID OH,REP,50
66-30,DELSCIA GRAY,DEM,0
66-30,HELEN GYM,DEM,8
66-30,JAMES M DELEON,DEM,0
66-30,JEFF BROWN,DEM,15
66-30,REBECCA RHYNHART,DEM,32
66-30,WARREN BLOOM,DEM,1
66-30,WRITE-IN,DEM,0
66-30,WRITE-IN,REP,2
66-31,ALLAN DOMB,DEM,28
66-31,AMEN  BROWN,DEM,0
66-31,CHERELLE L PARKER,DEM,22
66-31,DAVID OH,REP,37
66-31,DELSCIA GRAY,DEM,0
66-31,HELEN GYM,DEM,8
66-31,JAMES M DELEON,DEM,0
66-31,JEFF BROWN,DEM,20
66-31,REBECCA RHYNHART,DEM,29
66-31,WARREN BLOOM,DEM,1
66-31,WRITE-IN,DEM,0
66-31,WRITE-IN,REP,0
66-32,ALLAN DOMB,DEM,45
66-32,AMEN  BROWN,DEM,0
66-32,CHERELLE L PARKER,DEM,20
66-32,DAVID OH,REP,29
66-32,DELSCIA GRAY,DEM,0
66-32,HELEN GYM,DEM,9
66-32,JAMES M DELEON,DEM,0
66-32,JEFF BROWN,DEM,11
66-32,REBECCA RHYNHART,DEM,14
66-32,WARREN BLOOM,DEM,0
66-32,WRITE-IN,DEM,0
66-32,WRITE-IN,REP,1
66-33,ALLAN DOMB,DEM,43
66-33,AMEN  BROWN,DEM,3
66-33,CHERELLE L PARKER,DEM,25
66-33,DAVID OH,REP,43
66-33,DELSCIA GRAY,DEM,1
66-33,HELEN GYM,DEM,17
66-33,JAMES M DELEON,DEM,1
66-33,JEFF BROWN,DEM,27
66-33,REBECCA RHYNHART,DEM,33
66-33,WARREN BLOOM,DEM,1
66-33,WRITE-IN,DEM,0
66-33,WRITE-IN,REP,0
66-34,ALLAN DOMB,DEM,29
66-34,AMEN  BROWN,DEM,2
66-34,CHERELLE L PARKER,DEM,12
66-34,DAVID OH,REP,31
66-34,DELSCIA GRAY,DEM,0
66-34,HELEN GYM,DEM,6
66-34,JAMES M DELEON,DEM,0
66-34,JEFF BROWN,DEM,12
66-34,REBECCA RHYNHART,DEM,17
66-34,WARREN BLOOM,DEM,0
66-34,WRITE-IN,DEM,0
66-34,WRITE-IN,REP,4
66-35,ALLAN DOMB,DEM,26
66-35,AMEN  BROWN,DEM,0
66-35,CHERELLE L PARKER,DEM,15
66-35,DAVID OH,REP,38
66-35,DELSCIA GRAY,DEM,0
66-35,HELEN GYM,DEM,4
66-35,JAMES M DELEON,DEM,1
66-35,JEFF BROWN,DEM,11
66-35,REBECCA RHYNHART,DEM,40
66-35,WARREN BLOOM,DEM,1
66-35,WRITE-IN,DEM,0
66-35,WRITE-IN,REP,1
66-36,ALLAN DOMB,DEM,48
66-36,AMEN  BROWN,DEM,0
66-36,CHERELLE L PARKER,DEM,16
66-36,DAVID OH,REP,61
66-36,DELSCIA GRAY,DEM,0
66-36,HELEN GYM,DEM,14
66-36,JAMES M DELEON,DEM,0
66-36,JEFF BROWN,DEM,27
66-36,REBECCA RHYNHART,DEM,37
66-36,WARREN BLOOM,DEM,0
66-36,WRITE-IN,DEM,0
66-36,WRITE-IN,REP,0
66-37,ALLAN DOMB,DEM,18
66-37,AMEN  BROWN,DEM,1
66-37,CHERELLE L PARKER,DEM,19
66-37,DAVID OH,REP,11
66-37,DELSCIA GRAY,DEM,0
66-37,HELEN GYM,DEM,15
66-37,JAMES M DELEON,DEM,0
66-37,JEFF BROWN,DEM,9
66-37,REBECCA RHYNHART,DEM,15
66-37,WARREN BLOOM,DEM,0
66-37,WRITE-IN,DEM,0
66-37,WRITE-IN,REP,2
66-38,ALLAN DOMB,DEM,35
66-38,AMEN  BROWN,DEM,2
66-38,CHERELLE L PARKER,DEM,15
66-38,DAVID OH,REP,42
66-38,DELSCIA GRAY,DEM,2
66-38,HELEN GYM,DEM,5
66-38,JAMES M DELEON,DEM,3
66-38,JEFF BROWN,DEM,22
66-38,REBECCA RHYNHART,DEM,16
66-38,WARREN BLOOM,DEM,0
66-38,WRITE-IN,DEM,0
66-38,WRITE-IN,REP,1
66-39,ALLAN DOMB,DEM,30
66-39,AMEN  BROWN,DEM,0
66-39,CHERELLE L PARKER,DEM,14
66-39,DAVID OH,REP,39
66-39,DELSCIA GRAY,DEM,0
66-39,HELEN GYM,DEM,12
66-39,JAMES M DELEON,DEM,2
66-39,JEFF BROWN,DEM,35
66-39,REBECCA RHYNHART,DEM,35
66-39,WARREN BLOOM,DEM,1
66-39,WRITE-IN,DEM,0
66-39,WRITE-IN,REP,2
66-40,ALLAN DOMB,DEM,26
66-40,AMEN  BROWN,DEM,0
66-40,CHERELLE L PARKER,DEM,9
66-40,DAVID OH,REP,27
66-40,DELSCIA GRAY,DEM,0
66-40,HELEN GYM,DEM,7
66-40,JAMES M DELEON,DEM,0
66-40,JEFF BROWN,DEM,11
66-40,REBECCA RHYNHART,DEM,15
66-40,WARREN BLOOM,DEM,0
66-40,WRITE-IN,DEM,0
66-40,WRITE-IN,REP,0
66-41,ALLAN DOMB,DEM,30
66-41,AMEN  BROWN,DEM,0
66-41,CHERELLE L PARKER,DEM,38
66-41,DAVID OH,REP,19
66-41,DELSCIA GRAY,DEM,0
66-41,HELEN GYM,DEM,11
66-41,JAMES M DELEON,DEM,1
66-41,JEFF BROWN,DEM,10
66-41,REBECCA RHYNHART,DEM,30
66-41,WARREN BLOOM,DEM,0
66-41,WRITE-IN,DEM,0
66-41,WRITE-IN,REP,1
66-42,ALLAN DOMB,DEM,36
66-42,AMEN  BROWN,DEM,1
66-42,CHERELLE L PARKER,DEM,22
66-42,DAVID OH,REP,44
66-42,DELSCIA GRAY,DEM,1
66-42,HELEN GYM,DEM,12
66-42,JAMES M DELEON,DEM,1
66-42,JEFF BROWN,DEM,22
66-42,REBECCA RHYNHART,DEM,29
66-42,WARREN BLOOM,DEM,0
66-42,WRITE-IN,DEM,0
66-42,WRITE-IN,REP,2
66-43,ALLAN DOMB,DEM,51
66-43,AMEN  BROWN,DEM,0
66-43,CHERELLE L PARKER,DEM,24
66-43,DAVID OH,REP,74
66-43,DELSCIA GRAY,DEM,1
66-43,HELEN GYM,DEM,9
66-43,JAMES M DELEON,DEM,0
66-43,JEFF BROWN,DEM,27
66-43,REBECCA RHYNHART,DEM,56
66-43,WARREN BLOOM,DEM,0
66-43,WRITE-IN,DEM,0
66-43,WRITE-IN,REP,1
66-44,ALLAN DOMB,DEM,38
66-44,AMEN  BROWN,DEM,1
66-44,CHERELLE L PARKER,DEM,32
66-44,DAVID OH,REP,47
66-44,DELSCIA GRAY,DEM,0
66-44,HELEN GYM,DEM,8
66-44,JAMES M DELEON,DEM,1
66-44,JEFF BROWN,DEM,29
66-44,REBECCA RHYNHART,DEM,36
66-44,WARREN BLOOM,DEM,0
66-44,WRITE-IN,DEM,0
66-44,WRITE-IN,REP,0
66-45,ALLAN DOMB,DEM,26
66-45,AMEN  BROWN,DEM,0
66-45,CHERELLE L PARKER,DEM,17
66-45,DAVID OH,REP,26
66-45,DELSCIA GRAY,DEM,0
66-45,HELEN GYM,DEM,6
66-45,JAMES M DELEON,DEM,0
66-45,JEFF BROWN,DEM,11
66-45,REBECCA RHYNHART,DEM,18
66-45,WARREN BLOOM,DEM,0
66-45,WRITE-IN,DEM,0
66-45,WRITE-IN,REP,2
66-46,ALLAN DOMB,DEM,26
66-46,AMEN  BROWN,DEM,1
66-46,CHERELLE L PARKER,DEM,17
66-46,DAVID OH,REP,40
66-46,DELSCIA GRAY,DEM,1
66-46,HELEN GYM,DEM,7
66-46,JAMES M DELEON,DEM,1
66-46,JEFF BROWN,DEM,29
66-46,REBECCA RHYNHART,DEM,24
66-46,WARREN BLOOM,DEM,0
66-46,WRITE-IN,DEM,0
66-46,WRITE-IN,REP,2
