division,candidate,party,votes
01-01,CHASE OLIVER & MIKE TER MAAT,LIB,5
01-01,DONALD J TRUMP & JD VANCE,REP,92
01-01,JILL STEIN & RUDOLPH WARE,GRN,4
01-01,KAMALA D HARRIS & TIM WALZ,DEM,305
01-01,WRITE-IN,,1
01-02,CHASE OLIVER & MIKE TER MAAT,LIB,1
01-02,DONALD J TRUMP & JD VANCE,REP,90
01-02,JILL STEIN & RUDOLPH WARE,GRN,7
01-02,KAMALA D HARRIS & TIM WALZ,DEM,422
01-02,WRITE-IN,,0
01-03,CHASE OLIVER & MIKE TER MAAT,LIB,4
01-03,DONALD J TRUMP & JD VANCE,REP,135
01-03,JILL STEIN & RUDOLPH WARE,GRN,5
01-03,KAMALA D HARRIS & TIM WALZ,DEM,458
01-03,WRITE-IN,,1
01-04,CHASE OLIVER & MIKE TER MAAT,LIB,2
01-04,DONALD J TRUMP & JD VANCE,REP,117
01-04,JILL STEIN & RUDOLPH WARE,GRN,9
01-04,KAMALA D HARRIS & TIM WALZ,DEM,372
01-04,WRITE-IN,,1
01-05,CHASE OLIVER & MIKE TER MAAT,LIB,1
01-05,DONALD J TRUMP & JD VANCE,REP,50
01-05,JILL STEIN & RUDOLPH WARE,GRN,2
01-05,KAMALA D HARRIS & TIM WALZ,DEM,272
01-05,WRITE-IN,,5
01-06,CHASE OLIVER & MIKE TER MAAT,LIB,2
01-06,DONALD J TRUMP & JD VANCE,REP,58
01-06,JILL STEIN & RUDOLPH WARE,GRN,4
01-06,KAMALA D HARRIS & TIM WALZ,DEM,349
01-06,WRITE-IN,,2
01-07,CHASE OLIVER & MIKE TER MAAT,LIB,3
01-07,DONALD J TRUMP & JD VANCE,REP,47
01-07,JILL STEIN & RUDOLPH WARE,GRN,2
01-07,KAMALA D HARRIS & TIM WALZ,DEM,265
01-07,WRITE-IN,,2
01-08,CHASE OLIVER & MIKE TER MAAT,LIB,1
01-08,DONALD J TRUMP & JD VANCE,REP,77
01-08,JILL STEIN & RUDOLPH WARE,GRN,3
01-08,KAMALA D HARRIS & TIM WALZ,DEM,334
01-08,WRITE-IN,,1
01-09,CHASE OLIVER & MIKE TER MAAT,LIB,2
01-09,DONALD J TRUMP & JD VANCE,REP,115
01-09,JILL STEIN & RUDOLPH WARE,GRN,1
01-09,KAMALA D HARRIS & TIM WALZ,DEM,307
01-09,WRITE-IN,,1
01-10,CHASE OLIVER & MIKE TER MAAT,LIB,1
01-10,DONALD J TRUMP & JD VANCE,REP,87
01-10,JILL STEIN & RUDOLPH WARE,GRN,7
01-10,KAMALA D HARRIS & TIM WALZ,DEM,362
01-10,WRITE-IN,,4
01-11,CHASE OLIVER & MIKE TER MAAT,LIB,1
01-11,DONALD J TRUMP & JD VANCE,REP,79
01-11,JILL STEIN & RUDOLPH WARE,GRN,7
01-11,KAMALA D HARRIS & TIM WALZ,DEM,463
01-11,WRITE-IN,,2
01-12,CHASE OLIVER & MIKE TER MAAT,LIB,4
01-12,DONALD J TRUMP & JD VANCE,REP,53
01-12,JILL STEIN & RUDOLPH WARE,GRN,4
01-12,KAMALA D HARRIS & TIM WALZ,DEM,281
01-12,WRITE-IN,,0
01-13,CHASE OLIVER & MIKE TER MAAT,LIB,1
01-13,DONALD J TRUMP & JD VANCE,REP,93
01-13,JILL STEIN & RUDOLPH WARE,GRN,8
01-13,KAMALA D HARRIS & TIM WALZ,DEM,485
01-13,WRITE-IN,,3
01-14,CHASE OLIVER & MIKE TER MAAT,LIB,1
01-14,DONALD J TRUMP & JD VANCE,REP,67
01-14,JILL STEIN & RUDOLPH WARE,GRN,6
01-14,KAMALA D HARRIS & TIM WALZ,DEM,392
01-14,WRITE-IN,,1
01-15,CHASE OLIVER & MIKE TER MAAT,LIB,2
01-15,DONALD J TRUMP & JD VANCE,REP,115
01-15,JILL STEIN & RUDOLPH WARE,GRN,6
01-15,KAMALA D HARRIS & TIM WALZ,DEM,519
01-15,WRITE-IN,,3
01-16,CHASE OLIVER & MIKE TER MAAT,LIB,1
01-16,DONALD J TRUMP & JD VANCE,REP,52
01-16,JILL STEIN & RUDOLPH WARE,GRN,5
01-16,KAMALA D HARRIS & TIM WALZ,DEM,288
01-16,WRITE-IN,,2
01-17,CHASE OLIVER & MIKE TER MAAT,LIB,1
01-17,DONALD J TRUMP & JD VANCE,REP,160
01-17,JILL STEIN & RUDOLPH WARE,GRN,3
01-17,KAMALA D HARRIS & TIM WALZ,DEM,398
01-17,WRITE-IN,,0
01-18,CHASE OLIVER & MIKE TER MAAT,LIB,1
01-18,DONALD J TRUMP & JD VANCE,REP,214
01-18,JILL STEIN & RUDOLPH WARE,GRN,2
01-18,KAMALA D HARRIS & TIM WALZ,DEM,309
01-18,WRITE-IN,,2
01-19,CHASE OLIVER & MIKE TER MAAT,LIB,1
01-19,DONALD J TRUMP & JD VANCE,REP,163
01-19,JILL STEIN & RUDOLPH WARE,GRN,5
01-19,KAMALA D HARRIS & TIM WALZ,DEM,344
01-19,WRITE-IN,,2
01-20,CHASE OLIVER & MIKE TER MAAT,LIB,2
01-20,DONALD J TRUMP & JD VANCE,REP,90
01-20,JILL STEIN & RUDOLPH WARE,GRN,4
01-20,KAMALA D HARRIS & TIM WALZ,DEM,464
01-20,WRITE-IN,,1
01-21,CHASE OLIVER & MIKE TER MAAT,LIB,4
01-21,DONALD J TRUMP & JD VANCE,REP,189
01-21,JILL STEIN & RUDOLPH WARE,GRN,3
01-21,KAMALA D HARRIS & TIM WALZ,DEM,363
01-21,WRITE-IN,,0
02-01,CHASE OLIVER & MIKE TER MAAT,LIB,4
02-01,DONALD J TRUMP & JD VANCE,REP,138
02-01,JILL STEIN & RUDOLPH WARE,GRN,8
02-01,KAMALA D HARRIS & TIM WALZ,DEM,595
02-01,WRITE-IN,,1
02-02,CHASE OLIVER & MIKE TER MAAT,LIB,1
02-02,DONALD J TRUMP & JD VANCE,REP,66
02-02,JILL STEIN & RUDOLPH WARE,GRN,4
02-02,KAMALA D HARRIS & TIM WALZ,DEM,339
02-02,WRITE-IN,,0
02-03,CHASE OLIVER & MIKE TER MAAT,LIB,1
02-03,DONALD J TRUMP & JD VANCE,REP,74
02-03,JILL STEIN & RUDOLPH WARE,GRN,8
02-03,KAMALA D HARRIS & TIM WALZ,DEM,313
02-03,WRITE-IN,,1
02-04,CHASE OLIVER & MIKE TER MAAT,LIB,4
02-04,DONALD J TRUMP & JD VANCE,REP,83
02-04,JILL STEIN & RUDOLPH WARE,GRN,10
02-04,KAMALA D HARRIS & TIM WALZ,DEM,449
02-04,WRITE-IN,,3
02-05,CHASE OLIVER & MIKE TER MAAT,LIB,2
02-05,DONALD J TRUMP & JD VANCE,REP,76
02-05,JILL STEIN & RUDOLPH WARE,GRN,5
02-05,KAMALA D HARRIS & TIM WALZ,DEM,367
02-05,WRITE-IN,,5
02-06,CHASE OLIVER & MIKE TER MAAT,LIB,2
02-06,DONALD J TRUMP & JD VANCE,REP,99
02-06,JILL STEIN & RUDOLPH WARE,GRN,6
02-06,KAMALA D HARRIS & TIM WALZ,DEM,442
02-06,WRITE-IN,,1
02-07,CHASE OLIVER & MIKE TER MAAT,LIB,3
02-07,DONALD J TRUMP & JD VANCE,REP,112
02-07,JILL STEIN & RUDOLPH WARE,GRN,7
02-07,KAMALA D HARRIS & TIM WALZ,DEM,555
02-07,WRITE-IN,,7
02-08,CHASE OLIVER & MIKE TER MAAT,LIB,3
02-08,DONALD J TRUMP & JD VANCE,REP,81
02-08,JILL STEIN & RUDOLPH WARE,GRN,9
02-08,KAMALA D HARRIS & TIM WALZ,DEM,430
02-08,WRITE-IN,,1
02-09,CHASE OLIVER & MIKE TER MAAT,LIB,1
02-09,DONALD J TRUMP & JD VANCE,REP,47
02-09,JILL STEIN & RUDOLPH WARE,GRN,4
02-09,KAMALA D HARRIS & TIM WALZ,DEM,487
02-09,WRITE-IN,,0
02-10,CHASE OLIVER & MIKE TER MAAT,LIB,0
02-10,DONALD J TRUMP & JD VANCE,REP,90
02-10,JILL STEIN & RUDOLPH WARE,GRN,3
02-10,KAMALA D HARRIS & TIM WALZ,DEM,480
02-10,WRITE-IN,,2
02-11,CHASE OLIVER & MIKE TER MAAT,LIB,3
02-11,DONALD J TRUMP & JD VANCE,REP,125
02-11,JILL STEIN & RUDOLPH WARE,GRN,9
02-11,KAMALA D HARRIS & TIM WALZ,DEM,491
02-11,WRITE-IN,,2
02-12,CHASE OLIVER & MIKE TER MAAT,LIB,5
02-12,DONALD J TRUMP & JD VANCE,REP,64
02-12,JILL STEIN & RUDOLPH WARE,GRN,3
02-12,KAMALA D HARRIS & TIM WALZ,DEM,517
02-12,WRITE-IN,,5
02-13,CHASE OLIVER & MIKE TER MAAT,LIB,0
02-13,DONALD J TRUMP & JD VANCE,REP,18
02-13,JILL STEIN & RUDOLPH WARE,GRN,4
02-13,KAMALA D HARRIS & TIM WALZ,DEM,222
02-13,WRITE-IN,,1
02-14,CHASE OLIVER & MIKE TER MAAT,LIB,0
02-14,DONALD J TRUMP & JD VANCE,REP,82
02-14,JILL STEIN & RUDOLPH WARE,GRN,3
02-14,KAMALA D HARRIS & TIM WALZ,DEM,492
02-14,WRITE-IN,,1
02-15,CHASE OLIVER & MIKE TER MAAT,LIB,3
02-15,DONALD J TRUMP & JD VANCE,REP,47
02-15,JILL STEIN & RUDOLPH WARE,GRN,4
02-15,KAMALA D HARRIS & TIM WALZ,DEM,474
02-15,WRITE-IN,,2
02-16,CHASE OLIVER & MIKE TER MAAT,LIB,0
02-16,DONALD J TRUMP & JD VANCE,REP,42
02-16,JILL STEIN & RUDOLPH WARE,GRN,1
02-16,KAMALA D HARRIS & TIM WALZ,DEM,541
02-16,WRITE-IN,,1
02-17,CHASE OLIVER & MIKE TER MAAT,LIB,0
02-17,DONALD J TRUMP & JD VANCE,REP,60
02-17,JILL STEIN & RUDOLPH WARE,GRN,6
02-17,KAMALA D HARRIS & TIM WALZ,DEM,490
02-17,WRITE-IN,,3
02-18,CHASE OLIVER & MIKE TER MAAT,LIB,1
02-18,DONALD J TRUMP & JD VANCE,REP,63
02-18,JILL STEIN & RUDOLPH WARE,GRN,2
02-18,KAMALA D HARRIS & TIM WALZ,DEM,423
02-18,WRITE-IN,,6
02-19,CHASE OLIVER & MIKE TER MAAT,LIB,2
02-19,DONALD J TRUMP & JD VANCE,REP,60
02-19,JILL STEIN & RUDOLPH WARE,GRN,5
02-19,KAMALA D HARRIS & TIM WALZ,DEM,481
02-19,WRITE-IN,,2
02-20,CHASE OLIVER & MIKE TER MAAT,LIB,1
02-20,DONALD J TRUMP & JD VANCE,REP,63
02-20,JILL STEIN & RUDOLPH WARE,GRN,6
02-20,KAMALA D HARRIS & TIM WALZ,DEM,360
02-20,WRITE-IN,,0
02-21,CHASE OLIVER & MIKE TER MAAT,LIB,2
02-21,DONALD J TRUMP & JD VANCE,REP,40
02-21,JILL STEIN & RUDOLPH WARE,GRN,6
02-21,KAMALA D HARRIS & TIM WALZ,DEM,392
02-21,WRITE-IN,,0
02-22,CHASE OLIVER & MIKE TER MAAT,LIB,2
02-22,DONALD J TRUMP & JD VANCE,REP,39
02-22,JILL STEIN & RUDOLPH WARE,GRN,6
02-22,KAMALA D HARRIS & TIM WALZ,DEM,673
02-22,WRITE-IN,,4
02-23,CHASE OLIVER & MIKE TER MAAT,LIB,0
02-23,DONALD J TRUMP & JD VANCE,REP,61
02-23,JILL STEIN & RUDOLPH WARE,GRN,4
02-23,KAMALA D HARRIS & TIM WALZ,DEM,638
02-23,WRITE-IN,,2
02-24,CHASE OLIVER & MIKE TER MAAT,LIB,0
02-24,DONALD J TRUMP & JD VANCE,REP,65
02-24,JILL STEIN & RUDOLPH WARE,GRN,4
02-24,KAMALA D HARRIS & TIM WALZ,DEM,533
02-24,WRITE-IN,,2
02-25,CHASE OLIVER & MIKE TER MAAT,LIB,2
02-25,DONALD J TRUMP & JD VANCE,REP,44
02-25,JILL STEIN & RUDOLPH WARE,GRN,13
02-25,KAMALA D HARRIS & TIM WALZ,DEM,465
02-25,WRITE-IN,,3
02-26,CHASE OLIVER & MIKE TER MAAT,LIB,4
02-26,DONALD J TRUMP & JD VANCE,REP,45
02-26,JILL STEIN & RUDOLPH WARE,GRN,4
02-26,KAMALA D HARRIS & TIM WALZ,DEM,484
02-26,WRITE-IN,,3
02-27,CHASE OLIVER & MIKE TER MAAT,LIB,1
02-27,DONALD J TRUMP & JD VANCE,REP,98
02-27,JILL STEIN & RUDOLPH WARE,GRN,7
02-27,KAMALA D HARRIS & TIM WALZ,DEM,570
02-27,WRITE-IN,,4
02-28,CHASE OLIVER & MIKE TER MAAT,LIB,4
02-28,DONALD J TRUMP & JD VANCE,REP,151
02-28,JILL STEIN & RUDOLPH WARE,GRN,5
02-28,KAMALA D HARRIS & TIM WALZ,DEM,501
02-28,WRITE-IN,,2
02-29,CHASE OLIVER & MIKE TER MAAT,LIB,2
02-29,DONALD J TRUMP & JD VANCE,REP,63
02-29,JILL STEIN & RUDOLPH WARE,GRN,2
02-29,KAMALA D HARRIS & TIM WALZ,DEM,577
02-29,WRITE-IN,,1
03-01,CHASE OLIVER & MIKE TER MAAT,LIB,1
03-01,DONALD J TRUMP & JD VANCE,REP,15
03-01,JILL STEIN & RUDOLPH WARE,GRN,2
03-01,KAMALA D HARRIS & TIM WALZ,DEM,398
03-01,WRITE-IN,,1
03-02,CHASE OLIVER & MIKE TER MAAT,LIB,0
03-02,DONALD J TRUMP & JD VANCE,REP,19
03-02,JILL STEIN & RUDOLPH WARE,GRN,2
03-02,KAMALA D HARRIS & TIM WALZ,DEM,401
03-02,WRITE-IN,,0
03-03,CHASE OLIVER & MIKE TER MAAT,LIB,1
03-03,DONALD J TRUMP & JD VANCE,REP,22
03-03,JILL STEIN & RUDOLPH WARE,GRN,1
03-03,KAMALA D HARRIS & TIM WALZ,DEM,439
03-03,WRITE-IN,,1
03-04,CHASE OLIVER & MIKE TER MAAT,LIB,1
03-04,DONALD J TRUMP & JD VANCE,REP,25
03-04,JILL STEIN & RUDOLPH WARE,GRN,2
03-04,KAMALA D HARRIS & TIM WALZ,DEM,460
03-04,WRITE-IN,,1
03-05,CHASE OLIVER & MIKE TER MAAT,LIB,2
03-05,DONALD J TRUMP & JD VANCE,REP,14
03-05,JILL STEIN & RUDOLPH WARE,GRN,2
03-05,KAMALA D HARRIS & TIM WALZ,DEM,337
03-05,WRITE-IN,,1
03-06,CHASE OLIVER & MIKE TER MAAT,LIB,2
03-06,DONALD J TRUMP & JD VANCE,REP,14
03-06,JILL STEIN & RUDOLPH WARE,GRN,3
03-06,KAMALA D HARRIS & TIM WALZ,DEM,347
03-06,WRITE-IN,,2
03-07,CHASE OLIVER & MIKE TER MAAT,LIB,3
03-07,DONALD J TRUMP & JD VANCE,REP,16
03-07,JILL STEIN & RUDOLPH WARE,GRN,7
03-07,KAMALA D HARRIS & TIM WALZ,DEM,338
03-07,WRITE-IN,,0
03-08,CHASE OLIVER & MIKE TER MAAT,LIB,1
03-08,DONALD J TRUMP & JD VANCE,REP,24
03-08,JILL STEIN & RUDOLPH WARE,GRN,2
03-08,KAMALA D HARRIS & TIM WALZ,DEM,399
03-08,WRITE-IN,,2
03-09,CHASE OLIVER & MIKE TER MAAT,LIB,0
03-09,DONALD J TRUMP & JD VANCE,REP,26
03-09,JILL STEIN & RUDOLPH WARE,GRN,2
03-09,KAMALA D HARRIS & TIM WALZ,DEM,424
03-09,WRITE-IN,,2
03-10,CHASE OLIVER & MIKE TER MAAT,LIB,0
03-10,DONALD J TRUMP & JD VANCE,REP,22
03-10,JILL STEIN & RUDOLPH WARE,GRN,1
03-10,KAMALA D HARRIS & TIM WALZ,DEM,348
03-10,WRITE-IN,,1
03-11,CHASE OLIVER & MIKE TER MAAT,LIB,1
03-11,DONALD J TRUMP & JD VANCE,REP,10
03-11,JILL STEIN & RUDOLPH WARE,GRN,3
03-11,KAMALA D HARRIS & TIM WALZ,DEM,465
03-11,WRITE-IN,,1
03-12,CHASE OLIVER & MIKE TER MAAT,LIB,1
03-12,DONALD J TRUMP & JD VANCE,REP,27
03-12,JILL STEIN & RUDOLPH WARE,GRN,1
03-12,KAMALA D HARRIS & TIM WALZ,DEM,389
03-12,WRITE-IN,,2
03-13,CHASE OLIVER & MIKE TER MAAT,LIB,0
03-13,DONALD J TRUMP & JD VANCE,REP,22
03-13,JILL STEIN & RUDOLPH WARE,GRN,3
03-13,KAMALA D HARRIS & TIM WALZ,DEM,306
03-13,WRITE-IN,,2
03-14,CHASE OLIVER & MIKE TER MAAT,LIB,1
03-14,DONALD J TRUMP & JD VANCE,REP,21
03-14,JILL STEIN & RUDOLPH WARE,GRN,3
03-14,KAMALA D HARRIS & TIM WALZ,DEM,388
03-14,WRITE-IN,,1
03-15,CHASE OLIVER & MIKE TER MAAT,LIB,1
03-15,DONALD J TRUMP & JD VANCE,REP,16
03-15,JILL STEIN & RUDOLPH WARE,GRN,5
03-15,KAMALA D HARRIS & TIM WALZ,DEM,390
03-15,WRITE-IN,,1
03-16,CHASE OLIVER & MIKE TER MAAT,LIB,0
03-16,DONALD J TRUMP & JD VANCE,REP,27
03-16,JILL STEIN & RUDOLPH WARE,GRN,6
03-16,KAMALA D HARRIS & TIM WALZ,DEM,447
03-16,WRITE-IN,,1
03-17,CHASE OLIVER & MIKE TER MAAT,LIB,2
03-17,DONALD J TRUMP & JD VANCE,REP,16
03-17,JILL STEIN & RUDOLPH WARE,GRN,5
03-17,KAMALA D HARRIS & TIM WALZ,DEM,432
03-17,WRITE-IN,,2
03-18,CHASE OLIVER & MIKE TER MAAT,LIB,1
03-18,DONALD J TRUMP & JD VANCE,REP,18
03-18,JILL STEIN & RUDOLPH WARE,GRN,3
03-18,KAMALA D HARRIS & TIM WALZ,DEM,404
03-18,WRITE-IN,,2
03-19,CHASE OLIVER & MIKE TER MAAT,LIB,2
03-19,DONALD J TRUMP & JD VANCE,REP,9
03-19,JILL STEIN & RUDOLPH WARE,GRN,9
03-19,KAMALA D HARRIS & TIM WALZ,DEM,458
03-19,WRITE-IN,,2
03-20,CHASE OLIVER & MIKE TER MAAT,LIB,0
03-20,DONALD J TRUMP & JD VANCE,REP,15
03-20,JILL STEIN & RUDOLPH WARE,GRN,4
03-20,KAMALA D HARRIS & TIM WALZ,DEM,330
03-20,WRITE-IN,,1
03-21,CHASE OLIVER & MIKE TER MAAT,LIB,0
03-21,DONALD J TRUMP & JD VANCE,REP,15
03-21,JILL STEIN & RUDOLPH WARE,GRN,1
03-21,KAMALA D HARRIS & TIM WALZ,DEM,248
03-21,WRITE-IN,,1
03-22,CHASE OLIVER & MIKE TER MAAT,LIB,0
03-22,DONALD J TRUMP & JD VANCE,REP,7
03-22,JILL STEIN & RUDOLPH WARE,GRN,0
03-22,KAMALA D HARRIS & TIM WALZ,DEM,362
03-22,WRITE-IN,,0
04-01,CHASE OLIVER & MIKE TER MAAT,LIB,2
04-01,DONALD J TRUMP & JD VANCE,REP,22
04-01,JILL STEIN & RUDOLPH WARE,GRN,2
04-01,KAMALA D HARRIS & TIM WALZ,DEM,308
04-01,WRITE-IN,,2
04-02,CHASE OLIVER & MIKE TER MAAT,LIB,0
04-02,DONALD J TRUMP & JD VANCE,REP,12
04-02,JILL STEIN & RUDOLPH WARE,GRN,0
04-02,KAMALA D HARRIS & TIM WALZ,DEM,446
04-02,WRITE-IN,,1
04-03,CHASE OLIVER & MIKE TER MAAT,LIB,1
04-03,DONALD J TRUMP & JD VANCE,REP,26
04-03,JILL STEIN & RUDOLPH WARE,GRN,5
04-03,KAMALA D HARRIS & TIM WALZ,DEM,427
04-03,WRITE-IN,,0
04-04,CHASE OLIVER & MIKE TER MAAT,LIB,1
04-04,DONALD J TRUMP & JD VANCE,REP,16
04-04,JILL STEIN & RUDOLPH WARE,GRN,1
04-04,KAMALA D HARRIS & TIM WALZ,DEM,304
04-04,WRITE-IN,,0
04-05,CHASE OLIVER & MIKE TER MAAT,LIB,1
04-05,DONALD J TRUMP & JD VANCE,REP,12
04-05,JILL STEIN & RUDOLPH WARE,GRN,2
04-05,KAMALA D HARRIS & TIM WALZ,DEM,398
04-05,WRITE-IN,,1
04-06,CHASE OLIVER & MIKE TER MAAT,LIB,2
04-06,DONALD J TRUMP & JD VANCE,REP,19
04-06,JILL STEIN & RUDOLPH WARE,GRN,0
04-06,KAMALA D HARRIS & TIM WALZ,DEM,421
04-06,WRITE-IN,,0
04-07,CHASE OLIVER & MIKE TER MAAT,LIB,0
04-07,DONALD J TRUMP & JD VANCE,REP,17
04-07,JILL STEIN & RUDOLPH WARE,GRN,9
04-07,KAMALA D HARRIS & TIM WALZ,DEM,414
04-07,WRITE-IN,,0
04-08,CHASE OLIVER & MIKE TER MAAT,LIB,0
04-08,DONALD J TRUMP & JD VANCE,REP,18
04-08,JILL STEIN & RUDOLPH WARE,GRN,4
04-08,KAMALA D HARRIS & TIM WALZ,DEM,405
04-08,WRITE-IN,,1
04-09,CHASE OLIVER & MIKE TER MAAT,LIB,2
04-09,DONALD J TRUMP & JD VANCE,REP,22
04-09,JILL STEIN & RUDOLPH WARE,GRN,1
04-09,KAMALA D HARRIS & TIM WALZ,DEM,389
04-09,WRITE-IN,,2
04-10,CHASE OLIVER & MIKE TER MAAT,LIB,1
04-10,DONALD J TRUMP & JD VANCE,REP,24
04-10,JILL STEIN & RUDOLPH WARE,GRN,2
04-10,KAMALA D HARRIS & TIM WALZ,DEM,350
04-10,WRITE-IN,,1
04-11,CHASE OLIVER & MIKE TER MAAT,LIB,2
04-11,DONALD J TRUMP & JD VANCE,REP,15
04-11,JILL STEIN & RUDOLPH WARE,GRN,1
04-11,KAMALA D HARRIS & TIM WALZ,DEM,381
04-11,WRITE-IN,,0
04-12,CHASE OLIVER & MIKE TER MAAT,LIB,1
04-12,DONALD J TRUMP & JD VANCE,REP,14
04-12,JILL STEIN & RUDOLPH WARE,GRN,2
04-12,KAMALA D HARRIS & TIM WALZ,DEM,344
04-12,WRITE-IN,,1
04-13,CHASE OLIVER & MIKE TER MAAT,LIB,1
04-13,DONALD J TRUMP & JD VANCE,REP,20
04-13,JILL STEIN & RUDOLPH WARE,GRN,5
04-13,KAMALA D HARRIS & TIM WALZ,DEM,453
04-13,WRITE-IN,,1
04-14,CHASE OLIVER & MIKE TER MAAT,LIB,0
04-14,DONALD J TRUMP & JD VANCE,REP,19
04-14,JILL STEIN & RUDOLPH WARE,GRN,2
04-14,KAMALA D HARRIS & TIM WALZ,DEM,360
04-14,WRITE-IN,,1
04-15,CHASE OLIVER & MIKE TER MAAT,LIB,1
04-15,DONALD J TRUMP & JD VANCE,REP,17
04-15,JILL STEIN & RUDOLPH WARE,GRN,4
04-15,KAMALA D HARRIS & TIM WALZ,DEM,381
04-15,WRITE-IN,,2
04-16,CHASE OLIVER & MIKE TER MAAT,LIB,4
04-16,DONALD J TRUMP & JD VANCE,REP,23
04-16,JILL STEIN & RUDOLPH WARE,GRN,3
04-16,KAMALA D HARRIS & TIM WALZ,DEM,388
04-16,WRITE-IN,,1
04-17,CHASE OLIVER & MIKE TER MAAT,LIB,3
04-17,DONALD J TRUMP & JD VANCE,REP,9
04-17,JILL STEIN & RUDOLPH WARE,GRN,3
04-17,KAMALA D HARRIS & TIM WALZ,DEM,398
04-17,WRITE-IN,,1
04-18,CHASE OLIVER & MIKE TER MAAT,LIB,1
04-18,DONALD J TRUMP & JD VANCE,REP,19
04-18,JILL STEIN & RUDOLPH WARE,GRN,2
04-18,KAMALA D HARRIS & TIM WALZ,DEM,393
04-18,WRITE-IN,,0
04-19,CHASE OLIVER & MIKE TER MAAT,LIB,0
04-19,DONALD J TRUMP & JD VANCE,REP,11
04-19,JILL STEIN & RUDOLPH WARE,GRN,4
04-19,KAMALA D HARRIS & TIM WALZ,DEM,289
04-19,WRITE-IN,,1
04-20,CHASE OLIVER & MIKE TER MAAT,LIB,1
04-20,DONALD J TRUMP & JD VANCE,REP,22
04-20,JILL STEIN & RUDOLPH WARE,GRN,0
04-20,KAMALA D HARRIS & TIM WALZ,DEM,383
04-20,WRITE-IN,,0
04-21,CHASE OLIVER & MIKE TER MAAT,LIB,0
04-21,DONALD J TRUMP & JD VANCE,REP,18
04-21,JILL STEIN & RUDOLPH WARE,GRN,3
04-21,KAMALA D HARRIS & TIM WALZ,DEM,414
04-21,WRITE-IN,,0
05-01,CHASE OLIVER & MIKE TER MAAT,LIB,2
05-01,DONALD J TRUMP & JD VANCE,REP,128
05-01,JILL STEIN & RUDOLPH WARE,GRN,4
05-01,KAMALA D HARRIS & TIM WALZ,DEM,535
05-01,WRITE-IN,,4
05-02,CHASE OLIVER & MIKE TER MAAT,LIB,2
05-02,DONALD J TRUMP & JD VANCE,REP,117
05-02,JILL STEIN & RUDOLPH WARE,GRN,8
05-02,KAMALA D HARRIS & TIM WALZ,DEM,628
05-02,WRITE-IN,,3
05-03,CHASE OLIVER & MIKE TER MAAT,LIB,1
05-03,DONALD J TRUMP & JD VANCE,REP,115
05-03,JILL STEIN & RUDOLPH WARE,GRN,6
05-03,KAMALA D HARRIS & TIM WALZ,DEM,704
05-03,WRITE-IN,,0
05-04,CHASE OLIVER & MIKE TER MAAT,LIB,1
05-04,DONALD J TRUMP & JD VANCE,REP,128
05-04,JILL STEIN & RUDOLPH WARE,GRN,9
05-04,KAMALA D HARRIS & TIM WALZ,DEM,758
05-04,WRITE-IN,,3
05-05,CHASE OLIVER & MIKE TER MAAT,LIB,3
05-05,DONALD J TRUMP & JD VANCE,REP,93
05-05,JILL STEIN & RUDOLPH WARE,GRN,6
05-05,KAMALA D HARRIS & TIM WALZ,DEM,610
05-05,WRITE-IN,,5
05-06,CHASE OLIVER & MIKE TER MAAT,LIB,5
05-06,DONALD J TRUMP & JD VANCE,REP,71
05-06,JILL STEIN & RUDOLPH WARE,GRN,6
05-06,KAMALA D HARRIS & TIM WALZ,DEM,671
05-06,WRITE-IN,,4
05-07,CHASE OLIVER & MIKE TER MAAT,LIB,2
05-07,DONALD J TRUMP & JD VANCE,REP,47
05-07,JILL STEIN & RUDOLPH WARE,GRN,3
05-07,KAMALA D HARRIS & TIM WALZ,DEM,568
05-07,WRITE-IN,,2
05-08,CHASE OLIVER & MIKE TER MAAT,LIB,2
05-08,DONALD J TRUMP & JD VANCE,REP,73
05-08,JILL STEIN & RUDOLPH WARE,GRN,5
05-08,KAMALA D HARRIS & TIM WALZ,DEM,745
05-08,WRITE-IN,,2
05-09,CHASE OLIVER & MIKE TER MAAT,LIB,3
05-09,DONALD J TRUMP & JD VANCE,REP,150
05-09,JILL STEIN & RUDOLPH WARE,GRN,11
05-09,KAMALA D HARRIS & TIM WALZ,DEM,933
05-09,WRITE-IN,,8
05-10,CHASE OLIVER & MIKE TER MAAT,LIB,6
05-10,DONALD J TRUMP & JD VANCE,REP,148
05-10,JILL STEIN & RUDOLPH WARE,GRN,12
05-10,KAMALA D HARRIS & TIM WALZ,DEM,730
05-10,WRITE-IN,,9
05-11,CHASE OLIVER & MIKE TER MAAT,LIB,1
05-11,DONALD J TRUMP & JD VANCE,REP,68
05-11,JILL STEIN & RUDOLPH WARE,GRN,9
05-11,KAMALA D HARRIS & TIM WALZ,DEM,731
05-11,WRITE-IN,,3
05-12,CHASE OLIVER & MIKE TER MAAT,LIB,3
05-12,DONALD J TRUMP & JD VANCE,REP,49
05-12,JILL STEIN & RUDOLPH WARE,GRN,3
05-12,KAMALA D HARRIS & TIM WALZ,DEM,456
05-12,WRITE-IN,,3
05-13,CHASE OLIVER & MIKE TER MAAT,LIB,3
05-13,DONALD J TRUMP & JD VANCE,REP,57
05-13,JILL STEIN & RUDOLPH WARE,GRN,2
05-13,KAMALA D HARRIS & TIM WALZ,DEM,282
05-13,WRITE-IN,,2
05-14,CHASE OLIVER & MIKE TER MAAT,LIB,0
05-14,DONALD J TRUMP & JD VANCE,REP,29
05-14,JILL STEIN & RUDOLPH WARE,GRN,5
05-14,KAMALA D HARRIS & TIM WALZ,DEM,540
05-14,WRITE-IN,,3
05-15,CHASE OLIVER & MIKE TER MAAT,LIB,8
05-15,DONALD J TRUMP & JD VANCE,REP,45
05-15,JILL STEIN & RUDOLPH WARE,GRN,6
05-15,KAMALA D HARRIS & TIM WALZ,DEM,456
05-15,WRITE-IN,,4
05-16,CHASE OLIVER & MIKE TER MAAT,LIB,3
05-16,DONALD J TRUMP & JD VANCE,REP,80
05-16,JILL STEIN & RUDOLPH WARE,GRN,6
05-16,KAMALA D HARRIS & TIM WALZ,DEM,500
05-16,WRITE-IN,,4
05-17,CHASE OLIVER & MIKE TER MAAT,LIB,4
05-17,DONALD J TRUMP & JD VANCE,REP,96
05-17,JILL STEIN & RUDOLPH WARE,GRN,11
05-17,KAMALA D HARRIS & TIM WALZ,DEM,625
05-17,WRITE-IN,,2
05-18,CHASE OLIVER & MIKE TER MAAT,LIB,4
05-18,DONALD J TRUMP & JD VANCE,REP,150
05-18,JILL STEIN & RUDOLPH WARE,GRN,6
05-18,KAMALA D HARRIS & TIM WALZ,DEM,889
05-18,WRITE-IN,,3
05-19,CHASE OLIVER & MIKE TER MAAT,LIB,3
05-19,DONALD J TRUMP & JD VANCE,REP,109
05-19,JILL STEIN & RUDOLPH WARE,GRN,2
05-19,KAMALA D HARRIS & TIM WALZ,DEM,785
05-19,WRITE-IN,,2
05-20,CHASE OLIVER & MIKE TER MAAT,LIB,3
05-20,DONALD J TRUMP & JD VANCE,REP,53
05-20,JILL STEIN & RUDOLPH WARE,GRN,8
05-20,KAMALA D HARRIS & TIM WALZ,DEM,349
05-20,WRITE-IN,,0
05-21,CHASE OLIVER & MIKE TER MAAT,LIB,1
05-21,DONALD J TRUMP & JD VANCE,REP,89
05-21,JILL STEIN & RUDOLPH WARE,GRN,5
05-21,KAMALA D HARRIS & TIM WALZ,DEM,623
05-21,WRITE-IN,,2
05-22,CHASE OLIVER & MIKE TER MAAT,LIB,2
05-22,DONALD J TRUMP & JD VANCE,REP,76
05-22,JILL STEIN & RUDOLPH WARE,GRN,2
05-22,KAMALA D HARRIS & TIM WALZ,DEM,487
05-22,WRITE-IN,,1
05-23,CHASE OLIVER & MIKE TER MAAT,LIB,1
05-23,DONALD J TRUMP & JD VANCE,REP,143
05-23,JILL STEIN & RUDOLPH WARE,GRN,12
05-23,KAMALA D HARRIS & TIM WALZ,DEM,1019
05-23,WRITE-IN,,4
05-24,CHASE OLIVER & MIKE TER MAAT,LIB,1
05-24,DONALD J TRUMP & JD VANCE,REP,105
05-24,JILL STEIN & RUDOLPH WARE,GRN,5
05-24,KAMALA D HARRIS & TIM WALZ,DEM,337
05-24,WRITE-IN,,1
05-25,CHASE OLIVER & MIKE TER MAAT,LIB,3
05-25,DONALD J TRUMP & JD VANCE,REP,70
05-25,JILL STEIN & RUDOLPH WARE,GRN,8
05-25,KAMALA D HARRIS & TIM WALZ,DEM,578
05-25,WRITE-IN,,5
05-26,CHASE OLIVER & MIKE TER MAAT,LIB,3
05-26,DONALD J TRUMP & JD VANCE,REP,83
05-26,JILL STEIN & RUDOLPH WARE,GRN,5
05-26,KAMALA D HARRIS & TIM WALZ,DEM,707
05-26,WRITE-IN,,1
05-27,CHASE OLIVER & MIKE TER MAAT,LIB,5
05-27,DONALD J TRUMP & JD VANCE,REP,146
05-27,JILL STEIN & RUDOLPH WARE,GRN,9
05-27,KAMALA D HARRIS & TIM WALZ,DEM,725
05-27,WRITE-IN,,2
05-28,CHASE OLIVER & MIKE TER MAAT,LIB,6
05-28,DONALD J TRUMP & JD VANCE,REP,156
05-28,JILL STEIN & RUDOLPH WARE,GRN,10
05-28,KAMALA D HARRIS & TIM WALZ,DEM,1112
05-28,WRITE-IN,,11
05-29,CHASE OLIVER & MIKE TER MAAT,LIB,0
05-29,DONALD J TRUMP & JD VANCE,REP,47
05-29,JILL STEIN & RUDOLPH WARE,GRN,2
05-29,KAMALA D HARRIS & TIM WALZ,DEM,304
05-29,WRITE-IN,,1
05-30,CHASE OLIVER & MIKE TER MAAT,LIB,4
05-30,DONALD J TRUMP & JD VANCE,REP,117
05-30,JILL STEIN & RUDOLPH WARE,GRN,9
05-30,KAMALA D HARRIS & TIM WALZ,DEM,618
05-30,WRITE-IN,,4
05-31,CHASE OLIVER & MIKE TER MAAT,LIB,0
05-31,DONALD J TRUMP & JD VANCE,REP,72
05-31,JILL STEIN & RUDOLPH WARE,GRN,6
05-31,KAMALA D HARRIS & TIM WALZ,DEM,398
05-31,WRITE-IN,,2
05-32,CHASE OLIVER & MIKE TER MAAT,LIB,7
05-32,DONALD J TRUMP & JD VANCE,REP,143
05-32,JILL STEIN & RUDOLPH WARE,GRN,7
05-32,KAMALA D HARRIS & TIM WALZ,DEM,913
05-32,WRITE-IN,,2
05-33,CHASE OLIVER & MIKE TER MAAT,LIB,3
05-33,DONALD J TRUMP & JD VANCE,REP,188
05-33,JILL STEIN & RUDOLPH WARE,GRN,10
05-33,KAMALA D HARRIS & TIM WALZ,DEM,687
05-33,WRITE-IN,,7
05-34,CHASE OLIVER & MIKE TER MAAT,LIB,6
05-34,DONALD J TRUMP & JD VANCE,REP,154
05-34,JILL STEIN & RUDOLPH WARE,GRN,6
05-34,KAMALA D HARRIS & TIM WALZ,DEM,475
05-34,WRITE-IN,,3
05-35,CHASE OLIVER & MIKE TER MAAT,LIB,4
05-35,DONALD J TRUMP & JD VANCE,REP,71
05-35,JILL STEIN & RUDOLPH WARE,GRN,3
05-35,KAMALA D HARRIS & TIM WALZ,DEM,324
05-35,WRITE-IN,,1
05-36,CHASE OLIVER & MIKE TER MAAT,LIB,6
05-36,DONALD J TRUMP & JD VANCE,REP,92
05-36,JILL STEIN & RUDOLPH WARE,GRN,0
05-36,KAMALA D HARRIS & TIM WALZ,DEM,354
05-36,WRITE-IN,,0
05-37,CHASE OLIVER & MIKE TER MAAT,LIB,2
05-37,DONALD J TRUMP & JD VANCE,REP,81
05-37,JILL STEIN & RUDOLPH WARE,GRN,5
05-37,KAMALA D HARRIS & TIM WALZ,DEM,468
05-37,WRITE-IN,,2
06-01,CHASE OLIVER & MIKE TER MAAT,LIB,2
06-01,DONALD J TRUMP & JD VANCE,REP,48
06-01,JILL STEIN & RUDOLPH WARE,GRN,10
06-01,KAMALA D HARRIS & TIM WALZ,DEM,539
06-01,WRITE-IN,,1
06-02,CHASE OLIVER & MIKE TER MAAT,LIB,1
06-02,DONALD J TRUMP & JD VANCE,REP,11
06-02,JILL STEIN & RUDOLPH WARE,GRN,6
06-02,KAMALA D HARRIS & TIM WALZ,DEM,249
06-02,WRITE-IN,,1
06-03,CHASE OLIVER & MIKE TER MAAT,LIB,3
06-03,DONALD J TRUMP & JD VANCE,REP,48
06-03,JILL STEIN & RUDOLPH WARE,GRN,9
06-03,KAMALA D HARRIS & TIM WALZ,DEM,578
06-03,WRITE-IN,,11
06-04,CHASE OLIVER & MIKE TER MAAT,LIB,1
06-04,DONALD J TRUMP & JD VANCE,REP,20
06-04,JILL STEIN & RUDOLPH WARE,GRN,14
06-04,KAMALA D HARRIS & TIM WALZ,DEM,152
06-04,WRITE-IN,,2
06-05,CHASE OLIVER & MIKE TER MAAT,LIB,1
06-05,DONALD J TRUMP & JD VANCE,REP,23
06-05,JILL STEIN & RUDOLPH WARE,GRN,7
06-05,KAMALA D HARRIS & TIM WALZ,DEM,211
06-05,WRITE-IN,,2
06-06,CHASE OLIVER & MIKE TER MAAT,LIB,0
06-06,DONALD J TRUMP & JD VANCE,REP,12
06-06,JILL STEIN & RUDOLPH WARE,GRN,6
06-06,KAMALA D HARRIS & TIM WALZ,DEM,263
06-06,WRITE-IN,,0
06-07,CHASE OLIVER & MIKE TER MAAT,LIB,0
06-07,DONALD J TRUMP & JD VANCE,REP,16
06-07,JILL STEIN & RUDOLPH WARE,GRN,0
06-07,KAMALA D HARRIS & TIM WALZ,DEM,371
06-07,WRITE-IN,,0
06-08,CHASE OLIVER & MIKE TER MAAT,LIB,0
06-08,DONALD J TRUMP & JD VANCE,REP,18
06-08,JILL STEIN & RUDOLPH WARE,GRN,3
06-08,KAMALA D HARRIS & TIM WALZ,DEM,245
06-08,WRITE-IN,,1
06-09,CHASE OLIVER & MIKE TER MAAT,LIB,0
06-09,DONALD J TRUMP & JD VANCE,REP,13
06-09,JILL STEIN & RUDOLPH WARE,GRN,5
06-09,KAMALA D HARRIS & TIM WALZ,DEM,262
06-09,WRITE-IN,,1
06-10,CHASE OLIVER & MIKE TER MAAT,LIB,0
06-10,DONALD J TRUMP & JD VANCE,REP,16
06-10,JILL STEIN & RUDOLPH WARE,GRN,2
06-10,KAMALA D HARRIS & TIM WALZ,DEM,221
06-10,WRITE-IN,,1
06-11,CHASE OLIVER & MIKE TER MAAT,LIB,0
06-11,DONALD J TRUMP & JD VANCE,REP,29
06-11,JILL STEIN & RUDOLPH WARE,GRN,5
06-11,KAMALA D HARRIS & TIM WALZ,DEM,443
06-11,WRITE-IN,,3
06-12,CHASE OLIVER & MIKE TER MAAT,LIB,2
06-12,DONALD J TRUMP & JD VANCE,REP,4
06-12,JILL STEIN & RUDOLPH WARE,GRN,2
06-12,KAMALA D HARRIS & TIM WALZ,DEM,257
06-12,WRITE-IN,,1
06-13,CHASE OLIVER & MIKE TER MAAT,LIB,1
06-13,DONALD J TRUMP & JD VANCE,REP,11
06-13,JILL STEIN & RUDOLPH WARE,GRN,1
06-13,KAMALA D HARRIS & TIM WALZ,DEM,252
06-13,WRITE-IN,,1
06-14,CHASE OLIVER & MIKE TER MAAT,LIB,1
06-14,DONALD J TRUMP & JD VANCE,REP,15
06-14,JILL STEIN & RUDOLPH WARE,GRN,1
06-14,KAMALA D HARRIS & TIM WALZ,DEM,283
06-14,WRITE-IN,,0
06-15,CHASE OLIVER & MIKE TER MAAT,LIB,0
06-15,DONALD J TRUMP & JD VANCE,REP,14
06-15,JILL STEIN & RUDOLPH WARE,GRN,2
06-15,KAMALA D HARRIS & TIM WALZ,DEM,337
06-15,WRITE-IN,,0
06-16,CHASE OLIVER & MIKE TER MAAT,LIB,0
06-16,DONALD J TRUMP & JD VANCE,REP,32
06-16,JILL STEIN & RUDOLPH WARE,GRN,4
06-16,KAMALA D HARRIS & TIM WALZ,DEM,307
06-16,WRITE-IN,,0
06-17,CHASE OLIVER & MIKE TER MAAT,LIB,1
06-17,DONALD J TRUMP & JD VANCE,REP,21
06-17,JILL STEIN & RUDOLPH WARE,GRN,4
06-17,KAMALA D HARRIS & TIM WALZ,DEM,344
06-17,WRITE-IN,,1
06-18,CHASE OLIVER & MIKE TER MAAT,LIB,1
06-18,DONALD J TRUMP & JD VANCE,REP,12
06-18,JILL STEIN & RUDOLPH WARE,GRN,3
06-18,KAMALA D HARRIS & TIM WALZ,DEM,415
06-18,WRITE-IN,,3
07-01,CHASE OLIVER & MIKE TER MAAT,LIB,0
07-01,DONALD J TRUMP & JD VANCE,REP,52
07-01,JILL STEIN & RUDOLPH WARE,GRN,0
07-01,KAMALA D HARRIS & TIM WALZ,DEM,190
07-01,WRITE-IN,,0
07-02,CHASE OLIVER & MIKE TER MAAT,LIB,0
07-02,DONALD J TRUMP & JD VANCE,REP,36
07-02,JILL STEIN & RUDOLPH WARE,GRN,0
07-02,KAMALA D HARRIS & TIM WALZ,DEM,149
07-02,WRITE-IN,,0
07-03,CHASE OLIVER & MIKE TER MAAT,LIB,0
07-03,DONALD J TRUMP & JD VANCE,REP,27
07-03,JILL STEIN & RUDOLPH WARE,GRN,0
07-03,KAMALA D HARRIS & TIM WALZ,DEM,164
07-03,WRITE-IN,,0
07-04,CHASE OLIVER & MIKE TER MAAT,LIB,0
07-04,DONALD J TRUMP & JD VANCE,REP,64
07-04,JILL STEIN & RUDOLPH WARE,GRN,1
07-04,KAMALA D HARRIS & TIM WALZ,DEM,270
07-04,WRITE-IN,,0
07-05,CHASE OLIVER & MIKE TER MAAT,LIB,2
07-05,DONALD J TRUMP & JD VANCE,REP,84
07-05,JILL STEIN & RUDOLPH WARE,GRN,1
07-05,KAMALA D HARRIS & TIM WALZ,DEM,344
07-05,WRITE-IN,,1
07-06,CHASE OLIVER & MIKE TER MAAT,LIB,1
07-06,DONALD J TRUMP & JD VANCE,REP,85
07-06,JILL STEIN & RUDOLPH WARE,GRN,2
07-06,KAMALA D HARRIS & TIM WALZ,DEM,248
07-06,WRITE-IN,,0
07-07,CHASE OLIVER & MIKE TER MAAT,LIB,0
07-07,DONALD J TRUMP & JD VANCE,REP,61
07-07,JILL STEIN & RUDOLPH WARE,GRN,0
07-07,KAMALA D HARRIS & TIM WALZ,DEM,214
07-07,WRITE-IN,,2
07-08,CHASE OLIVER & MIKE TER MAAT,LIB,0
07-08,DONALD J TRUMP & JD VANCE,REP,47
07-08,JILL STEIN & RUDOLPH WARE,GRN,2
07-08,KAMALA D HARRIS & TIM WALZ,DEM,245
07-08,WRITE-IN,,1
07-09,CHASE OLIVER & MIKE TER MAAT,LIB,0
07-09,DONALD J TRUMP & JD VANCE,REP,46
07-09,JILL STEIN & RUDOLPH WARE,GRN,0
07-09,KAMALA D HARRIS & TIM WALZ,DEM,164
07-09,WRITE-IN,,0
07-10,CHASE OLIVER & MIKE TER MAAT,LIB,0
07-10,DONALD J TRUMP & JD VANCE,REP,73
07-10,JILL STEIN & RUDOLPH WARE,GRN,0
07-10,KAMALA D HARRIS & TIM WALZ,DEM,198
07-10,WRITE-IN,,0
07-11,CHASE OLIVER & MIKE TER MAAT,LIB,0
07-11,DONALD J TRUMP & JD VANCE,REP,88
07-11,JILL STEIN & RUDOLPH WARE,GRN,1
07-11,KAMALA D HARRIS & TIM WALZ,DEM,255
07-11,WRITE-IN,,0
07-12,CHASE OLIVER & MIKE TER MAAT,LIB,0
07-12,DONALD J TRUMP & JD VANCE,REP,82
07-12,JILL STEIN & RUDOLPH WARE,GRN,1
07-12,KAMALA D HARRIS & TIM WALZ,DEM,283
07-12,WRITE-IN,,0
07-13,CHASE OLIVER & MIKE TER MAAT,LIB,2
07-13,DONALD J TRUMP & JD VANCE,REP,41
07-13,JILL STEIN & RUDOLPH WARE,GRN,0
07-13,KAMALA D HARRIS & TIM WALZ,DEM,136
07-13,WRITE-IN,,0
07-14,CHASE OLIVER & MIKE TER MAAT,LIB,1
07-14,DONALD J TRUMP & JD VANCE,REP,77
07-14,JILL STEIN & RUDOLPH WARE,GRN,0
07-14,KAMALA D HARRIS & TIM WALZ,DEM,205
07-14,WRITE-IN,,0
07-15,CHASE OLIVER & MIKE TER MAAT,LIB,0
07-15,DONALD J TRUMP & JD VANCE,REP,43
07-15,JILL STEIN & RUDOLPH WARE,GRN,1
07-15,KAMALA D HARRIS & TIM WALZ,DEM,153
07-15,WRITE-IN,,0
07-16,CHASE OLIVER & MIKE TER MAAT,LIB,0
07-16,DONALD J TRUMP & JD VANCE,REP,41
07-16,JILL STEIN & RUDOLPH WARE,GRN,2
07-16,KAMALA D HARRIS & TIM WALZ,DEM,150
07-16,WRITE-IN,,2
07-17,CHASE OLIVER & MIKE TER MAAT,LIB,0
07-17,DONALD J TRUMP & JD VANCE,REP,78
07-17,JILL STEIN & RUDOLPH WARE,GRN,0
07-17,KAMALA D HARRIS & TIM WALZ,DEM,203
07-17,WRITE-IN,,0
07-18,CHASE OLIVER & MIKE TER MAAT,LIB,1
07-18,DONALD J TRUMP & JD VANCE,REP,79
07-18,JILL STEIN & RUDOLPH WARE,GRN,1
07-18,KAMALA D HARRIS & TIM WALZ,DEM,232
07-18,WRITE-IN,,0
07-19,CHASE OLIVER & MIKE TER MAAT,LIB,2
07-19,DONALD J TRUMP & JD VANCE,REP,49
07-19,JILL STEIN & RUDOLPH WARE,GRN,0
07-19,KAMALA D HARRIS & TIM WALZ,DEM,193
07-19,WRITE-IN,,0
07-20,CHASE OLIVER & MIKE TER MAAT,LIB,0
07-20,DONALD J TRUMP & JD VANCE,REP,43
07-20,JILL STEIN & RUDOLPH WARE,GRN,0
07-20,KAMALA D HARRIS & TIM WALZ,DEM,133
07-20,WRITE-IN,,0
07-21,CHASE OLIVER & MIKE TER MAAT,LIB,1
07-21,DONALD J TRUMP & JD VANCE,REP,71
07-21,JILL STEIN & RUDOLPH WARE,GRN,1
07-21,KAMALA D HARRIS & TIM WALZ,DEM,196
07-21,WRITE-IN,,0
07-22,CHASE OLIVER & MIKE TER MAAT,LIB,0
07-22,DONALD J TRUMP & JD VANCE,REP,57
07-22,JILL STEIN & RUDOLPH WARE,GRN,1
07-22,KAMALA D HARRIS & TIM WALZ,DEM,170
07-22,WRITE-IN,,0
07-23,CHASE OLIVER & MIKE TER MAAT,LIB,0
07-23,DONALD J TRUMP & JD VANCE,REP,37
07-23,JILL STEIN & RUDOLPH WARE,GRN,0
07-23,KAMALA D HARRIS & TIM WALZ,DEM,116
07-23,WRITE-IN,,1
08-01,CHASE OLIVER & MIKE TER MAAT,LIB,4
08-01,DONALD J TRUMP & JD VANCE,REP,51
08-01,JILL STEIN & RUDOLPH WARE,GRN,1
08-01,KAMALA D HARRIS & TIM WALZ,DEM,560
08-01,WRITE-IN,,0
08-02,CHASE OLIVER & MIKE TER MAAT,LIB,2
08-02,DONALD J TRUMP & JD VANCE,REP,81
08-02,JILL STEIN & RUDOLPH WARE,GRN,5
08-02,KAMALA D HARRIS & TIM WALZ,DEM,532
08-02,WRITE-IN,,1
08-03,CHASE OLIVER & MIKE TER MAAT,LIB,1
08-03,DONALD J TRUMP & JD VANCE,REP,90
08-03,JILL STEIN & RUDOLPH WARE,GRN,6
08-03,KAMALA D HARRIS & TIM WALZ,DEM,763
08-03,WRITE-IN,,1
08-04,CHASE OLIVER & MIKE TER MAAT,LIB,1
08-04,DONALD J TRUMP & JD VANCE,REP,97
08-04,JILL STEIN & RUDOLPH WARE,GRN,3
08-04,KAMALA D HARRIS & TIM WALZ,DEM,658
08-04,WRITE-IN,,2
08-05,CHASE OLIVER & MIKE TER MAAT,LIB,2
08-05,DONALD J TRUMP & JD VANCE,REP,97
08-05,JILL STEIN & RUDOLPH WARE,GRN,3
08-05,KAMALA D HARRIS & TIM WALZ,DEM,495
08-05,WRITE-IN,,0
08-06,CHASE OLIVER & MIKE TER MAAT,LIB,1
08-06,DONALD J TRUMP & JD VANCE,REP,73
08-06,JILL STEIN & RUDOLPH WARE,GRN,3
08-06,KAMALA D HARRIS & TIM WALZ,DEM,533
08-06,WRITE-IN,,1
08-07,CHASE OLIVER & MIKE TER MAAT,LIB,3
08-07,DONALD J TRUMP & JD VANCE,REP,125
08-07,JILL STEIN & RUDOLPH WARE,GRN,4
08-07,KAMALA D HARRIS & TIM WALZ,DEM,655
08-07,WRITE-IN,,5
08-08,CHASE OLIVER & MIKE TER MAAT,LIB,0
08-08,DONALD J TRUMP & JD VANCE,REP,119
08-08,JILL STEIN & RUDOLPH WARE,GRN,9
08-08,KAMALA D HARRIS & TIM WALZ,DEM,692
08-08,WRITE-IN,,4
08-09,CHASE OLIVER & MIKE TER MAAT,LIB,5
08-09,DONALD J TRUMP & JD VANCE,REP,96
08-09,JILL STEIN & RUDOLPH WARE,GRN,9
08-09,KAMALA D HARRIS & TIM WALZ,DEM,764
08-09,WRITE-IN,,6
08-10,CHASE OLIVER & MIKE TER MAAT,LIB,0
08-10,DONALD J TRUMP & JD VANCE,REP,194
08-10,JILL STEIN & RUDOLPH WARE,GRN,5
08-10,KAMALA D HARRIS & TIM WALZ,DEM,955
08-10,WRITE-IN,,4
08-11,CHASE OLIVER & MIKE TER MAAT,LIB,0
08-11,DONALD J TRUMP & JD VANCE,REP,110
08-11,JILL STEIN & RUDOLPH WARE,GRN,6
08-11,KAMALA D HARRIS & TIM WALZ,DEM,651
08-11,WRITE-IN,,2
08-12,CHASE OLIVER & MIKE TER MAAT,LIB,1
08-12,DONALD J TRUMP & JD VANCE,REP,115
08-12,JILL STEIN & RUDOLPH WARE,GRN,9
08-12,KAMALA D HARRIS & TIM WALZ,DEM,696
08-12,WRITE-IN,,1
08-13,CHASE OLIVER & MIKE TER MAAT,LIB,0
08-13,DONALD J TRUMP & JD VANCE,REP,59
08-13,JILL STEIN & RUDOLPH WARE,GRN,6
08-13,KAMALA D HARRIS & TIM WALZ,DEM,494
08-13,WRITE-IN,,4
08-14,CHASE OLIVER & MIKE TER MAAT,LIB,2
08-14,DONALD J TRUMP & JD VANCE,REP,53
08-14,JILL STEIN & RUDOLPH WARE,GRN,2
08-14,KAMALA D HARRIS & TIM WALZ,DEM,508
08-14,WRITE-IN,,1
08-15,CHASE OLIVER & MIKE TER MAAT,LIB,1
08-15,DONALD J TRUMP & JD VANCE,REP,132
08-15,JILL STEIN & RUDOLPH WARE,GRN,2
08-15,KAMALA D HARRIS & TIM WALZ,DEM,574
08-15,WRITE-IN,,1
08-16,CHASE OLIVER & MIKE TER MAAT,LIB,0
08-16,DONALD J TRUMP & JD VANCE,REP,56
08-16,JILL STEIN & RUDOLPH WARE,GRN,1
08-16,KAMALA D HARRIS & TIM WALZ,DEM,442
08-16,WRITE-IN,,2
08-17,CHASE OLIVER & MIKE TER MAAT,LIB,2
08-17,DONALD J TRUMP & JD VANCE,REP,139
08-17,JILL STEIN & RUDOLPH WARE,GRN,9
08-17,KAMALA D HARRIS & TIM WALZ,DEM,804
08-17,WRITE-IN,,5
08-18,CHASE OLIVER & MIKE TER MAAT,LIB,3
08-18,DONALD J TRUMP & JD VANCE,REP,155
08-18,JILL STEIN & RUDOLPH WARE,GRN,8
08-18,KAMALA D HARRIS & TIM WALZ,DEM,748
08-18,WRITE-IN,,2
08-19,CHASE OLIVER & MIKE TER MAAT,LIB,0
08-19,DONALD J TRUMP & JD VANCE,REP,54
08-19,JILL STEIN & RUDOLPH WARE,GRN,8
08-19,KAMALA D HARRIS & TIM WALZ,DEM,654
08-19,WRITE-IN,,2
08-20,CHASE OLIVER & MIKE TER MAAT,LIB,2
08-20,DONALD J TRUMP & JD VANCE,REP,94
08-20,JILL STEIN & RUDOLPH WARE,GRN,2
08-20,KAMALA D HARRIS & TIM WALZ,DEM,375
08-20,WRITE-IN,,2
08-21,CHASE OLIVER & MIKE TER MAAT,LIB,1
08-21,DONALD J TRUMP & JD VANCE,REP,81
08-21,JILL STEIN & RUDOLPH WARE,GRN,1
08-21,KAMALA D HARRIS & TIM WALZ,DEM,438
08-21,WRITE-IN,,1
08-22,CHASE OLIVER & MIKE TER MAAT,LIB,0
08-22,DONALD J TRUMP & JD VANCE,REP,112
08-22,JILL STEIN & RUDOLPH WARE,GRN,5
08-22,KAMALA D HARRIS & TIM WALZ,DEM,528
08-22,WRITE-IN,,3
08-23,CHASE OLIVER & MIKE TER MAAT,LIB,4
08-23,DONALD J TRUMP & JD VANCE,REP,180
08-23,JILL STEIN & RUDOLPH WARE,GRN,11
08-23,KAMALA D HARRIS & TIM WALZ,DEM,894
08-23,WRITE-IN,,5
08-24,CHASE OLIVER & MIKE TER MAAT,LIB,5
08-24,DONALD J TRUMP & JD VANCE,REP,85
08-24,JILL STEIN & RUDOLPH WARE,GRN,3
08-24,KAMALA D HARRIS & TIM WALZ,DEM,494
08-24,WRITE-IN,,2
08-25,CHASE OLIVER & MIKE TER MAAT,LIB,7
08-25,DONALD J TRUMP & JD VANCE,REP,186
08-25,JILL STEIN & RUDOLPH WARE,GRN,17
08-25,KAMALA D HARRIS & TIM WALZ,DEM,976
08-25,WRITE-IN,,3
08-26,CHASE OLIVER & MIKE TER MAAT,LIB,5
08-26,DONALD J TRUMP & JD VANCE,REP,65
08-26,JILL STEIN & RUDOLPH WARE,GRN,8
08-26,KAMALA D HARRIS & TIM WALZ,DEM,622
08-26,WRITE-IN,,0
08-27,CHASE OLIVER & MIKE TER MAAT,LIB,1
08-27,DONALD J TRUMP & JD VANCE,REP,90
08-27,JILL STEIN & RUDOLPH WARE,GRN,2
08-27,KAMALA D HARRIS & TIM WALZ,DEM,531
08-27,WRITE-IN,,4
08-28,CHASE OLIVER & MIKE TER MAAT,LIB,0
08-28,DONALD J TRUMP & JD VANCE,REP,46
08-28,JILL STEIN & RUDOLPH WARE,GRN,2
08-28,KAMALA D HARRIS & TIM WALZ,DEM,614
08-28,WRITE-IN,,1
08-29,CHASE OLIVER & MIKE TER MAAT,LIB,4
08-29,DONALD J TRUMP & JD VANCE,REP,188
08-29,JILL STEIN & RUDOLPH WARE,GRN,5
08-29,KAMALA D HARRIS & TIM WALZ,DEM,896
08-29,WRITE-IN,,3
08-30,CHASE OLIVER & MIKE TER MAAT,LIB,3
08-30,DONALD J TRUMP & JD VANCE,REP,205
08-30,JILL STEIN & RUDOLPH WARE,GRN,11
08-30,KAMALA D HARRIS & TIM WALZ,DEM,1069
08-30,WRITE-IN,,4
08-31,CHASE OLIVER & MIKE TER MAAT,LIB,0
08-31,DONALD J TRUMP & JD VANCE,REP,99
08-31,JILL STEIN & RUDOLPH WARE,GRN,13
08-31,KAMALA D HARRIS & TIM WALZ,DEM,809
08-31,WRITE-IN,,2
08-32,CHASE OLIVER & MIKE TER MAAT,LIB,4
08-32,DONALD J TRUMP & JD VANCE,REP,70
08-32,JILL STEIN & RUDOLPH WARE,GRN,8
08-32,KAMALA D HARRIS & TIM WALZ,DEM,652
08-32,WRITE-IN,,2
08-33,CHASE OLIVER & MIKE TER MAAT,LIB,2
08-33,DONALD J TRUMP & JD VANCE,REP,68
08-33,JILL STEIN & RUDOLPH WARE,GRN,3
08-33,KAMALA D HARRIS & TIM WALZ,DEM,520
08-33,WRITE-IN,,6
08-34,CHASE OLIVER & MIKE TER MAAT,LIB,1
08-34,DONALD J TRUMP & JD VANCE,REP,85
08-34,JILL STEIN & RUDOLPH WARE,GRN,7
08-34,KAMALA D HARRIS & TIM WALZ,DEM,511
08-34,WRITE-IN,,3
08-35,CHASE OLIVER & MIKE TER MAAT,LIB,1
08-35,DONALD J TRUMP & JD VANCE,REP,78
08-35,JILL STEIN & RUDOLPH WARE,GRN,2
08-35,KAMALA D HARRIS & TIM WALZ,DEM,494
08-35,WRITE-IN,,3
09-01,CHASE OLIVER & MIKE TER MAAT,LIB,1
09-01,DONALD J TRUMP & JD VANCE,REP,28
09-01,JILL STEIN & RUDOLPH WARE,GRN,2
09-01,KAMALA D HARRIS & TIM WALZ,DEM,511
09-01,WRITE-IN,,3
09-02,CHASE OLIVER & MIKE TER MAAT,LIB,0
09-02,DONALD J TRUMP & JD VANCE,REP,41
09-02,JILL STEIN & RUDOLPH WARE,GRN,4
09-02,KAMALA D HARRIS & TIM WALZ,DEM,496
09-02,WRITE-IN,,4
09-03,CHASE OLIVER & MIKE TER MAAT,LIB,1
09-03,DONALD J TRUMP & JD VANCE,REP,34
09-03,JILL STEIN & RUDOLPH WARE,GRN,10
09-03,KAMALA D HARRIS & TIM WALZ,DEM,668
09-03,WRITE-IN,,2
09-04,CHASE OLIVER & MIKE TER MAAT,LIB,2
09-04,DONALD J TRUMP & JD VANCE,REP,62
09-04,JILL STEIN & RUDOLPH WARE,GRN,4
09-04,KAMALA D HARRIS & TIM WALZ,DEM,524
09-04,WRITE-IN,,1
09-05,CHASE OLIVER & MIKE TER MAAT,LIB,2
09-05,DONALD J TRUMP & JD VANCE,REP,56
09-05,JILL STEIN & RUDOLPH WARE,GRN,1
09-05,KAMALA D HARRIS & TIM WALZ,DEM,562
09-05,WRITE-IN,,3
09-06,CHASE OLIVER & MIKE TER MAAT,LIB,0
09-06,DONALD J TRUMP & JD VANCE,REP,90
09-06,JILL STEIN & RUDOLPH WARE,GRN,2
09-06,KAMALA D HARRIS & TIM WALZ,DEM,595
09-06,WRITE-IN,,2
09-07,CHASE OLIVER & MIKE TER MAAT,LIB,3
09-07,DONALD J TRUMP & JD VANCE,REP,100
09-07,JILL STEIN & RUDOLPH WARE,GRN,0
09-07,KAMALA D HARRIS & TIM WALZ,DEM,460
09-07,WRITE-IN,,2
09-08,CHASE OLIVER & MIKE TER MAAT,LIB,1
09-08,DONALD J TRUMP & JD VANCE,REP,64
09-08,JILL STEIN & RUDOLPH WARE,GRN,2
09-08,KAMALA D HARRIS & TIM WALZ,DEM,369
09-08,WRITE-IN,,5
09-09,CHASE OLIVER & MIKE TER MAAT,LIB,4
09-09,DONALD J TRUMP & JD VANCE,REP,96
09-09,JILL STEIN & RUDOLPH WARE,GRN,3
09-09,KAMALA D HARRIS & TIM WALZ,DEM,716
09-09,WRITE-IN,,3
09-10,CHASE OLIVER & MIKE TER MAAT,LIB,3
09-10,DONALD J TRUMP & JD VANCE,REP,108
09-10,JILL STEIN & RUDOLPH WARE,GRN,5
09-10,KAMALA D HARRIS & TIM WALZ,DEM,705
09-10,WRITE-IN,,5
09-11,CHASE OLIVER & MIKE TER MAAT,LIB,1
09-11,DONALD J TRUMP & JD VANCE,REP,110
09-11,JILL STEIN & RUDOLPH WARE,GRN,2
09-11,KAMALA D HARRIS & TIM WALZ,DEM,778
09-11,WRITE-IN,,1
09-12,CHASE OLIVER & MIKE TER MAAT,LIB,5
09-12,DONALD J TRUMP & JD VANCE,REP,39
09-12,JILL STEIN & RUDOLPH WARE,GRN,3
09-12,KAMALA D HARRIS & TIM WALZ,DEM,662
09-12,WRITE-IN,,3
09-13,CHASE OLIVER & MIKE TER MAAT,LIB,1
09-13,DONALD J TRUMP & JD VANCE,REP,15
09-13,JILL STEIN & RUDOLPH WARE,GRN,6
09-13,KAMALA D HARRIS & TIM WALZ,DEM,537
09-13,WRITE-IN,,4
09-14,CHASE OLIVER & MIKE TER MAAT,LIB,0
09-14,DONALD J TRUMP & JD VANCE,REP,22
09-14,JILL STEIN & RUDOLPH WARE,GRN,9
09-14,KAMALA D HARRIS & TIM WALZ,DEM,417
09-14,WRITE-IN,,1
09-15,CHASE OLIVER & MIKE TER MAAT,LIB,1
09-15,DONALD J TRUMP & JD VANCE,REP,22
09-15,JILL STEIN & RUDOLPH WARE,GRN,7
09-15,KAMALA D HARRIS & TIM WALZ,DEM,537
09-15,WRITE-IN,,1
09-16,CHASE OLIVER & MIKE TER MAAT,LIB,4
09-16,DONALD J TRUMP & JD VANCE,REP,44
09-16,JILL STEIN & RUDOLPH WARE,GRN,10
09-16,KAMALA D HARRIS & TIM WALZ,DEM,439
09-16,WRITE-IN,,2
09-17,CHASE OLIVER & MIKE TER MAAT,LIB,4
09-17,DONALD J TRUMP & JD VANCE,REP,33
09-17,JILL STEIN & RUDOLPH WARE,GRN,3
09-17,KAMALA D HARRIS & TIM WALZ,DEM,361
09-17,WRITE-IN,,2
10-01,CHASE OLIVER & MIKE TER MAAT,LIB,0
10-01,DONALD J TRUMP & JD VANCE,REP,17
10-01,JILL STEIN & RUDOLPH WARE,GRN,1
10-01,KAMALA D HARRIS & TIM WALZ,DEM,369
10-01,WRITE-IN,,0
10-02,CHASE OLIVER & MIKE TER MAAT,LIB,1
10-02,DONALD J TRUMP & JD VANCE,REP,31
10-02,JILL STEIN & RUDOLPH WARE,GRN,1
10-02,KAMALA D HARRIS & TIM WALZ,DEM,451
10-02,WRITE-IN,,1
10-03,CHASE OLIVER & MIKE TER MAAT,LIB,1
10-03,DONALD J TRUMP & JD VANCE,REP,15
10-03,JILL STEIN & RUDOLPH WARE,GRN,2
10-03,KAMALA D HARRIS & TIM WALZ,DEM,400
10-03,WRITE-IN,,4
10-04,CHASE OLIVER & MIKE TER MAAT,LIB,0
10-04,DONALD J TRUMP & JD VANCE,REP,14
10-04,JILL STEIN & RUDOLPH WARE,GRN,3
10-04,KAMALA D HARRIS & TIM WALZ,DEM,368
10-04,WRITE-IN,,0
10-05,CHASE OLIVER & MIKE TER MAAT,LIB,4
10-05,DONALD J TRUMP & JD VANCE,REP,20
10-05,JILL STEIN & RUDOLPH WARE,GRN,1
10-05,KAMALA D HARRIS & TIM WALZ,DEM,376
10-05,WRITE-IN,,0
10-06,CHASE OLIVER & MIKE TER MAAT,LIB,1
10-06,DONALD J TRUMP & JD VANCE,REP,18
10-06,JILL STEIN & RUDOLPH WARE,GRN,0
10-06,KAMALA D HARRIS & TIM WALZ,DEM,407
10-06,WRITE-IN,,0
10-07,CHASE OLIVER & MIKE TER MAAT,LIB,3
10-07,DONALD J TRUMP & JD VANCE,REP,16
10-07,JILL STEIN & RUDOLPH WARE,GRN,5
10-07,KAMALA D HARRIS & TIM WALZ,DEM,376
10-07,WRITE-IN,,1
10-08,CHASE OLIVER & MIKE TER MAAT,LIB,2
10-08,DONALD J TRUMP & JD VANCE,REP,13
10-08,JILL STEIN & RUDOLPH WARE,GRN,0
10-08,KAMALA D HARRIS & TIM WALZ,DEM,358
10-08,WRITE-IN,,0
10-09,CHASE OLIVER & MIKE TER MAAT,LIB,2
10-09,DONALD J TRUMP & JD VANCE,REP,17
10-09,JILL STEIN & RUDOLPH WARE,GRN,2
10-09,KAMALA D HARRIS & TIM WALZ,DEM,378
10-09,WRITE-IN,,0
10-10,CHASE OLIVER & MIKE TER MAAT,LIB,0
10-10,DONALD J TRUMP & JD VANCE,REP,14
10-10,JILL STEIN & RUDOLPH WARE,GRN,1
10-10,KAMALA D HARRIS & TIM WALZ,DEM,330
10-10,WRITE-IN,,0
10-11,CHASE OLIVER & MIKE TER MAAT,LIB,6
10-11,DONALD J TRUMP & JD VANCE,REP,29
10-11,JILL STEIN & RUDOLPH WARE,GRN,4
10-11,KAMALA D HARRIS & TIM WALZ,DEM,377
10-11,WRITE-IN,,1
10-12,CHASE OLIVER & MIKE TER MAAT,LIB,1
10-12,DONALD J TRUMP & JD VANCE,REP,10
10-12,JILL STEIN & RUDOLPH WARE,GRN,3
10-12,KAMALA D HARRIS & TIM WALZ,DEM,463
10-12,WRITE-IN,,0
10-13,CHASE OLIVER & MIKE TER MAAT,LIB,2
10-13,DONALD J TRUMP & JD VANCE,REP,20
10-13,JILL STEIN & RUDOLPH WARE,GRN,3
10-13,KAMALA D HARRIS & TIM WALZ,DEM,520
10-13,WRITE-IN,,0
10-14,CHASE OLIVER & MIKE TER MAAT,LIB,0
10-14,DONALD J TRUMP & JD VANCE,REP,21
10-14,JILL STEIN & RUDOLPH WARE,GRN,4
10-14,KAMALA D HARRIS & TIM WALZ,DEM,490
10-14,WRITE-IN,,0
10-15,CHASE OLIVER & MIKE TER MAAT,LIB,0
10-15,DONALD J TRUMP & JD VANCE,REP,10
10-15,JILL STEIN & RUDOLPH WARE,GRN,1
10-15,KAMALA D HARRIS & TIM WALZ,DEM,383
10-15,WRITE-IN,,0
10-16,CHASE OLIVER & MIKE TER MAAT,LIB,2
10-16,DONALD J TRUMP & JD VANCE,REP,13
10-16,JILL STEIN & RUDOLPH WARE,GRN,1
10-16,KAMALA D HARRIS & TIM WALZ,DEM,392
10-16,WRITE-IN,,0
10-17,CHASE OLIVER & MIKE TER MAAT,LIB,1
10-17,DONALD J TRUMP & JD VANCE,REP,19
10-17,JILL STEIN & RUDOLPH WARE,GRN,5
10-17,KAMALA D HARRIS & TIM WALZ,DEM,335
10-17,WRITE-IN,,1
10-18,CHASE OLIVER & MIKE TER MAAT,LIB,0
10-18,DONALD J TRUMP & JD VANCE,REP,14
10-18,JILL STEIN & RUDOLPH WARE,GRN,4
10-18,KAMALA D HARRIS & TIM WALZ,DEM,347
10-18,WRITE-IN,,1
10-19,CHASE OLIVER & MIKE TER MAAT,LIB,2
10-19,DONALD J TRUMP & JD VANCE,REP,17
10-19,JILL STEIN & RUDOLPH WARE,GRN,2
10-19,KAMALA D HARRIS & TIM WALZ,DEM,351
10-19,WRITE-IN,,1
10-20,CHASE OLIVER & MIKE TER MAAT,LIB,3
10-20,DONALD J TRUMP & JD VANCE,REP,26
10-20,JILL STEIN & RUDOLPH WARE,GRN,2
10-20,KAMALA D HARRIS & TIM WALZ,DEM,462
10-20,WRITE-IN,,2
10-21,CHASE OLIVER & MIKE TER MAAT,LIB,0
10-21,DONALD J TRUMP & JD VANCE,REP,19
10-21,JILL STEIN & RUDOLPH WARE,GRN,2
10-21,KAMALA D HARRIS & TIM WALZ,DEM,524
10-21,WRITE-IN,,1
10-22,CHASE OLIVER & MIKE TER MAAT,LIB,0
10-22,DONALD J TRUMP & JD VANCE,REP,16
10-22,JILL STEIN & RUDOLPH WARE,GRN,4
10-22,KAMALA D HARRIS & TIM WALZ,DEM,277
10-22,WRITE-IN,,1
10-23,CHASE OLIVER & MIKE TER MAAT,LIB,2
10-23,DONALD J TRUMP & JD VANCE,REP,14
10-23,JILL STEIN & RUDOLPH WARE,GRN,0
10-23,KAMALA D HARRIS & TIM WALZ,DEM,391
10-23,WRITE-IN,,0
10-24,CHASE OLIVER & MIKE TER MAAT,LIB,0
10-24,DONALD J TRUMP & JD VANCE,REP,12
10-24,JILL STEIN & RUDOLPH WARE,GRN,1
10-24,KAMALA D HARRIS & TIM WALZ,DEM,361
10-24,WRITE-IN,,1
10-25,CHASE OLIVER & MIKE TER MAAT,LIB,1
10-25,DONALD J TRUMP & JD VANCE,REP,15
10-25,JILL STEIN & RUDOLPH WARE,GRN,5
10-25,KAMALA D HARRIS & TIM WALZ,DEM,406
10-25,WRITE-IN,,1
10-26,CHASE OLIVER & MIKE TER MAAT,LIB,3
10-26,DONALD J TRUMP & JD VANCE,REP,16
10-26,JILL STEIN & RUDOLPH WARE,GRN,1
10-26,KAMALA D HARRIS & TIM WALZ,DEM,409
10-26,WRITE-IN,,1
10-27,CHASE OLIVER & MIKE TER MAAT,LIB,1
10-27,DONALD J TRUMP & JD VANCE,REP,13
10-27,JILL STEIN & RUDOLPH WARE,GRN,1
10-27,KAMALA D HARRIS & TIM WALZ,DEM,384
10-27,WRITE-IN,,1
10-28,CHASE OLIVER & MIKE TER MAAT,LIB,2
10-28,DONALD J TRUMP & JD VANCE,REP,11
10-28,JILL STEIN & RUDOLPH WARE,GRN,2
10-28,KAMALA D HARRIS & TIM WALZ,DEM,363
10-28,WRITE-IN,,1
10-29,CHASE OLIVER & MIKE TER MAAT,LIB,2
10-29,DONALD J TRUMP & JD VANCE,REP,23
10-29,JILL STEIN & RUDOLPH WARE,GRN,0
10-29,KAMALA D HARRIS & TIM WALZ,DEM,435
10-29,WRITE-IN,,2
11-01,CHASE OLIVER & MIKE TER MAAT,LIB,0
11-01,DONALD J TRUMP & JD VANCE,REP,11
11-01,JILL STEIN & RUDOLPH WARE,GRN,1
11-01,KAMALA D HARRIS & TIM WALZ,DEM,156
11-01,WRITE-IN,,0
11-02,CHASE OLIVER & MIKE TER MAAT,LIB,2
11-02,DONALD J TRUMP & JD VANCE,REP,13
11-02,JILL STEIN & RUDOLPH WARE,GRN,2
11-02,KAMALA D HARRIS & TIM WALZ,DEM,308
11-02,WRITE-IN,,0
11-03,CHASE OLIVER & MIKE TER MAAT,LIB,0
11-03,DONALD J TRUMP & JD VANCE,REP,10
11-03,JILL STEIN & RUDOLPH WARE,GRN,1
11-03,KAMALA D HARRIS & TIM WALZ,DEM,262
11-03,WRITE-IN,,0
11-04,CHASE OLIVER & MIKE TER MAAT,LIB,2
11-04,DONALD J TRUMP & JD VANCE,REP,12
11-04,JILL STEIN & RUDOLPH WARE,GRN,1
11-04,KAMALA D HARRIS & TIM WALZ,DEM,137
11-04,WRITE-IN,,1
11-05,CHASE OLIVER & MIKE TER MAAT,LIB,0
11-05,DONALD J TRUMP & JD VANCE,REP,10
11-05,JILL STEIN & RUDOLPH WARE,GRN,0
11-05,KAMALA D HARRIS & TIM WALZ,DEM,210
11-05,WRITE-IN,,0
11-06,CHASE OLIVER & MIKE TER MAAT,LIB,0
11-06,DONALD J TRUMP & JD VANCE,REP,8
11-06,JILL STEIN & RUDOLPH WARE,GRN,0
11-06,KAMALA D HARRIS & TIM WALZ,DEM,212
11-06,WRITE-IN,,0
11-07,CHASE OLIVER & MIKE TER MAAT,LIB,0
11-07,DONALD J TRUMP & JD VANCE,REP,14
11-07,JILL STEIN & RUDOLPH WARE,GRN,0
11-07,KAMALA D HARRIS & TIM WALZ,DEM,270
11-07,WRITE-IN,,0
11-08,CHASE OLIVER & MIKE TER MAAT,LIB,0
11-08,DONALD J TRUMP & JD VANCE,REP,17
11-08,JILL STEIN & RUDOLPH WARE,GRN,3
11-08,KAMALA D HARRIS & TIM WALZ,DEM,317
11-08,WRITE-IN,,0
11-09,CHASE OLIVER & MIKE TER MAAT,LIB,0
11-09,DONALD J TRUMP & JD VANCE,REP,26
11-09,JILL STEIN & RUDOLPH WARE,GRN,1
11-09,KAMALA D HARRIS & TIM WALZ,DEM,320
11-09,WRITE-IN,,0
11-10,CHASE OLIVER & MIKE TER MAAT,LIB,1
11-10,DONALD J TRUMP & JD VANCE,REP,17
11-10,JILL STEIN & RUDOLPH WARE,GRN,1
11-10,KAMALA D HARRIS & TIM WALZ,DEM,200
11-10,WRITE-IN,,0
11-11,CHASE OLIVER & MIKE TER MAAT,LIB,1
11-11,DONALD J TRUMP & JD VANCE,REP,16
11-11,JILL STEIN & RUDOLPH WARE,GRN,0
11-11,KAMALA D HARRIS & TIM WALZ,DEM,313
11-11,WRITE-IN,,1
11-12,CHASE OLIVER & MIKE TER MAAT,LIB,0
11-12,DONALD J TRUMP & JD VANCE,REP,9
11-12,JILL STEIN & RUDOLPH WARE,GRN,1
11-12,KAMALA D HARRIS & TIM WALZ,DEM,199
11-12,WRITE-IN,,0
11-13,CHASE OLIVER & MIKE TER MAAT,LIB,0
11-13,DONALD J TRUMP & JD VANCE,REP,14
11-13,JILL STEIN & RUDOLPH WARE,GRN,2
11-13,KAMALA D HARRIS & TIM WALZ,DEM,324
11-13,WRITE-IN,,0
11-14,CHASE OLIVER & MIKE TER MAAT,LIB,0
11-14,DONALD J TRUMP & JD VANCE,REP,8
11-14,JILL STEIN & RUDOLPH WARE,GRN,3
11-14,KAMALA D HARRIS & TIM WALZ,DEM,225
11-14,WRITE-IN,,1
11-15,CHASE OLIVER & MIKE TER MAAT,LIB,0
11-15,DONALD J TRUMP & JD VANCE,REP,14
11-15,JILL STEIN & RUDOLPH WARE,GRN,2
11-15,KAMALA D HARRIS & TIM WALZ,DEM,153
11-15,WRITE-IN,,0
11-16,CHASE OLIVER & MIKE TER MAAT,LIB,2
11-16,DONALD J TRUMP & JD VANCE,REP,9
11-16,JILL STEIN & RUDOLPH WARE,GRN,2
11-16,KAMALA D HARRIS & TIM WALZ,DEM,284
11-16,WRITE-IN,,2
11-17,CHASE OLIVER & MIKE TER MAAT,LIB,0
11-17,DONALD J TRUMP & JD VANCE,REP,22
11-17,JILL STEIN & RUDOLPH WARE,GRN,2
11-17,KAMALA D HARRIS & TIM WALZ,DEM,176
11-17,WRITE-IN,,0
11-18,CHASE OLIVER & MIKE TER MAAT,LIB,0
11-18,DONALD J TRUMP & JD VANCE,REP,9
11-18,JILL STEIN & RUDOLPH WARE,GRN,0
11-18,KAMALA D HARRIS & TIM WALZ,DEM,226
11-18,WRITE-IN,,1
11-19,CHASE OLIVER & MIKE TER MAAT,LIB,0
11-19,DONALD J TRUMP & JD VANCE,REP,16
11-19,JILL STEIN & RUDOLPH WARE,GRN,3
11-19,KAMALA D HARRIS & TIM WALZ,DEM,313
11-19,WRITE-IN,,1
11-20,CHASE OLIVER & MIKE TER MAAT,LIB,0
11-20,DONALD J TRUMP & JD VANCE,REP,14
11-20,JILL STEIN & RUDOLPH WARE,GRN,1
11-20,KAMALA D HARRIS & TIM WALZ,DEM,332
11-20,WRITE-IN,,0
12-01,CHASE OLIVER & MIKE TER MAAT,LIB,2
12-01,DONALD J TRUMP & JD VANCE,REP,15
12-01,JILL STEIN & RUDOLPH WARE,GRN,4
12-01,KAMALA D HARRIS & TIM WALZ,DEM,389
12-01,WRITE-IN,,1
12-02,CHASE OLIVER & MIKE TER MAAT,LIB,0
12-02,DONALD J TRUMP & JD VANCE,REP,23
12-02,JILL STEIN & RUDOLPH WARE,GRN,3
12-02,KAMALA D HARRIS & TIM WALZ,DEM,298
12-02,WRITE-IN,,2
12-03,CHASE OLIVER & MIKE TER MAAT,LIB,0
12-03,DONALD J TRUMP & JD VANCE,REP,11
12-03,JILL STEIN & RUDOLPH WARE,GRN,1
12-03,KAMALA D HARRIS & TIM WALZ,DEM,294
12-03,WRITE-IN,,1
12-04,CHASE OLIVER & MIKE TER MAAT,LIB,0
12-04,DONALD J TRUMP & JD VANCE,REP,12
12-04,JILL STEIN & RUDOLPH WARE,GRN,4
12-04,KAMALA D HARRIS & TIM WALZ,DEM,226
12-04,WRITE-IN,,0
12-05,CHASE OLIVER & MIKE TER MAAT,LIB,0
12-05,DONALD J TRUMP & JD VANCE,REP,23
12-05,JILL STEIN & RUDOLPH WARE,GRN,4
12-05,KAMALA D HARRIS & TIM WALZ,DEM,517
12-05,WRITE-IN,,0
12-06,CHASE OLIVER & MIKE TER MAAT,LIB,1
12-06,DONALD J TRUMP & JD VANCE,REP,29
12-06,JILL STEIN & RUDOLPH WARE,GRN,2
12-06,KAMALA D HARRIS & TIM WALZ,DEM,301
12-06,WRITE-IN,,2
12-07,CHASE OLIVER & MIKE TER MAAT,LIB,1
12-07,DONALD J TRUMP & JD VANCE,REP,24
12-07,JILL STEIN & RUDOLPH WARE,GRN,5
12-07,KAMALA D HARRIS & TIM WALZ,DEM,413
12-07,WRITE-IN,,1
12-08,CHASE OLIVER & MIKE TER MAAT,LIB,2
12-08,DONALD J TRUMP & JD VANCE,REP,20
12-08,JILL STEIN & RUDOLPH WARE,GRN,9
12-08,KAMALA D HARRIS & TIM WALZ,DEM,424
12-08,WRITE-IN,,0
12-09,CHASE OLIVER & MIKE TER MAAT,LIB,2
12-09,DONALD J TRUMP & JD VANCE,REP,20
12-09,JILL STEIN & RUDOLPH WARE,GRN,8
12-09,KAMALA D HARRIS & TIM WALZ,DEM,356
12-09,WRITE-IN,,1
12-10,CHASE OLIVER & MIKE TER MAAT,LIB,2
12-10,DONALD J TRUMP & JD VANCE,REP,17
12-10,JILL STEIN & RUDOLPH WARE,GRN,2
12-10,KAMALA D HARRIS & TIM WALZ,DEM,344
12-10,WRITE-IN,,0
12-11,CHASE OLIVER & MIKE TER MAAT,LIB,1
12-11,DONALD J TRUMP & JD VANCE,REP,39
12-11,JILL STEIN & RUDOLPH WARE,GRN,7
12-11,KAMALA D HARRIS & TIM WALZ,DEM,442
12-11,WRITE-IN,,6
12-12,CHASE OLIVER & MIKE TER MAAT,LIB,2
12-12,DONALD J TRUMP & JD VANCE,REP,24
12-12,JILL STEIN & RUDOLPH WARE,GRN,4
12-12,KAMALA D HARRIS & TIM WALZ,DEM,391
12-12,WRITE-IN,,1
12-13,CHASE OLIVER & MIKE TER MAAT,LIB,0
12-13,DONALD J TRUMP & JD VANCE,REP,26
12-13,JILL STEIN & RUDOLPH WARE,GRN,2
12-13,KAMALA D HARRIS & TIM WALZ,DEM,331
12-13,WRITE-IN,,1
12-14,CHASE OLIVER & MIKE TER MAAT,LIB,2
12-14,DONALD J TRUMP & JD VANCE,REP,18
12-14,JILL STEIN & RUDOLPH WARE,GRN,1
12-14,KAMALA D HARRIS & TIM WALZ,DEM,395
12-14,WRITE-IN,,2
12-15,CHASE OLIVER & MIKE TER MAAT,LIB,4
12-15,DONALD J TRUMP & JD VANCE,REP,37
12-15,JILL STEIN & RUDOLPH WARE,GRN,5
12-15,KAMALA D HARRIS & TIM WALZ,DEM,462
12-15,WRITE-IN,,6
12-16,CHASE OLIVER & MIKE TER MAAT,LIB,1
12-16,DONALD J TRUMP & JD VANCE,REP,25
12-16,JILL STEIN & RUDOLPH WARE,GRN,9
12-16,KAMALA D HARRIS & TIM WALZ,DEM,464
12-16,WRITE-IN,,1
12-17,CHASE OLIVER & MIKE TER MAAT,LIB,1
12-17,DONALD J TRUMP & JD VANCE,REP,27
12-17,JILL STEIN & RUDOLPH WARE,GRN,2
12-17,KAMALA D HARRIS & TIM WALZ,DEM,456
12-17,WRITE-IN,,1
12-18,CHASE OLIVER & MIKE TER MAAT,LIB,0
12-18,DONALD J TRUMP & JD VANCE,REP,27
12-18,JILL STEIN & RUDOLPH WARE,GRN,12
12-18,KAMALA D HARRIS & TIM WALZ,DEM,325
12-18,WRITE-IN,,1
12-19,CHASE OLIVER & MIKE TER MAAT,LIB,1
12-19,DONALD J TRUMP & JD VANCE,REP,11
12-19,JILL STEIN & RUDOLPH WARE,GRN,6
12-19,KAMALA D HARRIS & TIM WALZ,DEM,283
12-19,WRITE-IN,,3
12-20,CHASE OLIVER & MIKE TER MAAT,LIB,2
12-20,DONALD J TRUMP & JD VANCE,REP,27
12-20,JILL STEIN & RUDOLPH WARE,GRN,1
12-20,KAMALA D HARRIS & TIM WALZ,DEM,353
12-20,WRITE-IN,,1
12-21,CHASE OLIVER & MIKE TER MAAT,LIB,0
12-21,DONALD J TRUMP & JD VANCE,REP,13
12-21,JILL STEIN & RUDOLPH WARE,GRN,3
12-21,KAMALA D HARRIS & TIM WALZ,DEM,282
12-21,WRITE-IN,,0
12-22,CHASE OLIVER & MIKE TER MAAT,LIB,1
12-22,DONALD J TRUMP & JD VANCE,REP,29
12-22,JILL STEIN & RUDOLPH WARE,GRN,4
12-22,KAMALA D HARRIS & TIM WALZ,DEM,493
12-22,WRITE-IN,,6
12-23,CHASE OLIVER & MIKE TER MAAT,LIB,0
12-23,DONALD J TRUMP & JD VANCE,REP,26
12-23,JILL STEIN & RUDOLPH WARE,GRN,8
12-23,KAMALA D HARRIS & TIM WALZ,DEM,483
12-23,WRITE-IN,,3
12-24,CHASE OLIVER & MIKE TER MAAT,LIB,1
12-24,DONALD J TRUMP & JD VANCE,REP,18
12-24,JILL STEIN & RUDOLPH WARE,GRN,3
12-24,KAMALA D HARRIS & TIM WALZ,DEM,337
12-24,WRITE-IN,,1
13-01,CHASE OLIVER & MIKE TER MAAT,LIB,1
13-01,DONALD J TRUMP & JD VANCE,REP,20
13-01,JILL STEIN & RUDOLPH WARE,GRN,2
13-01,KAMALA D HARRIS & TIM WALZ,DEM,385
13-01,WRITE-IN,,0
13-02,CHASE OLIVER & MIKE TER MAAT,LIB,1
13-02,DONALD J TRUMP & JD VANCE,REP,17
13-02,JILL STEIN & RUDOLPH WARE,GRN,3
13-02,KAMALA D HARRIS & TIM WALZ,DEM,300
13-02,WRITE-IN,,0
13-03,CHASE OLIVER & MIKE TER MAAT,LIB,1
13-03,DONALD J TRUMP & JD VANCE,REP,12
13-03,JILL STEIN & RUDOLPH WARE,GRN,2
13-03,KAMALA D HARRIS & TIM WALZ,DEM,295
13-03,WRITE-IN,,0
13-04,CHASE OLIVER & MIKE TER MAAT,LIB,2
13-04,DONALD J TRUMP & JD VANCE,REP,33
13-04,JILL STEIN & RUDOLPH WARE,GRN,3
13-04,KAMALA D HARRIS & TIM WALZ,DEM,440
13-04,WRITE-IN,,2
13-05,CHASE OLIVER & MIKE TER MAAT,LIB,0
13-05,DONALD J TRUMP & JD VANCE,REP,26
13-05,JILL STEIN & RUDOLPH WARE,GRN,3
13-05,KAMALA D HARRIS & TIM WALZ,DEM,418
13-05,WRITE-IN,,1
13-06,CHASE OLIVER & MIKE TER MAAT,LIB,1
13-06,DONALD J TRUMP & JD VANCE,REP,19
13-06,JILL STEIN & RUDOLPH WARE,GRN,1
13-06,KAMALA D HARRIS & TIM WALZ,DEM,341
13-06,WRITE-IN,,1
13-07,CHASE OLIVER & MIKE TER MAAT,LIB,0
13-07,DONALD J TRUMP & JD VANCE,REP,9
13-07,JILL STEIN & RUDOLPH WARE,GRN,0
13-07,KAMALA D HARRIS & TIM WALZ,DEM,271
13-07,WRITE-IN,,0
13-08,CHASE OLIVER & MIKE TER MAAT,LIB,0
13-08,DONALD J TRUMP & JD VANCE,REP,6
13-08,JILL STEIN & RUDOLPH WARE,GRN,0
13-08,KAMALA D HARRIS & TIM WALZ,DEM,275
13-08,WRITE-IN,,0
13-09,CHASE OLIVER & MIKE TER MAAT,LIB,2
13-09,DONALD J TRUMP & JD VANCE,REP,16
13-09,JILL STEIN & RUDOLPH WARE,GRN,1
13-09,KAMALA D HARRIS & TIM WALZ,DEM,292
13-09,WRITE-IN,,0
13-10,CHASE OLIVER & MIKE TER MAAT,LIB,2
13-10,DONALD J TRUMP & JD VANCE,REP,16
13-10,JILL STEIN & RUDOLPH WARE,GRN,4
13-10,KAMALA D HARRIS & TIM WALZ,DEM,239
13-10,WRITE-IN,,1
13-11,CHASE OLIVER & MIKE TER MAAT,LIB,0
13-11,DONALD J TRUMP & JD VANCE,REP,17
13-11,JILL STEIN & RUDOLPH WARE,GRN,0
13-11,KAMALA D HARRIS & TIM WALZ,DEM,307
13-11,WRITE-IN,,0
13-12,CHASE OLIVER & MIKE TER MAAT,LIB,1
13-12,DONALD J TRUMP & JD VANCE,REP,16
13-12,JILL STEIN & RUDOLPH WARE,GRN,1
13-12,KAMALA D HARRIS & TIM WALZ,DEM,306
13-12,WRITE-IN,,1
13-13,CHASE OLIVER & MIKE TER MAAT,LIB,0
13-13,DONALD J TRUMP & JD VANCE,REP,15
13-13,JILL STEIN & RUDOLPH WARE,GRN,3
13-13,KAMALA D HARRIS & TIM WALZ,DEM,299
13-13,WRITE-IN,,0
13-14,CHASE OLIVER & MIKE TER MAAT,LIB,0
13-14,DONALD J TRUMP & JD VANCE,REP,18
13-14,JILL STEIN & RUDOLPH WARE,GRN,1
13-14,KAMALA D HARRIS & TIM WALZ,DEM,354
13-14,WRITE-IN,,1
13-15,CHASE OLIVER & MIKE TER MAAT,LIB,0
13-15,DONALD J TRUMP & JD VANCE,REP,13
13-15,JILL STEIN & RUDOLPH WARE,GRN,1
13-15,KAMALA D HARRIS & TIM WALZ,DEM,270
13-15,WRITE-IN,,0
13-16,CHASE OLIVER & MIKE TER MAAT,LIB,0
13-16,DONALD J TRUMP & JD VANCE,REP,20
13-16,JILL STEIN & RUDOLPH WARE,GRN,2
13-16,KAMALA D HARRIS & TIM WALZ,DEM,335
13-16,WRITE-IN,,2
13-17,CHASE OLIVER & MIKE TER MAAT,LIB,1
13-17,DONALD J TRUMP & JD VANCE,REP,16
13-17,JILL STEIN & RUDOLPH WARE,GRN,2
13-17,KAMALA D HARRIS & TIM WALZ,DEM,347
13-17,WRITE-IN,,1
13-18,CHASE OLIVER & MIKE TER MAAT,LIB,2
13-18,DONALD J TRUMP & JD VANCE,REP,25
13-18,JILL STEIN & RUDOLPH WARE,GRN,3
13-18,KAMALA D HARRIS & TIM WALZ,DEM,385
13-18,WRITE-IN,,0
13-19,CHASE OLIVER & MIKE TER MAAT,LIB,0
13-19,DONALD J TRUMP & JD VANCE,REP,21
13-19,JILL STEIN & RUDOLPH WARE,GRN,4
13-19,KAMALA D HARRIS & TIM WALZ,DEM,388
13-19,WRITE-IN,,2
13-20,CHASE OLIVER & MIKE TER MAAT,LIB,0
13-20,DONALD J TRUMP & JD VANCE,REP,8
13-20,JILL STEIN & RUDOLPH WARE,GRN,3
13-20,KAMALA D HARRIS & TIM WALZ,DEM,311
13-20,WRITE-IN,,1
13-21,CHASE OLIVER & MIKE TER MAAT,LIB,0
13-21,DONALD J TRUMP & JD VANCE,REP,8
13-21,JILL STEIN & RUDOLPH WARE,GRN,1
13-21,KAMALA D HARRIS & TIM WALZ,DEM,221
13-21,WRITE-IN,,3
13-22,CHASE OLIVER & MIKE TER MAAT,LIB,1
13-22,DONALD J TRUMP & JD VANCE,REP,27
13-22,JILL STEIN & RUDOLPH WARE,GRN,2
13-22,KAMALA D HARRIS & TIM WALZ,DEM,413
13-22,WRITE-IN,,2
13-23,CHASE OLIVER & MIKE TER MAAT,LIB,3
13-23,DONALD J TRUMP & JD VANCE,REP,20
13-23,JILL STEIN & RUDOLPH WARE,GRN,2
13-23,KAMALA D HARRIS & TIM WALZ,DEM,225
13-23,WRITE-IN,,0
13-24,CHASE OLIVER & MIKE TER MAAT,LIB,2
13-24,DONALD J TRUMP & JD VANCE,REP,13
13-24,JILL STEIN & RUDOLPH WARE,GRN,2
13-24,KAMALA D HARRIS & TIM WALZ,DEM,237
13-24,WRITE-IN,,0
13-25,CHASE OLIVER & MIKE TER MAAT,LIB,2
13-25,DONALD J TRUMP & JD VANCE,REP,7
13-25,JILL STEIN & RUDOLPH WARE,GRN,4
13-25,KAMALA D HARRIS & TIM WALZ,DEM,237
13-25,WRITE-IN,,0
14-01,CHASE OLIVER & MIKE TER MAAT,LIB,0
14-01,DONALD J TRUMP & JD VANCE,REP,81
14-01,JILL STEIN & RUDOLPH WARE,GRN,16
14-01,KAMALA D HARRIS & TIM WALZ,DEM,755
14-01,WRITE-IN,,7
14-02,CHASE OLIVER & MIKE TER MAAT,LIB,0
14-02,DONALD J TRUMP & JD VANCE,REP,16
14-02,JILL STEIN & RUDOLPH WARE,GRN,0
14-02,KAMALA D HARRIS & TIM WALZ,DEM,334
14-02,WRITE-IN,,0
14-03,CHASE OLIVER & MIKE TER MAAT,LIB,1
14-03,DONALD J TRUMP & JD VANCE,REP,28
14-03,JILL STEIN & RUDOLPH WARE,GRN,9
14-03,KAMALA D HARRIS & TIM WALZ,DEM,389
14-03,WRITE-IN,,0
14-04,CHASE OLIVER & MIKE TER MAAT,LIB,3
14-04,DONALD J TRUMP & JD VANCE,REP,58
14-04,JILL STEIN & RUDOLPH WARE,GRN,5
14-04,KAMALA D HARRIS & TIM WALZ,DEM,615
14-04,WRITE-IN,,1
14-05,CHASE OLIVER & MIKE TER MAAT,LIB,1
14-05,DONALD J TRUMP & JD VANCE,REP,30
14-05,JILL STEIN & RUDOLPH WARE,GRN,3
14-05,KAMALA D HARRIS & TIM WALZ,DEM,219
14-05,WRITE-IN,,0
14-06,CHASE OLIVER & MIKE TER MAAT,LIB,0
14-06,DONALD J TRUMP & JD VANCE,REP,8
14-06,JILL STEIN & RUDOLPH WARE,GRN,0
14-06,KAMALA D HARRIS & TIM WALZ,DEM,234
14-06,WRITE-IN,,1
14-07,CHASE OLIVER & MIKE TER MAAT,LIB,1
14-07,DONALD J TRUMP & JD VANCE,REP,38
14-07,JILL STEIN & RUDOLPH WARE,GRN,4
14-07,KAMALA D HARRIS & TIM WALZ,DEM,448
14-07,WRITE-IN,,4
14-08,CHASE OLIVER & MIKE TER MAAT,LIB,0
14-08,DONALD J TRUMP & JD VANCE,REP,9
14-08,JILL STEIN & RUDOLPH WARE,GRN,0
14-08,KAMALA D HARRIS & TIM WALZ,DEM,108
14-08,WRITE-IN,,0
14-09,CHASE OLIVER & MIKE TER MAAT,LIB,0
14-09,DONALD J TRUMP & JD VANCE,REP,67
14-09,JILL STEIN & RUDOLPH WARE,GRN,5
14-09,KAMALA D HARRIS & TIM WALZ,DEM,467
14-09,WRITE-IN,,2
14-10,CHASE OLIVER & MIKE TER MAAT,LIB,1
14-10,DONALD J TRUMP & JD VANCE,REP,41
14-10,JILL STEIN & RUDOLPH WARE,GRN,6
14-10,KAMALA D HARRIS & TIM WALZ,DEM,426
14-10,WRITE-IN,,2
14-11,CHASE OLIVER & MIKE TER MAAT,LIB,1
14-11,DONALD J TRUMP & JD VANCE,REP,16
14-11,JILL STEIN & RUDOLPH WARE,GRN,0
14-11,KAMALA D HARRIS & TIM WALZ,DEM,241
14-11,WRITE-IN,,0
15-01,CHASE OLIVER & MIKE TER MAAT,LIB,5
15-01,DONALD J TRUMP & JD VANCE,REP,84
15-01,JILL STEIN & RUDOLPH WARE,GRN,4
15-01,KAMALA D HARRIS & TIM WALZ,DEM,658
15-01,WRITE-IN,,0
15-02,CHASE OLIVER & MIKE TER MAAT,LIB,6
15-02,DONALD J TRUMP & JD VANCE,REP,90
15-02,JILL STEIN & RUDOLPH WARE,GRN,7
15-02,KAMALA D HARRIS & TIM WALZ,DEM,566
15-02,WRITE-IN,,4
15-03,CHASE OLIVER & MIKE TER MAAT,LIB,3
15-03,DONALD J TRUMP & JD VANCE,REP,75
15-03,JILL STEIN & RUDOLPH WARE,GRN,13
15-03,KAMALA D HARRIS & TIM WALZ,DEM,715
15-03,WRITE-IN,,6
15-04,CHASE OLIVER & MIKE TER MAAT,LIB,3
15-04,DONALD J TRUMP & JD VANCE,REP,48
15-04,JILL STEIN & RUDOLPH WARE,GRN,4
15-04,KAMALA D HARRIS & TIM WALZ,DEM,383
15-04,WRITE-IN,,0
15-05,CHASE OLIVER & MIKE TER MAAT,LIB,3
15-05,DONALD J TRUMP & JD VANCE,REP,56
15-05,JILL STEIN & RUDOLPH WARE,GRN,3
15-05,KAMALA D HARRIS & TIM WALZ,DEM,447
15-05,WRITE-IN,,1
15-06,CHASE OLIVER & MIKE TER MAAT,LIB,1
15-06,DONALD J TRUMP & JD VANCE,REP,66
15-06,JILL STEIN & RUDOLPH WARE,GRN,3
15-06,KAMALA D HARRIS & TIM WALZ,DEM,685
15-06,WRITE-IN,,0
15-07,CHASE OLIVER & MIKE TER MAAT,LIB,3
15-07,DONALD J TRUMP & JD VANCE,REP,100
15-07,JILL STEIN & RUDOLPH WARE,GRN,7
15-07,KAMALA D HARRIS & TIM WALZ,DEM,880
15-07,WRITE-IN,,9
15-08,CHASE OLIVER & MIKE TER MAAT,LIB,0
15-08,DONALD J TRUMP & JD VANCE,REP,58
15-08,JILL STEIN & RUDOLPH WARE,GRN,5
15-08,KAMALA D HARRIS & TIM WALZ,DEM,499
15-08,WRITE-IN,,0
15-09,CHASE OLIVER & MIKE TER MAAT,LIB,1
15-09,DONALD J TRUMP & JD VANCE,REP,58
15-09,JILL STEIN & RUDOLPH WARE,GRN,1
15-09,KAMALA D HARRIS & TIM WALZ,DEM,511
15-09,WRITE-IN,,1
15-10,CHASE OLIVER & MIKE TER MAAT,LIB,0
15-10,DONALD J TRUMP & JD VANCE,REP,67
15-10,JILL STEIN & RUDOLPH WARE,GRN,10
15-10,KAMALA D HARRIS & TIM WALZ,DEM,732
15-10,WRITE-IN,,2
15-11,CHASE OLIVER & MIKE TER MAAT,LIB,4
15-11,DONALD J TRUMP & JD VANCE,REP,99
15-11,JILL STEIN & RUDOLPH WARE,GRN,4
15-11,KAMALA D HARRIS & TIM WALZ,DEM,589
15-11,WRITE-IN,,3
15-12,CHASE OLIVER & MIKE TER MAAT,LIB,5
15-12,DONALD J TRUMP & JD VANCE,REP,58
15-12,JILL STEIN & RUDOLPH WARE,GRN,6
15-12,KAMALA D HARRIS & TIM WALZ,DEM,487
15-12,WRITE-IN,,1
15-13,CHASE OLIVER & MIKE TER MAAT,LIB,1
15-13,DONALD J TRUMP & JD VANCE,REP,49
15-13,JILL STEIN & RUDOLPH WARE,GRN,2
15-13,KAMALA D HARRIS & TIM WALZ,DEM,463
15-13,WRITE-IN,,1
15-14,CHASE OLIVER & MIKE TER MAAT,LIB,0
15-14,DONALD J TRUMP & JD VANCE,REP,51
15-14,JILL STEIN & RUDOLPH WARE,GRN,2
15-14,KAMALA D HARRIS & TIM WALZ,DEM,504
15-14,WRITE-IN,,1
15-15,CHASE OLIVER & MIKE TER MAAT,LIB,3
15-15,DONALD J TRUMP & JD VANCE,REP,36
15-15,JILL STEIN & RUDOLPH WARE,GRN,4
15-15,KAMALA D HARRIS & TIM WALZ,DEM,381
15-15,WRITE-IN,,1
15-16,CHASE OLIVER & MIKE TER MAAT,LIB,3
15-16,DONALD J TRUMP & JD VANCE,REP,63
15-16,JILL STEIN & RUDOLPH WARE,GRN,4
15-16,KAMALA D HARRIS & TIM WALZ,DEM,537
15-16,WRITE-IN,,1
15-17,CHASE OLIVER & MIKE TER MAAT,LIB,1
15-17,DONALD J TRUMP & JD VANCE,REP,61
15-17,JILL STEIN & RUDOLPH WARE,GRN,5
15-17,KAMALA D HARRIS & TIM WALZ,DEM,480
15-17,WRITE-IN,,1
15-18,CHASE OLIVER & MIKE TER MAAT,LIB,3
15-18,DONALD J TRUMP & JD VANCE,REP,60
15-18,JILL STEIN & RUDOLPH WARE,GRN,6
15-18,KAMALA D HARRIS & TIM WALZ,DEM,530
15-18,WRITE-IN,,2
15-19,CHASE OLIVER & MIKE TER MAAT,LIB,1
15-19,DONALD J TRUMP & JD VANCE,REP,88
15-19,JILL STEIN & RUDOLPH WARE,GRN,1
15-19,KAMALA D HARRIS & TIM WALZ,DEM,475
15-19,WRITE-IN,,2
16-01,CHASE OLIVER & MIKE TER MAAT,LIB,1
16-01,DONALD J TRUMP & JD VANCE,REP,19
16-01,JILL STEIN & RUDOLPH WARE,GRN,2
16-01,KAMALA D HARRIS & TIM WALZ,DEM,186
16-01,WRITE-IN,,0
16-02,CHASE OLIVER & MIKE TER MAAT,LIB,4
16-02,DONALD J TRUMP & JD VANCE,REP,10
16-02,JILL STEIN & RUDOLPH WARE,GRN,4
16-02,KAMALA D HARRIS & TIM WALZ,DEM,233
16-02,WRITE-IN,,1
16-03,CHASE OLIVER & MIKE TER MAAT,LIB,2
16-03,DONALD J TRUMP & JD VANCE,REP,17
16-03,JILL STEIN & RUDOLPH WARE,GRN,1
16-03,KAMALA D HARRIS & TIM WALZ,DEM,272
16-03,WRITE-IN,,0
16-04,CHASE OLIVER & MIKE TER MAAT,LIB,0
16-04,DONALD J TRUMP & JD VANCE,REP,8
16-04,JILL STEIN & RUDOLPH WARE,GRN,5
16-04,KAMALA D HARRIS & TIM WALZ,DEM,202
16-04,WRITE-IN,,1
16-05,CHASE OLIVER & MIKE TER MAAT,LIB,0
16-05,DONALD J TRUMP & JD VANCE,REP,15
16-05,JILL STEIN & RUDOLPH WARE,GRN,1
16-05,KAMALA D HARRIS & TIM WALZ,DEM,238
16-05,WRITE-IN,,0
16-06,CHASE OLIVER & MIKE TER MAAT,LIB,1
16-06,DONALD J TRUMP & JD VANCE,REP,14
16-06,JILL STEIN & RUDOLPH WARE,GRN,1
16-06,KAMALA D HARRIS & TIM WALZ,DEM,216
16-06,WRITE-IN,,0
16-07,CHASE OLIVER & MIKE TER MAAT,LIB,0
16-07,DONALD J TRUMP & JD VANCE,REP,14
16-07,JILL STEIN & RUDOLPH WARE,GRN,1
16-07,KAMALA D HARRIS & TIM WALZ,DEM,258
16-07,WRITE-IN,,1
16-08,CHASE OLIVER & MIKE TER MAAT,LIB,1
16-08,DONALD J TRUMP & JD VANCE,REP,14
16-08,JILL STEIN & RUDOLPH WARE,GRN,0
16-08,KAMALA D HARRIS & TIM WALZ,DEM,184
16-08,WRITE-IN,,0
16-09,CHASE OLIVER & MIKE TER MAAT,LIB,0
16-09,DONALD J TRUMP & JD VANCE,REP,13
16-09,JILL STEIN & RUDOLPH WARE,GRN,0
16-09,KAMALA D HARRIS & TIM WALZ,DEM,238
16-09,WRITE-IN,,0
16-10,CHASE OLIVER & MIKE TER MAAT,LIB,0
16-10,DONALD J TRUMP & JD VANCE,REP,9
16-10,JILL STEIN & RUDOLPH WARE,GRN,0
16-10,KAMALA D HARRIS & TIM WALZ,DEM,186
16-10,WRITE-IN,,1
16-11,CHASE OLIVER & MIKE TER MAAT,LIB,0
16-11,DONALD J TRUMP & JD VANCE,REP,5
16-11,JILL STEIN & RUDOLPH WARE,GRN,1
16-11,KAMALA D HARRIS & TIM WALZ,DEM,229
16-11,WRITE-IN,,0
16-12,CHASE OLIVER & MIKE TER MAAT,LIB,0
16-12,DONALD J TRUMP & JD VANCE,REP,17
16-12,JILL STEIN & RUDOLPH WARE,GRN,1
16-12,KAMALA D HARRIS & TIM WALZ,DEM,226
16-12,WRITE-IN,,2
16-13,CHASE OLIVER & MIKE TER MAAT,LIB,1
16-13,DONALD J TRUMP & JD VANCE,REP,5
16-13,JILL STEIN & RUDOLPH WARE,GRN,1
16-13,KAMALA D HARRIS & TIM WALZ,DEM,194
16-13,WRITE-IN,,2
16-14,CHASE OLIVER & MIKE TER MAAT,LIB,0
16-14,DONALD J TRUMP & JD VANCE,REP,8
16-14,JILL STEIN & RUDOLPH WARE,GRN,3
16-14,KAMALA D HARRIS & TIM WALZ,DEM,159
16-14,WRITE-IN,,0
16-15,CHASE OLIVER & MIKE TER MAAT,LIB,1
16-15,DONALD J TRUMP & JD VANCE,REP,7
16-15,JILL STEIN & RUDOLPH WARE,GRN,0
16-15,KAMALA D HARRIS & TIM WALZ,DEM,212
16-15,WRITE-IN,,0
16-16,CHASE OLIVER & MIKE TER MAAT,LIB,1
16-16,DONALD J TRUMP & JD VANCE,REP,12
16-16,JILL STEIN & RUDOLPH WARE,GRN,0
16-16,KAMALA D HARRIS & TIM WALZ,DEM,188
16-16,WRITE-IN,,0
16-17,CHASE OLIVER & MIKE TER MAAT,LIB,1
16-17,DONALD J TRUMP & JD VANCE,REP,8
16-17,JILL STEIN & RUDOLPH WARE,GRN,2
16-17,KAMALA D HARRIS & TIM WALZ,DEM,313
16-17,WRITE-IN,,0
16-18,CHASE OLIVER & MIKE TER MAAT,LIB,1
16-18,DONALD J TRUMP & JD VANCE,REP,8
16-18,JILL STEIN & RUDOLPH WARE,GRN,2
16-18,KAMALA D HARRIS & TIM WALZ,DEM,333
16-18,WRITE-IN,,1
17-01,CHASE OLIVER & MIKE TER MAAT,LIB,1
17-01,DONALD J TRUMP & JD VANCE,REP,19
17-01,JILL STEIN & RUDOLPH WARE,GRN,2
17-01,KAMALA D HARRIS & TIM WALZ,DEM,309
17-01,WRITE-IN,,0
17-02,CHASE OLIVER & MIKE TER MAAT,LIB,1
17-02,DONALD J TRUMP & JD VANCE,REP,18
17-02,JILL STEIN & RUDOLPH WARE,GRN,2
17-02,KAMALA D HARRIS & TIM WALZ,DEM,331
17-02,WRITE-IN,,1
17-03,CHASE OLIVER & MIKE TER MAAT,LIB,2
17-03,DONALD J TRUMP & JD VANCE,REP,16
17-03,JILL STEIN & RUDOLPH WARE,GRN,4
17-03,KAMALA D HARRIS & TIM WALZ,DEM,366
17-03,WRITE-IN,,2
17-04,CHASE OLIVER & MIKE TER MAAT,LIB,1
17-04,DONALD J TRUMP & JD VANCE,REP,28
17-04,JILL STEIN & RUDOLPH WARE,GRN,1
17-04,KAMALA D HARRIS & TIM WALZ,DEM,376
17-04,WRITE-IN,,0
17-05,CHASE OLIVER & MIKE TER MAAT,LIB,4
17-05,DONALD J TRUMP & JD VANCE,REP,22
17-05,JILL STEIN & RUDOLPH WARE,GRN,1
17-05,KAMALA D HARRIS & TIM WALZ,DEM,315
17-05,WRITE-IN,,1
17-06,CHASE OLIVER & MIKE TER MAAT,LIB,1
17-06,DONALD J TRUMP & JD VANCE,REP,16
17-06,JILL STEIN & RUDOLPH WARE,GRN,2
17-06,KAMALA D HARRIS & TIM WALZ,DEM,319
17-06,WRITE-IN,,0
17-07,CHASE OLIVER & MIKE TER MAAT,LIB,0
17-07,DONALD J TRUMP & JD VANCE,REP,15
17-07,JILL STEIN & RUDOLPH WARE,GRN,0
17-07,KAMALA D HARRIS & TIM WALZ,DEM,435
17-07,WRITE-IN,,1
17-08,CHASE OLIVER & MIKE TER MAAT,LIB,1
17-08,DONALD J TRUMP & JD VANCE,REP,17
17-08,JILL STEIN & RUDOLPH WARE,GRN,6
17-08,KAMALA D HARRIS & TIM WALZ,DEM,329
17-08,WRITE-IN,,1
17-09,CHASE OLIVER & MIKE TER MAAT,LIB,1
17-09,DONALD J TRUMP & JD VANCE,REP,16
17-09,JILL STEIN & RUDOLPH WARE,GRN,3
17-09,KAMALA D HARRIS & TIM WALZ,DEM,319
17-09,WRITE-IN,,2
17-10,CHASE OLIVER & MIKE TER MAAT,LIB,4
17-10,DONALD J TRUMP & JD VANCE,REP,13
17-10,JILL STEIN & RUDOLPH WARE,GRN,0
17-10,KAMALA D HARRIS & TIM WALZ,DEM,379
17-10,WRITE-IN,,2
17-11,CHASE OLIVER & MIKE TER MAAT,LIB,0
17-11,DONALD J TRUMP & JD VANCE,REP,22
17-11,JILL STEIN & RUDOLPH WARE,GRN,5
17-11,KAMALA D HARRIS & TIM WALZ,DEM,337
17-11,WRITE-IN,,1
17-12,CHASE OLIVER & MIKE TER MAAT,LIB,2
17-12,DONALD J TRUMP & JD VANCE,REP,19
17-12,JILL STEIN & RUDOLPH WARE,GRN,5
17-12,KAMALA D HARRIS & TIM WALZ,DEM,399
17-12,WRITE-IN,,1
17-13,CHASE OLIVER & MIKE TER MAAT,LIB,0
17-13,DONALD J TRUMP & JD VANCE,REP,24
17-13,JILL STEIN & RUDOLPH WARE,GRN,0
17-13,KAMALA D HARRIS & TIM WALZ,DEM,346
17-13,WRITE-IN,,0
17-14,CHASE OLIVER & MIKE TER MAAT,LIB,0
17-14,DONALD J TRUMP & JD VANCE,REP,17
17-14,JILL STEIN & RUDOLPH WARE,GRN,1
17-14,KAMALA D HARRIS & TIM WALZ,DEM,414
17-14,WRITE-IN,,1
17-15,CHASE OLIVER & MIKE TER MAAT,LIB,0
17-15,DONALD J TRUMP & JD VANCE,REP,18
17-15,JILL STEIN & RUDOLPH WARE,GRN,2
17-15,KAMALA D HARRIS & TIM WALZ,DEM,311
17-15,WRITE-IN,,0
17-16,CHASE OLIVER & MIKE TER MAAT,LIB,2
17-16,DONALD J TRUMP & JD VANCE,REP,11
17-16,JILL STEIN & RUDOLPH WARE,GRN,0
17-16,KAMALA D HARRIS & TIM WALZ,DEM,205
17-16,WRITE-IN,,0
17-17,CHASE OLIVER & MIKE TER MAAT,LIB,0
17-17,DONALD J TRUMP & JD VANCE,REP,10
17-17,JILL STEIN & RUDOLPH WARE,GRN,5
17-17,KAMALA D HARRIS & TIM WALZ,DEM,270
17-17,WRITE-IN,,2
17-18,CHASE OLIVER & MIKE TER MAAT,LIB,2
17-18,DONALD J TRUMP & JD VANCE,REP,22
17-18,JILL STEIN & RUDOLPH WARE,GRN,3
17-18,KAMALA D HARRIS & TIM WALZ,DEM,342
17-18,WRITE-IN,,0
17-19,CHASE OLIVER & MIKE TER MAAT,LIB,1
17-19,DONALD J TRUMP & JD VANCE,REP,9
17-19,JILL STEIN & RUDOLPH WARE,GRN,0
17-19,KAMALA D HARRIS & TIM WALZ,DEM,279
17-19,WRITE-IN,,0
17-20,CHASE OLIVER & MIKE TER MAAT,LIB,0
17-20,DONALD J TRUMP & JD VANCE,REP,17
17-20,JILL STEIN & RUDOLPH WARE,GRN,1
17-20,KAMALA D HARRIS & TIM WALZ,DEM,381
17-20,WRITE-IN,,0
17-21,CHASE OLIVER & MIKE TER MAAT,LIB,1
17-21,DONALD J TRUMP & JD VANCE,REP,15
17-21,JILL STEIN & RUDOLPH WARE,GRN,2
17-21,KAMALA D HARRIS & TIM WALZ,DEM,400
17-21,WRITE-IN,,0
17-22,CHASE OLIVER & MIKE TER MAAT,LIB,2
17-22,DONALD J TRUMP & JD VANCE,REP,15
17-22,JILL STEIN & RUDOLPH WARE,GRN,4
17-22,KAMALA D HARRIS & TIM WALZ,DEM,371
17-22,WRITE-IN,,2
17-23,CHASE OLIVER & MIKE TER MAAT,LIB,1
17-23,DONALD J TRUMP & JD VANCE,REP,31
17-23,JILL STEIN & RUDOLPH WARE,GRN,1
17-23,KAMALA D HARRIS & TIM WALZ,DEM,283
17-23,WRITE-IN,,0
17-24,CHASE OLIVER & MIKE TER MAAT,LIB,3
17-24,DONALD J TRUMP & JD VANCE,REP,24
17-24,JILL STEIN & RUDOLPH WARE,GRN,2
17-24,KAMALA D HARRIS & TIM WALZ,DEM,379
17-24,WRITE-IN,,1
17-25,CHASE OLIVER & MIKE TER MAAT,LIB,1
17-25,DONALD J TRUMP & JD VANCE,REP,8
17-25,JILL STEIN & RUDOLPH WARE,GRN,2
17-25,KAMALA D HARRIS & TIM WALZ,DEM,271
17-25,WRITE-IN,,0
17-26,CHASE OLIVER & MIKE TER MAAT,LIB,0
17-26,DONALD J TRUMP & JD VANCE,REP,7
17-26,JILL STEIN & RUDOLPH WARE,GRN,0
17-26,KAMALA D HARRIS & TIM WALZ,DEM,132
17-26,WRITE-IN,,0
17-27,CHASE OLIVER & MIKE TER MAAT,LIB,0
17-27,DONALD J TRUMP & JD VANCE,REP,10
17-27,JILL STEIN & RUDOLPH WARE,GRN,2
17-27,KAMALA D HARRIS & TIM WALZ,DEM,286
17-27,WRITE-IN,,0
17-28,CHASE OLIVER & MIKE TER MAAT,LIB,1
17-28,DONALD J TRUMP & JD VANCE,REP,11
17-28,JILL STEIN & RUDOLPH WARE,GRN,3
17-28,KAMALA D HARRIS & TIM WALZ,DEM,250
17-28,WRITE-IN,,1
17-29,CHASE OLIVER & MIKE TER MAAT,LIB,1
17-29,DONALD J TRUMP & JD VANCE,REP,16
17-29,JILL STEIN & RUDOLPH WARE,GRN,0
17-29,KAMALA D HARRIS & TIM WALZ,DEM,332
17-29,WRITE-IN,,0
18-01,CHASE OLIVER & MIKE TER MAAT,LIB,4
18-01,DONALD J TRUMP & JD VANCE,REP,108
18-01,JILL STEIN & RUDOLPH WARE,GRN,9
18-01,KAMALA D HARRIS & TIM WALZ,DEM,614
18-01,WRITE-IN,,3
18-02,CHASE OLIVER & MIKE TER MAAT,LIB,2
18-02,DONALD J TRUMP & JD VANCE,REP,79
18-02,JILL STEIN & RUDOLPH WARE,GRN,3
18-02,KAMALA D HARRIS & TIM WALZ,DEM,379
18-02,WRITE-IN,,0
18-03,CHASE OLIVER & MIKE TER MAAT,LIB,3
18-03,DONALD J TRUMP & JD VANCE,REP,33
18-03,JILL STEIN & RUDOLPH WARE,GRN,3
18-03,KAMALA D HARRIS & TIM WALZ,DEM,251
18-03,WRITE-IN,,1
18-04,CHASE OLIVER & MIKE TER MAAT,LIB,0
18-04,DONALD J TRUMP & JD VANCE,REP,93
18-04,JILL STEIN & RUDOLPH WARE,GRN,4
18-04,KAMALA D HARRIS & TIM WALZ,DEM,414
18-04,WRITE-IN,,0
18-05,CHASE OLIVER & MIKE TER MAAT,LIB,6
18-05,DONALD J TRUMP & JD VANCE,REP,183
18-05,JILL STEIN & RUDOLPH WARE,GRN,4
18-05,KAMALA D HARRIS & TIM WALZ,DEM,578
18-05,WRITE-IN,,4
18-06,CHASE OLIVER & MIKE TER MAAT,LIB,0
18-06,DONALD J TRUMP & JD VANCE,REP,120
18-06,JILL STEIN & RUDOLPH WARE,GRN,7
18-06,KAMALA D HARRIS & TIM WALZ,DEM,532
18-06,WRITE-IN,,2
18-07,CHASE OLIVER & MIKE TER MAAT,LIB,3
18-07,DONALD J TRUMP & JD VANCE,REP,116
18-07,JILL STEIN & RUDOLPH WARE,GRN,7
18-07,KAMALA D HARRIS & TIM WALZ,DEM,493
18-07,WRITE-IN,,3
18-08,CHASE OLIVER & MIKE TER MAAT,LIB,0
18-08,DONALD J TRUMP & JD VANCE,REP,36
18-08,JILL STEIN & RUDOLPH WARE,GRN,0
18-08,KAMALA D HARRIS & TIM WALZ,DEM,175
18-08,WRITE-IN,,2
18-09,CHASE OLIVER & MIKE TER MAAT,LIB,1
18-09,DONALD J TRUMP & JD VANCE,REP,106
18-09,JILL STEIN & RUDOLPH WARE,GRN,8
18-09,KAMALA D HARRIS & TIM WALZ,DEM,626
18-09,WRITE-IN,,3
18-10,CHASE OLIVER & MIKE TER MAAT,LIB,2
18-10,DONALD J TRUMP & JD VANCE,REP,117
18-10,JILL STEIN & RUDOLPH WARE,GRN,10
18-10,KAMALA D HARRIS & TIM WALZ,DEM,488
18-10,WRITE-IN,,3
18-11,CHASE OLIVER & MIKE TER MAAT,LIB,2
18-11,DONALD J TRUMP & JD VANCE,REP,122
18-11,JILL STEIN & RUDOLPH WARE,GRN,4
18-11,KAMALA D HARRIS & TIM WALZ,DEM,434
18-11,WRITE-IN,,3
18-12,CHASE OLIVER & MIKE TER MAAT,LIB,2
18-12,DONALD J TRUMP & JD VANCE,REP,108
18-12,JILL STEIN & RUDOLPH WARE,GRN,10
18-12,KAMALA D HARRIS & TIM WALZ,DEM,427
18-12,WRITE-IN,,2
18-13,CHASE OLIVER & MIKE TER MAAT,LIB,1
18-13,DONALD J TRUMP & JD VANCE,REP,53
18-13,JILL STEIN & RUDOLPH WARE,GRN,13
18-13,KAMALA D HARRIS & TIM WALZ,DEM,316
18-13,WRITE-IN,,4
18-14,CHASE OLIVER & MIKE TER MAAT,LIB,7
18-14,DONALD J TRUMP & JD VANCE,REP,80
18-14,JILL STEIN & RUDOLPH WARE,GRN,8
18-14,KAMALA D HARRIS & TIM WALZ,DEM,627
18-14,WRITE-IN,,2
18-15,CHASE OLIVER & MIKE TER MAAT,LIB,3
18-15,DONALD J TRUMP & JD VANCE,REP,70
18-15,JILL STEIN & RUDOLPH WARE,GRN,5
18-15,KAMALA D HARRIS & TIM WALZ,DEM,520
18-15,WRITE-IN,,3
18-16,CHASE OLIVER & MIKE TER MAAT,LIB,4
18-16,DONALD J TRUMP & JD VANCE,REP,129
18-16,JILL STEIN & RUDOLPH WARE,GRN,16
18-16,KAMALA D HARRIS & TIM WALZ,DEM,765
18-16,WRITE-IN,,4
18-17,CHASE OLIVER & MIKE TER MAAT,LIB,3
18-17,DONALD J TRUMP & JD VANCE,REP,116
18-17,JILL STEIN & RUDOLPH WARE,GRN,22
18-17,KAMALA D HARRIS & TIM WALZ,DEM,784
18-17,WRITE-IN,,2
18-18,CHASE OLIVER & MIKE TER MAAT,LIB,7
18-18,DONALD J TRUMP & JD VANCE,REP,156
18-18,JILL STEIN & RUDOLPH WARE,GRN,19
18-18,KAMALA D HARRIS & TIM WALZ,DEM,1007
18-18,WRITE-IN,,8
18-19,CHASE OLIVER & MIKE TER MAAT,LIB,4
18-19,DONALD J TRUMP & JD VANCE,REP,115
18-19,JILL STEIN & RUDOLPH WARE,GRN,6
18-19,KAMALA D HARRIS & TIM WALZ,DEM,534
18-19,WRITE-IN,,3
19-01,CHASE OLIVER & MIKE TER MAAT,LIB,1
19-01,DONALD J TRUMP & JD VANCE,REP,41
19-01,JILL STEIN & RUDOLPH WARE,GRN,4
19-01,KAMALA D HARRIS & TIM WALZ,DEM,178
19-01,WRITE-IN,,0
19-02,CHASE OLIVER & MIKE TER MAAT,LIB,1
19-02,DONALD J TRUMP & JD VANCE,REP,94
19-02,JILL STEIN & RUDOLPH WARE,GRN,1
19-02,KAMALA D HARRIS & TIM WALZ,DEM,249
19-02,WRITE-IN,,0
19-03,CHASE OLIVER & MIKE TER MAAT,LIB,0
19-03,DONALD J TRUMP & JD VANCE,REP,44
19-03,JILL STEIN & RUDOLPH WARE,GRN,0
19-03,KAMALA D HARRIS & TIM WALZ,DEM,172
19-03,WRITE-IN,,0
19-04,CHASE OLIVER & MIKE TER MAAT,LIB,1
19-04,DONALD J TRUMP & JD VANCE,REP,49
19-04,JILL STEIN & RUDOLPH WARE,GRN,0
19-04,KAMALA D HARRIS & TIM WALZ,DEM,156
19-04,WRITE-IN,,0
19-05,CHASE OLIVER & MIKE TER MAAT,LIB,0
19-05,DONALD J TRUMP & JD VANCE,REP,48
19-05,JILL STEIN & RUDOLPH WARE,GRN,0
19-05,KAMALA D HARRIS & TIM WALZ,DEM,135
19-05,WRITE-IN,,1
19-06,CHASE OLIVER & MIKE TER MAAT,LIB,1
19-06,DONALD J TRUMP & JD VANCE,REP,37
19-06,JILL STEIN & RUDOLPH WARE,GRN,0
19-06,KAMALA D HARRIS & TIM WALZ,DEM,145
19-06,WRITE-IN,,1
19-07,CHASE OLIVER & MIKE TER MAAT,LIB,0
19-07,DONALD J TRUMP & JD VANCE,REP,33
19-07,JILL STEIN & RUDOLPH WARE,GRN,2
19-07,KAMALA D HARRIS & TIM WALZ,DEM,212
19-07,WRITE-IN,,0
19-08,CHASE OLIVER & MIKE TER MAAT,LIB,0
19-08,DONALD J TRUMP & JD VANCE,REP,50
19-08,JILL STEIN & RUDOLPH WARE,GRN,3
19-08,KAMALA D HARRIS & TIM WALZ,DEM,192
19-08,WRITE-IN,,0
19-09,CHASE OLIVER & MIKE TER MAAT,LIB,1
19-09,DONALD J TRUMP & JD VANCE,REP,63
19-09,JILL STEIN & RUDOLPH WARE,GRN,2
19-09,KAMALA D HARRIS & TIM WALZ,DEM,199
19-09,WRITE-IN,,0
19-10,CHASE OLIVER & MIKE TER MAAT,LIB,1
19-10,DONALD J TRUMP & JD VANCE,REP,78
19-10,JILL STEIN & RUDOLPH WARE,GRN,5
19-10,KAMALA D HARRIS & TIM WALZ,DEM,358
19-10,WRITE-IN,,1
19-11,CHASE OLIVER & MIKE TER MAAT,LIB,0
19-11,DONALD J TRUMP & JD VANCE,REP,52
19-11,JILL STEIN & RUDOLPH WARE,GRN,1
19-11,KAMALA D HARRIS & TIM WALZ,DEM,273
19-11,WRITE-IN,,1
19-12,CHASE OLIVER & MIKE TER MAAT,LIB,3
19-12,DONALD J TRUMP & JD VANCE,REP,59
19-12,JILL STEIN & RUDOLPH WARE,GRN,4
19-12,KAMALA D HARRIS & TIM WALZ,DEM,290
19-12,WRITE-IN,,5
19-13,CHASE OLIVER & MIKE TER MAAT,LIB,2
19-13,DONALD J TRUMP & JD VANCE,REP,37
19-13,JILL STEIN & RUDOLPH WARE,GRN,3
19-13,KAMALA D HARRIS & TIM WALZ,DEM,223
19-13,WRITE-IN,,0
19-14,CHASE OLIVER & MIKE TER MAAT,LIB,1
19-14,DONALD J TRUMP & JD VANCE,REP,29
19-14,JILL STEIN & RUDOLPH WARE,GRN,1
19-14,KAMALA D HARRIS & TIM WALZ,DEM,102
19-14,WRITE-IN,,2
19-15,CHASE OLIVER & MIKE TER MAAT,LIB,0
19-15,DONALD J TRUMP & JD VANCE,REP,26
19-15,JILL STEIN & RUDOLPH WARE,GRN,2
19-15,KAMALA D HARRIS & TIM WALZ,DEM,206
19-15,WRITE-IN,,1
19-16,CHASE OLIVER & MIKE TER MAAT,LIB,2
19-16,DONALD J TRUMP & JD VANCE,REP,65
19-16,JILL STEIN & RUDOLPH WARE,GRN,1
19-16,KAMALA D HARRIS & TIM WALZ,DEM,274
19-16,WRITE-IN,,0
19-17,CHASE OLIVER & MIKE TER MAAT,LIB,1
19-17,DONALD J TRUMP & JD VANCE,REP,33
19-17,JILL STEIN & RUDOLPH WARE,GRN,1
19-17,KAMALA D HARRIS & TIM WALZ,DEM,173
19-17,WRITE-IN,,0
19-18,CHASE OLIVER & MIKE TER MAAT,LIB,0
19-18,DONALD J TRUMP & JD VANCE,REP,24
19-18,JILL STEIN & RUDOLPH WARE,GRN,0
19-18,KAMALA D HARRIS & TIM WALZ,DEM,182
19-18,WRITE-IN,,0
19-19,CHASE OLIVER & MIKE TER MAAT,LIB,0
19-19,DONALD J TRUMP & JD VANCE,REP,38
19-19,JILL STEIN & RUDOLPH WARE,GRN,4
19-19,KAMALA D HARRIS & TIM WALZ,DEM,182
19-19,WRITE-IN,,1
20-01,CHASE OLIVER & MIKE TER MAAT,LIB,1
20-01,DONALD J TRUMP & JD VANCE,REP,53
20-01,JILL STEIN & RUDOLPH WARE,GRN,6
20-01,KAMALA D HARRIS & TIM WALZ,DEM,507
20-01,WRITE-IN,,2
20-02,CHASE OLIVER & MIKE TER MAAT,LIB,0
20-02,DONALD J TRUMP & JD VANCE,REP,35
20-02,JILL STEIN & RUDOLPH WARE,GRN,4
20-02,KAMALA D HARRIS & TIM WALZ,DEM,223
20-02,WRITE-IN,,0
20-03,CHASE OLIVER & MIKE TER MAAT,LIB,1
20-03,DONALD J TRUMP & JD VANCE,REP,21
20-03,JILL STEIN & RUDOLPH WARE,GRN,1
20-03,KAMALA D HARRIS & TIM WALZ,DEM,367
20-03,WRITE-IN,,2
20-04,CHASE OLIVER & MIKE TER MAAT,LIB,5
20-04,DONALD J TRUMP & JD VANCE,REP,37
20-04,JILL STEIN & RUDOLPH WARE,GRN,5
20-04,KAMALA D HARRIS & TIM WALZ,DEM,388
20-04,WRITE-IN,,0
20-05,CHASE OLIVER & MIKE TER MAAT,LIB,1
20-05,DONALD J TRUMP & JD VANCE,REP,15
20-05,JILL STEIN & RUDOLPH WARE,GRN,1
20-05,KAMALA D HARRIS & TIM WALZ,DEM,140
20-05,WRITE-IN,,0
20-06,CHASE OLIVER & MIKE TER MAAT,LIB,1
20-06,DONALD J TRUMP & JD VANCE,REP,37
20-06,JILL STEIN & RUDOLPH WARE,GRN,3
20-06,KAMALA D HARRIS & TIM WALZ,DEM,389
20-06,WRITE-IN,,2
20-07,CHASE OLIVER & MIKE TER MAAT,LIB,2
20-07,DONALD J TRUMP & JD VANCE,REP,39
20-07,JILL STEIN & RUDOLPH WARE,GRN,4
20-07,KAMALA D HARRIS & TIM WALZ,DEM,625
20-07,WRITE-IN,,2
20-08,CHASE OLIVER & MIKE TER MAAT,LIB,0
20-08,DONALD J TRUMP & JD VANCE,REP,24
20-08,JILL STEIN & RUDOLPH WARE,GRN,0
20-08,KAMALA D HARRIS & TIM WALZ,DEM,240
20-08,WRITE-IN,,2
20-09,CHASE OLIVER & MIKE TER MAAT,LIB,0
20-09,DONALD J TRUMP & JD VANCE,REP,24
20-09,JILL STEIN & RUDOLPH WARE,GRN,0
20-09,KAMALA D HARRIS & TIM WALZ,DEM,361
20-09,WRITE-IN,,0
20-10,CHASE OLIVER & MIKE TER MAAT,LIB,0
20-10,DONALD J TRUMP & JD VANCE,REP,20
20-10,JILL STEIN & RUDOLPH WARE,GRN,5
20-10,KAMALA D HARRIS & TIM WALZ,DEM,336
20-10,WRITE-IN,,2
20-11,CHASE OLIVER & MIKE TER MAAT,LIB,0
20-11,DONALD J TRUMP & JD VANCE,REP,96
20-11,JILL STEIN & RUDOLPH WARE,GRN,5
20-11,KAMALA D HARRIS & TIM WALZ,DEM,999
20-11,WRITE-IN,,3
21-01,CHASE OLIVER & MIKE TER MAAT,LIB,4
21-01,DONALD J TRUMP & JD VANCE,REP,114
21-01,JILL STEIN & RUDOLPH WARE,GRN,7
21-01,KAMALA D HARRIS & TIM WALZ,DEM,516
21-01,WRITE-IN,,2
21-02,CHASE OLIVER & MIKE TER MAAT,LIB,4
21-02,DONALD J TRUMP & JD VANCE,REP,150
21-02,JILL STEIN & RUDOLPH WARE,GRN,4
21-02,KAMALA D HARRIS & TIM WALZ,DEM,575
21-02,WRITE-IN,,3
21-03,CHASE OLIVER & MIKE TER MAAT,LIB,0
21-03,DONALD J TRUMP & JD VANCE,REP,24
21-03,JILL STEIN & RUDOLPH WARE,GRN,0
21-03,KAMALA D HARRIS & TIM WALZ,DEM,264
21-03,WRITE-IN,,0
21-04,CHASE OLIVER & MIKE TER MAAT,LIB,3
21-04,DONALD J TRUMP & JD VANCE,REP,95
21-04,JILL STEIN & RUDOLPH WARE,GRN,4
21-04,KAMALA D HARRIS & TIM WALZ,DEM,374
21-04,WRITE-IN,,2
21-05,CHASE OLIVER & MIKE TER MAAT,LIB,4
21-05,DONALD J TRUMP & JD VANCE,REP,274
21-05,JILL STEIN & RUDOLPH WARE,GRN,5
21-05,KAMALA D HARRIS & TIM WALZ,DEM,652
21-05,WRITE-IN,,2
21-06,CHASE OLIVER & MIKE TER MAAT,LIB,1
21-06,DONALD J TRUMP & JD VANCE,REP,133
21-06,JILL STEIN & RUDOLPH WARE,GRN,9
21-06,KAMALA D HARRIS & TIM WALZ,DEM,521
21-06,WRITE-IN,,3
21-07,CHASE OLIVER & MIKE TER MAAT,LIB,3
21-07,DONALD J TRUMP & JD VANCE,REP,143
21-07,JILL STEIN & RUDOLPH WARE,GRN,5
21-07,KAMALA D HARRIS & TIM WALZ,DEM,613
21-07,WRITE-IN,,4
21-08,CHASE OLIVER & MIKE TER MAAT,LIB,5
21-08,DONALD J TRUMP & JD VANCE,REP,126
21-08,JILL STEIN & RUDOLPH WARE,GRN,3
21-08,KAMALA D HARRIS & TIM WALZ,DEM,384
21-08,WRITE-IN,,2
21-09,CHASE OLIVER & MIKE TER MAAT,LIB,7
21-09,DONALD J TRUMP & JD VANCE,REP,177
21-09,JILL STEIN & RUDOLPH WARE,GRN,4
21-09,KAMALA D HARRIS & TIM WALZ,DEM,638
21-09,WRITE-IN,,5
21-10,CHASE OLIVER & MIKE TER MAAT,LIB,4
21-10,DONALD J TRUMP & JD VANCE,REP,101
21-10,JILL STEIN & RUDOLPH WARE,GRN,4
21-10,KAMALA D HARRIS & TIM WALZ,DEM,319
21-10,WRITE-IN,,1
21-11,CHASE OLIVER & MIKE TER MAAT,LIB,3
21-11,DONALD J TRUMP & JD VANCE,REP,91
21-11,JILL STEIN & RUDOLPH WARE,GRN,6
21-11,KAMALA D HARRIS & TIM WALZ,DEM,466
21-11,WRITE-IN,,3
21-12,CHASE OLIVER & MIKE TER MAAT,LIB,4
21-12,DONALD J TRUMP & JD VANCE,REP,97
21-12,JILL STEIN & RUDOLPH WARE,GRN,5
21-12,KAMALA D HARRIS & TIM WALZ,DEM,407
21-12,WRITE-IN,,4
21-13,CHASE OLIVER & MIKE TER MAAT,LIB,3
21-13,DONALD J TRUMP & JD VANCE,REP,126
21-13,JILL STEIN & RUDOLPH WARE,GRN,2
21-13,KAMALA D HARRIS & TIM WALZ,DEM,441
21-13,WRITE-IN,,0
21-14,CHASE OLIVER & MIKE TER MAAT,LIB,5
21-14,DONALD J TRUMP & JD VANCE,REP,101
21-14,JILL STEIN & RUDOLPH WARE,GRN,3
21-14,KAMALA D HARRIS & TIM WALZ,DEM,571
21-14,WRITE-IN,,1
21-15,CHASE OLIVER & MIKE TER MAAT,LIB,2
21-15,DONALD J TRUMP & JD VANCE,REP,97
21-15,JILL STEIN & RUDOLPH WARE,GRN,3
21-15,KAMALA D HARRIS & TIM WALZ,DEM,557
21-15,WRITE-IN,,5
21-16,CHASE OLIVER & MIKE TER MAAT,LIB,2
21-16,DONALD J TRUMP & JD VANCE,REP,119
21-16,JILL STEIN & RUDOLPH WARE,GRN,4
21-16,KAMALA D HARRIS & TIM WALZ,DEM,369
21-16,WRITE-IN,,6
21-17,CHASE OLIVER & MIKE TER MAAT,LIB,4
21-17,DONALD J TRUMP & JD VANCE,REP,147
21-17,JILL STEIN & RUDOLPH WARE,GRN,8
21-17,KAMALA D HARRIS & TIM WALZ,DEM,524
21-17,WRITE-IN,,5
21-18,CHASE OLIVER & MIKE TER MAAT,LIB,2
21-18,DONALD J TRUMP & JD VANCE,REP,110
21-18,JILL STEIN & RUDOLPH WARE,GRN,3
21-18,KAMALA D HARRIS & TIM WALZ,DEM,376
21-18,WRITE-IN,,0
21-19,CHASE OLIVER & MIKE TER MAAT,LIB,3
21-19,DONALD J TRUMP & JD VANCE,REP,92
21-19,JILL STEIN & RUDOLPH WARE,GRN,5
21-19,KAMALA D HARRIS & TIM WALZ,DEM,368
21-19,WRITE-IN,,2
21-20,CHASE OLIVER & MIKE TER MAAT,LIB,2
21-20,DONALD J TRUMP & JD VANCE,REP,83
21-20,JILL STEIN & RUDOLPH WARE,GRN,9
21-20,KAMALA D HARRIS & TIM WALZ,DEM,350
21-20,WRITE-IN,,1
21-21,CHASE OLIVER & MIKE TER MAAT,LIB,1
21-21,DONALD J TRUMP & JD VANCE,REP,154
21-21,JILL STEIN & RUDOLPH WARE,GRN,8
21-21,KAMALA D HARRIS & TIM WALZ,DEM,399
21-21,WRITE-IN,,9
21-22,CHASE OLIVER & MIKE TER MAAT,LIB,1
21-22,DONALD J TRUMP & JD VANCE,REP,239
21-22,JILL STEIN & RUDOLPH WARE,GRN,5
21-22,KAMALA D HARRIS & TIM WALZ,DEM,703
21-22,WRITE-IN,,3
21-23,CHASE OLIVER & MIKE TER MAAT,LIB,3
21-23,DONALD J TRUMP & JD VANCE,REP,91
21-23,JILL STEIN & RUDOLPH WARE,GRN,18
21-23,KAMALA D HARRIS & TIM WALZ,DEM,849
21-23,WRITE-IN,,3
21-24,CHASE OLIVER & MIKE TER MAAT,LIB,2
21-24,DONALD J TRUMP & JD VANCE,REP,60
21-24,JILL STEIN & RUDOLPH WARE,GRN,6
21-24,KAMALA D HARRIS & TIM WALZ,DEM,707
21-24,WRITE-IN,,0
21-25,CHASE OLIVER & MIKE TER MAAT,LIB,5
21-25,DONALD J TRUMP & JD VANCE,REP,141
21-25,JILL STEIN & RUDOLPH WARE,GRN,4
21-25,KAMALA D HARRIS & TIM WALZ,DEM,428
21-25,WRITE-IN,,4
21-26,CHASE OLIVER & MIKE TER MAAT,LIB,1
21-26,DONALD J TRUMP & JD VANCE,REP,157
21-26,JILL STEIN & RUDOLPH WARE,GRN,5
21-26,KAMALA D HARRIS & TIM WALZ,DEM,394
21-26,WRITE-IN,,2
21-27,CHASE OLIVER & MIKE TER MAAT,LIB,2
21-27,DONALD J TRUMP & JD VANCE,REP,125
21-27,JILL STEIN & RUDOLPH WARE,GRN,7
21-27,KAMALA D HARRIS & TIM WALZ,DEM,468
21-27,WRITE-IN,,1
21-28,CHASE OLIVER & MIKE TER MAAT,LIB,3
21-28,DONALD J TRUMP & JD VANCE,REP,176
21-28,JILL STEIN & RUDOLPH WARE,GRN,3
21-28,KAMALA D HARRIS & TIM WALZ,DEM,369
21-28,WRITE-IN,,2
21-29,CHASE OLIVER & MIKE TER MAAT,LIB,9
21-29,DONALD J TRUMP & JD VANCE,REP,260
21-29,JILL STEIN & RUDOLPH WARE,GRN,12
21-29,KAMALA D HARRIS & TIM WALZ,DEM,749
21-29,WRITE-IN,,2
21-30,CHASE OLIVER & MIKE TER MAAT,LIB,6
21-30,DONALD J TRUMP & JD VANCE,REP,196
21-30,JILL STEIN & RUDOLPH WARE,GRN,8
21-30,KAMALA D HARRIS & TIM WALZ,DEM,520
21-30,WRITE-IN,,3
21-31,CHASE OLIVER & MIKE TER MAAT,LIB,2
21-31,DONALD J TRUMP & JD VANCE,REP,160
21-31,JILL STEIN & RUDOLPH WARE,GRN,3
21-31,KAMALA D HARRIS & TIM WALZ,DEM,324
21-31,WRITE-IN,,3
21-32,CHASE OLIVER & MIKE TER MAAT,LIB,3
21-32,DONALD J TRUMP & JD VANCE,REP,170
21-32,JILL STEIN & RUDOLPH WARE,GRN,3
21-32,KAMALA D HARRIS & TIM WALZ,DEM,287
21-32,WRITE-IN,,1
21-33,CHASE OLIVER & MIKE TER MAAT,LIB,4
21-33,DONALD J TRUMP & JD VANCE,REP,270
21-33,JILL STEIN & RUDOLPH WARE,GRN,8
21-33,KAMALA D HARRIS & TIM WALZ,DEM,562
21-33,WRITE-IN,,1
21-34,CHASE OLIVER & MIKE TER MAAT,LIB,4
21-34,DONALD J TRUMP & JD VANCE,REP,298
21-34,JILL STEIN & RUDOLPH WARE,GRN,3
21-34,KAMALA D HARRIS & TIM WALZ,DEM,545
21-34,WRITE-IN,,3
21-35,CHASE OLIVER & MIKE TER MAAT,LIB,5
21-35,DONALD J TRUMP & JD VANCE,REP,154
21-35,JILL STEIN & RUDOLPH WARE,GRN,8
21-35,KAMALA D HARRIS & TIM WALZ,DEM,509
21-35,WRITE-IN,,1
21-36,CHASE OLIVER & MIKE TER MAAT,LIB,1
21-36,DONALD J TRUMP & JD VANCE,REP,77
21-36,JILL STEIN & RUDOLPH WARE,GRN,4
21-36,KAMALA D HARRIS & TIM WALZ,DEM,336
21-36,WRITE-IN,,0
21-37,CHASE OLIVER & MIKE TER MAAT,LIB,1
21-37,DONALD J TRUMP & JD VANCE,REP,158
21-37,JILL STEIN & RUDOLPH WARE,GRN,6
21-37,KAMALA D HARRIS & TIM WALZ,DEM,378
21-37,WRITE-IN,,3
21-38,CHASE OLIVER & MIKE TER MAAT,LIB,0
21-38,DONALD J TRUMP & JD VANCE,REP,255
21-38,JILL STEIN & RUDOLPH WARE,GRN,3
21-38,KAMALA D HARRIS & TIM WALZ,DEM,372
21-38,WRITE-IN,,5
21-39,CHASE OLIVER & MIKE TER MAAT,LIB,1
21-39,DONALD J TRUMP & JD VANCE,REP,176
21-39,JILL STEIN & RUDOLPH WARE,GRN,4
21-39,KAMALA D HARRIS & TIM WALZ,DEM,600
21-39,WRITE-IN,,2
21-40,CHASE OLIVER & MIKE TER MAAT,LIB,1
21-40,DONALD J TRUMP & JD VANCE,REP,219
21-40,JILL STEIN & RUDOLPH WARE,GRN,5
21-40,KAMALA D HARRIS & TIM WALZ,DEM,640
21-40,WRITE-IN,,2
21-41,CHASE OLIVER & MIKE TER MAAT,LIB,7
21-41,DONALD J TRUMP & JD VANCE,REP,220
21-41,JILL STEIN & RUDOLPH WARE,GRN,1
21-41,KAMALA D HARRIS & TIM WALZ,DEM,429
21-41,WRITE-IN,,2
21-42,CHASE OLIVER & MIKE TER MAAT,LIB,4
21-42,DONALD J TRUMP & JD VANCE,REP,208
21-42,JILL STEIN & RUDOLPH WARE,GRN,3
21-42,KAMALA D HARRIS & TIM WALZ,DEM,259
21-42,WRITE-IN,,1
21-43,CHASE OLIVER & MIKE TER MAAT,LIB,0
21-43,DONALD J TRUMP & JD VANCE,REP,112
21-43,JILL STEIN & RUDOLPH WARE,GRN,4
21-43,KAMALA D HARRIS & TIM WALZ,DEM,284
21-43,WRITE-IN,,4
21-44,CHASE OLIVER & MIKE TER MAAT,LIB,2
21-44,DONALD J TRUMP & JD VANCE,REP,287
21-44,JILL STEIN & RUDOLPH WARE,GRN,6
21-44,KAMALA D HARRIS & TIM WALZ,DEM,360
21-44,WRITE-IN,,1
21-45,CHASE OLIVER & MIKE TER MAAT,LIB,2
21-45,DONALD J TRUMP & JD VANCE,REP,136
21-45,JILL STEIN & RUDOLPH WARE,GRN,1
21-45,KAMALA D HARRIS & TIM WALZ,DEM,446
21-45,WRITE-IN,,0
22-01,CHASE OLIVER & MIKE TER MAAT,LIB,2
22-01,DONALD J TRUMP & JD VANCE,REP,24
22-01,JILL STEIN & RUDOLPH WARE,GRN,4
22-01,KAMALA D HARRIS & TIM WALZ,DEM,690
22-01,WRITE-IN,,1
22-02,CHASE OLIVER & MIKE TER MAAT,LIB,4
22-02,DONALD J TRUMP & JD VANCE,REP,34
22-02,JILL STEIN & RUDOLPH WARE,GRN,7
22-02,KAMALA D HARRIS & TIM WALZ,DEM,637
22-02,WRITE-IN,,2
22-03,CHASE OLIVER & MIKE TER MAAT,LIB,0
22-03,DONALD J TRUMP & JD VANCE,REP,21
22-03,JILL STEIN & RUDOLPH WARE,GRN,3
22-03,KAMALA D HARRIS & TIM WALZ,DEM,432
22-03,WRITE-IN,,2
22-04,CHASE OLIVER & MIKE TER MAAT,LIB,1
22-04,DONALD J TRUMP & JD VANCE,REP,20
22-04,JILL STEIN & RUDOLPH WARE,GRN,7
22-04,KAMALA D HARRIS & TIM WALZ,DEM,406
22-04,WRITE-IN,,2
22-05,CHASE OLIVER & MIKE TER MAAT,LIB,0
22-05,DONALD J TRUMP & JD VANCE,REP,28
22-05,JILL STEIN & RUDOLPH WARE,GRN,3
22-05,KAMALA D HARRIS & TIM WALZ,DEM,543
22-05,WRITE-IN,,0
22-06,CHASE OLIVER & MIKE TER MAAT,LIB,0
22-06,DONALD J TRUMP & JD VANCE,REP,36
22-06,JILL STEIN & RUDOLPH WARE,GRN,6
22-06,KAMALA D HARRIS & TIM WALZ,DEM,710
22-06,WRITE-IN,,2
22-07,CHASE OLIVER & MIKE TER MAAT,LIB,1
22-07,DONALD J TRUMP & JD VANCE,REP,40
22-07,JILL STEIN & RUDOLPH WARE,GRN,9
22-07,KAMALA D HARRIS & TIM WALZ,DEM,643
22-07,WRITE-IN,,2
22-08,CHASE OLIVER & MIKE TER MAAT,LIB,0
22-08,DONALD J TRUMP & JD VANCE,REP,12
22-08,JILL STEIN & RUDOLPH WARE,GRN,8
22-08,KAMALA D HARRIS & TIM WALZ,DEM,428
22-08,WRITE-IN,,2
22-09,CHASE OLIVER & MIKE TER MAAT,LIB,3
22-09,DONALD J TRUMP & JD VANCE,REP,20
22-09,JILL STEIN & RUDOLPH WARE,GRN,3
22-09,KAMALA D HARRIS & TIM WALZ,DEM,403
22-09,WRITE-IN,,4
22-10,CHASE OLIVER & MIKE TER MAAT,LIB,3
22-10,DONALD J TRUMP & JD VANCE,REP,23
22-10,JILL STEIN & RUDOLPH WARE,GRN,4
22-10,KAMALA D HARRIS & TIM WALZ,DEM,475
22-10,WRITE-IN,,1
22-11,CHASE OLIVER & MIKE TER MAAT,LIB,3
22-11,DONALD J TRUMP & JD VANCE,REP,20
22-11,JILL STEIN & RUDOLPH WARE,GRN,4
22-11,KAMALA D HARRIS & TIM WALZ,DEM,325
22-11,WRITE-IN,,2
22-12,CHASE OLIVER & MIKE TER MAAT,LIB,2
22-12,DONALD J TRUMP & JD VANCE,REP,28
22-12,JILL STEIN & RUDOLPH WARE,GRN,7
22-12,KAMALA D HARRIS & TIM WALZ,DEM,388
22-12,WRITE-IN,,2
22-13,CHASE OLIVER & MIKE TER MAAT,LIB,1
22-13,DONALD J TRUMP & JD VANCE,REP,23
22-13,JILL STEIN & RUDOLPH WARE,GRN,12
22-13,KAMALA D HARRIS & TIM WALZ,DEM,422
22-13,WRITE-IN,,2
22-14,CHASE OLIVER & MIKE TER MAAT,LIB,4
22-14,DONALD J TRUMP & JD VANCE,REP,21
22-14,JILL STEIN & RUDOLPH WARE,GRN,11
22-14,KAMALA D HARRIS & TIM WALZ,DEM,489
22-14,WRITE-IN,,1
22-15,CHASE OLIVER & MIKE TER MAAT,LIB,0
22-15,DONALD J TRUMP & JD VANCE,REP,26
22-15,JILL STEIN & RUDOLPH WARE,GRN,4
22-15,KAMALA D HARRIS & TIM WALZ,DEM,470
22-15,WRITE-IN,,0
22-16,CHASE OLIVER & MIKE TER MAAT,LIB,2
22-16,DONALD J TRUMP & JD VANCE,REP,19
22-16,JILL STEIN & RUDOLPH WARE,GRN,3
22-16,KAMALA D HARRIS & TIM WALZ,DEM,462
22-16,WRITE-IN,,1
22-17,CHASE OLIVER & MIKE TER MAAT,LIB,3
22-17,DONALD J TRUMP & JD VANCE,REP,16
22-17,JILL STEIN & RUDOLPH WARE,GRN,7
22-17,KAMALA D HARRIS & TIM WALZ,DEM,413
22-17,WRITE-IN,,0
22-18,CHASE OLIVER & MIKE TER MAAT,LIB,0
22-18,DONALD J TRUMP & JD VANCE,REP,11
22-18,JILL STEIN & RUDOLPH WARE,GRN,4
22-18,KAMALA D HARRIS & TIM WALZ,DEM,359
22-18,WRITE-IN,,2
22-19,CHASE OLIVER & MIKE TER MAAT,LIB,3
22-19,DONALD J TRUMP & JD VANCE,REP,24
22-19,JILL STEIN & RUDOLPH WARE,GRN,6
22-19,KAMALA D HARRIS & TIM WALZ,DEM,416
22-19,WRITE-IN,,1
22-20,CHASE OLIVER & MIKE TER MAAT,LIB,2
22-20,DONALD J TRUMP & JD VANCE,REP,13
22-20,JILL STEIN & RUDOLPH WARE,GRN,4
22-20,KAMALA D HARRIS & TIM WALZ,DEM,342
22-20,WRITE-IN,,0
22-21,CHASE OLIVER & MIKE TER MAAT,LIB,1
22-21,DONALD J TRUMP & JD VANCE,REP,24
22-21,JILL STEIN & RUDOLPH WARE,GRN,6
22-21,KAMALA D HARRIS & TIM WALZ,DEM,366
22-21,WRITE-IN,,0
22-22,CHASE OLIVER & MIKE TER MAAT,LIB,0
22-22,DONALD J TRUMP & JD VANCE,REP,21
22-22,JILL STEIN & RUDOLPH WARE,GRN,1
22-22,KAMALA D HARRIS & TIM WALZ,DEM,392
22-22,WRITE-IN,,0
22-23,CHASE OLIVER & MIKE TER MAAT,LIB,1
22-23,DONALD J TRUMP & JD VANCE,REP,19
22-23,JILL STEIN & RUDOLPH WARE,GRN,3
22-23,KAMALA D HARRIS & TIM WALZ,DEM,412
22-23,WRITE-IN,,0
22-24,CHASE OLIVER & MIKE TER MAAT,LIB,1
22-24,DONALD J TRUMP & JD VANCE,REP,24
22-24,JILL STEIN & RUDOLPH WARE,GRN,0
22-24,KAMALA D HARRIS & TIM WALZ,DEM,406
22-24,WRITE-IN,,2
22-25,CHASE OLIVER & MIKE TER MAAT,LIB,1
22-25,DONALD J TRUMP & JD VANCE,REP,11
22-25,JILL STEIN & RUDOLPH WARE,GRN,1
22-25,KAMALA D HARRIS & TIM WALZ,DEM,374
22-25,WRITE-IN,,0
22-26,CHASE OLIVER & MIKE TER MAAT,LIB,1
22-26,DONALD J TRUMP & JD VANCE,REP,18
22-26,JILL STEIN & RUDOLPH WARE,GRN,2
22-26,KAMALA D HARRIS & TIM WALZ,DEM,408
22-26,WRITE-IN,,0
22-27,CHASE OLIVER & MIKE TER MAAT,LIB,1
22-27,DONALD J TRUMP & JD VANCE,REP,17
22-27,JILL STEIN & RUDOLPH WARE,GRN,1
22-27,KAMALA D HARRIS & TIM WALZ,DEM,443
22-27,WRITE-IN,,5
22-28,CHASE OLIVER & MIKE TER MAAT,LIB,1
22-28,DONALD J TRUMP & JD VANCE,REP,15
22-28,JILL STEIN & RUDOLPH WARE,GRN,2
22-28,KAMALA D HARRIS & TIM WALZ,DEM,356
22-28,WRITE-IN,,0
22-29,CHASE OLIVER & MIKE TER MAAT,LIB,0
22-29,DONALD J TRUMP & JD VANCE,REP,39
22-29,JILL STEIN & RUDOLPH WARE,GRN,2
22-29,KAMALA D HARRIS & TIM WALZ,DEM,428
22-29,WRITE-IN,,0
23-01,CHASE OLIVER & MIKE TER MAAT,LIB,1
23-01,DONALD J TRUMP & JD VANCE,REP,50
23-01,JILL STEIN & RUDOLPH WARE,GRN,2
23-01,KAMALA D HARRIS & TIM WALZ,DEM,166
23-01,WRITE-IN,,0
23-02,CHASE OLIVER & MIKE TER MAAT,LIB,0
23-02,DONALD J TRUMP & JD VANCE,REP,73
23-02,JILL STEIN & RUDOLPH WARE,GRN,3
23-02,KAMALA D HARRIS & TIM WALZ,DEM,194
23-02,WRITE-IN,,2
23-03,CHASE OLIVER & MIKE TER MAAT,LIB,1
23-03,DONALD J TRUMP & JD VANCE,REP,33
23-03,JILL STEIN & RUDOLPH WARE,GRN,1
23-03,KAMALA D HARRIS & TIM WALZ,DEM,165
23-03,WRITE-IN,,0
23-04,CHASE OLIVER & MIKE TER MAAT,LIB,0
23-04,DONALD J TRUMP & JD VANCE,REP,117
23-04,JILL STEIN & RUDOLPH WARE,GRN,5
23-04,KAMALA D HARRIS & TIM WALZ,DEM,335
23-04,WRITE-IN,,1
23-05,CHASE OLIVER & MIKE TER MAAT,LIB,1
23-05,DONALD J TRUMP & JD VANCE,REP,61
23-05,JILL STEIN & RUDOLPH WARE,GRN,1
23-05,KAMALA D HARRIS & TIM WALZ,DEM,234
23-05,WRITE-IN,,0
23-06,CHASE OLIVER & MIKE TER MAAT,LIB,1
23-06,DONALD J TRUMP & JD VANCE,REP,72
23-06,JILL STEIN & RUDOLPH WARE,GRN,3
23-06,KAMALA D HARRIS & TIM WALZ,DEM,304
23-06,WRITE-IN,,2
23-07,CHASE OLIVER & MIKE TER MAAT,LIB,2
23-07,DONALD J TRUMP & JD VANCE,REP,70
23-07,JILL STEIN & RUDOLPH WARE,GRN,4
23-07,KAMALA D HARRIS & TIM WALZ,DEM,297
23-07,WRITE-IN,,3
23-08,CHASE OLIVER & MIKE TER MAAT,LIB,1
23-08,DONALD J TRUMP & JD VANCE,REP,76
23-08,JILL STEIN & RUDOLPH WARE,GRN,8
23-08,KAMALA D HARRIS & TIM WALZ,DEM,327
23-08,WRITE-IN,,0
23-09,CHASE OLIVER & MIKE TER MAAT,LIB,5
23-09,DONALD J TRUMP & JD VANCE,REP,89
23-09,JILL STEIN & RUDOLPH WARE,GRN,9
23-09,KAMALA D HARRIS & TIM WALZ,DEM,305
23-09,WRITE-IN,,1
23-10,CHASE OLIVER & MIKE TER MAAT,LIB,2
23-10,DONALD J TRUMP & JD VANCE,REP,145
23-10,JILL STEIN & RUDOLPH WARE,GRN,6
23-10,KAMALA D HARRIS & TIM WALZ,DEM,515
23-10,WRITE-IN,,3
23-11,CHASE OLIVER & MIKE TER MAAT,LIB,1
23-11,DONALD J TRUMP & JD VANCE,REP,123
23-11,JILL STEIN & RUDOLPH WARE,GRN,0
23-11,KAMALA D HARRIS & TIM WALZ,DEM,321
23-11,WRITE-IN,,0
23-12,CHASE OLIVER & MIKE TER MAAT,LIB,1
23-12,DONALD J TRUMP & JD VANCE,REP,79
23-12,JILL STEIN & RUDOLPH WARE,GRN,3
23-12,KAMALA D HARRIS & TIM WALZ,DEM,292
23-12,WRITE-IN,,2
23-13,CHASE OLIVER & MIKE TER MAAT,LIB,2
23-13,DONALD J TRUMP & JD VANCE,REP,104
23-13,JILL STEIN & RUDOLPH WARE,GRN,12
23-13,KAMALA D HARRIS & TIM WALZ,DEM,419
23-13,WRITE-IN,,2
23-14,CHASE OLIVER & MIKE TER MAAT,LIB,0
23-14,DONALD J TRUMP & JD VANCE,REP,183
23-14,JILL STEIN & RUDOLPH WARE,GRN,7
23-14,KAMALA D HARRIS & TIM WALZ,DEM,215
23-14,WRITE-IN,,4
23-15,CHASE OLIVER & MIKE TER MAAT,LIB,0
23-15,DONALD J TRUMP & JD VANCE,REP,104
23-15,JILL STEIN & RUDOLPH WARE,GRN,0
23-15,KAMALA D HARRIS & TIM WALZ,DEM,238
23-15,WRITE-IN,,1
23-16,CHASE OLIVER & MIKE TER MAAT,LIB,1
23-16,DONALD J TRUMP & JD VANCE,REP,55
23-16,JILL STEIN & RUDOLPH WARE,GRN,3
23-16,KAMALA D HARRIS & TIM WALZ,DEM,293
23-16,WRITE-IN,,1
23-17,CHASE OLIVER & MIKE TER MAAT,LIB,0
23-17,DONALD J TRUMP & JD VANCE,REP,50
23-17,JILL STEIN & RUDOLPH WARE,GRN,3
23-17,KAMALA D HARRIS & TIM WALZ,DEM,283
23-17,WRITE-IN,,0
23-18,CHASE OLIVER & MIKE TER MAAT,LIB,1
23-18,DONALD J TRUMP & JD VANCE,REP,17
23-18,JILL STEIN & RUDOLPH WARE,GRN,2
23-18,KAMALA D HARRIS & TIM WALZ,DEM,267
23-18,WRITE-IN,,0
23-19,CHASE OLIVER & MIKE TER MAAT,LIB,1
23-19,DONALD J TRUMP & JD VANCE,REP,36
23-19,JILL STEIN & RUDOLPH WARE,GRN,0
23-19,KAMALA D HARRIS & TIM WALZ,DEM,231
23-19,WRITE-IN,,0
23-20,CHASE OLIVER & MIKE TER MAAT,LIB,2
23-20,DONALD J TRUMP & JD VANCE,REP,50
23-20,JILL STEIN & RUDOLPH WARE,GRN,0
23-20,KAMALA D HARRIS & TIM WALZ,DEM,259
23-20,WRITE-IN,,1
23-21,CHASE OLIVER & MIKE TER MAAT,LIB,0
23-21,DONALD J TRUMP & JD VANCE,REP,40
23-21,JILL STEIN & RUDOLPH WARE,GRN,3
23-21,KAMALA D HARRIS & TIM WALZ,DEM,327
23-21,WRITE-IN,,1
23-22,CHASE OLIVER & MIKE TER MAAT,LIB,2
23-22,DONALD J TRUMP & JD VANCE,REP,69
23-22,JILL STEIN & RUDOLPH WARE,GRN,1
23-22,KAMALA D HARRIS & TIM WALZ,DEM,207
23-22,WRITE-IN,,1
23-23,CHASE OLIVER & MIKE TER MAAT,LIB,0
23-23,DONALD J TRUMP & JD VANCE,REP,57
23-23,JILL STEIN & RUDOLPH WARE,GRN,1
23-23,KAMALA D HARRIS & TIM WALZ,DEM,182
23-23,WRITE-IN,,1
24-01,CHASE OLIVER & MIKE TER MAAT,LIB,0
24-01,DONALD J TRUMP & JD VANCE,REP,42
24-01,JILL STEIN & RUDOLPH WARE,GRN,8
24-01,KAMALA D HARRIS & TIM WALZ,DEM,410
24-01,WRITE-IN,,3
24-02,CHASE OLIVER & MIKE TER MAAT,LIB,1
24-02,DONALD J TRUMP & JD VANCE,REP,32
24-02,JILL STEIN & RUDOLPH WARE,GRN,3
24-02,KAMALA D HARRIS & TIM WALZ,DEM,352
24-02,WRITE-IN,,0
24-03,CHASE OLIVER & MIKE TER MAAT,LIB,2
24-03,DONALD J TRUMP & JD VANCE,REP,26
24-03,JILL STEIN & RUDOLPH WARE,GRN,6
24-03,KAMALA D HARRIS & TIM WALZ,DEM,431
24-03,WRITE-IN,,1
24-04,CHASE OLIVER & MIKE TER MAAT,LIB,1
24-04,DONALD J TRUMP & JD VANCE,REP,20
24-04,JILL STEIN & RUDOLPH WARE,GRN,6
24-04,KAMALA D HARRIS & TIM WALZ,DEM,364
24-04,WRITE-IN,,1
24-05,CHASE OLIVER & MIKE TER MAAT,LIB,2
24-05,DONALD J TRUMP & JD VANCE,REP,33
24-05,JILL STEIN & RUDOLPH WARE,GRN,4
24-05,KAMALA D HARRIS & TIM WALZ,DEM,422
24-05,WRITE-IN,,6
24-06,CHASE OLIVER & MIKE TER MAAT,LIB,2
24-06,DONALD J TRUMP & JD VANCE,REP,109
24-06,JILL STEIN & RUDOLPH WARE,GRN,13
24-06,KAMALA D HARRIS & TIM WALZ,DEM,961
24-06,WRITE-IN,,4
24-07,CHASE OLIVER & MIKE TER MAAT,LIB,0
24-07,DONALD J TRUMP & JD VANCE,REP,25
24-07,JILL STEIN & RUDOLPH WARE,GRN,1
24-07,KAMALA D HARRIS & TIM WALZ,DEM,354
24-07,WRITE-IN,,3
24-08,CHASE OLIVER & MIKE TER MAAT,LIB,2
24-08,DONALD J TRUMP & JD VANCE,REP,46
24-08,JILL STEIN & RUDOLPH WARE,GRN,14
24-08,KAMALA D HARRIS & TIM WALZ,DEM,585
24-08,WRITE-IN,,6
24-09,CHASE OLIVER & MIKE TER MAAT,LIB,0
24-09,DONALD J TRUMP & JD VANCE,REP,12
24-09,JILL STEIN & RUDOLPH WARE,GRN,0
24-09,KAMALA D HARRIS & TIM WALZ,DEM,229
24-09,WRITE-IN,,1
24-10,CHASE OLIVER & MIKE TER MAAT,LIB,2
24-10,DONALD J TRUMP & JD VANCE,REP,49
24-10,JILL STEIN & RUDOLPH WARE,GRN,5
24-10,KAMALA D HARRIS & TIM WALZ,DEM,414
24-10,WRITE-IN,,2
24-11,CHASE OLIVER & MIKE TER MAAT,LIB,0
24-11,DONALD J TRUMP & JD VANCE,REP,26
24-11,JILL STEIN & RUDOLPH WARE,GRN,6
24-11,KAMALA D HARRIS & TIM WALZ,DEM,377
24-11,WRITE-IN,,2
24-12,CHASE OLIVER & MIKE TER MAAT,LIB,2
24-12,DONALD J TRUMP & JD VANCE,REP,13
24-12,JILL STEIN & RUDOLPH WARE,GRN,3
24-12,KAMALA D HARRIS & TIM WALZ,DEM,325
24-12,WRITE-IN,,2
24-13,CHASE OLIVER & MIKE TER MAAT,LIB,1
24-13,DONALD J TRUMP & JD VANCE,REP,14
24-13,JILL STEIN & RUDOLPH WARE,GRN,0
24-13,KAMALA D HARRIS & TIM WALZ,DEM,301
24-13,WRITE-IN,,0
24-14,CHASE OLIVER & MIKE TER MAAT,LIB,0
24-14,DONALD J TRUMP & JD VANCE,REP,10
24-14,JILL STEIN & RUDOLPH WARE,GRN,2
24-14,KAMALA D HARRIS & TIM WALZ,DEM,282
24-14,WRITE-IN,,0
24-15,CHASE OLIVER & MIKE TER MAAT,LIB,0
24-15,DONALD J TRUMP & JD VANCE,REP,9
24-15,JILL STEIN & RUDOLPH WARE,GRN,2
24-15,KAMALA D HARRIS & TIM WALZ,DEM,166
24-15,WRITE-IN,,0
24-16,CHASE OLIVER & MIKE TER MAAT,LIB,1
24-16,DONALD J TRUMP & JD VANCE,REP,6
24-16,JILL STEIN & RUDOLPH WARE,GRN,3
24-16,KAMALA D HARRIS & TIM WALZ,DEM,175
24-16,WRITE-IN,,2
24-17,CHASE OLIVER & MIKE TER MAAT,LIB,1
24-17,DONALD J TRUMP & JD VANCE,REP,15
24-17,JILL STEIN & RUDOLPH WARE,GRN,4
24-17,KAMALA D HARRIS & TIM WALZ,DEM,165
24-17,WRITE-IN,,1
24-18,CHASE OLIVER & MIKE TER MAAT,LIB,0
24-18,DONALD J TRUMP & JD VANCE,REP,48
24-18,JILL STEIN & RUDOLPH WARE,GRN,1
24-18,KAMALA D HARRIS & TIM WALZ,DEM,308
24-18,WRITE-IN,,0
24-19,CHASE OLIVER & MIKE TER MAAT,LIB,0
24-19,DONALD J TRUMP & JD VANCE,REP,39
24-19,JILL STEIN & RUDOLPH WARE,GRN,3
24-19,KAMALA D HARRIS & TIM WALZ,DEM,413
24-19,WRITE-IN,,0
25-01,CHASE OLIVER & MIKE TER MAAT,LIB,2
25-01,DONALD J TRUMP & JD VANCE,REP,163
25-01,JILL STEIN & RUDOLPH WARE,GRN,6
25-01,KAMALA D HARRIS & TIM WALZ,DEM,219
25-01,WRITE-IN,,1
25-02,CHASE OLIVER & MIKE TER MAAT,LIB,3
25-02,DONALD J TRUMP & JD VANCE,REP,74
25-02,JILL STEIN & RUDOLPH WARE,GRN,6
25-02,KAMALA D HARRIS & TIM WALZ,DEM,211
25-02,WRITE-IN,,3
25-03,CHASE OLIVER & MIKE TER MAAT,LIB,8
25-03,DONALD J TRUMP & JD VANCE,REP,195
25-03,JILL STEIN & RUDOLPH WARE,GRN,5
25-03,KAMALA D HARRIS & TIM WALZ,DEM,235
25-03,WRITE-IN,,2
25-04,CHASE OLIVER & MIKE TER MAAT,LIB,0
25-04,DONALD J TRUMP & JD VANCE,REP,177
25-04,JILL STEIN & RUDOLPH WARE,GRN,7
25-04,KAMALA D HARRIS & TIM WALZ,DEM,243
25-04,WRITE-IN,,4
25-05,CHASE OLIVER & MIKE TER MAAT,LIB,0
25-05,DONALD J TRUMP & JD VANCE,REP,209
25-05,JILL STEIN & RUDOLPH WARE,GRN,1
25-05,KAMALA D HARRIS & TIM WALZ,DEM,234
25-05,WRITE-IN,,1
25-06,CHASE OLIVER & MIKE TER MAAT,LIB,1
25-06,DONALD J TRUMP & JD VANCE,REP,160
25-06,JILL STEIN & RUDOLPH WARE,GRN,8
25-06,KAMALA D HARRIS & TIM WALZ,DEM,185
25-06,WRITE-IN,,0
25-07,CHASE OLIVER & MIKE TER MAAT,LIB,1
25-07,DONALD J TRUMP & JD VANCE,REP,206
25-07,JILL STEIN & RUDOLPH WARE,GRN,5
25-07,KAMALA D HARRIS & TIM WALZ,DEM,218
25-07,WRITE-IN,,0
25-08,CHASE OLIVER & MIKE TER MAAT,LIB,1
25-08,DONALD J TRUMP & JD VANCE,REP,144
25-08,JILL STEIN & RUDOLPH WARE,GRN,2
25-08,KAMALA D HARRIS & TIM WALZ,DEM,246
25-08,WRITE-IN,,1
25-09,CHASE OLIVER & MIKE TER MAAT,LIB,5
25-09,DONALD J TRUMP & JD VANCE,REP,48
25-09,JILL STEIN & RUDOLPH WARE,GRN,3
25-09,KAMALA D HARRIS & TIM WALZ,DEM,164
25-09,WRITE-IN,,2
25-10,CHASE OLIVER & MIKE TER MAAT,LIB,4
25-10,DONALD J TRUMP & JD VANCE,REP,126
25-10,JILL STEIN & RUDOLPH WARE,GRN,3
25-10,KAMALA D HARRIS & TIM WALZ,DEM,190
25-10,WRITE-IN,,1
25-11,CHASE OLIVER & MIKE TER MAAT,LIB,2
25-11,DONALD J TRUMP & JD VANCE,REP,109
25-11,JILL STEIN & RUDOLPH WARE,GRN,4
25-11,KAMALA D HARRIS & TIM WALZ,DEM,210
25-11,WRITE-IN,,1
25-12,CHASE OLIVER & MIKE TER MAAT,LIB,2
25-12,DONALD J TRUMP & JD VANCE,REP,132
25-12,JILL STEIN & RUDOLPH WARE,GRN,9
25-12,KAMALA D HARRIS & TIM WALZ,DEM,225
25-12,WRITE-IN,,3
25-13,CHASE OLIVER & MIKE TER MAAT,LIB,1
25-13,DONALD J TRUMP & JD VANCE,REP,69
25-13,JILL STEIN & RUDOLPH WARE,GRN,1
25-13,KAMALA D HARRIS & TIM WALZ,DEM,232
25-13,WRITE-IN,,0
25-14,CHASE OLIVER & MIKE TER MAAT,LIB,2
25-14,DONALD J TRUMP & JD VANCE,REP,45
25-14,JILL STEIN & RUDOLPH WARE,GRN,2
25-14,KAMALA D HARRIS & TIM WALZ,DEM,144
25-14,WRITE-IN,,0
25-15,CHASE OLIVER & MIKE TER MAAT,LIB,1
25-15,DONALD J TRUMP & JD VANCE,REP,77
25-15,JILL STEIN & RUDOLPH WARE,GRN,2
25-15,KAMALA D HARRIS & TIM WALZ,DEM,183
25-15,WRITE-IN,,0
25-16,CHASE OLIVER & MIKE TER MAAT,LIB,0
25-16,DONALD J TRUMP & JD VANCE,REP,42
25-16,JILL STEIN & RUDOLPH WARE,GRN,1
25-16,KAMALA D HARRIS & TIM WALZ,DEM,138
25-16,WRITE-IN,,1
25-17,CHASE OLIVER & MIKE TER MAAT,LIB,0
25-17,DONALD J TRUMP & JD VANCE,REP,55
25-17,JILL STEIN & RUDOLPH WARE,GRN,0
25-17,KAMALA D HARRIS & TIM WALZ,DEM,157
25-17,WRITE-IN,,1
25-18,CHASE OLIVER & MIKE TER MAAT,LIB,0
25-18,DONALD J TRUMP & JD VANCE,REP,60
25-18,JILL STEIN & RUDOLPH WARE,GRN,0
25-18,KAMALA D HARRIS & TIM WALZ,DEM,165
25-18,WRITE-IN,,0
25-19,CHASE OLIVER & MIKE TER MAAT,LIB,0
25-19,DONALD J TRUMP & JD VANCE,REP,75
25-19,JILL STEIN & RUDOLPH WARE,GRN,1
25-19,KAMALA D HARRIS & TIM WALZ,DEM,177
25-19,WRITE-IN,,1
25-20,CHASE OLIVER & MIKE TER MAAT,LIB,0
25-20,DONALD J TRUMP & JD VANCE,REP,54
25-20,JILL STEIN & RUDOLPH WARE,GRN,1
25-20,KAMALA D HARRIS & TIM WALZ,DEM,174
25-20,WRITE-IN,,3
25-21,CHASE OLIVER & MIKE TER MAAT,LIB,2
25-21,DONALD J TRUMP & JD VANCE,REP,74
25-21,JILL STEIN & RUDOLPH WARE,GRN,0
25-21,KAMALA D HARRIS & TIM WALZ,DEM,174
25-21,WRITE-IN,,3
25-22,CHASE OLIVER & MIKE TER MAAT,LIB,0
25-22,DONALD J TRUMP & JD VANCE,REP,154
25-22,JILL STEIN & RUDOLPH WARE,GRN,3
25-22,KAMALA D HARRIS & TIM WALZ,DEM,177
25-22,WRITE-IN,,2
25-23,CHASE OLIVER & MIKE TER MAAT,LIB,2
25-23,DONALD J TRUMP & JD VANCE,REP,107
25-23,JILL STEIN & RUDOLPH WARE,GRN,3
25-23,KAMALA D HARRIS & TIM WALZ,DEM,231
25-23,WRITE-IN,,0
25-24,CHASE OLIVER & MIKE TER MAAT,LIB,1
25-24,DONALD J TRUMP & JD VANCE,REP,92
25-24,JILL STEIN & RUDOLPH WARE,GRN,5
25-24,KAMALA D HARRIS & TIM WALZ,DEM,174
25-24,WRITE-IN,,2
26-01,CHASE OLIVER & MIKE TER MAAT,LIB,0
26-01,DONALD J TRUMP & JD VANCE,REP,312
26-01,JILL STEIN & RUDOLPH WARE,GRN,2
26-01,KAMALA D HARRIS & TIM WALZ,DEM,123
26-01,WRITE-IN,,1
26-02,CHASE OLIVER & MIKE TER MAAT,LIB,4
26-02,DONALD J TRUMP & JD VANCE,REP,514
26-02,JILL STEIN & RUDOLPH WARE,GRN,5
26-02,KAMALA D HARRIS & TIM WALZ,DEM,186
26-02,WRITE-IN,,1
26-03,CHASE OLIVER & MIKE TER MAAT,LIB,1
26-03,DONALD J TRUMP & JD VANCE,REP,338
26-03,JILL STEIN & RUDOLPH WARE,GRN,2
26-03,KAMALA D HARRIS & TIM WALZ,DEM,128
26-03,WRITE-IN,,1
26-04,CHASE OLIVER & MIKE TER MAAT,LIB,4
26-04,DONALD J TRUMP & JD VANCE,REP,359
26-04,JILL STEIN & RUDOLPH WARE,GRN,2
26-04,KAMALA D HARRIS & TIM WALZ,DEM,122
26-04,WRITE-IN,,1
26-05,CHASE OLIVER & MIKE TER MAAT,LIB,2
26-05,DONALD J TRUMP & JD VANCE,REP,320
26-05,JILL STEIN & RUDOLPH WARE,GRN,1
26-05,KAMALA D HARRIS & TIM WALZ,DEM,144
26-05,WRITE-IN,,1
26-06,CHASE OLIVER & MIKE TER MAAT,LIB,3
26-06,DONALD J TRUMP & JD VANCE,REP,408
26-06,JILL STEIN & RUDOLPH WARE,GRN,0
26-06,KAMALA D HARRIS & TIM WALZ,DEM,191
26-06,WRITE-IN,,3
26-07,CHASE OLIVER & MIKE TER MAAT,LIB,4
26-07,DONALD J TRUMP & JD VANCE,REP,322
26-07,JILL STEIN & RUDOLPH WARE,GRN,1
26-07,KAMALA D HARRIS & TIM WALZ,DEM,162
26-07,WRITE-IN,,0
26-08,CHASE OLIVER & MIKE TER MAAT,LIB,0
26-08,DONALD J TRUMP & JD VANCE,REP,304
26-08,JILL STEIN & RUDOLPH WARE,GRN,3
26-08,KAMALA D HARRIS & TIM WALZ,DEM,224
26-08,WRITE-IN,,2
26-09,CHASE OLIVER & MIKE TER MAAT,LIB,1
26-09,DONALD J TRUMP & JD VANCE,REP,371
26-09,JILL STEIN & RUDOLPH WARE,GRN,2
26-09,KAMALA D HARRIS & TIM WALZ,DEM,174
26-09,WRITE-IN,,1
26-10,CHASE OLIVER & MIKE TER MAAT,LIB,0
26-10,DONALD J TRUMP & JD VANCE,REP,142
26-10,JILL STEIN & RUDOLPH WARE,GRN,7
26-10,KAMALA D HARRIS & TIM WALZ,DEM,225
26-10,WRITE-IN,,0
26-11,CHASE OLIVER & MIKE TER MAAT,LIB,3
26-11,DONALD J TRUMP & JD VANCE,REP,210
26-11,JILL STEIN & RUDOLPH WARE,GRN,2
26-11,KAMALA D HARRIS & TIM WALZ,DEM,205
26-11,WRITE-IN,,0
26-12,CHASE OLIVER & MIKE TER MAAT,LIB,2
26-12,DONALD J TRUMP & JD VANCE,REP,207
26-12,JILL STEIN & RUDOLPH WARE,GRN,1
26-12,KAMALA D HARRIS & TIM WALZ,DEM,233
26-12,WRITE-IN,,2
26-13,CHASE OLIVER & MIKE TER MAAT,LIB,0
26-13,DONALD J TRUMP & JD VANCE,REP,243
26-13,JILL STEIN & RUDOLPH WARE,GRN,0
26-13,KAMALA D HARRIS & TIM WALZ,DEM,155
26-13,WRITE-IN,,0
26-14,CHASE OLIVER & MIKE TER MAAT,LIB,2
26-14,DONALD J TRUMP & JD VANCE,REP,210
26-14,JILL STEIN & RUDOLPH WARE,GRN,3
26-14,KAMALA D HARRIS & TIM WALZ,DEM,225
26-14,WRITE-IN,,3
26-15,CHASE OLIVER & MIKE TER MAAT,LIB,0
26-15,DONALD J TRUMP & JD VANCE,REP,196
26-15,JILL STEIN & RUDOLPH WARE,GRN,3
26-15,KAMALA D HARRIS & TIM WALZ,DEM,165
26-15,WRITE-IN,,3
26-16,CHASE OLIVER & MIKE TER MAAT,LIB,3
26-16,DONALD J TRUMP & JD VANCE,REP,126
26-16,JILL STEIN & RUDOLPH WARE,GRN,9
26-16,KAMALA D HARRIS & TIM WALZ,DEM,278
26-16,WRITE-IN,,2
26-17,CHASE OLIVER & MIKE TER MAAT,LIB,0
26-17,DONALD J TRUMP & JD VANCE,REP,143
26-17,JILL STEIN & RUDOLPH WARE,GRN,3
26-17,KAMALA D HARRIS & TIM WALZ,DEM,238
26-17,WRITE-IN,,4
26-18,CHASE OLIVER & MIKE TER MAAT,LIB,2
26-18,DONALD J TRUMP & JD VANCE,REP,213
26-18,JILL STEIN & RUDOLPH WARE,GRN,4
26-18,KAMALA D HARRIS & TIM WALZ,DEM,204
26-18,WRITE-IN,,2
26-19,CHASE OLIVER & MIKE TER MAAT,LIB,4
26-19,DONALD J TRUMP & JD VANCE,REP,207
26-19,JILL STEIN & RUDOLPH WARE,GRN,4
26-19,KAMALA D HARRIS & TIM WALZ,DEM,240
26-19,WRITE-IN,,0
26-20,CHASE OLIVER & MIKE TER MAAT,LIB,2
26-20,DONALD J TRUMP & JD VANCE,REP,234
26-20,JILL STEIN & RUDOLPH WARE,GRN,1
26-20,KAMALA D HARRIS & TIM WALZ,DEM,148
26-20,WRITE-IN,,0
26-21,CHASE OLIVER & MIKE TER MAAT,LIB,2
26-21,DONALD J TRUMP & JD VANCE,REP,161
26-21,JILL STEIN & RUDOLPH WARE,GRN,7
26-21,KAMALA D HARRIS & TIM WALZ,DEM,193
26-21,WRITE-IN,,3
26-22,CHASE OLIVER & MIKE TER MAAT,LIB,1
26-22,DONALD J TRUMP & JD VANCE,REP,115
26-22,JILL STEIN & RUDOLPH WARE,GRN,5
26-22,KAMALA D HARRIS & TIM WALZ,DEM,239
26-22,WRITE-IN,,1
26-23,CHASE OLIVER & MIKE TER MAAT,LIB,6
26-23,DONALD J TRUMP & JD VANCE,REP,506
26-23,JILL STEIN & RUDOLPH WARE,GRN,6
26-23,KAMALA D HARRIS & TIM WALZ,DEM,505
26-23,WRITE-IN,,3
27-01,CHASE OLIVER & MIKE TER MAAT,LIB,2
27-01,DONALD J TRUMP & JD VANCE,REP,54
27-01,JILL STEIN & RUDOLPH WARE,GRN,10
27-01,KAMALA D HARRIS & TIM WALZ,DEM,354
27-01,WRITE-IN,,3
27-02,CHASE OLIVER & MIKE TER MAAT,LIB,1
27-02,DONALD J TRUMP & JD VANCE,REP,20
27-02,JILL STEIN & RUDOLPH WARE,GRN,9
27-02,KAMALA D HARRIS & TIM WALZ,DEM,499
27-02,WRITE-IN,,3
27-03,CHASE OLIVER & MIKE TER MAAT,LIB,0
27-03,DONALD J TRUMP & JD VANCE,REP,75
27-03,JILL STEIN & RUDOLPH WARE,GRN,6
27-03,KAMALA D HARRIS & TIM WALZ,DEM,319
27-03,WRITE-IN,,1
27-04,CHASE OLIVER & MIKE TER MAAT,LIB,0
27-04,DONALD J TRUMP & JD VANCE,REP,11
27-04,JILL STEIN & RUDOLPH WARE,GRN,2
27-04,KAMALA D HARRIS & TIM WALZ,DEM,259
27-04,WRITE-IN,,0
27-05,CHASE OLIVER & MIKE TER MAAT,LIB,4
27-05,DONALD J TRUMP & JD VANCE,REP,37
27-05,JILL STEIN & RUDOLPH WARE,GRN,15
27-05,KAMALA D HARRIS & TIM WALZ,DEM,477
27-05,WRITE-IN,,3
27-06,CHASE OLIVER & MIKE TER MAAT,LIB,2
27-06,DONALD J TRUMP & JD VANCE,REP,92
27-06,JILL STEIN & RUDOLPH WARE,GRN,18
27-06,KAMALA D HARRIS & TIM WALZ,DEM,672
27-06,WRITE-IN,,3
27-07,CHASE OLIVER & MIKE TER MAAT,LIB,3
27-07,DONALD J TRUMP & JD VANCE,REP,21
27-07,JILL STEIN & RUDOLPH WARE,GRN,11
27-07,KAMALA D HARRIS & TIM WALZ,DEM,408
27-07,WRITE-IN,,3
27-08,CHASE OLIVER & MIKE TER MAAT,LIB,2
27-08,DONALD J TRUMP & JD VANCE,REP,42
27-08,JILL STEIN & RUDOLPH WARE,GRN,3
27-08,KAMALA D HARRIS & TIM WALZ,DEM,283
27-08,WRITE-IN,,2
27-09,CHASE OLIVER & MIKE TER MAAT,LIB,2
27-09,DONALD J TRUMP & JD VANCE,REP,98
27-09,JILL STEIN & RUDOLPH WARE,GRN,2
27-09,KAMALA D HARRIS & TIM WALZ,DEM,529
27-09,WRITE-IN,,5
27-10,CHASE OLIVER & MIKE TER MAAT,LIB,0
27-10,DONALD J TRUMP & JD VANCE,REP,13
27-10,JILL STEIN & RUDOLPH WARE,GRN,5
27-10,KAMALA D HARRIS & TIM WALZ,DEM,230
27-10,WRITE-IN,,0
27-11,CHASE OLIVER & MIKE TER MAAT,LIB,3
27-11,DONALD J TRUMP & JD VANCE,REP,172
27-11,JILL STEIN & RUDOLPH WARE,GRN,6
27-11,KAMALA D HARRIS & TIM WALZ,DEM,637
27-11,WRITE-IN,,6
27-12,CHASE OLIVER & MIKE TER MAAT,LIB,0
27-12,DONALD J TRUMP & JD VANCE,REP,5
27-12,JILL STEIN & RUDOLPH WARE,GRN,6
27-12,KAMALA D HARRIS & TIM WALZ,DEM,255
27-12,WRITE-IN,,2
27-13,CHASE OLIVER & MIKE TER MAAT,LIB,0
27-13,DONALD J TRUMP & JD VANCE,REP,72
27-13,JILL STEIN & RUDOLPH WARE,GRN,39
27-13,KAMALA D HARRIS & TIM WALZ,DEM,475
27-13,WRITE-IN,,2
27-14,CHASE OLIVER & MIKE TER MAAT,LIB,1
27-14,DONALD J TRUMP & JD VANCE,REP,33
27-14,JILL STEIN & RUDOLPH WARE,GRN,23
27-14,KAMALA D HARRIS & TIM WALZ,DEM,489
27-14,WRITE-IN,,5
27-15,CHASE OLIVER & MIKE TER MAAT,LIB,2
27-15,DONALD J TRUMP & JD VANCE,REP,22
27-15,JILL STEIN & RUDOLPH WARE,GRN,3
27-15,KAMALA D HARRIS & TIM WALZ,DEM,428
27-15,WRITE-IN,,4
27-16,CHASE OLIVER & MIKE TER MAAT,LIB,0
27-16,DONALD J TRUMP & JD VANCE,REP,22
27-16,JILL STEIN & RUDOLPH WARE,GRN,0
27-16,KAMALA D HARRIS & TIM WALZ,DEM,257
27-16,WRITE-IN,,1
27-17,CHASE OLIVER & MIKE TER MAAT,LIB,0
27-17,DONALD J TRUMP & JD VANCE,REP,17
27-17,JILL STEIN & RUDOLPH WARE,GRN,2
27-17,KAMALA D HARRIS & TIM WALZ,DEM,293
27-17,WRITE-IN,,0
27-18,CHASE OLIVER & MIKE TER MAAT,LIB,0
27-18,DONALD J TRUMP & JD VANCE,REP,99
27-18,JILL STEIN & RUDOLPH WARE,GRN,8
27-18,KAMALA D HARRIS & TIM WALZ,DEM,533
27-18,WRITE-IN,,6
27-19,CHASE OLIVER & MIKE TER MAAT,LIB,6
27-19,DONALD J TRUMP & JD VANCE,REP,172
27-19,JILL STEIN & RUDOLPH WARE,GRN,12
27-19,KAMALA D HARRIS & TIM WALZ,DEM,1074
27-19,WRITE-IN,,3
27-20,CHASE OLIVER & MIKE TER MAAT,LIB,1
27-20,DONALD J TRUMP & JD VANCE,REP,63
27-20,JILL STEIN & RUDOLPH WARE,GRN,8
27-20,KAMALA D HARRIS & TIM WALZ,DEM,353
27-20,WRITE-IN,,5
27-21,CHASE OLIVER & MIKE TER MAAT,LIB,2
27-21,DONALD J TRUMP & JD VANCE,REP,121
27-21,JILL STEIN & RUDOLPH WARE,GRN,6
27-21,KAMALA D HARRIS & TIM WALZ,DEM,640
27-21,WRITE-IN,,4
27-22,CHASE OLIVER & MIKE TER MAAT,LIB,2
27-22,DONALD J TRUMP & JD VANCE,REP,108
27-22,JILL STEIN & RUDOLPH WARE,GRN,6
27-22,KAMALA D HARRIS & TIM WALZ,DEM,628
27-22,WRITE-IN,,3
27-23,CHASE OLIVER & MIKE TER MAAT,LIB,1
27-23,DONALD J TRUMP & JD VANCE,REP,34
27-23,JILL STEIN & RUDOLPH WARE,GRN,16
27-23,KAMALA D HARRIS & TIM WALZ,DEM,564
27-23,WRITE-IN,,4
28-01,CHASE OLIVER & MIKE TER MAAT,LIB,0
28-01,DONALD J TRUMP & JD VANCE,REP,14
28-01,JILL STEIN & RUDOLPH WARE,GRN,2
28-01,KAMALA D HARRIS & TIM WALZ,DEM,192
28-01,WRITE-IN,,0
28-02,CHASE OLIVER & MIKE TER MAAT,LIB,1
28-02,DONALD J TRUMP & JD VANCE,REP,8
28-02,JILL STEIN & RUDOLPH WARE,GRN,0
28-02,KAMALA D HARRIS & TIM WALZ,DEM,246
28-02,WRITE-IN,,0
28-03,CHASE OLIVER & MIKE TER MAAT,LIB,1
28-03,DONALD J TRUMP & JD VANCE,REP,11
28-03,JILL STEIN & RUDOLPH WARE,GRN,3
28-03,KAMALA D HARRIS & TIM WALZ,DEM,327
28-03,WRITE-IN,,0
28-04,CHASE OLIVER & MIKE TER MAAT,LIB,0
28-04,DONALD J TRUMP & JD VANCE,REP,13
28-04,JILL STEIN & RUDOLPH WARE,GRN,2
28-04,KAMALA D HARRIS & TIM WALZ,DEM,267
28-04,WRITE-IN,,0
28-05,CHASE OLIVER & MIKE TER MAAT,LIB,0
28-05,DONALD J TRUMP & JD VANCE,REP,14
28-05,JILL STEIN & RUDOLPH WARE,GRN,2
28-05,KAMALA D HARRIS & TIM WALZ,DEM,296
28-05,WRITE-IN,,1
28-06,CHASE OLIVER & MIKE TER MAAT,LIB,1
28-06,DONALD J TRUMP & JD VANCE,REP,13
28-06,JILL STEIN & RUDOLPH WARE,GRN,1
28-06,KAMALA D HARRIS & TIM WALZ,DEM,274
28-06,WRITE-IN,,2
28-07,CHASE OLIVER & MIKE TER MAAT,LIB,0
28-07,DONALD J TRUMP & JD VANCE,REP,6
28-07,JILL STEIN & RUDOLPH WARE,GRN,0
28-07,KAMALA D HARRIS & TIM WALZ,DEM,159
28-07,WRITE-IN,,0
28-08,CHASE OLIVER & MIKE TER MAAT,LIB,1
28-08,DONALD J TRUMP & JD VANCE,REP,16
28-08,JILL STEIN & RUDOLPH WARE,GRN,0
28-08,KAMALA D HARRIS & TIM WALZ,DEM,331
28-08,WRITE-IN,,0
28-09,CHASE OLIVER & MIKE TER MAAT,LIB,1
28-09,DONALD J TRUMP & JD VANCE,REP,16
28-09,JILL STEIN & RUDOLPH WARE,GRN,1
28-09,KAMALA D HARRIS & TIM WALZ,DEM,337
28-09,WRITE-IN,,1
28-10,CHASE OLIVER & MIKE TER MAAT,LIB,0
28-10,DONALD J TRUMP & JD VANCE,REP,9
28-10,JILL STEIN & RUDOLPH WARE,GRN,2
28-10,KAMALA D HARRIS & TIM WALZ,DEM,239
28-10,WRITE-IN,,0
28-11,CHASE OLIVER & MIKE TER MAAT,LIB,0
28-11,DONALD J TRUMP & JD VANCE,REP,14
28-11,JILL STEIN & RUDOLPH WARE,GRN,0
28-11,KAMALA D HARRIS & TIM WALZ,DEM,181
28-11,WRITE-IN,,0
28-12,CHASE OLIVER & MIKE TER MAAT,LIB,1
28-12,DONALD J TRUMP & JD VANCE,REP,8
28-12,JILL STEIN & RUDOLPH WARE,GRN,2
28-12,KAMALA D HARRIS & TIM WALZ,DEM,251
28-12,WRITE-IN,,0
28-13,CHASE OLIVER & MIKE TER MAAT,LIB,0
28-13,DONALD J TRUMP & JD VANCE,REP,11
28-13,JILL STEIN & RUDOLPH WARE,GRN,0
28-13,KAMALA D HARRIS & TIM WALZ,DEM,280
28-13,WRITE-IN,,0
28-14,CHASE OLIVER & MIKE TER MAAT,LIB,0
28-14,DONALD J TRUMP & JD VANCE,REP,7
28-14,JILL STEIN & RUDOLPH WARE,GRN,1
28-14,KAMALA D HARRIS & TIM WALZ,DEM,206
28-14,WRITE-IN,,1
28-15,CHASE OLIVER & MIKE TER MAAT,LIB,2
28-15,DONALD J TRUMP & JD VANCE,REP,9
28-15,JILL STEIN & RUDOLPH WARE,GRN,1
28-15,KAMALA D HARRIS & TIM WALZ,DEM,211
28-15,WRITE-IN,,0
28-16,CHASE OLIVER & MIKE TER MAAT,LIB,0
28-16,DONALD J TRUMP & JD VANCE,REP,9
28-16,JILL STEIN & RUDOLPH WARE,GRN,0
28-16,KAMALA D HARRIS & TIM WALZ,DEM,226
28-16,WRITE-IN,,0
28-17,CHASE OLIVER & MIKE TER MAAT,LIB,0
28-17,DONALD J TRUMP & JD VANCE,REP,14
28-17,JILL STEIN & RUDOLPH WARE,GRN,1
28-17,KAMALA D HARRIS & TIM WALZ,DEM,195
28-17,WRITE-IN,,1
28-18,CHASE OLIVER & MIKE TER MAAT,LIB,0
28-18,DONALD J TRUMP & JD VANCE,REP,20
28-18,JILL STEIN & RUDOLPH WARE,GRN,1
28-18,KAMALA D HARRIS & TIM WALZ,DEM,272
28-18,WRITE-IN,,0
29-01,CHASE OLIVER & MIKE TER MAAT,LIB,1
29-01,DONALD J TRUMP & JD VANCE,REP,34
29-01,JILL STEIN & RUDOLPH WARE,GRN,4
29-01,KAMALA D HARRIS & TIM WALZ,DEM,334
29-01,WRITE-IN,,1
29-02,CHASE OLIVER & MIKE TER MAAT,LIB,1
29-02,DONALD J TRUMP & JD VANCE,REP,7
29-02,JILL STEIN & RUDOLPH WARE,GRN,1
29-02,KAMALA D HARRIS & TIM WALZ,DEM,160
29-02,WRITE-IN,,0
29-03,CHASE OLIVER & MIKE TER MAAT,LIB,2
29-03,DONALD J TRUMP & JD VANCE,REP,43
29-03,JILL STEIN & RUDOLPH WARE,GRN,11
29-03,KAMALA D HARRIS & TIM WALZ,DEM,544
29-03,WRITE-IN,,4
29-04,CHASE OLIVER & MIKE TER MAAT,LIB,1
29-04,DONALD J TRUMP & JD VANCE,REP,14
29-04,JILL STEIN & RUDOLPH WARE,GRN,0
29-04,KAMALA D HARRIS & TIM WALZ,DEM,222
29-04,WRITE-IN,,0
29-05,CHASE OLIVER & MIKE TER MAAT,LIB,1
29-05,DONALD J TRUMP & JD VANCE,REP,9
29-05,JILL STEIN & RUDOLPH WARE,GRN,0
29-05,KAMALA D HARRIS & TIM WALZ,DEM,121
29-05,WRITE-IN,,1
29-06,CHASE OLIVER & MIKE TER MAAT,LIB,0
29-06,DONALD J TRUMP & JD VANCE,REP,4
29-06,JILL STEIN & RUDOLPH WARE,GRN,2
29-06,KAMALA D HARRIS & TIM WALZ,DEM,129
29-06,WRITE-IN,,0
29-07,CHASE OLIVER & MIKE TER MAAT,LIB,1
29-07,DONALD J TRUMP & JD VANCE,REP,4
29-07,JILL STEIN & RUDOLPH WARE,GRN,0
29-07,KAMALA D HARRIS & TIM WALZ,DEM,136
29-07,WRITE-IN,,0
29-08,CHASE OLIVER & MIKE TER MAAT,LIB,2
29-08,DONALD J TRUMP & JD VANCE,REP,8
29-08,JILL STEIN & RUDOLPH WARE,GRN,2
29-08,KAMALA D HARRIS & TIM WALZ,DEM,204
29-08,WRITE-IN,,0
29-09,CHASE OLIVER & MIKE TER MAAT,LIB,0
29-09,DONALD J TRUMP & JD VANCE,REP,16
29-09,JILL STEIN & RUDOLPH WARE,GRN,0
29-09,KAMALA D HARRIS & TIM WALZ,DEM,221
29-09,WRITE-IN,,1
29-10,CHASE OLIVER & MIKE TER MAAT,LIB,2
29-10,DONALD J TRUMP & JD VANCE,REP,77
29-10,JILL STEIN & RUDOLPH WARE,GRN,10
29-10,KAMALA D HARRIS & TIM WALZ,DEM,841
29-10,WRITE-IN,,8
29-11,CHASE OLIVER & MIKE TER MAAT,LIB,4
29-11,DONALD J TRUMP & JD VANCE,REP,49
29-11,JILL STEIN & RUDOLPH WARE,GRN,5
29-11,KAMALA D HARRIS & TIM WALZ,DEM,494
29-11,WRITE-IN,,4
29-12,CHASE OLIVER & MIKE TER MAAT,LIB,0
29-12,DONALD J TRUMP & JD VANCE,REP,31
29-12,JILL STEIN & RUDOLPH WARE,GRN,11
29-12,KAMALA D HARRIS & TIM WALZ,DEM,508
29-12,WRITE-IN,,6
29-13,CHASE OLIVER & MIKE TER MAAT,LIB,1
29-13,DONALD J TRUMP & JD VANCE,REP,23
29-13,JILL STEIN & RUDOLPH WARE,GRN,5
29-13,KAMALA D HARRIS & TIM WALZ,DEM,430
29-13,WRITE-IN,,4
29-14,CHASE OLIVER & MIKE TER MAAT,LIB,0
29-14,DONALD J TRUMP & JD VANCE,REP,27
29-14,JILL STEIN & RUDOLPH WARE,GRN,6
29-14,KAMALA D HARRIS & TIM WALZ,DEM,279
29-14,WRITE-IN,,3
29-15,CHASE OLIVER & MIKE TER MAAT,LIB,4
29-15,DONALD J TRUMP & JD VANCE,REP,12
29-15,JILL STEIN & RUDOLPH WARE,GRN,4
29-15,KAMALA D HARRIS & TIM WALZ,DEM,274
29-15,WRITE-IN,,4
29-16,CHASE OLIVER & MIKE TER MAAT,LIB,0
29-16,DONALD J TRUMP & JD VANCE,REP,23
29-16,JILL STEIN & RUDOLPH WARE,GRN,7
29-16,KAMALA D HARRIS & TIM WALZ,DEM,400
29-16,WRITE-IN,,2
29-17,CHASE OLIVER & MIKE TER MAAT,LIB,1
29-17,DONALD J TRUMP & JD VANCE,REP,14
29-17,JILL STEIN & RUDOLPH WARE,GRN,3
29-17,KAMALA D HARRIS & TIM WALZ,DEM,288
29-17,WRITE-IN,,3
29-18,CHASE OLIVER & MIKE TER MAAT,LIB,0
29-18,DONALD J TRUMP & JD VANCE,REP,21
29-18,JILL STEIN & RUDOLPH WARE,GRN,3
29-18,KAMALA D HARRIS & TIM WALZ,DEM,323
29-18,WRITE-IN,,0
2nd Congressional,CHASE OLIVER & MIKE TER MAAT,LIB,1
2nd Congressional,DONALD J TRUMP & JD VANCE,REP,152
2nd Congressional,JILL STEIN & RUDOLPH WARE,GRN,1
2nd Congressional,KAMALA D HARRIS & TIM WALZ,DEM,516
2nd Congressional,WRITE-IN,,3
30-01,CHASE OLIVER & MIKE TER MAAT,LIB,2
30-01,DONALD J TRUMP & JD VANCE,REP,102
30-01,JILL STEIN & RUDOLPH WARE,GRN,4
30-01,KAMALA D HARRIS & TIM WALZ,DEM,856
30-01,WRITE-IN,,4
30-02,CHASE OLIVER & MIKE TER MAAT,LIB,6
30-02,DONALD J TRUMP & JD VANCE,REP,58
30-02,JILL STEIN & RUDOLPH WARE,GRN,3
30-02,KAMALA D HARRIS & TIM WALZ,DEM,525
30-02,WRITE-IN,,5
30-03,CHASE OLIVER & MIKE TER MAAT,LIB,1
30-03,DONALD J TRUMP & JD VANCE,REP,46
30-03,JILL STEIN & RUDOLPH WARE,GRN,4
30-03,KAMALA D HARRIS & TIM WALZ,DEM,477
30-03,WRITE-IN,,5
30-04,CHASE OLIVER & MIKE TER MAAT,LIB,3
30-04,DONALD J TRUMP & JD VANCE,REP,45
30-04,JILL STEIN & RUDOLPH WARE,GRN,5
30-04,KAMALA D HARRIS & TIM WALZ,DEM,504
30-04,WRITE-IN,,2
30-05,CHASE OLIVER & MIKE TER MAAT,LIB,0
30-05,DONALD J TRUMP & JD VANCE,REP,54
30-05,JILL STEIN & RUDOLPH WARE,GRN,4
30-05,KAMALA D HARRIS & TIM WALZ,DEM,490
30-05,WRITE-IN,,3
30-06,CHASE OLIVER & MIKE TER MAAT,LIB,2
30-06,DONALD J TRUMP & JD VANCE,REP,51
30-06,JILL STEIN & RUDOLPH WARE,GRN,7
30-06,KAMALA D HARRIS & TIM WALZ,DEM,567
30-06,WRITE-IN,,1
30-07,CHASE OLIVER & MIKE TER MAAT,LIB,2
30-07,DONALD J TRUMP & JD VANCE,REP,93
30-07,JILL STEIN & RUDOLPH WARE,GRN,3
30-07,KAMALA D HARRIS & TIM WALZ,DEM,830
30-07,WRITE-IN,,0
30-08,CHASE OLIVER & MIKE TER MAAT,LIB,1
30-08,DONALD J TRUMP & JD VANCE,REP,68
30-08,JILL STEIN & RUDOLPH WARE,GRN,4
30-08,KAMALA D HARRIS & TIM WALZ,DEM,547
30-08,WRITE-IN,,3
30-09,CHASE OLIVER & MIKE TER MAAT,LIB,0
30-09,DONALD J TRUMP & JD VANCE,REP,53
30-09,JILL STEIN & RUDOLPH WARE,GRN,1
30-09,KAMALA D HARRIS & TIM WALZ,DEM,629
30-09,WRITE-IN,,5
30-10,CHASE OLIVER & MIKE TER MAAT,LIB,4
30-10,DONALD J TRUMP & JD VANCE,REP,38
30-10,JILL STEIN & RUDOLPH WARE,GRN,10
30-10,KAMALA D HARRIS & TIM WALZ,DEM,456
30-10,WRITE-IN,,4
30-11,CHASE OLIVER & MIKE TER MAAT,LIB,0
30-11,DONALD J TRUMP & JD VANCE,REP,57
30-11,JILL STEIN & RUDOLPH WARE,GRN,6
30-11,KAMALA D HARRIS & TIM WALZ,DEM,546
30-11,WRITE-IN,,3
30-12,CHASE OLIVER & MIKE TER MAAT,LIB,0
30-12,DONALD J TRUMP & JD VANCE,REP,53
30-12,JILL STEIN & RUDOLPH WARE,GRN,3
30-12,KAMALA D HARRIS & TIM WALZ,DEM,598
30-12,WRITE-IN,,1
30-13,CHASE OLIVER & MIKE TER MAAT,LIB,2
30-13,DONALD J TRUMP & JD VANCE,REP,47
30-13,JILL STEIN & RUDOLPH WARE,GRN,4
30-13,KAMALA D HARRIS & TIM WALZ,DEM,563
30-13,WRITE-IN,,2
30-14,CHASE OLIVER & MIKE TER MAAT,LIB,2
30-14,DONALD J TRUMP & JD VANCE,REP,38
30-14,JILL STEIN & RUDOLPH WARE,GRN,1
30-14,KAMALA D HARRIS & TIM WALZ,DEM,452
30-14,WRITE-IN,,2
30-15,CHASE OLIVER & MIKE TER MAAT,LIB,2
30-15,DONALD J TRUMP & JD VANCE,REP,45
30-15,JILL STEIN & RUDOLPH WARE,GRN,4
30-15,KAMALA D HARRIS & TIM WALZ,DEM,576
30-15,WRITE-IN,,4
30-16,CHASE OLIVER & MIKE TER MAAT,LIB,1
30-16,DONALD J TRUMP & JD VANCE,REP,90
30-16,JILL STEIN & RUDOLPH WARE,GRN,2
30-16,KAMALA D HARRIS & TIM WALZ,DEM,610
30-16,WRITE-IN,,5
30-17,CHASE OLIVER & MIKE TER MAAT,LIB,8
30-17,DONALD J TRUMP & JD VANCE,REP,178
30-17,JILL STEIN & RUDOLPH WARE,GRN,11
30-17,KAMALA D HARRIS & TIM WALZ,DEM,1299
30-17,WRITE-IN,,4
31-01,CHASE OLIVER & MIKE TER MAAT,LIB,5
31-01,DONALD J TRUMP & JD VANCE,REP,73
31-01,JILL STEIN & RUDOLPH WARE,GRN,10
31-01,KAMALA D HARRIS & TIM WALZ,DEM,648
31-01,WRITE-IN,,8
31-02,CHASE OLIVER & MIKE TER MAAT,LIB,2
31-02,DONALD J TRUMP & JD VANCE,REP,64
31-02,JILL STEIN & RUDOLPH WARE,GRN,2
31-02,KAMALA D HARRIS & TIM WALZ,DEM,193
31-02,WRITE-IN,,1
31-03,CHASE OLIVER & MIKE TER MAAT,LIB,5
31-03,DONALD J TRUMP & JD VANCE,REP,101
31-03,JILL STEIN & RUDOLPH WARE,GRN,13
31-03,KAMALA D HARRIS & TIM WALZ,DEM,571
31-03,WRITE-IN,,1
31-04,CHASE OLIVER & MIKE TER MAAT,LIB,0
31-04,DONALD J TRUMP & JD VANCE,REP,134
31-04,JILL STEIN & RUDOLPH WARE,GRN,7
31-04,KAMALA D HARRIS & TIM WALZ,DEM,444
31-04,WRITE-IN,,2
31-05,CHASE OLIVER & MIKE TER MAAT,LIB,2
31-05,DONALD J TRUMP & JD VANCE,REP,109
31-05,JILL STEIN & RUDOLPH WARE,GRN,2
31-05,KAMALA D HARRIS & TIM WALZ,DEM,354
31-05,WRITE-IN,,3
31-06,CHASE OLIVER & MIKE TER MAAT,LIB,2
31-06,DONALD J TRUMP & JD VANCE,REP,96
31-06,JILL STEIN & RUDOLPH WARE,GRN,2
31-06,KAMALA D HARRIS & TIM WALZ,DEM,345
31-06,WRITE-IN,,2
31-07,CHASE OLIVER & MIKE TER MAAT,LIB,5
31-07,DONALD J TRUMP & JD VANCE,REP,268
31-07,JILL STEIN & RUDOLPH WARE,GRN,10
31-07,KAMALA D HARRIS & TIM WALZ,DEM,642
31-07,WRITE-IN,,2
31-08,CHASE OLIVER & MIKE TER MAAT,LIB,1
31-08,DONALD J TRUMP & JD VANCE,REP,100
31-08,JILL STEIN & RUDOLPH WARE,GRN,5
31-08,KAMALA D HARRIS & TIM WALZ,DEM,642
31-08,WRITE-IN,,3
31-09,CHASE OLIVER & MIKE TER MAAT,LIB,4
31-09,DONALD J TRUMP & JD VANCE,REP,97
31-09,JILL STEIN & RUDOLPH WARE,GRN,11
31-09,KAMALA D HARRIS & TIM WALZ,DEM,678
31-09,WRITE-IN,,8
31-10,CHASE OLIVER & MIKE TER MAAT,LIB,1
31-10,DONALD J TRUMP & JD VANCE,REP,64
31-10,JILL STEIN & RUDOLPH WARE,GRN,3
31-10,KAMALA D HARRIS & TIM WALZ,DEM,450
31-10,WRITE-IN,,1
31-11,CHASE OLIVER & MIKE TER MAAT,LIB,2
31-11,DONALD J TRUMP & JD VANCE,REP,102
31-11,JILL STEIN & RUDOLPH WARE,GRN,6
31-11,KAMALA D HARRIS & TIM WALZ,DEM,413
31-11,WRITE-IN,,4
31-12,CHASE OLIVER & MIKE TER MAAT,LIB,0
31-12,DONALD J TRUMP & JD VANCE,REP,98
31-12,JILL STEIN & RUDOLPH WARE,GRN,5
31-12,KAMALA D HARRIS & TIM WALZ,DEM,334
31-12,WRITE-IN,,0
31-13,CHASE OLIVER & MIKE TER MAAT,LIB,1
31-13,DONALD J TRUMP & JD VANCE,REP,80
31-13,JILL STEIN & RUDOLPH WARE,GRN,5
31-13,KAMALA D HARRIS & TIM WALZ,DEM,327
31-13,WRITE-IN,,0
31-14,CHASE OLIVER & MIKE TER MAAT,LIB,1
31-14,DONALD J TRUMP & JD VANCE,REP,85
31-14,JILL STEIN & RUDOLPH WARE,GRN,3
31-14,KAMALA D HARRIS & TIM WALZ,DEM,337
31-14,WRITE-IN,,0
31-15,CHASE OLIVER & MIKE TER MAAT,LIB,1
31-15,DONALD J TRUMP & JD VANCE,REP,131
31-15,JILL STEIN & RUDOLPH WARE,GRN,5
31-15,KAMALA D HARRIS & TIM WALZ,DEM,427
31-15,WRITE-IN,,1
31-16,CHASE OLIVER & MIKE TER MAAT,LIB,3
31-16,DONALD J TRUMP & JD VANCE,REP,147
31-16,JILL STEIN & RUDOLPH WARE,GRN,2
31-16,KAMALA D HARRIS & TIM WALZ,DEM,385
31-16,WRITE-IN,,2
31-17,CHASE OLIVER & MIKE TER MAAT,LIB,0
31-17,DONALD J TRUMP & JD VANCE,REP,127
31-17,JILL STEIN & RUDOLPH WARE,GRN,4
31-17,KAMALA D HARRIS & TIM WALZ,DEM,236
31-17,WRITE-IN,,3
31-18,CHASE OLIVER & MIKE TER MAAT,LIB,2
31-18,DONALD J TRUMP & JD VANCE,REP,82
31-18,JILL STEIN & RUDOLPH WARE,GRN,2
31-18,KAMALA D HARRIS & TIM WALZ,DEM,277
31-18,WRITE-IN,,0
31-19,CHASE OLIVER & MIKE TER MAAT,LIB,3
31-19,DONALD J TRUMP & JD VANCE,REP,110
31-19,JILL STEIN & RUDOLPH WARE,GRN,1
31-19,KAMALA D HARRIS & TIM WALZ,DEM,302
31-19,WRITE-IN,,3
32-01,CHASE OLIVER & MIKE TER MAAT,LIB,2
32-01,DONALD J TRUMP & JD VANCE,REP,12
32-01,JILL STEIN & RUDOLPH WARE,GRN,1
32-01,KAMALA D HARRIS & TIM WALZ,DEM,154
32-01,WRITE-IN,,0
32-02,CHASE OLIVER & MIKE TER MAAT,LIB,1
32-02,DONALD J TRUMP & JD VANCE,REP,4
32-02,JILL STEIN & RUDOLPH WARE,GRN,0
32-02,KAMALA D HARRIS & TIM WALZ,DEM,249
32-02,WRITE-IN,,0
32-03,CHASE OLIVER & MIKE TER MAAT,LIB,1
32-03,DONALD J TRUMP & JD VANCE,REP,14
32-03,JILL STEIN & RUDOLPH WARE,GRN,2
32-03,KAMALA D HARRIS & TIM WALZ,DEM,234
32-03,WRITE-IN,,2
32-04,CHASE OLIVER & MIKE TER MAAT,LIB,2
32-04,DONALD J TRUMP & JD VANCE,REP,19
32-04,JILL STEIN & RUDOLPH WARE,GRN,0
32-04,KAMALA D HARRIS & TIM WALZ,DEM,266
32-04,WRITE-IN,,1
32-05,CHASE OLIVER & MIKE TER MAAT,LIB,0
32-05,DONALD J TRUMP & JD VANCE,REP,10
32-05,JILL STEIN & RUDOLPH WARE,GRN,2
32-05,KAMALA D HARRIS & TIM WALZ,DEM,179
32-05,WRITE-IN,,3
32-06,CHASE OLIVER & MIKE TER MAAT,LIB,2
32-06,DONALD J TRUMP & JD VANCE,REP,27
32-06,JILL STEIN & RUDOLPH WARE,GRN,1
32-06,KAMALA D HARRIS & TIM WALZ,DEM,302
32-06,WRITE-IN,,2
32-07,CHASE OLIVER & MIKE TER MAAT,LIB,1
32-07,DONALD J TRUMP & JD VANCE,REP,28
32-07,JILL STEIN & RUDOLPH WARE,GRN,6
32-07,KAMALA D HARRIS & TIM WALZ,DEM,531
32-07,WRITE-IN,,4
32-08,CHASE OLIVER & MIKE TER MAAT,LIB,0
32-08,DONALD J TRUMP & JD VANCE,REP,32
32-08,JILL STEIN & RUDOLPH WARE,GRN,4
32-08,KAMALA D HARRIS & TIM WALZ,DEM,299
32-08,WRITE-IN,,1
32-09,CHASE OLIVER & MIKE TER MAAT,LIB,2
32-09,DONALD J TRUMP & JD VANCE,REP,29
32-09,JILL STEIN & RUDOLPH WARE,GRN,3
32-09,KAMALA D HARRIS & TIM WALZ,DEM,434
32-09,WRITE-IN,,1
32-10,CHASE OLIVER & MIKE TER MAAT,LIB,0
32-10,DONALD J TRUMP & JD VANCE,REP,14
32-10,JILL STEIN & RUDOLPH WARE,GRN,1
32-10,KAMALA D HARRIS & TIM WALZ,DEM,307
32-10,WRITE-IN,,1
32-11,CHASE OLIVER & MIKE TER MAAT,LIB,1
32-11,DONALD J TRUMP & JD VANCE,REP,22
32-11,JILL STEIN & RUDOLPH WARE,GRN,6
32-11,KAMALA D HARRIS & TIM WALZ,DEM,353
32-11,WRITE-IN,,1
32-12,CHASE OLIVER & MIKE TER MAAT,LIB,0
32-12,DONALD J TRUMP & JD VANCE,REP,17
32-12,JILL STEIN & RUDOLPH WARE,GRN,3
32-12,KAMALA D HARRIS & TIM WALZ,DEM,298
32-12,WRITE-IN,,0
32-13,CHASE OLIVER & MIKE TER MAAT,LIB,0
32-13,DONALD J TRUMP & JD VANCE,REP,13
32-13,JILL STEIN & RUDOLPH WARE,GRN,0
32-13,KAMALA D HARRIS & TIM WALZ,DEM,150
32-13,WRITE-IN,,0
32-14,CHASE OLIVER & MIKE TER MAAT,LIB,0
32-14,DONALD J TRUMP & JD VANCE,REP,16
32-14,JILL STEIN & RUDOLPH WARE,GRN,0
32-14,KAMALA D HARRIS & TIM WALZ,DEM,110
32-14,WRITE-IN,,1
32-15,CHASE OLIVER & MIKE TER MAAT,LIB,0
32-15,DONALD J TRUMP & JD VANCE,REP,7
32-15,JILL STEIN & RUDOLPH WARE,GRN,2
32-15,KAMALA D HARRIS & TIM WALZ,DEM,211
32-15,WRITE-IN,,0
32-16,CHASE OLIVER & MIKE TER MAAT,LIB,1
32-16,DONALD J TRUMP & JD VANCE,REP,9
32-16,JILL STEIN & RUDOLPH WARE,GRN,1
32-16,KAMALA D HARRIS & TIM WALZ,DEM,196
32-16,WRITE-IN,,1
32-17,CHASE OLIVER & MIKE TER MAAT,LIB,0
32-17,DONALD J TRUMP & JD VANCE,REP,10
32-17,JILL STEIN & RUDOLPH WARE,GRN,1
32-17,KAMALA D HARRIS & TIM WALZ,DEM,163
32-17,WRITE-IN,,0
32-18,CHASE OLIVER & MIKE TER MAAT,LIB,1
32-18,DONALD J TRUMP & JD VANCE,REP,11
32-18,JILL STEIN & RUDOLPH WARE,GRN,1
32-18,KAMALA D HARRIS & TIM WALZ,DEM,264
32-18,WRITE-IN,,1
32-19,CHASE OLIVER & MIKE TER MAAT,LIB,0
32-19,DONALD J TRUMP & JD VANCE,REP,18
32-19,JILL STEIN & RUDOLPH WARE,GRN,2
32-19,KAMALA D HARRIS & TIM WALZ,DEM,239
32-19,WRITE-IN,,0
32-20,CHASE OLIVER & MIKE TER MAAT,LIB,0
32-20,DONALD J TRUMP & JD VANCE,REP,11
32-20,JILL STEIN & RUDOLPH WARE,GRN,2
32-20,KAMALA D HARRIS & TIM WALZ,DEM,232
32-20,WRITE-IN,,1
32-21,CHASE OLIVER & MIKE TER MAAT,LIB,0
32-21,DONALD J TRUMP & JD VANCE,REP,12
32-21,JILL STEIN & RUDOLPH WARE,GRN,1
32-21,KAMALA D HARRIS & TIM WALZ,DEM,263
32-21,WRITE-IN,,1
32-22,CHASE OLIVER & MIKE TER MAAT,LIB,0
32-22,DONALD J TRUMP & JD VANCE,REP,9
32-22,JILL STEIN & RUDOLPH WARE,GRN,3
32-22,KAMALA D HARRIS & TIM WALZ,DEM,215
32-22,WRITE-IN,,0
32-23,CHASE OLIVER & MIKE TER MAAT,LIB,0
32-23,DONALD J TRUMP & JD VANCE,REP,14
32-23,JILL STEIN & RUDOLPH WARE,GRN,1
32-23,KAMALA D HARRIS & TIM WALZ,DEM,220
32-23,WRITE-IN,,0
32-24,CHASE OLIVER & MIKE TER MAAT,LIB,2
32-24,DONALD J TRUMP & JD VANCE,REP,10
32-24,JILL STEIN & RUDOLPH WARE,GRN,1
32-24,KAMALA D HARRIS & TIM WALZ,DEM,215
32-24,WRITE-IN,,3
32-25,CHASE OLIVER & MIKE TER MAAT,LIB,0
32-25,DONALD J TRUMP & JD VANCE,REP,10
32-25,JILL STEIN & RUDOLPH WARE,GRN,3
32-25,KAMALA D HARRIS & TIM WALZ,DEM,260
32-25,WRITE-IN,,1
32-26,CHASE OLIVER & MIKE TER MAAT,LIB,0
32-26,DONALD J TRUMP & JD VANCE,REP,13
32-26,JILL STEIN & RUDOLPH WARE,GRN,1
32-26,KAMALA D HARRIS & TIM WALZ,DEM,225
32-26,WRITE-IN,,0
32-27,CHASE OLIVER & MIKE TER MAAT,LIB,0
32-27,DONALD J TRUMP & JD VANCE,REP,7
32-27,JILL STEIN & RUDOLPH WARE,GRN,3
32-27,KAMALA D HARRIS & TIM WALZ,DEM,214
32-27,WRITE-IN,,1
32-28,CHASE OLIVER & MIKE TER MAAT,LIB,0
32-28,DONALD J TRUMP & JD VANCE,REP,17
32-28,JILL STEIN & RUDOLPH WARE,GRN,1
32-28,KAMALA D HARRIS & TIM WALZ,DEM,349
32-28,WRITE-IN,,0
32-29,CHASE OLIVER & MIKE TER MAAT,LIB,2
32-29,DONALD J TRUMP & JD VANCE,REP,7
32-29,JILL STEIN & RUDOLPH WARE,GRN,0
32-29,KAMALA D HARRIS & TIM WALZ,DEM,214
32-29,WRITE-IN,,1
32-30,CHASE OLIVER & MIKE TER MAAT,LIB,0
32-30,DONALD J TRUMP & JD VANCE,REP,18
32-30,JILL STEIN & RUDOLPH WARE,GRN,1
32-30,KAMALA D HARRIS & TIM WALZ,DEM,228
32-30,WRITE-IN,,0
32-31,CHASE OLIVER & MIKE TER MAAT,LIB,1
32-31,DONALD J TRUMP & JD VANCE,REP,15
32-31,JILL STEIN & RUDOLPH WARE,GRN,4
32-31,KAMALA D HARRIS & TIM WALZ,DEM,266
32-31,WRITE-IN,,1
33-01,CHASE OLIVER & MIKE TER MAAT,LIB,1
33-01,DONALD J TRUMP & JD VANCE,REP,148
33-01,JILL STEIN & RUDOLPH WARE,GRN,3
33-01,KAMALA D HARRIS & TIM WALZ,DEM,222
33-01,WRITE-IN,,1
33-02,CHASE OLIVER & MIKE TER MAAT,LIB,0
33-02,DONALD J TRUMP & JD VANCE,REP,141
33-02,JILL STEIN & RUDOLPH WARE,GRN,4
33-02,KAMALA D HARRIS & TIM WALZ,DEM,255
33-02,WRITE-IN,,3
33-03,CHASE OLIVER & MIKE TER MAAT,LIB,0
33-03,DONALD J TRUMP & JD VANCE,REP,128
33-03,JILL STEIN & RUDOLPH WARE,GRN,6
33-03,KAMALA D HARRIS & TIM WALZ,DEM,202
33-03,WRITE-IN,,1
33-04,CHASE OLIVER & MIKE TER MAAT,LIB,2
33-04,DONALD J TRUMP & JD VANCE,REP,125
33-04,JILL STEIN & RUDOLPH WARE,GRN,4
33-04,KAMALA D HARRIS & TIM WALZ,DEM,198
33-04,WRITE-IN,,1
33-05,CHASE OLIVER & MIKE TER MAAT,LIB,0
33-05,DONALD J TRUMP & JD VANCE,REP,83
33-05,JILL STEIN & RUDOLPH WARE,GRN,2
33-05,KAMALA D HARRIS & TIM WALZ,DEM,236
33-05,WRITE-IN,,1
33-06,CHASE OLIVER & MIKE TER MAAT,LIB,0
33-06,DONALD J TRUMP & JD VANCE,REP,130
33-06,JILL STEIN & RUDOLPH WARE,GRN,6
33-06,KAMALA D HARRIS & TIM WALZ,DEM,264
33-06,WRITE-IN,,0
33-07,CHASE OLIVER & MIKE TER MAAT,LIB,2
33-07,DONALD J TRUMP & JD VANCE,REP,105
33-07,JILL STEIN & RUDOLPH WARE,GRN,2
33-07,KAMALA D HARRIS & TIM WALZ,DEM,348
33-07,WRITE-IN,,0
33-08,CHASE OLIVER & MIKE TER MAAT,LIB,1
33-08,DONALD J TRUMP & JD VANCE,REP,112
33-08,JILL STEIN & RUDOLPH WARE,GRN,1
33-08,KAMALA D HARRIS & TIM WALZ,DEM,261
33-08,WRITE-IN,,1
33-09,CHASE OLIVER & MIKE TER MAAT,LIB,0
33-09,DONALD J TRUMP & JD VANCE,REP,110
33-09,JILL STEIN & RUDOLPH WARE,GRN,0
33-09,KAMALA D HARRIS & TIM WALZ,DEM,245
33-09,WRITE-IN,,0
33-10,CHASE OLIVER & MIKE TER MAAT,LIB,0
33-10,DONALD J TRUMP & JD VANCE,REP,101
33-10,JILL STEIN & RUDOLPH WARE,GRN,0
33-10,KAMALA D HARRIS & TIM WALZ,DEM,214
33-10,WRITE-IN,,2
33-11,CHASE OLIVER & MIKE TER MAAT,LIB,3
33-11,DONALD J TRUMP & JD VANCE,REP,107
33-11,JILL STEIN & RUDOLPH WARE,GRN,7
33-11,KAMALA D HARRIS & TIM WALZ,DEM,304
33-11,WRITE-IN,,2
33-12,CHASE OLIVER & MIKE TER MAAT,LIB,1
33-12,DONALD J TRUMP & JD VANCE,REP,169
33-12,JILL STEIN & RUDOLPH WARE,GRN,5
33-12,KAMALA D HARRIS & TIM WALZ,DEM,327
33-12,WRITE-IN,,1
33-13,CHASE OLIVER & MIKE TER MAAT,LIB,1
33-13,DONALD J TRUMP & JD VANCE,REP,103
33-13,JILL STEIN & RUDOLPH WARE,GRN,2
33-13,KAMALA D HARRIS & TIM WALZ,DEM,257
33-13,WRITE-IN,,1
33-14,CHASE OLIVER & MIKE TER MAAT,LIB,2
33-14,DONALD J TRUMP & JD VANCE,REP,64
33-14,JILL STEIN & RUDOLPH WARE,GRN,4
33-14,KAMALA D HARRIS & TIM WALZ,DEM,254
33-14,WRITE-IN,,2
33-15,CHASE OLIVER & MIKE TER MAAT,LIB,1
33-15,DONALD J TRUMP & JD VANCE,REP,65
33-15,JILL STEIN & RUDOLPH WARE,GRN,1
33-15,KAMALA D HARRIS & TIM WALZ,DEM,211
33-15,WRITE-IN,,0
33-16,CHASE OLIVER & MIKE TER MAAT,LIB,1
33-16,DONALD J TRUMP & JD VANCE,REP,68
33-16,JILL STEIN & RUDOLPH WARE,GRN,1
33-16,KAMALA D HARRIS & TIM WALZ,DEM,154
33-16,WRITE-IN,,0
33-17,CHASE OLIVER & MIKE TER MAAT,LIB,1
33-17,DONALD J TRUMP & JD VANCE,REP,36
33-17,JILL STEIN & RUDOLPH WARE,GRN,1
33-17,KAMALA D HARRIS & TIM WALZ,DEM,116
33-17,WRITE-IN,,0
33-18,CHASE OLIVER & MIKE TER MAAT,LIB,1
33-18,DONALD J TRUMP & JD VANCE,REP,28
33-18,JILL STEIN & RUDOLPH WARE,GRN,1
33-18,KAMALA D HARRIS & TIM WALZ,DEM,109
33-18,WRITE-IN,,0
33-19,CHASE OLIVER & MIKE TER MAAT,LIB,0
33-19,DONALD J TRUMP & JD VANCE,REP,43
33-19,JILL STEIN & RUDOLPH WARE,GRN,1
33-19,KAMALA D HARRIS & TIM WALZ,DEM,188
33-19,WRITE-IN,,0
33-20,CHASE OLIVER & MIKE TER MAAT,LIB,0
33-20,DONALD J TRUMP & JD VANCE,REP,54
33-20,JILL STEIN & RUDOLPH WARE,GRN,1
33-20,KAMALA D HARRIS & TIM WALZ,DEM,209
33-20,WRITE-IN,,0
33-21,CHASE OLIVER & MIKE TER MAAT,LIB,0
33-21,DONALD J TRUMP & JD VANCE,REP,26
33-21,JILL STEIN & RUDOLPH WARE,GRN,1
33-21,KAMALA D HARRIS & TIM WALZ,DEM,128
33-21,WRITE-IN,,0
33-22,CHASE OLIVER & MIKE TER MAAT,LIB,0
33-22,DONALD J TRUMP & JD VANCE,REP,56
33-22,JILL STEIN & RUDOLPH WARE,GRN,3
33-22,KAMALA D HARRIS & TIM WALZ,DEM,224
33-22,WRITE-IN,,0
33-23,CHASE OLIVER & MIKE TER MAAT,LIB,2
33-23,DONALD J TRUMP & JD VANCE,REP,40
33-23,JILL STEIN & RUDOLPH WARE,GRN,1
33-23,KAMALA D HARRIS & TIM WALZ,DEM,172
33-23,WRITE-IN,,0
33-24,CHASE OLIVER & MIKE TER MAAT,LIB,1
33-24,DONALD J TRUMP & JD VANCE,REP,43
33-24,JILL STEIN & RUDOLPH WARE,GRN,0
33-24,KAMALA D HARRIS & TIM WALZ,DEM,149
33-24,WRITE-IN,,1
34-01,CHASE OLIVER & MIKE TER MAAT,LIB,2
34-01,DONALD J TRUMP & JD VANCE,REP,16
34-01,JILL STEIN & RUDOLPH WARE,GRN,6
34-01,KAMALA D HARRIS & TIM WALZ,DEM,259
34-01,WRITE-IN,,1
34-02,CHASE OLIVER & MIKE TER MAAT,LIB,0
34-02,DONALD J TRUMP & JD VANCE,REP,14
34-02,JILL STEIN & RUDOLPH WARE,GRN,2
34-02,KAMALA D HARRIS & TIM WALZ,DEM,358
34-02,WRITE-IN,,1
34-03,CHASE OLIVER & MIKE TER MAAT,LIB,1
34-03,DONALD J TRUMP & JD VANCE,REP,21
34-03,JILL STEIN & RUDOLPH WARE,GRN,1
34-03,KAMALA D HARRIS & TIM WALZ,DEM,255
34-03,WRITE-IN,,1
34-04,CHASE OLIVER & MIKE TER MAAT,LIB,0
34-04,DONALD J TRUMP & JD VANCE,REP,7
34-04,JILL STEIN & RUDOLPH WARE,GRN,1
34-04,KAMALA D HARRIS & TIM WALZ,DEM,236
34-04,WRITE-IN,,1
34-05,CHASE OLIVER & MIKE TER MAAT,LIB,0
34-05,DONALD J TRUMP & JD VANCE,REP,16
34-05,JILL STEIN & RUDOLPH WARE,GRN,1
34-05,KAMALA D HARRIS & TIM WALZ,DEM,287
34-05,WRITE-IN,,0
34-06,CHASE OLIVER & MIKE TER MAAT,LIB,0
34-06,DONALD J TRUMP & JD VANCE,REP,21
34-06,JILL STEIN & RUDOLPH WARE,GRN,4
34-06,KAMALA D HARRIS & TIM WALZ,DEM,391
34-06,WRITE-IN,,0
34-07,CHASE OLIVER & MIKE TER MAAT,LIB,4
34-07,DONALD J TRUMP & JD VANCE,REP,18
34-07,JILL STEIN & RUDOLPH WARE,GRN,0
34-07,KAMALA D HARRIS & TIM WALZ,DEM,388
34-07,WRITE-IN,,0
34-08,CHASE OLIVER & MIKE TER MAAT,LIB,0
34-08,DONALD J TRUMP & JD VANCE,REP,20
34-08,JILL STEIN & RUDOLPH WARE,GRN,0
34-08,KAMALA D HARRIS & TIM WALZ,DEM,435
34-08,WRITE-IN,,2
34-09,CHASE OLIVER & MIKE TER MAAT,LIB,0
34-09,DONALD J TRUMP & JD VANCE,REP,12
34-09,JILL STEIN & RUDOLPH WARE,GRN,3
34-09,KAMALA D HARRIS & TIM WALZ,DEM,259
34-09,WRITE-IN,,1
34-10,CHASE OLIVER & MIKE TER MAAT,LIB,1
34-10,DONALD J TRUMP & JD VANCE,REP,16
34-10,JILL STEIN & RUDOLPH WARE,GRN,2
34-10,KAMALA D HARRIS & TIM WALZ,DEM,388
34-10,WRITE-IN,,1
34-11,CHASE OLIVER & MIKE TER MAAT,LIB,1
34-11,DONALD J TRUMP & JD VANCE,REP,19
34-11,JILL STEIN & RUDOLPH WARE,GRN,4
34-11,KAMALA D HARRIS & TIM WALZ,DEM,440
34-11,WRITE-IN,,1
34-12,CHASE OLIVER & MIKE TER MAAT,LIB,2
34-12,DONALD J TRUMP & JD VANCE,REP,34
34-12,JILL STEIN & RUDOLPH WARE,GRN,4
34-12,KAMALA D HARRIS & TIM WALZ,DEM,480
34-12,WRITE-IN,,0
34-13,CHASE OLIVER & MIKE TER MAAT,LIB,0
34-13,DONALD J TRUMP & JD VANCE,REP,33
34-13,JILL STEIN & RUDOLPH WARE,GRN,5
34-13,KAMALA D HARRIS & TIM WALZ,DEM,432
34-13,WRITE-IN,,0
34-14,CHASE OLIVER & MIKE TER MAAT,LIB,1
34-14,DONALD J TRUMP & JD VANCE,REP,30
34-14,JILL STEIN & RUDOLPH WARE,GRN,8
34-14,KAMALA D HARRIS & TIM WALZ,DEM,464
34-14,WRITE-IN,,0
34-15,CHASE OLIVER & MIKE TER MAAT,LIB,1
34-15,DONALD J TRUMP & JD VANCE,REP,10
34-15,JILL STEIN & RUDOLPH WARE,GRN,6
34-15,KAMALA D HARRIS & TIM WALZ,DEM,439
34-15,WRITE-IN,,2
34-16,CHASE OLIVER & MIKE TER MAAT,LIB,0
34-16,DONALD J TRUMP & JD VANCE,REP,24
34-16,JILL STEIN & RUDOLPH WARE,GRN,6
34-16,KAMALA D HARRIS & TIM WALZ,DEM,331
34-16,WRITE-IN,,1
34-17,CHASE OLIVER & MIKE TER MAAT,LIB,0
34-17,DONALD J TRUMP & JD VANCE,REP,38
34-17,JILL STEIN & RUDOLPH WARE,GRN,3
34-17,KAMALA D HARRIS & TIM WALZ,DEM,391
34-17,WRITE-IN,,0
34-18,CHASE OLIVER & MIKE TER MAAT,LIB,2
34-18,DONALD J TRUMP & JD VANCE,REP,23
34-18,JILL STEIN & RUDOLPH WARE,GRN,1
34-18,KAMALA D HARRIS & TIM WALZ,DEM,472
34-18,WRITE-IN,,0
34-19,CHASE OLIVER & MIKE TER MAAT,LIB,2
34-19,DONALD J TRUMP & JD VANCE,REP,47
34-19,JILL STEIN & RUDOLPH WARE,GRN,2
34-19,KAMALA D HARRIS & TIM WALZ,DEM,569
34-19,WRITE-IN,,1
34-20,CHASE OLIVER & MIKE TER MAAT,LIB,6
34-20,DONALD J TRUMP & JD VANCE,REP,30
34-20,JILL STEIN & RUDOLPH WARE,GRN,7
34-20,KAMALA D HARRIS & TIM WALZ,DEM,562
34-20,WRITE-IN,,1
34-21,CHASE OLIVER & MIKE TER MAAT,LIB,1
34-21,DONALD J TRUMP & JD VANCE,REP,43
34-21,JILL STEIN & RUDOLPH WARE,GRN,5
34-21,KAMALA D HARRIS & TIM WALZ,DEM,576
34-21,WRITE-IN,,3
34-22,CHASE OLIVER & MIKE TER MAAT,LIB,1
34-22,DONALD J TRUMP & JD VANCE,REP,42
34-22,JILL STEIN & RUDOLPH WARE,GRN,3
34-22,KAMALA D HARRIS & TIM WALZ,DEM,427
34-22,WRITE-IN,,0
34-23,CHASE OLIVER & MIKE TER MAAT,LIB,4
34-23,DONALD J TRUMP & JD VANCE,REP,88
34-23,JILL STEIN & RUDOLPH WARE,GRN,10
34-23,KAMALA D HARRIS & TIM WALZ,DEM,487
34-23,WRITE-IN,,2
34-24,CHASE OLIVER & MIKE TER MAAT,LIB,0
34-24,DONALD J TRUMP & JD VANCE,REP,30
34-24,JILL STEIN & RUDOLPH WARE,GRN,2
34-24,KAMALA D HARRIS & TIM WALZ,DEM,457
34-24,WRITE-IN,,3
34-25,CHASE OLIVER & MIKE TER MAAT,LIB,0
34-25,DONALD J TRUMP & JD VANCE,REP,212
34-25,JILL STEIN & RUDOLPH WARE,GRN,4
34-25,KAMALA D HARRIS & TIM WALZ,DEM,538
34-25,WRITE-IN,,1
34-26,CHASE OLIVER & MIKE TER MAAT,LIB,0
34-26,DONALD J TRUMP & JD VANCE,REP,15
34-26,JILL STEIN & RUDOLPH WARE,GRN,2
34-26,KAMALA D HARRIS & TIM WALZ,DEM,244
34-26,WRITE-IN,,0
34-27,CHASE OLIVER & MIKE TER MAAT,LIB,1
34-27,DONALD J TRUMP & JD VANCE,REP,33
34-27,JILL STEIN & RUDOLPH WARE,GRN,2
34-27,KAMALA D HARRIS & TIM WALZ,DEM,430
34-27,WRITE-IN,,2
34-28,CHASE OLIVER & MIKE TER MAAT,LIB,1
34-28,DONALD J TRUMP & JD VANCE,REP,34
34-28,JILL STEIN & RUDOLPH WARE,GRN,1
34-28,KAMALA D HARRIS & TIM WALZ,DEM,426
34-28,WRITE-IN,,1
34-29,CHASE OLIVER & MIKE TER MAAT,LIB,1
34-29,DONALD J TRUMP & JD VANCE,REP,42
34-29,JILL STEIN & RUDOLPH WARE,GRN,4
34-29,KAMALA D HARRIS & TIM WALZ,DEM,462
34-29,WRITE-IN,,1
34-30,CHASE OLIVER & MIKE TER MAAT,LIB,0
34-30,DONALD J TRUMP & JD VANCE,REP,33
34-30,JILL STEIN & RUDOLPH WARE,GRN,6
34-30,KAMALA D HARRIS & TIM WALZ,DEM,414
34-30,WRITE-IN,,0
34-31,CHASE OLIVER & MIKE TER MAAT,LIB,2
34-31,DONALD J TRUMP & JD VANCE,REP,45
34-31,JILL STEIN & RUDOLPH WARE,GRN,7
34-31,KAMALA D HARRIS & TIM WALZ,DEM,488
34-31,WRITE-IN,,0
34-32,CHASE OLIVER & MIKE TER MAAT,LIB,1
34-32,DONALD J TRUMP & JD VANCE,REP,26
34-32,JILL STEIN & RUDOLPH WARE,GRN,1
34-32,KAMALA D HARRIS & TIM WALZ,DEM,368
34-32,WRITE-IN,,1
34-33,CHASE OLIVER & MIKE TER MAAT,LIB,0
34-33,DONALD J TRUMP & JD VANCE,REP,17
34-33,JILL STEIN & RUDOLPH WARE,GRN,3
34-33,KAMALA D HARRIS & TIM WALZ,DEM,471
34-33,WRITE-IN,,0
34-34,CHASE OLIVER & MIKE TER MAAT,LIB,1
34-34,DONALD J TRUMP & JD VANCE,REP,54
34-34,JILL STEIN & RUDOLPH WARE,GRN,7
34-34,KAMALA D HARRIS & TIM WALZ,DEM,387
34-34,WRITE-IN,,7
34-35,CHASE OLIVER & MIKE TER MAAT,LIB,2
34-35,DONALD J TRUMP & JD VANCE,REP,15
34-35,JILL STEIN & RUDOLPH WARE,GRN,3
34-35,KAMALA D HARRIS & TIM WALZ,DEM,261
34-35,WRITE-IN,,0
34-36,CHASE OLIVER & MIKE TER MAAT,LIB,0
34-36,DONALD J TRUMP & JD VANCE,REP,17
34-36,JILL STEIN & RUDOLPH WARE,GRN,0
34-36,KAMALA D HARRIS & TIM WALZ,DEM,250
34-36,WRITE-IN,,1
34-37,CHASE OLIVER & MIKE TER MAAT,LIB,1
34-37,DONALD J TRUMP & JD VANCE,REP,34
34-37,JILL STEIN & RUDOLPH WARE,GRN,0
34-37,KAMALA D HARRIS & TIM WALZ,DEM,383
34-37,WRITE-IN,,0
34-38,CHASE OLIVER & MIKE TER MAAT,LIB,1
34-38,DONALD J TRUMP & JD VANCE,REP,9
34-38,JILL STEIN & RUDOLPH WARE,GRN,5
34-38,KAMALA D HARRIS & TIM WALZ,DEM,272
34-38,WRITE-IN,,1
34-39,CHASE OLIVER & MIKE TER MAAT,LIB,1
34-39,DONALD J TRUMP & JD VANCE,REP,49
34-39,JILL STEIN & RUDOLPH WARE,GRN,2
34-39,KAMALA D HARRIS & TIM WALZ,DEM,439
34-39,WRITE-IN,,1
34-40,CHASE OLIVER & MIKE TER MAAT,LIB,0
34-40,DONALD J TRUMP & JD VANCE,REP,26
34-40,JILL STEIN & RUDOLPH WARE,GRN,1
34-40,KAMALA D HARRIS & TIM WALZ,DEM,380
34-40,WRITE-IN,,0
34-41,CHASE OLIVER & MIKE TER MAAT,LIB,2
34-41,DONALD J TRUMP & JD VANCE,REP,44
34-41,JILL STEIN & RUDOLPH WARE,GRN,8
34-41,KAMALA D HARRIS & TIM WALZ,DEM,518
34-41,WRITE-IN,,1
34-42,CHASE OLIVER & MIKE TER MAAT,LIB,0
34-42,DONALD J TRUMP & JD VANCE,REP,25
34-42,JILL STEIN & RUDOLPH WARE,GRN,1
34-42,KAMALA D HARRIS & TIM WALZ,DEM,281
34-42,WRITE-IN,,0
35-01,CHASE OLIVER & MIKE TER MAAT,LIB,1
35-01,DONALD J TRUMP & JD VANCE,REP,138
35-01,JILL STEIN & RUDOLPH WARE,GRN,1
35-01,KAMALA D HARRIS & TIM WALZ,DEM,362
35-01,WRITE-IN,,0
35-02,CHASE OLIVER & MIKE TER MAAT,LIB,3
35-02,DONALD J TRUMP & JD VANCE,REP,143
35-02,JILL STEIN & RUDOLPH WARE,GRN,3
35-02,KAMALA D HARRIS & TIM WALZ,DEM,297
35-02,WRITE-IN,,1
35-03,CHASE OLIVER & MIKE TER MAAT,LIB,0
35-03,DONALD J TRUMP & JD VANCE,REP,116
35-03,JILL STEIN & RUDOLPH WARE,GRN,3
35-03,KAMALA D HARRIS & TIM WALZ,DEM,275
35-03,WRITE-IN,,1
35-04,CHASE OLIVER & MIKE TER MAAT,LIB,1
35-04,DONALD J TRUMP & JD VANCE,REP,96
35-04,JILL STEIN & RUDOLPH WARE,GRN,3
35-04,KAMALA D HARRIS & TIM WALZ,DEM,235
35-04,WRITE-IN,,0
35-05,CHASE OLIVER & MIKE TER MAAT,LIB,1
35-05,DONALD J TRUMP & JD VANCE,REP,168
35-05,JILL STEIN & RUDOLPH WARE,GRN,2
35-05,KAMALA D HARRIS & TIM WALZ,DEM,409
35-05,WRITE-IN,,0
35-06,CHASE OLIVER & MIKE TER MAAT,LIB,2
35-06,DONALD J TRUMP & JD VANCE,REP,92
35-06,JILL STEIN & RUDOLPH WARE,GRN,5
35-06,KAMALA D HARRIS & TIM WALZ,DEM,325
35-06,WRITE-IN,,1
35-07,CHASE OLIVER & MIKE TER MAAT,LIB,1
35-07,DONALD J TRUMP & JD VANCE,REP,133
35-07,JILL STEIN & RUDOLPH WARE,GRN,1
35-07,KAMALA D HARRIS & TIM WALZ,DEM,395
35-07,WRITE-IN,,1
35-08,CHASE OLIVER & MIKE TER MAAT,LIB,0
35-08,DONALD J TRUMP & JD VANCE,REP,88
35-08,JILL STEIN & RUDOLPH WARE,GRN,2
35-08,KAMALA D HARRIS & TIM WALZ,DEM,290
35-08,WRITE-IN,,1
35-09,CHASE OLIVER & MIKE TER MAAT,LIB,2
35-09,DONALD J TRUMP & JD VANCE,REP,105
35-09,JILL STEIN & RUDOLPH WARE,GRN,5
35-09,KAMALA D HARRIS & TIM WALZ,DEM,443
35-09,WRITE-IN,,0
35-10,CHASE OLIVER & MIKE TER MAAT,LIB,1
35-10,DONALD J TRUMP & JD VANCE,REP,77
35-10,JILL STEIN & RUDOLPH WARE,GRN,7
35-10,KAMALA D HARRIS & TIM WALZ,DEM,312
35-10,WRITE-IN,,1
35-11,CHASE OLIVER & MIKE TER MAAT,LIB,1
35-11,DONALD J TRUMP & JD VANCE,REP,79
35-11,JILL STEIN & RUDOLPH WARE,GRN,4
35-11,KAMALA D HARRIS & TIM WALZ,DEM,299
35-11,WRITE-IN,,2
35-12,CHASE OLIVER & MIKE TER MAAT,LIB,1
35-12,DONALD J TRUMP & JD VANCE,REP,93
35-12,JILL STEIN & RUDOLPH WARE,GRN,2
35-12,KAMALA D HARRIS & TIM WALZ,DEM,273
35-12,WRITE-IN,,0
35-13,CHASE OLIVER & MIKE TER MAAT,LIB,2
35-13,DONALD J TRUMP & JD VANCE,REP,61
35-13,JILL STEIN & RUDOLPH WARE,GRN,2
35-13,KAMALA D HARRIS & TIM WALZ,DEM,376
35-13,WRITE-IN,,0
35-14,CHASE OLIVER & MIKE TER MAAT,LIB,0
35-14,DONALD J TRUMP & JD VANCE,REP,33
35-14,JILL STEIN & RUDOLPH WARE,GRN,2
35-14,KAMALA D HARRIS & TIM WALZ,DEM,261
35-14,WRITE-IN,,1
35-15,CHASE OLIVER & MIKE TER MAAT,LIB,2
35-15,DONALD J TRUMP & JD VANCE,REP,29
35-15,JILL STEIN & RUDOLPH WARE,GRN,7
35-15,KAMALA D HARRIS & TIM WALZ,DEM,236
35-15,WRITE-IN,,0
35-16,CHASE OLIVER & MIKE TER MAAT,LIB,2
35-16,DONALD J TRUMP & JD VANCE,REP,69
35-16,JILL STEIN & RUDOLPH WARE,GRN,4
35-16,KAMALA D HARRIS & TIM WALZ,DEM,274
35-16,WRITE-IN,,0
35-17,CHASE OLIVER & MIKE TER MAAT,LIB,2
35-17,DONALD J TRUMP & JD VANCE,REP,46
35-17,JILL STEIN & RUDOLPH WARE,GRN,0
35-17,KAMALA D HARRIS & TIM WALZ,DEM,307
35-17,WRITE-IN,,0
35-18,CHASE OLIVER & MIKE TER MAAT,LIB,2
35-18,DONALD J TRUMP & JD VANCE,REP,63
35-18,JILL STEIN & RUDOLPH WARE,GRN,0
35-18,KAMALA D HARRIS & TIM WALZ,DEM,329
35-18,WRITE-IN,,0
35-19,CHASE OLIVER & MIKE TER MAAT,LIB,0
35-19,DONALD J TRUMP & JD VANCE,REP,54
35-19,JILL STEIN & RUDOLPH WARE,GRN,3
35-19,KAMALA D HARRIS & TIM WALZ,DEM,315
35-19,WRITE-IN,,0
35-20,CHASE OLIVER & MIKE TER MAAT,LIB,1
35-20,DONALD J TRUMP & JD VANCE,REP,71
35-20,JILL STEIN & RUDOLPH WARE,GRN,1
35-20,KAMALA D HARRIS & TIM WALZ,DEM,299
35-20,WRITE-IN,,1
35-21,CHASE OLIVER & MIKE TER MAAT,LIB,0
35-21,DONALD J TRUMP & JD VANCE,REP,89
35-21,JILL STEIN & RUDOLPH WARE,GRN,6
35-21,KAMALA D HARRIS & TIM WALZ,DEM,353
35-21,WRITE-IN,,0
35-22,CHASE OLIVER & MIKE TER MAAT,LIB,1
35-22,DONALD J TRUMP & JD VANCE,REP,57
35-22,JILL STEIN & RUDOLPH WARE,GRN,3
35-22,KAMALA D HARRIS & TIM WALZ,DEM,327
35-22,WRITE-IN,,0
35-23,CHASE OLIVER & MIKE TER MAAT,LIB,1
35-23,DONALD J TRUMP & JD VANCE,REP,57
35-23,JILL STEIN & RUDOLPH WARE,GRN,1
35-23,KAMALA D HARRIS & TIM WALZ,DEM,261
35-23,WRITE-IN,,0
35-24,CHASE OLIVER & MIKE TER MAAT,LIB,2
35-24,DONALD J TRUMP & JD VANCE,REP,60
35-24,JILL STEIN & RUDOLPH WARE,GRN,3
35-24,KAMALA D HARRIS & TIM WALZ,DEM,308
35-24,WRITE-IN,,1
35-25,CHASE OLIVER & MIKE TER MAAT,LIB,1
35-25,DONALD J TRUMP & JD VANCE,REP,81
35-25,JILL STEIN & RUDOLPH WARE,GRN,1
35-25,KAMALA D HARRIS & TIM WALZ,DEM,252
35-25,WRITE-IN,,1
35-26,CHASE OLIVER & MIKE TER MAAT,LIB,1
35-26,DONALD J TRUMP & JD VANCE,REP,56
35-26,JILL STEIN & RUDOLPH WARE,GRN,1
35-26,KAMALA D HARRIS & TIM WALZ,DEM,240
35-26,WRITE-IN,,1
35-27,CHASE OLIVER & MIKE TER MAAT,LIB,0
35-27,DONALD J TRUMP & JD VANCE,REP,76
35-27,JILL STEIN & RUDOLPH WARE,GRN,2
35-27,KAMALA D HARRIS & TIM WALZ,DEM,160
35-27,WRITE-IN,,1
35-28,CHASE OLIVER & MIKE TER MAAT,LIB,2
35-28,DONALD J TRUMP & JD VANCE,REP,22
35-28,JILL STEIN & RUDOLPH WARE,GRN,0
35-28,KAMALA D HARRIS & TIM WALZ,DEM,278
35-28,WRITE-IN,,0
35-29,CHASE OLIVER & MIKE TER MAAT,LIB,1
35-29,DONALD J TRUMP & JD VANCE,REP,76
35-29,JILL STEIN & RUDOLPH WARE,GRN,0
35-29,KAMALA D HARRIS & TIM WALZ,DEM,192
35-29,WRITE-IN,,0
35-30,CHASE OLIVER & MIKE TER MAAT,LIB,1
35-30,DONALD J TRUMP & JD VANCE,REP,53
35-30,JILL STEIN & RUDOLPH WARE,GRN,0
35-30,KAMALA D HARRIS & TIM WALZ,DEM,221
35-30,WRITE-IN,,1
35-31,CHASE OLIVER & MIKE TER MAAT,LIB,0
35-31,DONALD J TRUMP & JD VANCE,REP,54
35-31,JILL STEIN & RUDOLPH WARE,GRN,1
35-31,KAMALA D HARRIS & TIM WALZ,DEM,257
35-31,WRITE-IN,,2
35-32,CHASE OLIVER & MIKE TER MAAT,LIB,1
35-32,DONALD J TRUMP & JD VANCE,REP,114
35-32,JILL STEIN & RUDOLPH WARE,GRN,5
35-32,KAMALA D HARRIS & TIM WALZ,DEM,289
35-32,WRITE-IN,,1
36-01,CHASE OLIVER & MIKE TER MAAT,LIB,1
36-01,DONALD J TRUMP & JD VANCE,REP,25
36-01,JILL STEIN & RUDOLPH WARE,GRN,2
36-01,KAMALA D HARRIS & TIM WALZ,DEM,355
36-01,WRITE-IN,,3
36-02,CHASE OLIVER & MIKE TER MAAT,LIB,1
36-02,DONALD J TRUMP & JD VANCE,REP,25
36-02,JILL STEIN & RUDOLPH WARE,GRN,5
36-02,KAMALA D HARRIS & TIM WALZ,DEM,409
36-02,WRITE-IN,,3
36-03,CHASE OLIVER & MIKE TER MAAT,LIB,2
36-03,DONALD J TRUMP & JD VANCE,REP,28
36-03,JILL STEIN & RUDOLPH WARE,GRN,0
36-03,KAMALA D HARRIS & TIM WALZ,DEM,368
36-03,WRITE-IN,,1
36-04,CHASE OLIVER & MIKE TER MAAT,LIB,2
36-04,DONALD J TRUMP & JD VANCE,REP,27
36-04,JILL STEIN & RUDOLPH WARE,GRN,0
36-04,KAMALA D HARRIS & TIM WALZ,DEM,277
36-04,WRITE-IN,,1
36-05,CHASE OLIVER & MIKE TER MAAT,LIB,1
36-05,DONALD J TRUMP & JD VANCE,REP,30
36-05,JILL STEIN & RUDOLPH WARE,GRN,2
36-05,KAMALA D HARRIS & TIM WALZ,DEM,401
36-05,WRITE-IN,,1
36-06,CHASE OLIVER & MIKE TER MAAT,LIB,3
36-06,DONALD J TRUMP & JD VANCE,REP,33
36-06,JILL STEIN & RUDOLPH WARE,GRN,3
36-06,KAMALA D HARRIS & TIM WALZ,DEM,414
36-06,WRITE-IN,,3
36-07,CHASE OLIVER & MIKE TER MAAT,LIB,1
36-07,DONALD J TRUMP & JD VANCE,REP,16
36-07,JILL STEIN & RUDOLPH WARE,GRN,3
36-07,KAMALA D HARRIS & TIM WALZ,DEM,397
36-07,WRITE-IN,,1
36-08,CHASE OLIVER & MIKE TER MAAT,LIB,2
36-08,DONALD J TRUMP & JD VANCE,REP,57
36-08,JILL STEIN & RUDOLPH WARE,GRN,6
36-08,KAMALA D HARRIS & TIM WALZ,DEM,489
36-08,WRITE-IN,,2
36-09,CHASE OLIVER & MIKE TER MAAT,LIB,3
36-09,DONALD J TRUMP & JD VANCE,REP,48
36-09,JILL STEIN & RUDOLPH WARE,GRN,5
36-09,KAMALA D HARRIS & TIM WALZ,DEM,472
36-09,WRITE-IN,,3
36-10,CHASE OLIVER & MIKE TER MAAT,LIB,3
36-10,DONALD J TRUMP & JD VANCE,REP,27
36-10,JILL STEIN & RUDOLPH WARE,GRN,6
36-10,KAMALA D HARRIS & TIM WALZ,DEM,385
36-10,WRITE-IN,,1
36-11,CHASE OLIVER & MIKE TER MAAT,LIB,0
36-11,DONALD J TRUMP & JD VANCE,REP,27
36-11,JILL STEIN & RUDOLPH WARE,GRN,3
36-11,KAMALA D HARRIS & TIM WALZ,DEM,332
36-11,WRITE-IN,,2
36-12,CHASE OLIVER & MIKE TER MAAT,LIB,0
36-12,DONALD J TRUMP & JD VANCE,REP,31
36-12,JILL STEIN & RUDOLPH WARE,GRN,2
36-12,KAMALA D HARRIS & TIM WALZ,DEM,388
36-12,WRITE-IN,,0
36-13,CHASE OLIVER & MIKE TER MAAT,LIB,1
36-13,DONALD J TRUMP & JD VANCE,REP,41
36-13,JILL STEIN & RUDOLPH WARE,GRN,7
36-13,KAMALA D HARRIS & TIM WALZ,DEM,379
36-13,WRITE-IN,,4
36-14,CHASE OLIVER & MIKE TER MAAT,LIB,0
36-14,DONALD J TRUMP & JD VANCE,REP,77
36-14,JILL STEIN & RUDOLPH WARE,GRN,1
36-14,KAMALA D HARRIS & TIM WALZ,DEM,215
36-14,WRITE-IN,,2
36-15,CHASE OLIVER & MIKE TER MAAT,LIB,1
36-15,DONALD J TRUMP & JD VANCE,REP,23
36-15,JILL STEIN & RUDOLPH WARE,GRN,3
36-15,KAMALA D HARRIS & TIM WALZ,DEM,323
36-15,WRITE-IN,,0
36-16,CHASE OLIVER & MIKE TER MAAT,LIB,2
36-16,DONALD J TRUMP & JD VANCE,REP,33
36-16,JILL STEIN & RUDOLPH WARE,GRN,8
36-16,KAMALA D HARRIS & TIM WALZ,DEM,378
36-16,WRITE-IN,,1
36-17,CHASE OLIVER & MIKE TER MAAT,LIB,0
36-17,DONALD J TRUMP & JD VANCE,REP,32
36-17,JILL STEIN & RUDOLPH WARE,GRN,5
36-17,KAMALA D HARRIS & TIM WALZ,DEM,329
36-17,WRITE-IN,,1
36-18,CHASE OLIVER & MIKE TER MAAT,LIB,3
36-18,DONALD J TRUMP & JD VANCE,REP,29
36-18,JILL STEIN & RUDOLPH WARE,GRN,4
36-18,KAMALA D HARRIS & TIM WALZ,DEM,392
36-18,WRITE-IN,,4
36-19,CHASE OLIVER & MIKE TER MAAT,LIB,0
36-19,DONALD J TRUMP & JD VANCE,REP,13
36-19,JILL STEIN & RUDOLPH WARE,GRN,5
36-19,KAMALA D HARRIS & TIM WALZ,DEM,285
36-19,WRITE-IN,,0
36-20,CHASE OLIVER & MIKE TER MAAT,LIB,0
36-20,DONALD J TRUMP & JD VANCE,REP,54
36-20,JILL STEIN & RUDOLPH WARE,GRN,3
36-20,KAMALA D HARRIS & TIM WALZ,DEM,411
36-20,WRITE-IN,,1
36-21,CHASE OLIVER & MIKE TER MAAT,LIB,0
36-21,DONALD J TRUMP & JD VANCE,REP,27
36-21,JILL STEIN & RUDOLPH WARE,GRN,6
36-21,KAMALA D HARRIS & TIM WALZ,DEM,334
36-21,WRITE-IN,,3
36-22,CHASE OLIVER & MIKE TER MAAT,LIB,1
36-22,DONALD J TRUMP & JD VANCE,REP,13
36-22,JILL STEIN & RUDOLPH WARE,GRN,3
36-22,KAMALA D HARRIS & TIM WALZ,DEM,274
36-22,WRITE-IN,,0
36-23,CHASE OLIVER & MIKE TER MAAT,LIB,3
36-23,DONALD J TRUMP & JD VANCE,REP,40
36-23,JILL STEIN & RUDOLPH WARE,GRN,5
36-23,KAMALA D HARRIS & TIM WALZ,DEM,366
36-23,WRITE-IN,,2
36-24,CHASE OLIVER & MIKE TER MAAT,LIB,0
36-24,DONALD J TRUMP & JD VANCE,REP,33
36-24,JILL STEIN & RUDOLPH WARE,GRN,6
36-24,KAMALA D HARRIS & TIM WALZ,DEM,244
36-24,WRITE-IN,,1
36-25,CHASE OLIVER & MIKE TER MAAT,LIB,1
36-25,DONALD J TRUMP & JD VANCE,REP,72
36-25,JILL STEIN & RUDOLPH WARE,GRN,3
36-25,KAMALA D HARRIS & TIM WALZ,DEM,333
36-25,WRITE-IN,,1
36-26,CHASE OLIVER & MIKE TER MAAT,LIB,1
36-26,DONALD J TRUMP & JD VANCE,REP,74
36-26,JILL STEIN & RUDOLPH WARE,GRN,8
36-26,KAMALA D HARRIS & TIM WALZ,DEM,221
36-26,WRITE-IN,,1
36-27,CHASE OLIVER & MIKE TER MAAT,LIB,3
36-27,DONALD J TRUMP & JD VANCE,REP,123
36-27,JILL STEIN & RUDOLPH WARE,GRN,2
36-27,KAMALA D HARRIS & TIM WALZ,DEM,231
36-27,WRITE-IN,,0
36-28,CHASE OLIVER & MIKE TER MAAT,LIB,3
36-28,DONALD J TRUMP & JD VANCE,REP,39
36-28,JILL STEIN & RUDOLPH WARE,GRN,4
36-28,KAMALA D HARRIS & TIM WALZ,DEM,380
36-28,WRITE-IN,,1
36-29,CHASE OLIVER & MIKE TER MAAT,LIB,1
36-29,DONALD J TRUMP & JD VANCE,REP,94
36-29,JILL STEIN & RUDOLPH WARE,GRN,11
36-29,KAMALA D HARRIS & TIM WALZ,DEM,320
36-29,WRITE-IN,,1
36-30,CHASE OLIVER & MIKE TER MAAT,LIB,1
36-30,DONALD J TRUMP & JD VANCE,REP,50
36-30,JILL STEIN & RUDOLPH WARE,GRN,1
36-30,KAMALA D HARRIS & TIM WALZ,DEM,246
36-30,WRITE-IN,,0
36-31,CHASE OLIVER & MIKE TER MAAT,LIB,1
36-31,DONALD J TRUMP & JD VANCE,REP,55
36-31,JILL STEIN & RUDOLPH WARE,GRN,4
36-31,KAMALA D HARRIS & TIM WALZ,DEM,346
36-31,WRITE-IN,,0
36-32,CHASE OLIVER & MIKE TER MAAT,LIB,0
36-32,DONALD J TRUMP & JD VANCE,REP,36
36-32,JILL STEIN & RUDOLPH WARE,GRN,3
36-32,KAMALA D HARRIS & TIM WALZ,DEM,391
36-32,WRITE-IN,,4
36-33,CHASE OLIVER & MIKE TER MAAT,LIB,1
36-33,DONALD J TRUMP & JD VANCE,REP,69
36-33,JILL STEIN & RUDOLPH WARE,GRN,3
36-33,KAMALA D HARRIS & TIM WALZ,DEM,314
36-33,WRITE-IN,,3
36-34,CHASE OLIVER & MIKE TER MAAT,LIB,0
36-34,DONALD J TRUMP & JD VANCE,REP,45
36-34,JILL STEIN & RUDOLPH WARE,GRN,9
36-34,KAMALA D HARRIS & TIM WALZ,DEM,401
36-34,WRITE-IN,,3
36-35,CHASE OLIVER & MIKE TER MAAT,LIB,1
36-35,DONALD J TRUMP & JD VANCE,REP,47
36-35,JILL STEIN & RUDOLPH WARE,GRN,5
36-35,KAMALA D HARRIS & TIM WALZ,DEM,508
36-35,WRITE-IN,,4
36-36,CHASE OLIVER & MIKE TER MAAT,LIB,4
36-36,DONALD J TRUMP & JD VANCE,REP,38
36-36,JILL STEIN & RUDOLPH WARE,GRN,10
36-36,KAMALA D HARRIS & TIM WALZ,DEM,461
36-36,WRITE-IN,,0
36-37,CHASE OLIVER & MIKE TER MAAT,LIB,2
36-37,DONALD J TRUMP & JD VANCE,REP,48
36-37,JILL STEIN & RUDOLPH WARE,GRN,4
36-37,KAMALA D HARRIS & TIM WALZ,DEM,474
36-37,WRITE-IN,,4
36-38,CHASE OLIVER & MIKE TER MAAT,LIB,2
36-38,DONALD J TRUMP & JD VANCE,REP,46
36-38,JILL STEIN & RUDOLPH WARE,GRN,11
36-38,KAMALA D HARRIS & TIM WALZ,DEM,412
36-38,WRITE-IN,,1
36-39,CHASE OLIVER & MIKE TER MAAT,LIB,3
36-39,DONALD J TRUMP & JD VANCE,REP,49
36-39,JILL STEIN & RUDOLPH WARE,GRN,2
36-39,KAMALA D HARRIS & TIM WALZ,DEM,535
36-39,WRITE-IN,,4
36-40,CHASE OLIVER & MIKE TER MAAT,LIB,2
36-40,DONALD J TRUMP & JD VANCE,REP,54
36-40,JILL STEIN & RUDOLPH WARE,GRN,5
36-40,KAMALA D HARRIS & TIM WALZ,DEM,580
36-40,WRITE-IN,,0
36-41,CHASE OLIVER & MIKE TER MAAT,LIB,0
36-41,DONALD J TRUMP & JD VANCE,REP,48
36-41,JILL STEIN & RUDOLPH WARE,GRN,2
36-41,KAMALA D HARRIS & TIM WALZ,DEM,293
36-41,WRITE-IN,,1
37-01,CHASE OLIVER & MIKE TER MAAT,LIB,0
37-01,DONALD J TRUMP & JD VANCE,REP,14
37-01,JILL STEIN & RUDOLPH WARE,GRN,0
37-01,KAMALA D HARRIS & TIM WALZ,DEM,124
37-01,WRITE-IN,,0
37-02,CHASE OLIVER & MIKE TER MAAT,LIB,1
37-02,DONALD J TRUMP & JD VANCE,REP,14
37-02,JILL STEIN & RUDOLPH WARE,GRN,2
37-02,KAMALA D HARRIS & TIM WALZ,DEM,295
37-02,WRITE-IN,,0
37-03,CHASE OLIVER & MIKE TER MAAT,LIB,0
37-03,DONALD J TRUMP & JD VANCE,REP,8
37-03,JILL STEIN & RUDOLPH WARE,GRN,1
37-03,KAMALA D HARRIS & TIM WALZ,DEM,163
37-03,WRITE-IN,,1
37-04,CHASE OLIVER & MIKE TER MAAT,LIB,2
37-04,DONALD J TRUMP & JD VANCE,REP,25
37-04,JILL STEIN & RUDOLPH WARE,GRN,2
37-04,KAMALA D HARRIS & TIM WALZ,DEM,246
37-04,WRITE-IN,,2
37-05,CHASE OLIVER & MIKE TER MAAT,LIB,0
37-05,DONALD J TRUMP & JD VANCE,REP,5
37-05,JILL STEIN & RUDOLPH WARE,GRN,0
37-05,KAMALA D HARRIS & TIM WALZ,DEM,43
37-05,WRITE-IN,,0
37-06,CHASE OLIVER & MIKE TER MAAT,LIB,0
37-06,DONALD J TRUMP & JD VANCE,REP,13
37-06,JILL STEIN & RUDOLPH WARE,GRN,0
37-06,KAMALA D HARRIS & TIM WALZ,DEM,157
37-06,WRITE-IN,,1
37-07,CHASE OLIVER & MIKE TER MAAT,LIB,0
37-07,DONALD J TRUMP & JD VANCE,REP,12
37-07,JILL STEIN & RUDOLPH WARE,GRN,0
37-07,KAMALA D HARRIS & TIM WALZ,DEM,215
37-07,WRITE-IN,,0
37-08,CHASE OLIVER & MIKE TER MAAT,LIB,0
37-08,DONALD J TRUMP & JD VANCE,REP,17
37-08,JILL STEIN & RUDOLPH WARE,GRN,1
37-08,KAMALA D HARRIS & TIM WALZ,DEM,197
37-08,WRITE-IN,,0
37-09,CHASE OLIVER & MIKE TER MAAT,LIB,0
37-09,DONALD J TRUMP & JD VANCE,REP,16
37-09,JILL STEIN & RUDOLPH WARE,GRN,2
37-09,KAMALA D HARRIS & TIM WALZ,DEM,230
37-09,WRITE-IN,,1
37-10,CHASE OLIVER & MIKE TER MAAT,LIB,0
37-10,DONALD J TRUMP & JD VANCE,REP,21
37-10,JILL STEIN & RUDOLPH WARE,GRN,0
37-10,KAMALA D HARRIS & TIM WALZ,DEM,251
37-10,WRITE-IN,,0
37-11,CHASE OLIVER & MIKE TER MAAT,LIB,0
37-11,DONALD J TRUMP & JD VANCE,REP,12
37-11,JILL STEIN & RUDOLPH WARE,GRN,0
37-11,KAMALA D HARRIS & TIM WALZ,DEM,209
37-11,WRITE-IN,,0
37-12,CHASE OLIVER & MIKE TER MAAT,LIB,1
37-12,DONALD J TRUMP & JD VANCE,REP,12
37-12,JILL STEIN & RUDOLPH WARE,GRN,0
37-12,KAMALA D HARRIS & TIM WALZ,DEM,216
37-12,WRITE-IN,,1
37-13,CHASE OLIVER & MIKE TER MAAT,LIB,1
37-13,DONALD J TRUMP & JD VANCE,REP,38
37-13,JILL STEIN & RUDOLPH WARE,GRN,0
37-13,KAMALA D HARRIS & TIM WALZ,DEM,218
37-13,WRITE-IN,,5
37-14,CHASE OLIVER & MIKE TER MAAT,LIB,3
37-14,DONALD J TRUMP & JD VANCE,REP,39
37-14,JILL STEIN & RUDOLPH WARE,GRN,2
37-14,KAMALA D HARRIS & TIM WALZ,DEM,278
37-14,WRITE-IN,,1
37-15,CHASE OLIVER & MIKE TER MAAT,LIB,0
37-15,DONALD J TRUMP & JD VANCE,REP,37
37-15,JILL STEIN & RUDOLPH WARE,GRN,1
37-15,KAMALA D HARRIS & TIM WALZ,DEM,222
37-15,WRITE-IN,,0
37-16,CHASE OLIVER & MIKE TER MAAT,LIB,2
37-16,DONALD J TRUMP & JD VANCE,REP,41
37-16,JILL STEIN & RUDOLPH WARE,GRN,1
37-16,KAMALA D HARRIS & TIM WALZ,DEM,231
37-16,WRITE-IN,,1
37-17,CHASE OLIVER & MIKE TER MAAT,LIB,1
37-17,DONALD J TRUMP & JD VANCE,REP,31
37-17,JILL STEIN & RUDOLPH WARE,GRN,0
37-17,KAMALA D HARRIS & TIM WALZ,DEM,178
37-17,WRITE-IN,,1
37-18,CHASE OLIVER & MIKE TER MAAT,LIB,1
37-18,DONALD J TRUMP & JD VANCE,REP,49
37-18,JILL STEIN & RUDOLPH WARE,GRN,1
37-18,KAMALA D HARRIS & TIM WALZ,DEM,294
37-18,WRITE-IN,,0
37-19,CHASE OLIVER & MIKE TER MAAT,LIB,0
37-19,DONALD J TRUMP & JD VANCE,REP,54
37-19,JILL STEIN & RUDOLPH WARE,GRN,1
37-19,KAMALA D HARRIS & TIM WALZ,DEM,208
37-19,WRITE-IN,,0
37-20,CHASE OLIVER & MIKE TER MAAT,LIB,1
37-20,DONALD J TRUMP & JD VANCE,REP,44
37-20,JILL STEIN & RUDOLPH WARE,GRN,1
37-20,KAMALA D HARRIS & TIM WALZ,DEM,210
37-20,WRITE-IN,,0
37-21,CHASE OLIVER & MIKE TER MAAT,LIB,0
37-21,DONALD J TRUMP & JD VANCE,REP,52
37-21,JILL STEIN & RUDOLPH WARE,GRN,0
37-21,KAMALA D HARRIS & TIM WALZ,DEM,282
37-21,WRITE-IN,,0
38-01,CHASE OLIVER & MIKE TER MAAT,LIB,0
38-01,DONALD J TRUMP & JD VANCE,REP,7
38-01,JILL STEIN & RUDOLPH WARE,GRN,2
38-01,KAMALA D HARRIS & TIM WALZ,DEM,221
38-01,WRITE-IN,,0
38-02,CHASE OLIVER & MIKE TER MAAT,LIB,0
38-02,DONALD J TRUMP & JD VANCE,REP,14
38-02,JILL STEIN & RUDOLPH WARE,GRN,0
38-02,KAMALA D HARRIS & TIM WALZ,DEM,415
38-02,WRITE-IN,,0
38-03,CHASE OLIVER & MIKE TER MAAT,LIB,1
38-03,DONALD J TRUMP & JD VANCE,REP,11
38-03,JILL STEIN & RUDOLPH WARE,GRN,1
38-03,KAMALA D HARRIS & TIM WALZ,DEM,410
38-03,WRITE-IN,,0
38-04,CHASE OLIVER & MIKE TER MAAT,LIB,1
38-04,DONALD J TRUMP & JD VANCE,REP,11
38-04,JILL STEIN & RUDOLPH WARE,GRN,1
38-04,KAMALA D HARRIS & TIM WALZ,DEM,317
38-04,WRITE-IN,,0
38-05,CHASE OLIVER & MIKE TER MAAT,LIB,0
38-05,DONALD J TRUMP & JD VANCE,REP,19
38-05,JILL STEIN & RUDOLPH WARE,GRN,0
38-05,KAMALA D HARRIS & TIM WALZ,DEM,312
38-05,WRITE-IN,,0
38-06,CHASE OLIVER & MIKE TER MAAT,LIB,3
38-06,DONALD J TRUMP & JD VANCE,REP,12
38-06,JILL STEIN & RUDOLPH WARE,GRN,0
38-06,KAMALA D HARRIS & TIM WALZ,DEM,353
38-06,WRITE-IN,,0
38-07,CHASE OLIVER & MIKE TER MAAT,LIB,0
38-07,DONALD J TRUMP & JD VANCE,REP,25
38-07,JILL STEIN & RUDOLPH WARE,GRN,0
38-07,KAMALA D HARRIS & TIM WALZ,DEM,339
38-07,WRITE-IN,,0
38-08,CHASE OLIVER & MIKE TER MAAT,LIB,1
38-08,DONALD J TRUMP & JD VANCE,REP,19
38-08,JILL STEIN & RUDOLPH WARE,GRN,2
38-08,KAMALA D HARRIS & TIM WALZ,DEM,322
38-08,WRITE-IN,,1
38-09,CHASE OLIVER & MIKE TER MAAT,LIB,5
38-09,DONALD J TRUMP & JD VANCE,REP,64
38-09,JILL STEIN & RUDOLPH WARE,GRN,5
38-09,KAMALA D HARRIS & TIM WALZ,DEM,707
38-09,WRITE-IN,,1
38-10,CHASE OLIVER & MIKE TER MAAT,LIB,1
38-10,DONALD J TRUMP & JD VANCE,REP,21
38-10,JILL STEIN & RUDOLPH WARE,GRN,4
38-10,KAMALA D HARRIS & TIM WALZ,DEM,386
38-10,WRITE-IN,,1
38-11,CHASE OLIVER & MIKE TER MAAT,LIB,1
38-11,DONALD J TRUMP & JD VANCE,REP,31
38-11,JILL STEIN & RUDOLPH WARE,GRN,4
38-11,KAMALA D HARRIS & TIM WALZ,DEM,348
38-11,WRITE-IN,,3
38-12,CHASE OLIVER & MIKE TER MAAT,LIB,0
38-12,DONALD J TRUMP & JD VANCE,REP,84
38-12,JILL STEIN & RUDOLPH WARE,GRN,6
38-12,KAMALA D HARRIS & TIM WALZ,DEM,504
38-12,WRITE-IN,,3
38-13,CHASE OLIVER & MIKE TER MAAT,LIB,1
38-13,DONALD J TRUMP & JD VANCE,REP,78
38-13,JILL STEIN & RUDOLPH WARE,GRN,6
38-13,KAMALA D HARRIS & TIM WALZ,DEM,496
38-13,WRITE-IN,,2
38-14,CHASE OLIVER & MIKE TER MAAT,LIB,2
38-14,DONALD J TRUMP & JD VANCE,REP,69
38-14,JILL STEIN & RUDOLPH WARE,GRN,8
38-14,KAMALA D HARRIS & TIM WALZ,DEM,376
38-14,WRITE-IN,,1
38-15,CHASE OLIVER & MIKE TER MAAT,LIB,5
38-15,DONALD J TRUMP & JD VANCE,REP,57
38-15,JILL STEIN & RUDOLPH WARE,GRN,11
38-15,KAMALA D HARRIS & TIM WALZ,DEM,497
38-15,WRITE-IN,,2
38-16,CHASE OLIVER & MIKE TER MAAT,LIB,3
38-16,DONALD J TRUMP & JD VANCE,REP,70
38-16,JILL STEIN & RUDOLPH WARE,GRN,7
38-16,KAMALA D HARRIS & TIM WALZ,DEM,395
38-16,WRITE-IN,,1
38-17,CHASE OLIVER & MIKE TER MAAT,LIB,0
38-17,DONALD J TRUMP & JD VANCE,REP,38
38-17,JILL STEIN & RUDOLPH WARE,GRN,3
38-17,KAMALA D HARRIS & TIM WALZ,DEM,432
38-17,WRITE-IN,,2
38-18,CHASE OLIVER & MIKE TER MAAT,LIB,5
38-18,DONALD J TRUMP & JD VANCE,REP,66
38-18,JILL STEIN & RUDOLPH WARE,GRN,2
38-18,KAMALA D HARRIS & TIM WALZ,DEM,414
38-18,WRITE-IN,,4
38-19,CHASE OLIVER & MIKE TER MAAT,LIB,1
38-19,DONALD J TRUMP & JD VANCE,REP,56
38-19,JILL STEIN & RUDOLPH WARE,GRN,4
38-19,KAMALA D HARRIS & TIM WALZ,DEM,385
38-19,WRITE-IN,,1
38-20,CHASE OLIVER & MIKE TER MAAT,LIB,0
38-20,DONALD J TRUMP & JD VANCE,REP,94
38-20,JILL STEIN & RUDOLPH WARE,GRN,3
38-20,KAMALA D HARRIS & TIM WALZ,DEM,294
38-20,WRITE-IN,,1
38-21,CHASE OLIVER & MIKE TER MAAT,LIB,1
38-21,DONALD J TRUMP & JD VANCE,REP,15
38-21,JILL STEIN & RUDOLPH WARE,GRN,2
38-21,KAMALA D HARRIS & TIM WALZ,DEM,331
38-21,WRITE-IN,,1
39-01,CHASE OLIVER & MIKE TER MAAT,LIB,1
39-01,DONALD J TRUMP & JD VANCE,REP,149
39-01,JILL STEIN & RUDOLPH WARE,GRN,3
39-01,KAMALA D HARRIS & TIM WALZ,DEM,182
39-01,WRITE-IN,,1
39-02,CHASE OLIVER & MIKE TER MAAT,LIB,1
39-02,DONALD J TRUMP & JD VANCE,REP,86
39-02,JILL STEIN & RUDOLPH WARE,GRN,0
39-02,KAMALA D HARRIS & TIM WALZ,DEM,138
39-02,WRITE-IN,,1
39-03,CHASE OLIVER & MIKE TER MAAT,LIB,3
39-03,DONALD J TRUMP & JD VANCE,REP,247
39-03,JILL STEIN & RUDOLPH WARE,GRN,1
39-03,KAMALA D HARRIS & TIM WALZ,DEM,206
39-03,WRITE-IN,,0
39-04,CHASE OLIVER & MIKE TER MAAT,LIB,0
39-04,DONALD J TRUMP & JD VANCE,REP,115
39-04,JILL STEIN & RUDOLPH WARE,GRN,2
39-04,KAMALA D HARRIS & TIM WALZ,DEM,145
39-04,WRITE-IN,,0
39-05,CHASE OLIVER & MIKE TER MAAT,LIB,1
39-05,DONALD J TRUMP & JD VANCE,REP,65
39-05,JILL STEIN & RUDOLPH WARE,GRN,3
39-05,KAMALA D HARRIS & TIM WALZ,DEM,330
39-05,WRITE-IN,,0
39-06,CHASE OLIVER & MIKE TER MAAT,LIB,1
39-06,DONALD J TRUMP & JD VANCE,REP,234
39-06,JILL STEIN & RUDOLPH WARE,GRN,3
39-06,KAMALA D HARRIS & TIM WALZ,DEM,176
39-06,WRITE-IN,,0
39-07,CHASE OLIVER & MIKE TER MAAT,LIB,2
39-07,DONALD J TRUMP & JD VANCE,REP,331
39-07,JILL STEIN & RUDOLPH WARE,GRN,4
39-07,KAMALA D HARRIS & TIM WALZ,DEM,270
39-07,WRITE-IN,,1
39-08,CHASE OLIVER & MIKE TER MAAT,LIB,2
39-08,DONALD J TRUMP & JD VANCE,REP,174
39-08,JILL STEIN & RUDOLPH WARE,GRN,4
39-08,KAMALA D HARRIS & TIM WALZ,DEM,268
39-08,WRITE-IN,,1
39-09,CHASE OLIVER & MIKE TER MAAT,LIB,2
39-09,DONALD J TRUMP & JD VANCE,REP,53
39-09,JILL STEIN & RUDOLPH WARE,GRN,5
39-09,KAMALA D HARRIS & TIM WALZ,DEM,258
39-09,WRITE-IN,,1
39-10,CHASE OLIVER & MIKE TER MAAT,LIB,0
39-10,DONALD J TRUMP & JD VANCE,REP,73
39-10,JILL STEIN & RUDOLPH WARE,GRN,3
39-10,KAMALA D HARRIS & TIM WALZ,DEM,376
39-10,WRITE-IN,,4
39-11,CHASE OLIVER & MIKE TER MAAT,LIB,0
39-11,DONALD J TRUMP & JD VANCE,REP,70
39-11,JILL STEIN & RUDOLPH WARE,GRN,2
39-11,KAMALA D HARRIS & TIM WALZ,DEM,132
39-11,WRITE-IN,,1
39-12,CHASE OLIVER & MIKE TER MAAT,LIB,1
39-12,DONALD J TRUMP & JD VANCE,REP,132
39-12,JILL STEIN & RUDOLPH WARE,GRN,0
39-12,KAMALA D HARRIS & TIM WALZ,DEM,113
39-12,WRITE-IN,,1
39-13,CHASE OLIVER & MIKE TER MAAT,LIB,1
39-13,DONALD J TRUMP & JD VANCE,REP,113
39-13,JILL STEIN & RUDOLPH WARE,GRN,3
39-13,KAMALA D HARRIS & TIM WALZ,DEM,247
39-13,WRITE-IN,,1
39-14,CHASE OLIVER & MIKE TER MAAT,LIB,1
39-14,DONALD J TRUMP & JD VANCE,REP,226
39-14,JILL STEIN & RUDOLPH WARE,GRN,1
39-14,KAMALA D HARRIS & TIM WALZ,DEM,94
39-14,WRITE-IN,,0
39-15,CHASE OLIVER & MIKE TER MAAT,LIB,1
39-15,DONALD J TRUMP & JD VANCE,REP,305
39-15,JILL STEIN & RUDOLPH WARE,GRN,1
39-15,KAMALA D HARRIS & TIM WALZ,DEM,230
39-15,WRITE-IN,,3
39-16,CHASE OLIVER & MIKE TER MAAT,LIB,1
39-16,DONALD J TRUMP & JD VANCE,REP,107
39-16,JILL STEIN & RUDOLPH WARE,GRN,1
39-16,KAMALA D HARRIS & TIM WALZ,DEM,136
39-16,WRITE-IN,,0
39-17,CHASE OLIVER & MIKE TER MAAT,LIB,1
39-17,DONALD J TRUMP & JD VANCE,REP,94
39-17,JILL STEIN & RUDOLPH WARE,GRN,5
39-17,KAMALA D HARRIS & TIM WALZ,DEM,180
39-17,WRITE-IN,,0
39-18,CHASE OLIVER & MIKE TER MAAT,LIB,1
39-18,DONALD J TRUMP & JD VANCE,REP,86
39-18,JILL STEIN & RUDOLPH WARE,GRN,2
39-18,KAMALA D HARRIS & TIM WALZ,DEM,105
39-18,WRITE-IN,,0
39-19,CHASE OLIVER & MIKE TER MAAT,LIB,7
39-19,DONALD J TRUMP & JD VANCE,REP,67
39-19,JILL STEIN & RUDOLPH WARE,GRN,6
39-19,KAMALA D HARRIS & TIM WALZ,DEM,174
39-19,WRITE-IN,,4
39-20,CHASE OLIVER & MIKE TER MAAT,LIB,3
39-20,DONALD J TRUMP & JD VANCE,REP,254
39-20,JILL STEIN & RUDOLPH WARE,GRN,4
39-20,KAMALA D HARRIS & TIM WALZ,DEM,233
39-20,WRITE-IN,,5
39-21,CHASE OLIVER & MIKE TER MAAT,LIB,1
39-21,DONALD J TRUMP & JD VANCE,REP,327
39-21,JILL STEIN & RUDOLPH WARE,GRN,3
39-21,KAMALA D HARRIS & TIM WALZ,DEM,174
39-21,WRITE-IN,,4
39-22,CHASE OLIVER & MIKE TER MAAT,LIB,1
39-22,DONALD J TRUMP & JD VANCE,REP,152
39-22,JILL STEIN & RUDOLPH WARE,GRN,6
39-22,KAMALA D HARRIS & TIM WALZ,DEM,243
39-22,WRITE-IN,,1
39-23,CHASE OLIVER & MIKE TER MAAT,LIB,0
39-23,DONALD J TRUMP & JD VANCE,REP,67
39-23,JILL STEIN & RUDOLPH WARE,GRN,1
39-23,KAMALA D HARRIS & TIM WALZ,DEM,155
39-23,WRITE-IN,,0
39-24,CHASE OLIVER & MIKE TER MAAT,LIB,0
39-24,DONALD J TRUMP & JD VANCE,REP,199
39-24,JILL STEIN & RUDOLPH WARE,GRN,6
39-24,KAMALA D HARRIS & TIM WALZ,DEM,321
39-24,WRITE-IN,,2
39-25,CHASE OLIVER & MIKE TER MAAT,LIB,6
39-25,DONALD J TRUMP & JD VANCE,REP,235
39-25,JILL STEIN & RUDOLPH WARE,GRN,1
39-25,KAMALA D HARRIS & TIM WALZ,DEM,250
39-25,WRITE-IN,,0
39-26,CHASE OLIVER & MIKE TER MAAT,LIB,1
39-26,DONALD J TRUMP & JD VANCE,REP,125
39-26,JILL STEIN & RUDOLPH WARE,GRN,2
39-26,KAMALA D HARRIS & TIM WALZ,DEM,461
39-26,WRITE-IN,,1
39-27,CHASE OLIVER & MIKE TER MAAT,LIB,4
39-27,DONALD J TRUMP & JD VANCE,REP,124
39-27,JILL STEIN & RUDOLPH WARE,GRN,1
39-27,KAMALA D HARRIS & TIM WALZ,DEM,380
39-27,WRITE-IN,,2
39-28,CHASE OLIVER & MIKE TER MAAT,LIB,1
39-28,DONALD J TRUMP & JD VANCE,REP,63
39-28,JILL STEIN & RUDOLPH WARE,GRN,9
39-28,KAMALA D HARRIS & TIM WALZ,DEM,434
39-28,WRITE-IN,,0
39-29,CHASE OLIVER & MIKE TER MAAT,LIB,2
39-29,DONALD J TRUMP & JD VANCE,REP,197
39-29,JILL STEIN & RUDOLPH WARE,GRN,2
39-29,KAMALA D HARRIS & TIM WALZ,DEM,164
39-29,WRITE-IN,,1
39-30,CHASE OLIVER & MIKE TER MAAT,LIB,1
39-30,DONALD J TRUMP & JD VANCE,REP,119
39-30,JILL STEIN & RUDOLPH WARE,GRN,2
39-30,KAMALA D HARRIS & TIM WALZ,DEM,435
39-30,WRITE-IN,,2
39-31,CHASE OLIVER & MIKE TER MAAT,LIB,1
39-31,DONALD J TRUMP & JD VANCE,REP,222
39-31,JILL STEIN & RUDOLPH WARE,GRN,1
39-31,KAMALA D HARRIS & TIM WALZ,DEM,187
39-31,WRITE-IN,,0
39-32,CHASE OLIVER & MIKE TER MAAT,LIB,2
39-32,DONALD J TRUMP & JD VANCE,REP,97
39-32,JILL STEIN & RUDOLPH WARE,GRN,8
39-32,KAMALA D HARRIS & TIM WALZ,DEM,278
39-32,WRITE-IN,,2
39-33,CHASE OLIVER & MIKE TER MAAT,LIB,0
39-33,DONALD J TRUMP & JD VANCE,REP,166
39-33,JILL STEIN & RUDOLPH WARE,GRN,5
39-33,KAMALA D HARRIS & TIM WALZ,DEM,142
39-33,WRITE-IN,,1
39-34,CHASE OLIVER & MIKE TER MAAT,LIB,0
39-34,DONALD J TRUMP & JD VANCE,REP,97
39-34,JILL STEIN & RUDOLPH WARE,GRN,5
39-34,KAMALA D HARRIS & TIM WALZ,DEM,204
39-34,WRITE-IN,,1
39-35,CHASE OLIVER & MIKE TER MAAT,LIB,0
39-35,DONALD J TRUMP & JD VANCE,REP,165
39-35,JILL STEIN & RUDOLPH WARE,GRN,2
39-35,KAMALA D HARRIS & TIM WALZ,DEM,514
39-35,WRITE-IN,,4
39-36,CHASE OLIVER & MIKE TER MAAT,LIB,2
39-36,DONALD J TRUMP & JD VANCE,REP,288
39-36,JILL STEIN & RUDOLPH WARE,GRN,2
39-36,KAMALA D HARRIS & TIM WALZ,DEM,145
39-36,WRITE-IN,,1
39-37,CHASE OLIVER & MIKE TER MAAT,LIB,4
39-37,DONALD J TRUMP & JD VANCE,REP,200
39-37,JILL STEIN & RUDOLPH WARE,GRN,8
39-37,KAMALA D HARRIS & TIM WALZ,DEM,336
39-37,WRITE-IN,,3
39-38,CHASE OLIVER & MIKE TER MAAT,LIB,1
39-38,DONALD J TRUMP & JD VANCE,REP,137
39-38,JILL STEIN & RUDOLPH WARE,GRN,1
39-38,KAMALA D HARRIS & TIM WALZ,DEM,306
39-38,WRITE-IN,,2
39-39,CHASE OLIVER & MIKE TER MAAT,LIB,1
39-39,DONALD J TRUMP & JD VANCE,REP,216
39-39,JILL STEIN & RUDOLPH WARE,GRN,4
39-39,KAMALA D HARRIS & TIM WALZ,DEM,193
39-39,WRITE-IN,,0
39-40,CHASE OLIVER & MIKE TER MAAT,LIB,0
39-40,DONALD J TRUMP & JD VANCE,REP,83
39-40,JILL STEIN & RUDOLPH WARE,GRN,3
39-40,KAMALA D HARRIS & TIM WALZ,DEM,235
39-40,WRITE-IN,,1
39-41,CHASE OLIVER & MIKE TER MAAT,LIB,4
39-41,DONALD J TRUMP & JD VANCE,REP,280
39-41,JILL STEIN & RUDOLPH WARE,GRN,2
39-41,KAMALA D HARRIS & TIM WALZ,DEM,155
39-41,WRITE-IN,,2
39-42,CHASE OLIVER & MIKE TER MAAT,LIB,0
39-42,DONALD J TRUMP & JD VANCE,REP,151
39-42,JILL STEIN & RUDOLPH WARE,GRN,2
39-42,KAMALA D HARRIS & TIM WALZ,DEM,208
39-42,WRITE-IN,,2
39-43,CHASE OLIVER & MIKE TER MAAT,LIB,0
39-43,DONALD J TRUMP & JD VANCE,REP,167
39-43,JILL STEIN & RUDOLPH WARE,GRN,4
39-43,KAMALA D HARRIS & TIM WALZ,DEM,201
39-43,WRITE-IN,,2
39-44,CHASE OLIVER & MIKE TER MAAT,LIB,2
39-44,DONALD J TRUMP & JD VANCE,REP,217
39-44,JILL STEIN & RUDOLPH WARE,GRN,3
39-44,KAMALA D HARRIS & TIM WALZ,DEM,213
39-44,WRITE-IN,,0
39-45,CHASE OLIVER & MIKE TER MAAT,LIB,2
39-45,DONALD J TRUMP & JD VANCE,REP,167
39-45,JILL STEIN & RUDOLPH WARE,GRN,5
39-45,KAMALA D HARRIS & TIM WALZ,DEM,503
39-45,WRITE-IN,,3
39-46,CHASE OLIVER & MIKE TER MAAT,LIB,4
39-46,DONALD J TRUMP & JD VANCE,REP,137
39-46,JILL STEIN & RUDOLPH WARE,GRN,7
39-46,KAMALA D HARRIS & TIM WALZ,DEM,523
39-46,WRITE-IN,,5
3rd Congressional,CHASE OLIVER & MIKE TER MAAT,LIB,0
3rd Congressional,DONALD J TRUMP & JD VANCE,REP,115
3rd Congressional,JILL STEIN & RUDOLPH WARE,GRN,23
3rd Congressional,KAMALA D HARRIS & TIM WALZ,DEM,1646
3rd Congressional,WRITE-IN,,2
40-01,CHASE OLIVER & MIKE TER MAAT,LIB,1
40-01,DONALD J TRUMP & JD VANCE,REP,53
40-01,JILL STEIN & RUDOLPH WARE,GRN,1
40-01,KAMALA D HARRIS & TIM WALZ,DEM,225
40-01,WRITE-IN,,0
40-02,CHASE OLIVER & MIKE TER MAAT,LIB,0
40-02,DONALD J TRUMP & JD VANCE,REP,15
40-02,JILL STEIN & RUDOLPH WARE,GRN,2
40-02,KAMALA D HARRIS & TIM WALZ,DEM,287
40-02,WRITE-IN,,0
40-03,CHASE OLIVER & MIKE TER MAAT,LIB,0
40-03,DONALD J TRUMP & JD VANCE,REP,24
40-03,JILL STEIN & RUDOLPH WARE,GRN,1
40-03,KAMALA D HARRIS & TIM WALZ,DEM,445
40-03,WRITE-IN,,0
40-04,CHASE OLIVER & MIKE TER MAAT,LIB,0
40-04,DONALD J TRUMP & JD VANCE,REP,8
40-04,JILL STEIN & RUDOLPH WARE,GRN,3
40-04,KAMALA D HARRIS & TIM WALZ,DEM,239
40-04,WRITE-IN,,0
40-05,CHASE OLIVER & MIKE TER MAAT,LIB,0
40-05,DONALD J TRUMP & JD VANCE,REP,25
40-05,JILL STEIN & RUDOLPH WARE,GRN,1
40-05,KAMALA D HARRIS & TIM WALZ,DEM,430
40-05,WRITE-IN,,2
40-06,CHASE OLIVER & MIKE TER MAAT,LIB,0
40-06,DONALD J TRUMP & JD VANCE,REP,18
40-06,JILL STEIN & RUDOLPH WARE,GRN,2
40-06,KAMALA D HARRIS & TIM WALZ,DEM,304
40-06,WRITE-IN,,0
40-07,CHASE OLIVER & MIKE TER MAAT,LIB,0
40-07,DONALD J TRUMP & JD VANCE,REP,27
40-07,JILL STEIN & RUDOLPH WARE,GRN,3
40-07,KAMALA D HARRIS & TIM WALZ,DEM,373
40-07,WRITE-IN,,2
40-08,CHASE OLIVER & MIKE TER MAAT,LIB,1
40-08,DONALD J TRUMP & JD VANCE,REP,16
40-08,JILL STEIN & RUDOLPH WARE,GRN,2
40-08,KAMALA D HARRIS & TIM WALZ,DEM,241
40-08,WRITE-IN,,1
40-09,CHASE OLIVER & MIKE TER MAAT,LIB,0
40-09,DONALD J TRUMP & JD VANCE,REP,20
40-09,JILL STEIN & RUDOLPH WARE,GRN,2
40-09,KAMALA D HARRIS & TIM WALZ,DEM,346
40-09,WRITE-IN,,1
40-10,CHASE OLIVER & MIKE TER MAAT,LIB,1
40-10,DONALD J TRUMP & JD VANCE,REP,18
40-10,JILL STEIN & RUDOLPH WARE,GRN,6
40-10,KAMALA D HARRIS & TIM WALZ,DEM,196
40-10,WRITE-IN,,2
40-11,CHASE OLIVER & MIKE TER MAAT,LIB,0
40-11,DONALD J TRUMP & JD VANCE,REP,48
40-11,JILL STEIN & RUDOLPH WARE,GRN,5
40-11,KAMALA D HARRIS & TIM WALZ,DEM,286
40-11,WRITE-IN,,0
40-12,CHASE OLIVER & MIKE TER MAAT,LIB,1
40-12,DONALD J TRUMP & JD VANCE,REP,32
40-12,JILL STEIN & RUDOLPH WARE,GRN,2
40-12,KAMALA D HARRIS & TIM WALZ,DEM,271
40-12,WRITE-IN,,0
40-13,CHASE OLIVER & MIKE TER MAAT,LIB,1
40-13,DONALD J TRUMP & JD VANCE,REP,32
40-13,JILL STEIN & RUDOLPH WARE,GRN,4
40-13,KAMALA D HARRIS & TIM WALZ,DEM,386
40-13,WRITE-IN,,2
40-14,CHASE OLIVER & MIKE TER MAAT,LIB,0
40-14,DONALD J TRUMP & JD VANCE,REP,53
40-14,JILL STEIN & RUDOLPH WARE,GRN,2
40-14,KAMALA D HARRIS & TIM WALZ,DEM,423
40-14,WRITE-IN,,0
40-15,CHASE OLIVER & MIKE TER MAAT,LIB,4
40-15,DONALD J TRUMP & JD VANCE,REP,34
40-15,JILL STEIN & RUDOLPH WARE,GRN,1
40-15,KAMALA D HARRIS & TIM WALZ,DEM,209
40-15,WRITE-IN,,0
40-16,CHASE OLIVER & MIKE TER MAAT,LIB,1
40-16,DONALD J TRUMP & JD VANCE,REP,38
40-16,JILL STEIN & RUDOLPH WARE,GRN,1
40-16,KAMALA D HARRIS & TIM WALZ,DEM,355
40-16,WRITE-IN,,0
40-17,CHASE OLIVER & MIKE TER MAAT,LIB,1
40-17,DONALD J TRUMP & JD VANCE,REP,28
40-17,JILL STEIN & RUDOLPH WARE,GRN,1
40-17,KAMALA D HARRIS & TIM WALZ,DEM,243
40-17,WRITE-IN,,0
40-18,CHASE OLIVER & MIKE TER MAAT,LIB,0
40-18,DONALD J TRUMP & JD VANCE,REP,24
40-18,JILL STEIN & RUDOLPH WARE,GRN,0
40-18,KAMALA D HARRIS & TIM WALZ,DEM,259
40-18,WRITE-IN,,1
40-19,CHASE OLIVER & MIKE TER MAAT,LIB,2
40-19,DONALD J TRUMP & JD VANCE,REP,57
40-19,JILL STEIN & RUDOLPH WARE,GRN,0
40-19,KAMALA D HARRIS & TIM WALZ,DEM,283
40-19,WRITE-IN,,1
40-20,CHASE OLIVER & MIKE TER MAAT,LIB,1
40-20,DONALD J TRUMP & JD VANCE,REP,35
40-20,JILL STEIN & RUDOLPH WARE,GRN,4
40-20,KAMALA D HARRIS & TIM WALZ,DEM,183
40-20,WRITE-IN,,1
40-21,CHASE OLIVER & MIKE TER MAAT,LIB,0
40-21,DONALD J TRUMP & JD VANCE,REP,41
40-21,JILL STEIN & RUDOLPH WARE,GRN,2
40-21,KAMALA D HARRIS & TIM WALZ,DEM,208
40-21,WRITE-IN,,2
40-22,CHASE OLIVER & MIKE TER MAAT,LIB,0
40-22,DONALD J TRUMP & JD VANCE,REP,32
40-22,JILL STEIN & RUDOLPH WARE,GRN,2
40-22,KAMALA D HARRIS & TIM WALZ,DEM,241
40-22,WRITE-IN,,0
40-23,CHASE OLIVER & MIKE TER MAAT,LIB,2
40-23,DONALD J TRUMP & JD VANCE,REP,34
40-23,JILL STEIN & RUDOLPH WARE,GRN,1
40-23,KAMALA D HARRIS & TIM WALZ,DEM,288
40-23,WRITE-IN,,1
40-24,CHASE OLIVER & MIKE TER MAAT,LIB,2
40-24,DONALD J TRUMP & JD VANCE,REP,36
40-24,JILL STEIN & RUDOLPH WARE,GRN,5
40-24,KAMALA D HARRIS & TIM WALZ,DEM,408
40-24,WRITE-IN,,1
40-25,CHASE OLIVER & MIKE TER MAAT,LIB,1
40-25,DONALD J TRUMP & JD VANCE,REP,63
40-25,JILL STEIN & RUDOLPH WARE,GRN,2
40-25,KAMALA D HARRIS & TIM WALZ,DEM,334
40-25,WRITE-IN,,1
40-26,CHASE OLIVER & MIKE TER MAAT,LIB,3
40-26,DONALD J TRUMP & JD VANCE,REP,33
40-26,JILL STEIN & RUDOLPH WARE,GRN,1
40-26,KAMALA D HARRIS & TIM WALZ,DEM,250
40-26,WRITE-IN,,1
40-27,CHASE OLIVER & MIKE TER MAAT,LIB,1
40-27,DONALD J TRUMP & JD VANCE,REP,26
40-27,JILL STEIN & RUDOLPH WARE,GRN,3
40-27,KAMALA D HARRIS & TIM WALZ,DEM,270
40-27,WRITE-IN,,0
40-28,CHASE OLIVER & MIKE TER MAAT,LIB,0
40-28,DONALD J TRUMP & JD VANCE,REP,98
40-28,JILL STEIN & RUDOLPH WARE,GRN,0
40-28,KAMALA D HARRIS & TIM WALZ,DEM,484
40-28,WRITE-IN,,1
40-29,CHASE OLIVER & MIKE TER MAAT,LIB,0
40-29,DONALD J TRUMP & JD VANCE,REP,30
40-29,JILL STEIN & RUDOLPH WARE,GRN,5
40-29,KAMALA D HARRIS & TIM WALZ,DEM,355
40-29,WRITE-IN,,1
40-30,CHASE OLIVER & MIKE TER MAAT,LIB,1
40-30,DONALD J TRUMP & JD VANCE,REP,28
40-30,JILL STEIN & RUDOLPH WARE,GRN,7
40-30,KAMALA D HARRIS & TIM WALZ,DEM,331
40-30,WRITE-IN,,0
40-31,CHASE OLIVER & MIKE TER MAAT,LIB,0
40-31,DONALD J TRUMP & JD VANCE,REP,44
40-31,JILL STEIN & RUDOLPH WARE,GRN,5
40-31,KAMALA D HARRIS & TIM WALZ,DEM,306
40-31,WRITE-IN,,0
40-32,CHASE OLIVER & MIKE TER MAAT,LIB,2
40-32,DONALD J TRUMP & JD VANCE,REP,46
40-32,JILL STEIN & RUDOLPH WARE,GRN,3
40-32,KAMALA D HARRIS & TIM WALZ,DEM,391
40-32,WRITE-IN,,0
40-33,CHASE OLIVER & MIKE TER MAAT,LIB,0
40-33,DONALD J TRUMP & JD VANCE,REP,26
40-33,JILL STEIN & RUDOLPH WARE,GRN,2
40-33,KAMALA D HARRIS & TIM WALZ,DEM,201
40-33,WRITE-IN,,0
40-34,CHASE OLIVER & MIKE TER MAAT,LIB,3
40-34,DONALD J TRUMP & JD VANCE,REP,15
40-34,JILL STEIN & RUDOLPH WARE,GRN,1
40-34,KAMALA D HARRIS & TIM WALZ,DEM,168
40-34,WRITE-IN,,0
40-35,CHASE OLIVER & MIKE TER MAAT,LIB,1
40-35,DONALD J TRUMP & JD VANCE,REP,65
40-35,JILL STEIN & RUDOLPH WARE,GRN,0
40-35,KAMALA D HARRIS & TIM WALZ,DEM,356
40-35,WRITE-IN,,0
40-36,CHASE OLIVER & MIKE TER MAAT,LIB,1
40-36,DONALD J TRUMP & JD VANCE,REP,40
40-36,JILL STEIN & RUDOLPH WARE,GRN,2
40-36,KAMALA D HARRIS & TIM WALZ,DEM,335
40-36,WRITE-IN,,0
40-37,CHASE OLIVER & MIKE TER MAAT,LIB,0
40-37,DONALD J TRUMP & JD VANCE,REP,77
40-37,JILL STEIN & RUDOLPH WARE,GRN,3
40-37,KAMALA D HARRIS & TIM WALZ,DEM,475
40-37,WRITE-IN,,0
40-38,CHASE OLIVER & MIKE TER MAAT,LIB,1
40-38,DONALD J TRUMP & JD VANCE,REP,40
40-38,JILL STEIN & RUDOLPH WARE,GRN,7
40-38,KAMALA D HARRIS & TIM WALZ,DEM,481
40-38,WRITE-IN,,1
40-39,CHASE OLIVER & MIKE TER MAAT,LIB,0
40-39,DONALD J TRUMP & JD VANCE,REP,28
40-39,JILL STEIN & RUDOLPH WARE,GRN,2
40-39,KAMALA D HARRIS & TIM WALZ,DEM,310
40-39,WRITE-IN,,0
40-40,CHASE OLIVER & MIKE TER MAAT,LIB,2
40-40,DONALD J TRUMP & JD VANCE,REP,54
40-40,JILL STEIN & RUDOLPH WARE,GRN,3
40-40,KAMALA D HARRIS & TIM WALZ,DEM,579
40-40,WRITE-IN,,0
40-41,CHASE OLIVER & MIKE TER MAAT,LIB,0
40-41,DONALD J TRUMP & JD VANCE,REP,49
40-41,JILL STEIN & RUDOLPH WARE,GRN,3
40-41,KAMALA D HARRIS & TIM WALZ,DEM,268
40-41,WRITE-IN,,1
40-42,CHASE OLIVER & MIKE TER MAAT,LIB,0
40-42,DONALD J TRUMP & JD VANCE,REP,46
40-42,JILL STEIN & RUDOLPH WARE,GRN,1
40-42,KAMALA D HARRIS & TIM WALZ,DEM,397
40-42,WRITE-IN,,2
40-43,CHASE OLIVER & MIKE TER MAAT,LIB,0
40-43,DONALD J TRUMP & JD VANCE,REP,63
40-43,JILL STEIN & RUDOLPH WARE,GRN,2
40-43,KAMALA D HARRIS & TIM WALZ,DEM,294
40-43,WRITE-IN,,0
40-44,CHASE OLIVER & MIKE TER MAAT,LIB,0
40-44,DONALD J TRUMP & JD VANCE,REP,41
40-44,JILL STEIN & RUDOLPH WARE,GRN,2
40-44,KAMALA D HARRIS & TIM WALZ,DEM,438
40-44,WRITE-IN,,1
40-45,CHASE OLIVER & MIKE TER MAAT,LIB,1
40-45,DONALD J TRUMP & JD VANCE,REP,41
40-45,JILL STEIN & RUDOLPH WARE,GRN,8
40-45,KAMALA D HARRIS & TIM WALZ,DEM,374
40-45,WRITE-IN,,0
40-46,CHASE OLIVER & MIKE TER MAAT,LIB,4
40-46,DONALD J TRUMP & JD VANCE,REP,55
40-46,JILL STEIN & RUDOLPH WARE,GRN,3
40-46,KAMALA D HARRIS & TIM WALZ,DEM,357
40-46,WRITE-IN,,2
40-47,CHASE OLIVER & MIKE TER MAAT,LIB,1
40-47,DONALD J TRUMP & JD VANCE,REP,7
40-47,JILL STEIN & RUDOLPH WARE,GRN,0
40-47,KAMALA D HARRIS & TIM WALZ,DEM,136
40-47,WRITE-IN,,1
40-48,CHASE OLIVER & MIKE TER MAAT,LIB,0
40-48,DONALD J TRUMP & JD VANCE,REP,57
40-48,JILL STEIN & RUDOLPH WARE,GRN,2
40-48,KAMALA D HARRIS & TIM WALZ,DEM,413
40-48,WRITE-IN,,0
40-49,CHASE OLIVER & MIKE TER MAAT,LIB,0
40-49,DONALD J TRUMP & JD VANCE,REP,164
40-49,JILL STEIN & RUDOLPH WARE,GRN,6
40-49,KAMALA D HARRIS & TIM WALZ,DEM,303
40-49,WRITE-IN,,0
40-50,CHASE OLIVER & MIKE TER MAAT,LIB,3
40-50,DONALD J TRUMP & JD VANCE,REP,55
40-50,JILL STEIN & RUDOLPH WARE,GRN,2
40-50,KAMALA D HARRIS & TIM WALZ,DEM,350
40-50,WRITE-IN,,0
40-51,CHASE OLIVER & MIKE TER MAAT,LIB,1
40-51,DONALD J TRUMP & JD VANCE,REP,41
40-51,JILL STEIN & RUDOLPH WARE,GRN,4
40-51,KAMALA D HARRIS & TIM WALZ,DEM,312
40-51,WRITE-IN,,1
41-01,CHASE OLIVER & MIKE TER MAAT,LIB,0
41-01,DONALD J TRUMP & JD VANCE,REP,93
41-01,JILL STEIN & RUDOLPH WARE,GRN,3
41-01,KAMALA D HARRIS & TIM WALZ,DEM,188
41-01,WRITE-IN,,0
41-02,CHASE OLIVER & MIKE TER MAAT,LIB,1
41-02,DONALD J TRUMP & JD VANCE,REP,85
41-02,JILL STEIN & RUDOLPH WARE,GRN,1
41-02,KAMALA D HARRIS & TIM WALZ,DEM,224
41-02,WRITE-IN,,1
41-03,CHASE OLIVER & MIKE TER MAAT,LIB,2
41-03,DONALD J TRUMP & JD VANCE,REP,94
41-03,JILL STEIN & RUDOLPH WARE,GRN,0
41-03,KAMALA D HARRIS & TIM WALZ,DEM,192
41-03,WRITE-IN,,2
41-04,CHASE OLIVER & MIKE TER MAAT,LIB,1
41-04,DONALD J TRUMP & JD VANCE,REP,128
41-04,JILL STEIN & RUDOLPH WARE,GRN,2
41-04,KAMALA D HARRIS & TIM WALZ,DEM,223
41-04,WRITE-IN,,1
41-05,CHASE OLIVER & MIKE TER MAAT,LIB,3
41-05,DONALD J TRUMP & JD VANCE,REP,64
41-05,JILL STEIN & RUDOLPH WARE,GRN,0
41-05,KAMALA D HARRIS & TIM WALZ,DEM,138
41-05,WRITE-IN,,0
41-06,CHASE OLIVER & MIKE TER MAAT,LIB,0
41-06,DONALD J TRUMP & JD VANCE,REP,122
41-06,JILL STEIN & RUDOLPH WARE,GRN,4
41-06,KAMALA D HARRIS & TIM WALZ,DEM,210
41-06,WRITE-IN,,1
41-07,CHASE OLIVER & MIKE TER MAAT,LIB,1
41-07,DONALD J TRUMP & JD VANCE,REP,91
41-07,JILL STEIN & RUDOLPH WARE,GRN,0
41-07,KAMALA D HARRIS & TIM WALZ,DEM,171
41-07,WRITE-IN,,1
41-08,CHASE OLIVER & MIKE TER MAAT,LIB,0
41-08,DONALD J TRUMP & JD VANCE,REP,109
41-08,JILL STEIN & RUDOLPH WARE,GRN,1
41-08,KAMALA D HARRIS & TIM WALZ,DEM,217
41-08,WRITE-IN,,1
41-09,CHASE OLIVER & MIKE TER MAAT,LIB,0
41-09,DONALD J TRUMP & JD VANCE,REP,103
41-09,JILL STEIN & RUDOLPH WARE,GRN,3
41-09,KAMALA D HARRIS & TIM WALZ,DEM,222
41-09,WRITE-IN,,0
41-10,CHASE OLIVER & MIKE TER MAAT,LIB,0
41-10,DONALD J TRUMP & JD VANCE,REP,116
41-10,JILL STEIN & RUDOLPH WARE,GRN,0
41-10,KAMALA D HARRIS & TIM WALZ,DEM,216
41-10,WRITE-IN,,3
41-11,CHASE OLIVER & MIKE TER MAAT,LIB,0
41-11,DONALD J TRUMP & JD VANCE,REP,87
41-11,JILL STEIN & RUDOLPH WARE,GRN,4
41-11,KAMALA D HARRIS & TIM WALZ,DEM,220
41-11,WRITE-IN,,1
41-12,CHASE OLIVER & MIKE TER MAAT,LIB,3
41-12,DONALD J TRUMP & JD VANCE,REP,84
41-12,JILL STEIN & RUDOLPH WARE,GRN,1
41-12,KAMALA D HARRIS & TIM WALZ,DEM,196
41-12,WRITE-IN,,2
41-13,CHASE OLIVER & MIKE TER MAAT,LIB,2
41-13,DONALD J TRUMP & JD VANCE,REP,123
41-13,JILL STEIN & RUDOLPH WARE,GRN,4
41-13,KAMALA D HARRIS & TIM WALZ,DEM,214
41-13,WRITE-IN,,0
41-14,CHASE OLIVER & MIKE TER MAAT,LIB,2
41-14,DONALD J TRUMP & JD VANCE,REP,99
41-14,JILL STEIN & RUDOLPH WARE,GRN,2
41-14,KAMALA D HARRIS & TIM WALZ,DEM,197
41-14,WRITE-IN,,0
41-15,CHASE OLIVER & MIKE TER MAAT,LIB,0
41-15,DONALD J TRUMP & JD VANCE,REP,129
41-15,JILL STEIN & RUDOLPH WARE,GRN,3
41-15,KAMALA D HARRIS & TIM WALZ,DEM,203
41-15,WRITE-IN,,1
41-16,CHASE OLIVER & MIKE TER MAAT,LIB,0
41-16,DONALD J TRUMP & JD VANCE,REP,85
41-16,JILL STEIN & RUDOLPH WARE,GRN,2
41-16,KAMALA D HARRIS & TIM WALZ,DEM,159
41-16,WRITE-IN,,0
41-17,CHASE OLIVER & MIKE TER MAAT,LIB,0
41-17,DONALD J TRUMP & JD VANCE,REP,116
41-17,JILL STEIN & RUDOLPH WARE,GRN,4
41-17,KAMALA D HARRIS & TIM WALZ,DEM,177
41-17,WRITE-IN,,1
41-18,CHASE OLIVER & MIKE TER MAAT,LIB,1
41-18,DONALD J TRUMP & JD VANCE,REP,89
41-18,JILL STEIN & RUDOLPH WARE,GRN,2
41-18,KAMALA D HARRIS & TIM WALZ,DEM,135
41-18,WRITE-IN,,0
41-19,CHASE OLIVER & MIKE TER MAAT,LIB,0
41-19,DONALD J TRUMP & JD VANCE,REP,96
41-19,JILL STEIN & RUDOLPH WARE,GRN,2
41-19,KAMALA D HARRIS & TIM WALZ,DEM,139
41-19,WRITE-IN,,1
41-20,CHASE OLIVER & MIKE TER MAAT,LIB,1
41-20,DONALD J TRUMP & JD VANCE,REP,108
41-20,JILL STEIN & RUDOLPH WARE,GRN,2
41-20,KAMALA D HARRIS & TIM WALZ,DEM,219
41-20,WRITE-IN,,0
41-21,CHASE OLIVER & MIKE TER MAAT,LIB,2
41-21,DONALD J TRUMP & JD VANCE,REP,104
41-21,JILL STEIN & RUDOLPH WARE,GRN,0
41-21,KAMALA D HARRIS & TIM WALZ,DEM,187
41-21,WRITE-IN,,1
41-22,CHASE OLIVER & MIKE TER MAAT,LIB,0
41-22,DONALD J TRUMP & JD VANCE,REP,93
41-22,JILL STEIN & RUDOLPH WARE,GRN,1
41-22,KAMALA D HARRIS & TIM WALZ,DEM,175
41-22,WRITE-IN,,0
41-23,CHASE OLIVER & MIKE TER MAAT,LIB,0
41-23,DONALD J TRUMP & JD VANCE,REP,99
41-23,JILL STEIN & RUDOLPH WARE,GRN,2
41-23,KAMALA D HARRIS & TIM WALZ,DEM,196
41-23,WRITE-IN,,1
41-24,CHASE OLIVER & MIKE TER MAAT,LIB,0
41-24,DONALD J TRUMP & JD VANCE,REP,114
41-24,JILL STEIN & RUDOLPH WARE,GRN,3
41-24,KAMALA D HARRIS & TIM WALZ,DEM,211
41-24,WRITE-IN,,0
41-25,CHASE OLIVER & MIKE TER MAAT,LIB,0
41-25,DONALD J TRUMP & JD VANCE,REP,120
41-25,JILL STEIN & RUDOLPH WARE,GRN,0
41-25,KAMALA D HARRIS & TIM WALZ,DEM,231
41-25,WRITE-IN,,1
41-26,CHASE OLIVER & MIKE TER MAAT,LIB,1
41-26,DONALD J TRUMP & JD VANCE,REP,88
41-26,JILL STEIN & RUDOLPH WARE,GRN,1
41-26,KAMALA D HARRIS & TIM WALZ,DEM,182
41-26,WRITE-IN,,0
42-01,CHASE OLIVER & MIKE TER MAAT,LIB,0
42-01,DONALD J TRUMP & JD VANCE,REP,134
42-01,JILL STEIN & RUDOLPH WARE,GRN,3
42-01,KAMALA D HARRIS & TIM WALZ,DEM,378
42-01,WRITE-IN,,2
42-02,CHASE OLIVER & MIKE TER MAAT,LIB,3
42-02,DONALD J TRUMP & JD VANCE,REP,83
42-02,JILL STEIN & RUDOLPH WARE,GRN,2
42-02,KAMALA D HARRIS & TIM WALZ,DEM,244
42-02,WRITE-IN,,0
42-03,CHASE OLIVER & MIKE TER MAAT,LIB,0
42-03,DONALD J TRUMP & JD VANCE,REP,76
42-03,JILL STEIN & RUDOLPH WARE,GRN,1
42-03,KAMALA D HARRIS & TIM WALZ,DEM,251
42-03,WRITE-IN,,0
42-04,CHASE OLIVER & MIKE TER MAAT,LIB,1
42-04,DONALD J TRUMP & JD VANCE,REP,82
42-04,JILL STEIN & RUDOLPH WARE,GRN,4
42-04,KAMALA D HARRIS & TIM WALZ,DEM,232
42-04,WRITE-IN,,0
42-05,CHASE OLIVER & MIKE TER MAAT,LIB,1
42-05,DONALD J TRUMP & JD VANCE,REP,95
42-05,JILL STEIN & RUDOLPH WARE,GRN,5
42-05,KAMALA D HARRIS & TIM WALZ,DEM,353
42-05,WRITE-IN,,1
42-06,CHASE OLIVER & MIKE TER MAAT,LIB,0
42-06,DONALD J TRUMP & JD VANCE,REP,89
42-06,JILL STEIN & RUDOLPH WARE,GRN,7
42-06,KAMALA D HARRIS & TIM WALZ,DEM,220
42-06,WRITE-IN,,0
42-07,CHASE OLIVER & MIKE TER MAAT,LIB,0
42-07,DONALD J TRUMP & JD VANCE,REP,68
42-07,JILL STEIN & RUDOLPH WARE,GRN,1
42-07,KAMALA D HARRIS & TIM WALZ,DEM,223
42-07,WRITE-IN,,1
42-08,CHASE OLIVER & MIKE TER MAAT,LIB,0
42-08,DONALD J TRUMP & JD VANCE,REP,108
42-08,JILL STEIN & RUDOLPH WARE,GRN,4
42-08,KAMALA D HARRIS & TIM WALZ,DEM,285
42-08,WRITE-IN,,1
42-09,CHASE OLIVER & MIKE TER MAAT,LIB,0
42-09,DONALD J TRUMP & JD VANCE,REP,61
42-09,JILL STEIN & RUDOLPH WARE,GRN,1
42-09,KAMALA D HARRIS & TIM WALZ,DEM,273
42-09,WRITE-IN,,1
42-10,CHASE OLIVER & MIKE TER MAAT,LIB,0
42-10,DONALD J TRUMP & JD VANCE,REP,86
42-10,JILL STEIN & RUDOLPH WARE,GRN,1
42-10,KAMALA D HARRIS & TIM WALZ,DEM,277
42-10,WRITE-IN,,0
42-11,CHASE OLIVER & MIKE TER MAAT,LIB,0
42-11,DONALD J TRUMP & JD VANCE,REP,72
42-11,JILL STEIN & RUDOLPH WARE,GRN,3
42-11,KAMALA D HARRIS & TIM WALZ,DEM,295
42-11,WRITE-IN,,1
42-12,CHASE OLIVER & MIKE TER MAAT,LIB,0
42-12,DONALD J TRUMP & JD VANCE,REP,26
42-12,JILL STEIN & RUDOLPH WARE,GRN,1
42-12,KAMALA D HARRIS & TIM WALZ,DEM,269
42-12,WRITE-IN,,0
42-13,CHASE OLIVER & MIKE TER MAAT,LIB,1
42-13,DONALD J TRUMP & JD VANCE,REP,86
42-13,JILL STEIN & RUDOLPH WARE,GRN,1
42-13,KAMALA D HARRIS & TIM WALZ,DEM,446
42-13,WRITE-IN,,2
42-14,CHASE OLIVER & MIKE TER MAAT,LIB,0
42-14,DONALD J TRUMP & JD VANCE,REP,67
42-14,JILL STEIN & RUDOLPH WARE,GRN,2
42-14,KAMALA D HARRIS & TIM WALZ,DEM,368
42-14,WRITE-IN,,3
42-15,CHASE OLIVER & MIKE TER MAAT,LIB,2
42-15,DONALD J TRUMP & JD VANCE,REP,104
42-15,JILL STEIN & RUDOLPH WARE,GRN,3
42-15,KAMALA D HARRIS & TIM WALZ,DEM,454
42-15,WRITE-IN,,2
42-16,CHASE OLIVER & MIKE TER MAAT,LIB,1
42-16,DONALD J TRUMP & JD VANCE,REP,61
42-16,JILL STEIN & RUDOLPH WARE,GRN,1
42-16,KAMALA D HARRIS & TIM WALZ,DEM,332
42-16,WRITE-IN,,4
42-17,CHASE OLIVER & MIKE TER MAAT,LIB,1
42-17,DONALD J TRUMP & JD VANCE,REP,57
42-17,JILL STEIN & RUDOLPH WARE,GRN,5
42-17,KAMALA D HARRIS & TIM WALZ,DEM,305
42-17,WRITE-IN,,1
42-18,CHASE OLIVER & MIKE TER MAAT,LIB,3
42-18,DONALD J TRUMP & JD VANCE,REP,76
42-18,JILL STEIN & RUDOLPH WARE,GRN,5
42-18,KAMALA D HARRIS & TIM WALZ,DEM,367
42-18,WRITE-IN,,0
42-19,CHASE OLIVER & MIKE TER MAAT,LIB,2
42-19,DONALD J TRUMP & JD VANCE,REP,79
42-19,JILL STEIN & RUDOLPH WARE,GRN,7
42-19,KAMALA D HARRIS & TIM WALZ,DEM,369
42-19,WRITE-IN,,0
42-20,CHASE OLIVER & MIKE TER MAAT,LIB,1
42-20,DONALD J TRUMP & JD VANCE,REP,64
42-20,JILL STEIN & RUDOLPH WARE,GRN,2
42-20,KAMALA D HARRIS & TIM WALZ,DEM,400
42-20,WRITE-IN,,0
42-21,CHASE OLIVER & MIKE TER MAAT,LIB,0
42-21,DONALD J TRUMP & JD VANCE,REP,37
42-21,JILL STEIN & RUDOLPH WARE,GRN,2
42-21,KAMALA D HARRIS & TIM WALZ,DEM,242
42-21,WRITE-IN,,0
42-22,CHASE OLIVER & MIKE TER MAAT,LIB,1
42-22,DONALD J TRUMP & JD VANCE,REP,92
42-22,JILL STEIN & RUDOLPH WARE,GRN,2
42-22,KAMALA D HARRIS & TIM WALZ,DEM,279
42-22,WRITE-IN,,0
42-23,CHASE OLIVER & MIKE TER MAAT,LIB,1
42-23,DONALD J TRUMP & JD VANCE,REP,77
42-23,JILL STEIN & RUDOLPH WARE,GRN,0
42-23,KAMALA D HARRIS & TIM WALZ,DEM,192
42-23,WRITE-IN,,1
42-24,CHASE OLIVER & MIKE TER MAAT,LIB,2
42-24,DONALD J TRUMP & JD VANCE,REP,94
42-24,JILL STEIN & RUDOLPH WARE,GRN,3
42-24,KAMALA D HARRIS & TIM WALZ,DEM,358
42-24,WRITE-IN,,1
42-25,CHASE OLIVER & MIKE TER MAAT,LIB,1
42-25,DONALD J TRUMP & JD VANCE,REP,38
42-25,JILL STEIN & RUDOLPH WARE,GRN,0
42-25,KAMALA D HARRIS & TIM WALZ,DEM,295
42-25,WRITE-IN,,2
43-01,CHASE OLIVER & MIKE TER MAAT,LIB,1
43-01,DONALD J TRUMP & JD VANCE,REP,15
43-01,JILL STEIN & RUDOLPH WARE,GRN,0
43-01,KAMALA D HARRIS & TIM WALZ,DEM,192
43-01,WRITE-IN,,0
43-02,CHASE OLIVER & MIKE TER MAAT,LIB,1
43-02,DONALD J TRUMP & JD VANCE,REP,59
43-02,JILL STEIN & RUDOLPH WARE,GRN,0
43-02,KAMALA D HARRIS & TIM WALZ,DEM,367
43-02,WRITE-IN,,1
43-03,CHASE OLIVER & MIKE TER MAAT,LIB,1
43-03,DONALD J TRUMP & JD VANCE,REP,56
43-03,JILL STEIN & RUDOLPH WARE,GRN,0
43-03,KAMALA D HARRIS & TIM WALZ,DEM,240
43-03,WRITE-IN,,0
43-04,CHASE OLIVER & MIKE TER MAAT,LIB,0
43-04,DONALD J TRUMP & JD VANCE,REP,58
43-04,JILL STEIN & RUDOLPH WARE,GRN,1
43-04,KAMALA D HARRIS & TIM WALZ,DEM,300
43-04,WRITE-IN,,0
43-05,CHASE OLIVER & MIKE TER MAAT,LIB,1
43-05,DONALD J TRUMP & JD VANCE,REP,41
43-05,JILL STEIN & RUDOLPH WARE,GRN,1
43-05,KAMALA D HARRIS & TIM WALZ,DEM,280
43-05,WRITE-IN,,1
43-06,CHASE OLIVER & MIKE TER MAAT,LIB,1
43-06,DONALD J TRUMP & JD VANCE,REP,48
43-06,JILL STEIN & RUDOLPH WARE,GRN,0
43-06,KAMALA D HARRIS & TIM WALZ,DEM,225
43-06,WRITE-IN,,0
43-07,CHASE OLIVER & MIKE TER MAAT,LIB,0
43-07,DONALD J TRUMP & JD VANCE,REP,62
43-07,JILL STEIN & RUDOLPH WARE,GRN,2
43-07,KAMALA D HARRIS & TIM WALZ,DEM,322
43-07,WRITE-IN,,1
43-08,CHASE OLIVER & MIKE TER MAAT,LIB,1
43-08,DONALD J TRUMP & JD VANCE,REP,60
43-08,JILL STEIN & RUDOLPH WARE,GRN,0
43-08,KAMALA D HARRIS & TIM WALZ,DEM,240
43-08,WRITE-IN,,0
43-09,CHASE OLIVER & MIKE TER MAAT,LIB,3
43-09,DONALD J TRUMP & JD VANCE,REP,23
43-09,JILL STEIN & RUDOLPH WARE,GRN,1
43-09,KAMALA D HARRIS & TIM WALZ,DEM,213
43-09,WRITE-IN,,4
43-10,CHASE OLIVER & MIKE TER MAAT,LIB,0
43-10,DONALD J TRUMP & JD VANCE,REP,11
43-10,JILL STEIN & RUDOLPH WARE,GRN,2
43-10,KAMALA D HARRIS & TIM WALZ,DEM,200
43-10,WRITE-IN,,0
43-11,CHASE OLIVER & MIKE TER MAAT,LIB,0
43-11,DONALD J TRUMP & JD VANCE,REP,33
43-11,JILL STEIN & RUDOLPH WARE,GRN,0
43-11,KAMALA D HARRIS & TIM WALZ,DEM,158
43-11,WRITE-IN,,0
43-12,CHASE OLIVER & MIKE TER MAAT,LIB,0
43-12,DONALD J TRUMP & JD VANCE,REP,54
43-12,JILL STEIN & RUDOLPH WARE,GRN,0
43-12,KAMALA D HARRIS & TIM WALZ,DEM,191
43-12,WRITE-IN,,0
43-13,CHASE OLIVER & MIKE TER MAAT,LIB,1
43-13,DONALD J TRUMP & JD VANCE,REP,38
43-13,JILL STEIN & RUDOLPH WARE,GRN,0
43-13,KAMALA D HARRIS & TIM WALZ,DEM,249
43-13,WRITE-IN,,0
43-14,CHASE OLIVER & MIKE TER MAAT,LIB,0
43-14,DONALD J TRUMP & JD VANCE,REP,13
43-14,JILL STEIN & RUDOLPH WARE,GRN,1
43-14,KAMALA D HARRIS & TIM WALZ,DEM,222
43-14,WRITE-IN,,1
43-15,CHASE OLIVER & MIKE TER MAAT,LIB,1
43-15,DONALD J TRUMP & JD VANCE,REP,8
43-15,JILL STEIN & RUDOLPH WARE,GRN,0
43-15,KAMALA D HARRIS & TIM WALZ,DEM,191
43-15,WRITE-IN,,0
43-16,CHASE OLIVER & MIKE TER MAAT,LIB,1
43-16,DONALD J TRUMP & JD VANCE,REP,22
43-16,JILL STEIN & RUDOLPH WARE,GRN,0
43-16,KAMALA D HARRIS & TIM WALZ,DEM,228
43-16,WRITE-IN,,0
43-17,CHASE OLIVER & MIKE TER MAAT,LIB,1
43-17,DONALD J TRUMP & JD VANCE,REP,52
43-17,JILL STEIN & RUDOLPH WARE,GRN,1
43-17,KAMALA D HARRIS & TIM WALZ,DEM,187
43-17,WRITE-IN,,0
43-18,CHASE OLIVER & MIKE TER MAAT,LIB,0
43-18,DONALD J TRUMP & JD VANCE,REP,64
43-18,JILL STEIN & RUDOLPH WARE,GRN,4
43-18,KAMALA D HARRIS & TIM WALZ,DEM,267
43-18,WRITE-IN,,0
43-19,CHASE OLIVER & MIKE TER MAAT,LIB,1
43-19,DONALD J TRUMP & JD VANCE,REP,63
43-19,JILL STEIN & RUDOLPH WARE,GRN,0
43-19,KAMALA D HARRIS & TIM WALZ,DEM,258
43-19,WRITE-IN,,0
43-20,CHASE OLIVER & MIKE TER MAAT,LIB,0
43-20,DONALD J TRUMP & JD VANCE,REP,64
43-20,JILL STEIN & RUDOLPH WARE,GRN,3
43-20,KAMALA D HARRIS & TIM WALZ,DEM,227
43-20,WRITE-IN,,1
43-21,CHASE OLIVER & MIKE TER MAAT,LIB,1
43-21,DONALD J TRUMP & JD VANCE,REP,38
43-21,JILL STEIN & RUDOLPH WARE,GRN,0
43-21,KAMALA D HARRIS & TIM WALZ,DEM,216
43-21,WRITE-IN,,0
43-22,CHASE OLIVER & MIKE TER MAAT,LIB,2
43-22,DONALD J TRUMP & JD VANCE,REP,9
43-22,JILL STEIN & RUDOLPH WARE,GRN,1
43-22,KAMALA D HARRIS & TIM WALZ,DEM,159
43-22,WRITE-IN,,0
43-23,CHASE OLIVER & MIKE TER MAAT,LIB,0
43-23,DONALD J TRUMP & JD VANCE,REP,9
43-23,JILL STEIN & RUDOLPH WARE,GRN,0
43-23,KAMALA D HARRIS & TIM WALZ,DEM,200
43-23,WRITE-IN,,2
43-24,CHASE OLIVER & MIKE TER MAAT,LIB,0
43-24,DONALD J TRUMP & JD VANCE,REP,16
43-24,JILL STEIN & RUDOLPH WARE,GRN,0
43-24,KAMALA D HARRIS & TIM WALZ,DEM,242
43-24,WRITE-IN,,1
43-25,CHASE OLIVER & MIKE TER MAAT,LIB,0
43-25,DONALD J TRUMP & JD VANCE,REP,37
43-25,JILL STEIN & RUDOLPH WARE,GRN,0
43-25,KAMALA D HARRIS & TIM WALZ,DEM,245
43-25,WRITE-IN,,0
44-01,CHASE OLIVER & MIKE TER MAAT,LIB,0
44-01,DONALD J TRUMP & JD VANCE,REP,19
44-01,JILL STEIN & RUDOLPH WARE,GRN,1
44-01,KAMALA D HARRIS & TIM WALZ,DEM,308
44-01,WRITE-IN,,1
44-02,CHASE OLIVER & MIKE TER MAAT,LIB,0
44-02,DONALD J TRUMP & JD VANCE,REP,7
44-02,JILL STEIN & RUDOLPH WARE,GRN,2
44-02,KAMALA D HARRIS & TIM WALZ,DEM,345
44-02,WRITE-IN,,0
44-03,CHASE OLIVER & MIKE TER MAAT,LIB,2
44-03,DONALD J TRUMP & JD VANCE,REP,18
44-03,JILL STEIN & RUDOLPH WARE,GRN,2
44-03,KAMALA D HARRIS & TIM WALZ,DEM,233
44-03,WRITE-IN,,0
44-04,CHASE OLIVER & MIKE TER MAAT,LIB,1
44-04,DONALD J TRUMP & JD VANCE,REP,23
44-04,JILL STEIN & RUDOLPH WARE,GRN,1
44-04,KAMALA D HARRIS & TIM WALZ,DEM,334
44-04,WRITE-IN,,1
44-05,CHASE OLIVER & MIKE TER MAAT,LIB,1
44-05,DONALD J TRUMP & JD VANCE,REP,14
44-05,JILL STEIN & RUDOLPH WARE,GRN,1
44-05,KAMALA D HARRIS & TIM WALZ,DEM,219
44-05,WRITE-IN,,0
44-06,CHASE OLIVER & MIKE TER MAAT,LIB,4
44-06,DONALD J TRUMP & JD VANCE,REP,23
44-06,JILL STEIN & RUDOLPH WARE,GRN,2
44-06,KAMALA D HARRIS & TIM WALZ,DEM,355
44-06,WRITE-IN,,1
44-07,CHASE OLIVER & MIKE TER MAAT,LIB,1
44-07,DONALD J TRUMP & JD VANCE,REP,13
44-07,JILL STEIN & RUDOLPH WARE,GRN,3
44-07,KAMALA D HARRIS & TIM WALZ,DEM,355
44-07,WRITE-IN,,2
44-08,CHASE OLIVER & MIKE TER MAAT,LIB,1
44-08,DONALD J TRUMP & JD VANCE,REP,13
44-08,JILL STEIN & RUDOLPH WARE,GRN,9
44-08,KAMALA D HARRIS & TIM WALZ,DEM,232
44-08,WRITE-IN,,3
44-09,CHASE OLIVER & MIKE TER MAAT,LIB,0
44-09,DONALD J TRUMP & JD VANCE,REP,15
44-09,JILL STEIN & RUDOLPH WARE,GRN,2
44-09,KAMALA D HARRIS & TIM WALZ,DEM,280
44-09,WRITE-IN,,1
44-10,CHASE OLIVER & MIKE TER MAAT,LIB,0
44-10,DONALD J TRUMP & JD VANCE,REP,21
44-10,JILL STEIN & RUDOLPH WARE,GRN,1
44-10,KAMALA D HARRIS & TIM WALZ,DEM,304
44-10,WRITE-IN,,0
44-11,CHASE OLIVER & MIKE TER MAAT,LIB,1
44-11,DONALD J TRUMP & JD VANCE,REP,16
44-11,JILL STEIN & RUDOLPH WARE,GRN,0
44-11,KAMALA D HARRIS & TIM WALZ,DEM,337
44-11,WRITE-IN,,1
44-12,CHASE OLIVER & MIKE TER MAAT,LIB,0
44-12,DONALD J TRUMP & JD VANCE,REP,7
44-12,JILL STEIN & RUDOLPH WARE,GRN,2
44-12,KAMALA D HARRIS & TIM WALZ,DEM,184
44-12,WRITE-IN,,0
44-13,CHASE OLIVER & MIKE TER MAAT,LIB,1
44-13,DONALD J TRUMP & JD VANCE,REP,13
44-13,JILL STEIN & RUDOLPH WARE,GRN,2
44-13,KAMALA D HARRIS & TIM WALZ,DEM,298
44-13,WRITE-IN,,0
44-14,CHASE OLIVER & MIKE TER MAAT,LIB,2
44-14,DONALD J TRUMP & JD VANCE,REP,21
44-14,JILL STEIN & RUDOLPH WARE,GRN,5
44-14,KAMALA D HARRIS & TIM WALZ,DEM,328
44-14,WRITE-IN,,1
44-15,CHASE OLIVER & MIKE TER MAAT,LIB,1
44-15,DONALD J TRUMP & JD VANCE,REP,16
44-15,JILL STEIN & RUDOLPH WARE,GRN,7
44-15,KAMALA D HARRIS & TIM WALZ,DEM,304
44-15,WRITE-IN,,5
44-16,CHASE OLIVER & MIKE TER MAAT,LIB,1
44-16,DONALD J TRUMP & JD VANCE,REP,19
44-16,JILL STEIN & RUDOLPH WARE,GRN,4
44-16,KAMALA D HARRIS & TIM WALZ,DEM,281
44-16,WRITE-IN,,2
44-17,CHASE OLIVER & MIKE TER MAAT,LIB,1
44-17,DONALD J TRUMP & JD VANCE,REP,16
44-17,JILL STEIN & RUDOLPH WARE,GRN,2
44-17,KAMALA D HARRIS & TIM WALZ,DEM,226
44-17,WRITE-IN,,2
44-18,CHASE OLIVER & MIKE TER MAAT,LIB,1
44-18,DONALD J TRUMP & JD VANCE,REP,16
44-18,JILL STEIN & RUDOLPH WARE,GRN,1
44-18,KAMALA D HARRIS & TIM WALZ,DEM,275
44-18,WRITE-IN,,0
44-19,CHASE OLIVER & MIKE TER MAAT,LIB,3
44-19,DONALD J TRUMP & JD VANCE,REP,15
44-19,JILL STEIN & RUDOLPH WARE,GRN,0
44-19,KAMALA D HARRIS & TIM WALZ,DEM,305
44-19,WRITE-IN,,0
45-01,CHASE OLIVER & MIKE TER MAAT,LIB,3
45-01,DONALD J TRUMP & JD VANCE,REP,330
45-01,JILL STEIN & RUDOLPH WARE,GRN,1
45-01,KAMALA D HARRIS & TIM WALZ,DEM,154
45-01,WRITE-IN,,0
45-02,CHASE OLIVER & MIKE TER MAAT,LIB,2
45-02,DONALD J TRUMP & JD VANCE,REP,166
45-02,JILL STEIN & RUDOLPH WARE,GRN,2
45-02,KAMALA D HARRIS & TIM WALZ,DEM,153
45-02,WRITE-IN,,0
45-03,CHASE OLIVER & MIKE TER MAAT,LIB,4
45-03,DONALD J TRUMP & JD VANCE,REP,498
45-03,JILL STEIN & RUDOLPH WARE,GRN,2
45-03,KAMALA D HARRIS & TIM WALZ,DEM,237
45-03,WRITE-IN,,0
45-04,CHASE OLIVER & MIKE TER MAAT,LIB,4
45-04,DONALD J TRUMP & JD VANCE,REP,393
45-04,JILL STEIN & RUDOLPH WARE,GRN,3
45-04,KAMALA D HARRIS & TIM WALZ,DEM,190
45-04,WRITE-IN,,2
45-05,CHASE OLIVER & MIKE TER MAAT,LIB,1
45-05,DONALD J TRUMP & JD VANCE,REP,328
45-05,JILL STEIN & RUDOLPH WARE,GRN,4
45-05,KAMALA D HARRIS & TIM WALZ,DEM,206
45-05,WRITE-IN,,0
45-06,CHASE OLIVER & MIKE TER MAAT,LIB,1
45-06,DONALD J TRUMP & JD VANCE,REP,238
45-06,JILL STEIN & RUDOLPH WARE,GRN,1
45-06,KAMALA D HARRIS & TIM WALZ,DEM,177
45-06,WRITE-IN,,0
45-07,CHASE OLIVER & MIKE TER MAAT,LIB,6
45-07,DONALD J TRUMP & JD VANCE,REP,165
45-07,JILL STEIN & RUDOLPH WARE,GRN,7
45-07,KAMALA D HARRIS & TIM WALZ,DEM,188
45-07,WRITE-IN,,1
45-08,CHASE OLIVER & MIKE TER MAAT,LIB,3
45-08,DONALD J TRUMP & JD VANCE,REP,102
45-08,JILL STEIN & RUDOLPH WARE,GRN,2
45-08,KAMALA D HARRIS & TIM WALZ,DEM,220
45-08,WRITE-IN,,0
45-09,CHASE OLIVER & MIKE TER MAAT,LIB,1
45-09,DONALD J TRUMP & JD VANCE,REP,75
45-09,JILL STEIN & RUDOLPH WARE,GRN,3
45-09,KAMALA D HARRIS & TIM WALZ,DEM,203
45-09,WRITE-IN,,0
45-10,CHASE OLIVER & MIKE TER MAAT,LIB,1
45-10,DONALD J TRUMP & JD VANCE,REP,44
45-10,JILL STEIN & RUDOLPH WARE,GRN,0
45-10,KAMALA D HARRIS & TIM WALZ,DEM,171
45-10,WRITE-IN,,0
45-11,CHASE OLIVER & MIKE TER MAAT,LIB,1
45-11,DONALD J TRUMP & JD VANCE,REP,91
45-11,JILL STEIN & RUDOLPH WARE,GRN,0
45-11,KAMALA D HARRIS & TIM WALZ,DEM,221
45-11,WRITE-IN,,0
45-12,CHASE OLIVER & MIKE TER MAAT,LIB,2
45-12,DONALD J TRUMP & JD VANCE,REP,86
45-12,JILL STEIN & RUDOLPH WARE,GRN,4
45-12,KAMALA D HARRIS & TIM WALZ,DEM,85
45-12,WRITE-IN,,0
45-13,CHASE OLIVER & MIKE TER MAAT,LIB,0
45-13,DONALD J TRUMP & JD VANCE,REP,93
45-13,JILL STEIN & RUDOLPH WARE,GRN,1
45-13,KAMALA D HARRIS & TIM WALZ,DEM,206
45-13,WRITE-IN,,1
45-14,CHASE OLIVER & MIKE TER MAAT,LIB,0
45-14,DONALD J TRUMP & JD VANCE,REP,32
45-14,JILL STEIN & RUDOLPH WARE,GRN,2
45-14,KAMALA D HARRIS & TIM WALZ,DEM,58
45-14,WRITE-IN,,1
45-15,CHASE OLIVER & MIKE TER MAAT,LIB,1
45-15,DONALD J TRUMP & JD VANCE,REP,266
45-15,JILL STEIN & RUDOLPH WARE,GRN,0
45-15,KAMALA D HARRIS & TIM WALZ,DEM,239
45-15,WRITE-IN,,2
45-16,CHASE OLIVER & MIKE TER MAAT,LIB,1
45-16,DONALD J TRUMP & JD VANCE,REP,57
45-16,JILL STEIN & RUDOLPH WARE,GRN,0
45-16,KAMALA D HARRIS & TIM WALZ,DEM,191
45-16,WRITE-IN,,1
45-17,CHASE OLIVER & MIKE TER MAAT,LIB,0
45-17,DONALD J TRUMP & JD VANCE,REP,74
45-17,JILL STEIN & RUDOLPH WARE,GRN,1
45-17,KAMALA D HARRIS & TIM WALZ,DEM,207
45-17,WRITE-IN,,0
45-18,CHASE OLIVER & MIKE TER MAAT,LIB,0
45-18,DONALD J TRUMP & JD VANCE,REP,75
45-18,JILL STEIN & RUDOLPH WARE,GRN,0
45-18,KAMALA D HARRIS & TIM WALZ,DEM,161
45-18,WRITE-IN,,0
45-19,CHASE OLIVER & MIKE TER MAAT,LIB,0
45-19,DONALD J TRUMP & JD VANCE,REP,56
45-19,JILL STEIN & RUDOLPH WARE,GRN,0
45-19,KAMALA D HARRIS & TIM WALZ,DEM,207
45-19,WRITE-IN,,0
45-20,CHASE OLIVER & MIKE TER MAAT,LIB,4
45-20,DONALD J TRUMP & JD VANCE,REP,388
45-20,JILL STEIN & RUDOLPH WARE,GRN,3
45-20,KAMALA D HARRIS & TIM WALZ,DEM,182
45-20,WRITE-IN,,0
45-21,CHASE OLIVER & MIKE TER MAAT,LIB,0
45-21,DONALD J TRUMP & JD VANCE,REP,73
45-21,JILL STEIN & RUDOLPH WARE,GRN,0
45-21,KAMALA D HARRIS & TIM WALZ,DEM,161
45-21,WRITE-IN,,1
45-22,CHASE OLIVER & MIKE TER MAAT,LIB,0
45-22,DONALD J TRUMP & JD VANCE,REP,214
45-22,JILL STEIN & RUDOLPH WARE,GRN,3
45-22,KAMALA D HARRIS & TIM WALZ,DEM,199
45-22,WRITE-IN,,2
45-23,CHASE OLIVER & MIKE TER MAAT,LIB,1
45-23,DONALD J TRUMP & JD VANCE,REP,363
45-23,JILL STEIN & RUDOLPH WARE,GRN,3
45-23,KAMALA D HARRIS & TIM WALZ,DEM,174
45-23,WRITE-IN,,1
45-24,CHASE OLIVER & MIKE TER MAAT,LIB,2
45-24,DONALD J TRUMP & JD VANCE,REP,352
45-24,JILL STEIN & RUDOLPH WARE,GRN,2
45-24,KAMALA D HARRIS & TIM WALZ,DEM,283
45-24,WRITE-IN,,0
45-25,CHASE OLIVER & MIKE TER MAAT,LIB,3
45-25,DONALD J TRUMP & JD VANCE,REP,313
45-25,JILL STEIN & RUDOLPH WARE,GRN,1
45-25,KAMALA D HARRIS & TIM WALZ,DEM,136
45-25,WRITE-IN,,1
46-01,CHASE OLIVER & MIKE TER MAAT,LIB,0
46-01,DONALD J TRUMP & JD VANCE,REP,17
46-01,JILL STEIN & RUDOLPH WARE,GRN,13
46-01,KAMALA D HARRIS & TIM WALZ,DEM,574
46-01,WRITE-IN,,3
46-02,CHASE OLIVER & MIKE TER MAAT,LIB,2
46-02,DONALD J TRUMP & JD VANCE,REP,22
46-02,JILL STEIN & RUDOLPH WARE,GRN,8
46-02,KAMALA D HARRIS & TIM WALZ,DEM,457
46-02,WRITE-IN,,2
46-03,CHASE OLIVER & MIKE TER MAAT,LIB,1
46-03,DONALD J TRUMP & JD VANCE,REP,22
46-03,JILL STEIN & RUDOLPH WARE,GRN,12
46-03,KAMALA D HARRIS & TIM WALZ,DEM,437
46-03,WRITE-IN,,4
46-04,CHASE OLIVER & MIKE TER MAAT,LIB,1
46-04,DONALD J TRUMP & JD VANCE,REP,12
46-04,JILL STEIN & RUDOLPH WARE,GRN,5
46-04,KAMALA D HARRIS & TIM WALZ,DEM,343
46-04,WRITE-IN,,3
46-05,CHASE OLIVER & MIKE TER MAAT,LIB,1
46-05,DONALD J TRUMP & JD VANCE,REP,11
46-05,JILL STEIN & RUDOLPH WARE,GRN,6
46-05,KAMALA D HARRIS & TIM WALZ,DEM,326
46-05,WRITE-IN,,2
46-06,CHASE OLIVER & MIKE TER MAAT,LIB,1
46-06,DONALD J TRUMP & JD VANCE,REP,18
46-06,JILL STEIN & RUDOLPH WARE,GRN,2
46-06,KAMALA D HARRIS & TIM WALZ,DEM,438
46-06,WRITE-IN,,2
46-07,CHASE OLIVER & MIKE TER MAAT,LIB,0
46-07,DONALD J TRUMP & JD VANCE,REP,18
46-07,JILL STEIN & RUDOLPH WARE,GRN,9
46-07,KAMALA D HARRIS & TIM WALZ,DEM,393
46-07,WRITE-IN,,3
46-08,CHASE OLIVER & MIKE TER MAAT,LIB,0
46-08,DONALD J TRUMP & JD VANCE,REP,31
46-08,JILL STEIN & RUDOLPH WARE,GRN,14
46-08,KAMALA D HARRIS & TIM WALZ,DEM,577
46-08,WRITE-IN,,6
46-09,CHASE OLIVER & MIKE TER MAAT,LIB,2
46-09,DONALD J TRUMP & JD VANCE,REP,14
46-09,JILL STEIN & RUDOLPH WARE,GRN,11
46-09,KAMALA D HARRIS & TIM WALZ,DEM,407
46-09,WRITE-IN,,3
46-10,CHASE OLIVER & MIKE TER MAAT,LIB,0
46-10,DONALD J TRUMP & JD VANCE,REP,6
46-10,JILL STEIN & RUDOLPH WARE,GRN,10
46-10,KAMALA D HARRIS & TIM WALZ,DEM,403
46-10,WRITE-IN,,0
46-11,CHASE OLIVER & MIKE TER MAAT,LIB,1
46-11,DONALD J TRUMP & JD VANCE,REP,18
46-11,JILL STEIN & RUDOLPH WARE,GRN,5
46-11,KAMALA D HARRIS & TIM WALZ,DEM,394
46-11,WRITE-IN,,7
46-12,CHASE OLIVER & MIKE TER MAAT,LIB,0
46-12,DONALD J TRUMP & JD VANCE,REP,17
46-12,JILL STEIN & RUDOLPH WARE,GRN,9
46-12,KAMALA D HARRIS & TIM WALZ,DEM,397
46-12,WRITE-IN,,0
46-13,CHASE OLIVER & MIKE TER MAAT,LIB,2
46-13,DONALD J TRUMP & JD VANCE,REP,13
46-13,JILL STEIN & RUDOLPH WARE,GRN,2
46-13,KAMALA D HARRIS & TIM WALZ,DEM,354
46-13,WRITE-IN,,3
46-14,CHASE OLIVER & MIKE TER MAAT,LIB,1
46-14,DONALD J TRUMP & JD VANCE,REP,13
46-14,JILL STEIN & RUDOLPH WARE,GRN,1
46-14,KAMALA D HARRIS & TIM WALZ,DEM,311
46-14,WRITE-IN,,0
46-15,CHASE OLIVER & MIKE TER MAAT,LIB,1
46-15,DONALD J TRUMP & JD VANCE,REP,14
46-15,JILL STEIN & RUDOLPH WARE,GRN,2
46-15,KAMALA D HARRIS & TIM WALZ,DEM,403
46-15,WRITE-IN,,0
46-16,CHASE OLIVER & MIKE TER MAAT,LIB,3
46-16,DONALD J TRUMP & JD VANCE,REP,43
46-16,JILL STEIN & RUDOLPH WARE,GRN,15
46-16,KAMALA D HARRIS & TIM WALZ,DEM,630
46-16,WRITE-IN,,10
46-17,CHASE OLIVER & MIKE TER MAAT,LIB,1
46-17,DONALD J TRUMP & JD VANCE,REP,34
46-17,JILL STEIN & RUDOLPH WARE,GRN,6
46-17,KAMALA D HARRIS & TIM WALZ,DEM,691
46-17,WRITE-IN,,9
46-18,CHASE OLIVER & MIKE TER MAAT,LIB,2
46-18,DONALD J TRUMP & JD VANCE,REP,22
46-18,JILL STEIN & RUDOLPH WARE,GRN,16
46-18,KAMALA D HARRIS & TIM WALZ,DEM,473
46-18,WRITE-IN,,7
46-19,CHASE OLIVER & MIKE TER MAAT,LIB,1
46-19,DONALD J TRUMP & JD VANCE,REP,43
46-19,JILL STEIN & RUDOLPH WARE,GRN,16
46-19,KAMALA D HARRIS & TIM WALZ,DEM,657
46-19,WRITE-IN,,2
46-20,CHASE OLIVER & MIKE TER MAAT,LIB,2
46-20,DONALD J TRUMP & JD VANCE,REP,15
46-20,JILL STEIN & RUDOLPH WARE,GRN,3
46-20,KAMALA D HARRIS & TIM WALZ,DEM,346
46-20,WRITE-IN,,2
46-21,CHASE OLIVER & MIKE TER MAAT,LIB,1
46-21,DONALD J TRUMP & JD VANCE,REP,14
46-21,JILL STEIN & RUDOLPH WARE,GRN,1
46-21,KAMALA D HARRIS & TIM WALZ,DEM,275
46-21,WRITE-IN,,0
46-22,CHASE OLIVER & MIKE TER MAAT,LIB,2
46-22,DONALD J TRUMP & JD VANCE,REP,41
46-22,JILL STEIN & RUDOLPH WARE,GRN,19
46-22,KAMALA D HARRIS & TIM WALZ,DEM,762
46-22,WRITE-IN,,11
46-23,CHASE OLIVER & MIKE TER MAAT,LIB,0
46-23,DONALD J TRUMP & JD VANCE,REP,28
46-23,JILL STEIN & RUDOLPH WARE,GRN,21
46-23,KAMALA D HARRIS & TIM WALZ,DEM,576
46-23,WRITE-IN,,4
47-01,CHASE OLIVER & MIKE TER MAAT,LIB,2
47-01,DONALD J TRUMP & JD VANCE,REP,82
47-01,JILL STEIN & RUDOLPH WARE,GRN,7
47-01,KAMALA D HARRIS & TIM WALZ,DEM,636
47-01,WRITE-IN,,5
47-02,CHASE OLIVER & MIKE TER MAAT,LIB,3
47-02,DONALD J TRUMP & JD VANCE,REP,31
47-02,JILL STEIN & RUDOLPH WARE,GRN,7
47-02,KAMALA D HARRIS & TIM WALZ,DEM,355
47-02,WRITE-IN,,2
47-03,CHASE OLIVER & MIKE TER MAAT,LIB,1
47-03,DONALD J TRUMP & JD VANCE,REP,59
47-03,JILL STEIN & RUDOLPH WARE,GRN,10
47-03,KAMALA D HARRIS & TIM WALZ,DEM,594
47-03,WRITE-IN,,4
47-04,CHASE OLIVER & MIKE TER MAAT,LIB,0
47-04,DONALD J TRUMP & JD VANCE,REP,20
47-04,JILL STEIN & RUDOLPH WARE,GRN,2
47-04,KAMALA D HARRIS & TIM WALZ,DEM,231
47-04,WRITE-IN,,1
47-05,CHASE OLIVER & MIKE TER MAAT,LIB,0
47-05,DONALD J TRUMP & JD VANCE,REP,16
47-05,JILL STEIN & RUDOLPH WARE,GRN,6
47-05,KAMALA D HARRIS & TIM WALZ,DEM,273
47-05,WRITE-IN,,0
47-06,CHASE OLIVER & MIKE TER MAAT,LIB,0
47-06,DONALD J TRUMP & JD VANCE,REP,25
47-06,JILL STEIN & RUDOLPH WARE,GRN,2
47-06,KAMALA D HARRIS & TIM WALZ,DEM,218
47-06,WRITE-IN,,3
47-07,CHASE OLIVER & MIKE TER MAAT,LIB,0
47-07,DONALD J TRUMP & JD VANCE,REP,14
47-07,JILL STEIN & RUDOLPH WARE,GRN,2
47-07,KAMALA D HARRIS & TIM WALZ,DEM,289
47-07,WRITE-IN,,1
47-08,CHASE OLIVER & MIKE TER MAAT,LIB,3
47-08,DONALD J TRUMP & JD VANCE,REP,24
47-08,JILL STEIN & RUDOLPH WARE,GRN,5
47-08,KAMALA D HARRIS & TIM WALZ,DEM,260
47-08,WRITE-IN,,1
47-09,CHASE OLIVER & MIKE TER MAAT,LIB,2
47-09,DONALD J TRUMP & JD VANCE,REP,15
47-09,JILL STEIN & RUDOLPH WARE,GRN,1
47-09,KAMALA D HARRIS & TIM WALZ,DEM,177
47-09,WRITE-IN,,0
47-10,CHASE OLIVER & MIKE TER MAAT,LIB,0
47-10,DONALD J TRUMP & JD VANCE,REP,11
47-10,JILL STEIN & RUDOLPH WARE,GRN,2
47-10,KAMALA D HARRIS & TIM WALZ,DEM,175
47-10,WRITE-IN,,0
47-11,CHASE OLIVER & MIKE TER MAAT,LIB,1
47-11,DONALD J TRUMP & JD VANCE,REP,17
47-11,JILL STEIN & RUDOLPH WARE,GRN,7
47-11,KAMALA D HARRIS & TIM WALZ,DEM,206
47-11,WRITE-IN,,3
47-12,CHASE OLIVER & MIKE TER MAAT,LIB,3
47-12,DONALD J TRUMP & JD VANCE,REP,32
47-12,JILL STEIN & RUDOLPH WARE,GRN,3
47-12,KAMALA D HARRIS & TIM WALZ,DEM,314
47-12,WRITE-IN,,1
47-13,CHASE OLIVER & MIKE TER MAAT,LIB,0
47-13,DONALD J TRUMP & JD VANCE,REP,15
47-13,JILL STEIN & RUDOLPH WARE,GRN,1
47-13,KAMALA D HARRIS & TIM WALZ,DEM,226
47-13,WRITE-IN,,0
47-14,CHASE OLIVER & MIKE TER MAAT,LIB,0
47-14,DONALD J TRUMP & JD VANCE,REP,6
47-14,JILL STEIN & RUDOLPH WARE,GRN,0
47-14,KAMALA D HARRIS & TIM WALZ,DEM,164
47-14,WRITE-IN,,2
48-01,CHASE OLIVER & MIKE TER MAAT,LIB,0
48-01,DONALD J TRUMP & JD VANCE,REP,40
48-01,JILL STEIN & RUDOLPH WARE,GRN,5
48-01,KAMALA D HARRIS & TIM WALZ,DEM,348
48-01,WRITE-IN,,0
48-02,CHASE OLIVER & MIKE TER MAAT,LIB,4
48-02,DONALD J TRUMP & JD VANCE,REP,26
48-02,JILL STEIN & RUDOLPH WARE,GRN,5
48-02,KAMALA D HARRIS & TIM WALZ,DEM,391
48-02,WRITE-IN,,0
48-03,CHASE OLIVER & MIKE TER MAAT,LIB,0
48-03,DONALD J TRUMP & JD VANCE,REP,37
48-03,JILL STEIN & RUDOLPH WARE,GRN,4
48-03,KAMALA D HARRIS & TIM WALZ,DEM,436
48-03,WRITE-IN,,3
48-04,CHASE OLIVER & MIKE TER MAAT,LIB,1
48-04,DONALD J TRUMP & JD VANCE,REP,28
48-04,JILL STEIN & RUDOLPH WARE,GRN,2
48-04,KAMALA D HARRIS & TIM WALZ,DEM,371
48-04,WRITE-IN,,1
48-05,CHASE OLIVER & MIKE TER MAAT,LIB,2
48-05,DONALD J TRUMP & JD VANCE,REP,45
48-05,JILL STEIN & RUDOLPH WARE,GRN,2
48-05,KAMALA D HARRIS & TIM WALZ,DEM,299
48-05,WRITE-IN,,2
48-06,CHASE OLIVER & MIKE TER MAAT,LIB,1
48-06,DONALD J TRUMP & JD VANCE,REP,23
48-06,JILL STEIN & RUDOLPH WARE,GRN,1
48-06,KAMALA D HARRIS & TIM WALZ,DEM,288
48-06,WRITE-IN,,1
48-07,CHASE OLIVER & MIKE TER MAAT,LIB,3
48-07,DONALD J TRUMP & JD VANCE,REP,121
48-07,JILL STEIN & RUDOLPH WARE,GRN,1
48-07,KAMALA D HARRIS & TIM WALZ,DEM,274
48-07,WRITE-IN,,2
48-08,CHASE OLIVER & MIKE TER MAAT,LIB,0
48-08,DONALD J TRUMP & JD VANCE,REP,35
48-08,JILL STEIN & RUDOLPH WARE,GRN,10
48-08,KAMALA D HARRIS & TIM WALZ,DEM,410
48-08,WRITE-IN,,3
48-09,CHASE OLIVER & MIKE TER MAAT,LIB,0
48-09,DONALD J TRUMP & JD VANCE,REP,40
48-09,JILL STEIN & RUDOLPH WARE,GRN,1
48-09,KAMALA D HARRIS & TIM WALZ,DEM,292
48-09,WRITE-IN,,0
48-10,CHASE OLIVER & MIKE TER MAAT,LIB,1
48-10,DONALD J TRUMP & JD VANCE,REP,107
48-10,JILL STEIN & RUDOLPH WARE,GRN,2
48-10,KAMALA D HARRIS & TIM WALZ,DEM,204
48-10,WRITE-IN,,0
48-11,CHASE OLIVER & MIKE TER MAAT,LIB,0
48-11,DONALD J TRUMP & JD VANCE,REP,27
48-11,JILL STEIN & RUDOLPH WARE,GRN,2
48-11,KAMALA D HARRIS & TIM WALZ,DEM,221
48-11,WRITE-IN,,2
48-12,CHASE OLIVER & MIKE TER MAAT,LIB,1
48-12,DONALD J TRUMP & JD VANCE,REP,82
48-12,JILL STEIN & RUDOLPH WARE,GRN,4
48-12,KAMALA D HARRIS & TIM WALZ,DEM,352
48-12,WRITE-IN,,0
48-13,CHASE OLIVER & MIKE TER MAAT,LIB,1
48-13,DONALD J TRUMP & JD VANCE,REP,105
48-13,JILL STEIN & RUDOLPH WARE,GRN,7
48-13,KAMALA D HARRIS & TIM WALZ,DEM,343
48-13,WRITE-IN,,3
48-14,CHASE OLIVER & MIKE TER MAAT,LIB,3
48-14,DONALD J TRUMP & JD VANCE,REP,85
48-14,JILL STEIN & RUDOLPH WARE,GRN,3
48-14,KAMALA D HARRIS & TIM WALZ,DEM,280
48-14,WRITE-IN,,1
48-15,CHASE OLIVER & MIKE TER MAAT,LIB,2
48-15,DONALD J TRUMP & JD VANCE,REP,62
48-15,JILL STEIN & RUDOLPH WARE,GRN,4
48-15,KAMALA D HARRIS & TIM WALZ,DEM,310
48-15,WRITE-IN,,0
48-16,CHASE OLIVER & MIKE TER MAAT,LIB,0
48-16,DONALD J TRUMP & JD VANCE,REP,78
48-16,JILL STEIN & RUDOLPH WARE,GRN,2
48-16,KAMALA D HARRIS & TIM WALZ,DEM,276
48-16,WRITE-IN,,0
48-17,CHASE OLIVER & MIKE TER MAAT,LIB,0
48-17,DONALD J TRUMP & JD VANCE,REP,92
48-17,JILL STEIN & RUDOLPH WARE,GRN,3
48-17,KAMALA D HARRIS & TIM WALZ,DEM,340
48-17,WRITE-IN,,0
48-18,CHASE OLIVER & MIKE TER MAAT,LIB,3
48-18,DONALD J TRUMP & JD VANCE,REP,72
48-18,JILL STEIN & RUDOLPH WARE,GRN,5
48-18,KAMALA D HARRIS & TIM WALZ,DEM,267
48-18,WRITE-IN,,0
48-19,CHASE OLIVER & MIKE TER MAAT,LIB,0
48-19,DONALD J TRUMP & JD VANCE,REP,118
48-19,JILL STEIN & RUDOLPH WARE,GRN,3
48-19,KAMALA D HARRIS & TIM WALZ,DEM,147
48-19,WRITE-IN,,0
48-20,CHASE OLIVER & MIKE TER MAAT,LIB,4
48-20,DONALD J TRUMP & JD VANCE,REP,70
48-20,JILL STEIN & RUDOLPH WARE,GRN,7
48-20,KAMALA D HARRIS & TIM WALZ,DEM,310
48-20,WRITE-IN,,4
48-21,CHASE OLIVER & MIKE TER MAAT,LIB,2
48-21,DONALD J TRUMP & JD VANCE,REP,34
48-21,JILL STEIN & RUDOLPH WARE,GRN,4
48-21,KAMALA D HARRIS & TIM WALZ,DEM,568
48-21,WRITE-IN,,1
48-22,CHASE OLIVER & MIKE TER MAAT,LIB,1
48-22,DONALD J TRUMP & JD VANCE,REP,98
48-22,JILL STEIN & RUDOLPH WARE,GRN,0
48-22,KAMALA D HARRIS & TIM WALZ,DEM,129
48-22,WRITE-IN,,2
48-23,CHASE OLIVER & MIKE TER MAAT,LIB,0
48-23,DONALD J TRUMP & JD VANCE,REP,30
48-23,JILL STEIN & RUDOLPH WARE,GRN,3
48-23,KAMALA D HARRIS & TIM WALZ,DEM,340
48-23,WRITE-IN,,1
49-01,CHASE OLIVER & MIKE TER MAAT,LIB,0
49-01,DONALD J TRUMP & JD VANCE,REP,35
49-01,JILL STEIN & RUDOLPH WARE,GRN,2
49-01,KAMALA D HARRIS & TIM WALZ,DEM,311
49-01,WRITE-IN,,1
49-02,CHASE OLIVER & MIKE TER MAAT,LIB,2
49-02,DONALD J TRUMP & JD VANCE,REP,38
49-02,JILL STEIN & RUDOLPH WARE,GRN,3
49-02,KAMALA D HARRIS & TIM WALZ,DEM,438
49-02,WRITE-IN,,0
49-03,CHASE OLIVER & MIKE TER MAAT,LIB,2
49-03,DONALD J TRUMP & JD VANCE,REP,48
49-03,JILL STEIN & RUDOLPH WARE,GRN,5
49-03,KAMALA D HARRIS & TIM WALZ,DEM,542
49-03,WRITE-IN,,0
49-04,CHASE OLIVER & MIKE TER MAAT,LIB,0
49-04,DONALD J TRUMP & JD VANCE,REP,21
49-04,JILL STEIN & RUDOLPH WARE,GRN,3
49-04,KAMALA D HARRIS & TIM WALZ,DEM,296
49-04,WRITE-IN,,1
49-05,CHASE OLIVER & MIKE TER MAAT,LIB,1
49-05,DONALD J TRUMP & JD VANCE,REP,22
49-05,JILL STEIN & RUDOLPH WARE,GRN,2
49-05,KAMALA D HARRIS & TIM WALZ,DEM,439
49-05,WRITE-IN,,1
49-06,CHASE OLIVER & MIKE TER MAAT,LIB,1
49-06,DONALD J TRUMP & JD VANCE,REP,25
49-06,JILL STEIN & RUDOLPH WARE,GRN,2
49-06,KAMALA D HARRIS & TIM WALZ,DEM,390
49-06,WRITE-IN,,0
49-07,CHASE OLIVER & MIKE TER MAAT,LIB,0
49-07,DONALD J TRUMP & JD VANCE,REP,23
49-07,JILL STEIN & RUDOLPH WARE,GRN,2
49-07,KAMALA D HARRIS & TIM WALZ,DEM,502
49-07,WRITE-IN,,0
49-08,CHASE OLIVER & MIKE TER MAAT,LIB,1
49-08,DONALD J TRUMP & JD VANCE,REP,32
49-08,JILL STEIN & RUDOLPH WARE,GRN,7
49-08,KAMALA D HARRIS & TIM WALZ,DEM,485
49-08,WRITE-IN,,2
49-09,CHASE OLIVER & MIKE TER MAAT,LIB,3
49-09,DONALD J TRUMP & JD VANCE,REP,85
49-09,JILL STEIN & RUDOLPH WARE,GRN,1
49-09,KAMALA D HARRIS & TIM WALZ,DEM,571
49-09,WRITE-IN,,1
49-10,CHASE OLIVER & MIKE TER MAAT,LIB,1
49-10,DONALD J TRUMP & JD VANCE,REP,24
49-10,JILL STEIN & RUDOLPH WARE,GRN,2
49-10,KAMALA D HARRIS & TIM WALZ,DEM,399
49-10,WRITE-IN,,0
49-11,CHASE OLIVER & MIKE TER MAAT,LIB,0
49-11,DONALD J TRUMP & JD VANCE,REP,33
49-11,JILL STEIN & RUDOLPH WARE,GRN,5
49-11,KAMALA D HARRIS & TIM WALZ,DEM,359
49-11,WRITE-IN,,0
49-12,CHASE OLIVER & MIKE TER MAAT,LIB,2
49-12,DONALD J TRUMP & JD VANCE,REP,30
49-12,JILL STEIN & RUDOLPH WARE,GRN,3
49-12,KAMALA D HARRIS & TIM WALZ,DEM,408
49-12,WRITE-IN,,0
49-13,CHASE OLIVER & MIKE TER MAAT,LIB,1
49-13,DONALD J TRUMP & JD VANCE,REP,28
49-13,JILL STEIN & RUDOLPH WARE,GRN,1
49-13,KAMALA D HARRIS & TIM WALZ,DEM,205
49-13,WRITE-IN,,0
49-14,CHASE OLIVER & MIKE TER MAAT,LIB,0
49-14,DONALD J TRUMP & JD VANCE,REP,29
49-14,JILL STEIN & RUDOLPH WARE,GRN,3
49-14,KAMALA D HARRIS & TIM WALZ,DEM,338
49-14,WRITE-IN,,1
49-15,CHASE OLIVER & MIKE TER MAAT,LIB,0
49-15,DONALD J TRUMP & JD VANCE,REP,22
49-15,JILL STEIN & RUDOLPH WARE,GRN,3
49-15,KAMALA D HARRIS & TIM WALZ,DEM,347
49-15,WRITE-IN,,0
49-16,CHASE OLIVER & MIKE TER MAAT,LIB,3
49-16,DONALD J TRUMP & JD VANCE,REP,28
49-16,JILL STEIN & RUDOLPH WARE,GRN,1
49-16,KAMALA D HARRIS & TIM WALZ,DEM,399
49-16,WRITE-IN,,1
49-17,CHASE OLIVER & MIKE TER MAAT,LIB,1
49-17,DONALD J TRUMP & JD VANCE,REP,46
49-17,JILL STEIN & RUDOLPH WARE,GRN,1
49-17,KAMALA D HARRIS & TIM WALZ,DEM,427
49-17,WRITE-IN,,0
49-18,CHASE OLIVER & MIKE TER MAAT,LIB,3
49-18,DONALD J TRUMP & JD VANCE,REP,29
49-18,JILL STEIN & RUDOLPH WARE,GRN,5
49-18,KAMALA D HARRIS & TIM WALZ,DEM,415
49-18,WRITE-IN,,0
49-19,CHASE OLIVER & MIKE TER MAAT,LIB,1
49-19,DONALD J TRUMP & JD VANCE,REP,31
49-19,JILL STEIN & RUDOLPH WARE,GRN,0
49-19,KAMALA D HARRIS & TIM WALZ,DEM,384
49-19,WRITE-IN,,1
49-20,CHASE OLIVER & MIKE TER MAAT,LIB,2
49-20,DONALD J TRUMP & JD VANCE,REP,30
49-20,JILL STEIN & RUDOLPH WARE,GRN,2
49-20,KAMALA D HARRIS & TIM WALZ,DEM,464
49-20,WRITE-IN,,1
49-21,CHASE OLIVER & MIKE TER MAAT,LIB,4
49-21,DONALD J TRUMP & JD VANCE,REP,47
49-21,JILL STEIN & RUDOLPH WARE,GRN,5
49-21,KAMALA D HARRIS & TIM WALZ,DEM,581
49-21,WRITE-IN,,2
49-22,CHASE OLIVER & MIKE TER MAAT,LIB,2
49-22,DONALD J TRUMP & JD VANCE,REP,33
49-22,JILL STEIN & RUDOLPH WARE,GRN,3
49-22,KAMALA D HARRIS & TIM WALZ,DEM,501
49-22,WRITE-IN,,0
50-01,CHASE OLIVER & MIKE TER MAAT,LIB,1
50-01,DONALD J TRUMP & JD VANCE,REP,14
50-01,JILL STEIN & RUDOLPH WARE,GRN,4
50-01,KAMALA D HARRIS & TIM WALZ,DEM,410
50-01,WRITE-IN,,0
50-02,CHASE OLIVER & MIKE TER MAAT,LIB,1
50-02,DONALD J TRUMP & JD VANCE,REP,27
50-02,JILL STEIN & RUDOLPH WARE,GRN,2
50-02,KAMALA D HARRIS & TIM WALZ,DEM,535
50-02,WRITE-IN,,0
50-03,CHASE OLIVER & MIKE TER MAAT,LIB,1
50-03,DONALD J TRUMP & JD VANCE,REP,21
50-03,JILL STEIN & RUDOLPH WARE,GRN,4
50-03,KAMALA D HARRIS & TIM WALZ,DEM,511
50-03,WRITE-IN,,1
50-04,CHASE OLIVER & MIKE TER MAAT,LIB,2
50-04,DONALD J TRUMP & JD VANCE,REP,19
50-04,JILL STEIN & RUDOLPH WARE,GRN,2
50-04,KAMALA D HARRIS & TIM WALZ,DEM,470
50-04,WRITE-IN,,0
50-05,CHASE OLIVER & MIKE TER MAAT,LIB,1
50-05,DONALD J TRUMP & JD VANCE,REP,17
50-05,JILL STEIN & RUDOLPH WARE,GRN,4
50-05,KAMALA D HARRIS & TIM WALZ,DEM,482
50-05,WRITE-IN,,3
50-06,CHASE OLIVER & MIKE TER MAAT,LIB,2
50-06,DONALD J TRUMP & JD VANCE,REP,18
50-06,JILL STEIN & RUDOLPH WARE,GRN,2
50-06,KAMALA D HARRIS & TIM WALZ,DEM,373
50-06,WRITE-IN,,1
50-07,CHASE OLIVER & MIKE TER MAAT,LIB,1
50-07,DONALD J TRUMP & JD VANCE,REP,18
50-07,JILL STEIN & RUDOLPH WARE,GRN,2
50-07,KAMALA D HARRIS & TIM WALZ,DEM,554
50-07,WRITE-IN,,0
50-08,CHASE OLIVER & MIKE TER MAAT,LIB,0
50-08,DONALD J TRUMP & JD VANCE,REP,26
50-08,JILL STEIN & RUDOLPH WARE,GRN,3
50-08,KAMALA D HARRIS & TIM WALZ,DEM,528
50-08,WRITE-IN,,1
50-09,CHASE OLIVER & MIKE TER MAAT,LIB,2
50-09,DONALD J TRUMP & JD VANCE,REP,22
50-09,JILL STEIN & RUDOLPH WARE,GRN,5
50-09,KAMALA D HARRIS & TIM WALZ,DEM,449
50-09,WRITE-IN,,0
50-10,CHASE OLIVER & MIKE TER MAAT,LIB,0
50-10,DONALD J TRUMP & JD VANCE,REP,28
50-10,JILL STEIN & RUDOLPH WARE,GRN,2
50-10,KAMALA D HARRIS & TIM WALZ,DEM,407
50-10,WRITE-IN,,2
50-11,CHASE OLIVER & MIKE TER MAAT,LIB,1
50-11,DONALD J TRUMP & JD VANCE,REP,10
50-11,JILL STEIN & RUDOLPH WARE,GRN,3
50-11,KAMALA D HARRIS & TIM WALZ,DEM,344
50-11,WRITE-IN,,0
50-12,CHASE OLIVER & MIKE TER MAAT,LIB,5
50-12,DONALD J TRUMP & JD VANCE,REP,23
50-12,JILL STEIN & RUDOLPH WARE,GRN,0
50-12,KAMALA D HARRIS & TIM WALZ,DEM,482
50-12,WRITE-IN,,1
50-13,CHASE OLIVER & MIKE TER MAAT,LIB,3
50-13,DONALD J TRUMP & JD VANCE,REP,20
50-13,JILL STEIN & RUDOLPH WARE,GRN,1
50-13,KAMALA D HARRIS & TIM WALZ,DEM,434
50-13,WRITE-IN,,0
50-14,CHASE OLIVER & MIKE TER MAAT,LIB,0
50-14,DONALD J TRUMP & JD VANCE,REP,17
50-14,JILL STEIN & RUDOLPH WARE,GRN,0
50-14,KAMALA D HARRIS & TIM WALZ,DEM,381
50-14,WRITE-IN,,0
50-15,CHASE OLIVER & MIKE TER MAAT,LIB,3
50-15,DONALD J TRUMP & JD VANCE,REP,21
50-15,JILL STEIN & RUDOLPH WARE,GRN,0
50-15,KAMALA D HARRIS & TIM WALZ,DEM,440
50-15,WRITE-IN,,0
50-16,CHASE OLIVER & MIKE TER MAAT,LIB,0
50-16,DONALD J TRUMP & JD VANCE,REP,22
50-16,JILL STEIN & RUDOLPH WARE,GRN,3
50-16,KAMALA D HARRIS & TIM WALZ,DEM,533
50-16,WRITE-IN,,1
50-17,CHASE OLIVER & MIKE TER MAAT,LIB,2
50-17,DONALD J TRUMP & JD VANCE,REP,13
50-17,JILL STEIN & RUDOLPH WARE,GRN,3
50-17,KAMALA D HARRIS & TIM WALZ,DEM,417
50-17,WRITE-IN,,1
50-18,CHASE OLIVER & MIKE TER MAAT,LIB,1
50-18,DONALD J TRUMP & JD VANCE,REP,15
50-18,JILL STEIN & RUDOLPH WARE,GRN,3
50-18,KAMALA D HARRIS & TIM WALZ,DEM,460
50-18,WRITE-IN,,0
50-19,CHASE OLIVER & MIKE TER MAAT,LIB,2
50-19,DONALD J TRUMP & JD VANCE,REP,35
50-19,JILL STEIN & RUDOLPH WARE,GRN,1
50-19,KAMALA D HARRIS & TIM WALZ,DEM,523
50-19,WRITE-IN,,1
50-20,CHASE OLIVER & MIKE TER MAAT,LIB,0
50-20,DONALD J TRUMP & JD VANCE,REP,21
50-20,JILL STEIN & RUDOLPH WARE,GRN,3
50-20,KAMALA D HARRIS & TIM WALZ,DEM,471
50-20,WRITE-IN,,3
50-21,CHASE OLIVER & MIKE TER MAAT,LIB,2
50-21,DONALD J TRUMP & JD VANCE,REP,23
50-21,JILL STEIN & RUDOLPH WARE,GRN,5
50-21,KAMALA D HARRIS & TIM WALZ,DEM,578
50-21,WRITE-IN,,2
50-22,CHASE OLIVER & MIKE TER MAAT,LIB,2
50-22,DONALD J TRUMP & JD VANCE,REP,24
50-22,JILL STEIN & RUDOLPH WARE,GRN,3
50-22,KAMALA D HARRIS & TIM WALZ,DEM,520
50-22,WRITE-IN,,1
50-23,CHASE OLIVER & MIKE TER MAAT,LIB,2
50-23,DONALD J TRUMP & JD VANCE,REP,16
50-23,JILL STEIN & RUDOLPH WARE,GRN,6
50-23,KAMALA D HARRIS & TIM WALZ,DEM,373
50-23,WRITE-IN,,0
50-24,CHASE OLIVER & MIKE TER MAAT,LIB,2
50-24,DONALD J TRUMP & JD VANCE,REP,34
50-24,JILL STEIN & RUDOLPH WARE,GRN,4
50-24,KAMALA D HARRIS & TIM WALZ,DEM,479
50-24,WRITE-IN,,1
50-25,CHASE OLIVER & MIKE TER MAAT,LIB,0
50-25,DONALD J TRUMP & JD VANCE,REP,22
50-25,JILL STEIN & RUDOLPH WARE,GRN,4
50-25,KAMALA D HARRIS & TIM WALZ,DEM,392
50-25,WRITE-IN,,1
50-26,CHASE OLIVER & MIKE TER MAAT,LIB,1
50-26,DONALD J TRUMP & JD VANCE,REP,18
50-26,JILL STEIN & RUDOLPH WARE,GRN,2
50-26,KAMALA D HARRIS & TIM WALZ,DEM,457
50-26,WRITE-IN,,0
50-27,CHASE OLIVER & MIKE TER MAAT,LIB,1
50-27,DONALD J TRUMP & JD VANCE,REP,15
50-27,JILL STEIN & RUDOLPH WARE,GRN,1
50-27,KAMALA D HARRIS & TIM WALZ,DEM,459
50-27,WRITE-IN,,0
50-28,CHASE OLIVER & MIKE TER MAAT,LIB,3
50-28,DONALD J TRUMP & JD VANCE,REP,26
50-28,JILL STEIN & RUDOLPH WARE,GRN,2
50-28,KAMALA D HARRIS & TIM WALZ,DEM,439
50-28,WRITE-IN,,1
50-29,CHASE OLIVER & MIKE TER MAAT,LIB,2
50-29,DONALD J TRUMP & JD VANCE,REP,32
50-29,JILL STEIN & RUDOLPH WARE,GRN,3
50-29,KAMALA D HARRIS & TIM WALZ,DEM,525
50-29,WRITE-IN,,0
50-30,CHASE OLIVER & MIKE TER MAAT,LIB,1
50-30,DONALD J TRUMP & JD VANCE,REP,15
50-30,JILL STEIN & RUDOLPH WARE,GRN,4
50-30,KAMALA D HARRIS & TIM WALZ,DEM,381
50-30,WRITE-IN,,1
51-01,CHASE OLIVER & MIKE TER MAAT,LIB,1
51-01,DONALD J TRUMP & JD VANCE,REP,13
51-01,JILL STEIN & RUDOLPH WARE,GRN,2
51-01,KAMALA D HARRIS & TIM WALZ,DEM,275
51-01,WRITE-IN,,1
51-02,CHASE OLIVER & MIKE TER MAAT,LIB,4
51-02,DONALD J TRUMP & JD VANCE,REP,15
51-02,JILL STEIN & RUDOLPH WARE,GRN,7
51-02,KAMALA D HARRIS & TIM WALZ,DEM,304
51-02,WRITE-IN,,2
51-03,CHASE OLIVER & MIKE TER MAAT,LIB,1
51-03,DONALD J TRUMP & JD VANCE,REP,21
51-03,JILL STEIN & RUDOLPH WARE,GRN,0
51-03,KAMALA D HARRIS & TIM WALZ,DEM,356
51-03,WRITE-IN,,1
51-04,CHASE OLIVER & MIKE TER MAAT,LIB,1
51-04,DONALD J TRUMP & JD VANCE,REP,12
51-04,JILL STEIN & RUDOLPH WARE,GRN,3
51-04,KAMALA D HARRIS & TIM WALZ,DEM,408
51-04,WRITE-IN,,2
51-05,CHASE OLIVER & MIKE TER MAAT,LIB,1
51-05,DONALD J TRUMP & JD VANCE,REP,17
51-05,JILL STEIN & RUDOLPH WARE,GRN,13
51-05,KAMALA D HARRIS & TIM WALZ,DEM,376
51-05,WRITE-IN,,1
51-06,CHASE OLIVER & MIKE TER MAAT,LIB,1
51-06,DONALD J TRUMP & JD VANCE,REP,11
51-06,JILL STEIN & RUDOLPH WARE,GRN,11
51-06,KAMALA D HARRIS & TIM WALZ,DEM,485
51-06,WRITE-IN,,4
51-07,CHASE OLIVER & MIKE TER MAAT,LIB,0
51-07,DONALD J TRUMP & JD VANCE,REP,8
51-07,JILL STEIN & RUDOLPH WARE,GRN,6
51-07,KAMALA D HARRIS & TIM WALZ,DEM,299
51-07,WRITE-IN,,2
51-08,CHASE OLIVER & MIKE TER MAAT,LIB,0
51-08,DONALD J TRUMP & JD VANCE,REP,10
51-08,JILL STEIN & RUDOLPH WARE,GRN,0
51-08,KAMALA D HARRIS & TIM WALZ,DEM,256
51-08,WRITE-IN,,0
51-09,CHASE OLIVER & MIKE TER MAAT,LIB,0
51-09,DONALD J TRUMP & JD VANCE,REP,22
51-09,JILL STEIN & RUDOLPH WARE,GRN,1
51-09,KAMALA D HARRIS & TIM WALZ,DEM,254
51-09,WRITE-IN,,0
51-10,CHASE OLIVER & MIKE TER MAAT,LIB,0
51-10,DONALD J TRUMP & JD VANCE,REP,22
51-10,JILL STEIN & RUDOLPH WARE,GRN,1
51-10,KAMALA D HARRIS & TIM WALZ,DEM,213
51-10,WRITE-IN,,3
51-11,CHASE OLIVER & MIKE TER MAAT,LIB,0
51-11,DONALD J TRUMP & JD VANCE,REP,12
51-11,JILL STEIN & RUDOLPH WARE,GRN,4
51-11,KAMALA D HARRIS & TIM WALZ,DEM,241
51-11,WRITE-IN,,0
51-12,CHASE OLIVER & MIKE TER MAAT,LIB,4
51-12,DONALD J TRUMP & JD VANCE,REP,10
51-12,JILL STEIN & RUDOLPH WARE,GRN,4
51-12,KAMALA D HARRIS & TIM WALZ,DEM,364
51-12,WRITE-IN,,0
51-13,CHASE OLIVER & MIKE TER MAAT,LIB,1
51-13,DONALD J TRUMP & JD VANCE,REP,12
51-13,JILL STEIN & RUDOLPH WARE,GRN,2
51-13,KAMALA D HARRIS & TIM WALZ,DEM,378
51-13,WRITE-IN,,1
51-14,CHASE OLIVER & MIKE TER MAAT,LIB,0
51-14,DONALD J TRUMP & JD VANCE,REP,23
51-14,JILL STEIN & RUDOLPH WARE,GRN,9
51-14,KAMALA D HARRIS & TIM WALZ,DEM,565
51-14,WRITE-IN,,5
51-15,CHASE OLIVER & MIKE TER MAAT,LIB,1
51-15,DONALD J TRUMP & JD VANCE,REP,21
51-15,JILL STEIN & RUDOLPH WARE,GRN,10
51-15,KAMALA D HARRIS & TIM WALZ,DEM,347
51-15,WRITE-IN,,1
51-16,CHASE OLIVER & MIKE TER MAAT,LIB,0
51-16,DONALD J TRUMP & JD VANCE,REP,19
51-16,JILL STEIN & RUDOLPH WARE,GRN,5
51-16,KAMALA D HARRIS & TIM WALZ,DEM,346
51-16,WRITE-IN,,1
51-17,CHASE OLIVER & MIKE TER MAAT,LIB,1
51-17,DONALD J TRUMP & JD VANCE,REP,19
51-17,JILL STEIN & RUDOLPH WARE,GRN,7
51-17,KAMALA D HARRIS & TIM WALZ,DEM,327
51-17,WRITE-IN,,5
51-18,CHASE OLIVER & MIKE TER MAAT,LIB,0
51-18,DONALD J TRUMP & JD VANCE,REP,13
51-18,JILL STEIN & RUDOLPH WARE,GRN,3
51-18,KAMALA D HARRIS & TIM WALZ,DEM,389
51-18,WRITE-IN,,2
51-19,CHASE OLIVER & MIKE TER MAAT,LIB,0
51-19,DONALD J TRUMP & JD VANCE,REP,12
51-19,JILL STEIN & RUDOLPH WARE,GRN,1
51-19,KAMALA D HARRIS & TIM WALZ,DEM,268
51-19,WRITE-IN,,0
51-20,CHASE OLIVER & MIKE TER MAAT,LIB,1
51-20,DONALD J TRUMP & JD VANCE,REP,9
51-20,JILL STEIN & RUDOLPH WARE,GRN,3
51-20,KAMALA D HARRIS & TIM WALZ,DEM,244
51-20,WRITE-IN,,3
51-21,CHASE OLIVER & MIKE TER MAAT,LIB,0
51-21,DONALD J TRUMP & JD VANCE,REP,17
51-21,JILL STEIN & RUDOLPH WARE,GRN,1
51-21,KAMALA D HARRIS & TIM WALZ,DEM,246
51-21,WRITE-IN,,2
51-22,CHASE OLIVER & MIKE TER MAAT,LIB,0
51-22,DONALD J TRUMP & JD VANCE,REP,9
51-22,JILL STEIN & RUDOLPH WARE,GRN,3
51-22,KAMALA D HARRIS & TIM WALZ,DEM,327
51-22,WRITE-IN,,0
51-23,CHASE OLIVER & MIKE TER MAAT,LIB,0
51-23,DONALD J TRUMP & JD VANCE,REP,15
51-23,JILL STEIN & RUDOLPH WARE,GRN,1
51-23,KAMALA D HARRIS & TIM WALZ,DEM,275
51-23,WRITE-IN,,0
51-24,CHASE OLIVER & MIKE TER MAAT,LIB,2
51-24,DONALD J TRUMP & JD VANCE,REP,25
51-24,JILL STEIN & RUDOLPH WARE,GRN,2
51-24,KAMALA D HARRIS & TIM WALZ,DEM,319
51-24,WRITE-IN,,1
51-25,CHASE OLIVER & MIKE TER MAAT,LIB,0
51-25,DONALD J TRUMP & JD VANCE,REP,29
51-25,JILL STEIN & RUDOLPH WARE,GRN,4
51-25,KAMALA D HARRIS & TIM WALZ,DEM,379
51-25,WRITE-IN,,0
51-26,CHASE OLIVER & MIKE TER MAAT,LIB,1
51-26,DONALD J TRUMP & JD VANCE,REP,15
51-26,JILL STEIN & RUDOLPH WARE,GRN,4
51-26,KAMALA D HARRIS & TIM WALZ,DEM,282
51-26,WRITE-IN,,1
51-27,CHASE OLIVER & MIKE TER MAAT,LIB,3
51-27,DONALD J TRUMP & JD VANCE,REP,24
51-27,JILL STEIN & RUDOLPH WARE,GRN,0
51-27,KAMALA D HARRIS & TIM WALZ,DEM,275
51-27,WRITE-IN,,1
51-28,CHASE OLIVER & MIKE TER MAAT,LIB,1
51-28,DONALD J TRUMP & JD VANCE,REP,23
51-28,JILL STEIN & RUDOLPH WARE,GRN,4
51-28,KAMALA D HARRIS & TIM WALZ,DEM,337
51-28,WRITE-IN,,0
52-01,CHASE OLIVER & MIKE TER MAAT,LIB,0
52-01,DONALD J TRUMP & JD VANCE,REP,12
52-01,JILL STEIN & RUDOLPH WARE,GRN,6
52-01,KAMALA D HARRIS & TIM WALZ,DEM,297
52-01,WRITE-IN,,1
52-02,CHASE OLIVER & MIKE TER MAAT,LIB,1
52-02,DONALD J TRUMP & JD VANCE,REP,37
52-02,JILL STEIN & RUDOLPH WARE,GRN,4
52-02,KAMALA D HARRIS & TIM WALZ,DEM,418
52-02,WRITE-IN,,0
52-03,CHASE OLIVER & MIKE TER MAAT,LIB,2
52-03,DONALD J TRUMP & JD VANCE,REP,70
52-03,JILL STEIN & RUDOLPH WARE,GRN,1
52-03,KAMALA D HARRIS & TIM WALZ,DEM,266
52-03,WRITE-IN,,0
52-04,CHASE OLIVER & MIKE TER MAAT,LIB,1
52-04,DONALD J TRUMP & JD VANCE,REP,17
52-04,JILL STEIN & RUDOLPH WARE,GRN,1
52-04,KAMALA D HARRIS & TIM WALZ,DEM,256
52-04,WRITE-IN,,2
52-05,CHASE OLIVER & MIKE TER MAAT,LIB,0
52-05,DONALD J TRUMP & JD VANCE,REP,88
52-05,JILL STEIN & RUDOLPH WARE,GRN,7
52-05,KAMALA D HARRIS & TIM WALZ,DEM,445
52-05,WRITE-IN,,3
52-06,CHASE OLIVER & MIKE TER MAAT,LIB,1
52-06,DONALD J TRUMP & JD VANCE,REP,33
52-06,JILL STEIN & RUDOLPH WARE,GRN,5
52-06,KAMALA D HARRIS & TIM WALZ,DEM,385
52-06,WRITE-IN,,2
52-07,CHASE OLIVER & MIKE TER MAAT,LIB,2
52-07,DONALD J TRUMP & JD VANCE,REP,58
52-07,JILL STEIN & RUDOLPH WARE,GRN,5
52-07,KAMALA D HARRIS & TIM WALZ,DEM,398
52-07,WRITE-IN,,0
52-08,CHASE OLIVER & MIKE TER MAAT,LIB,0
52-08,DONALD J TRUMP & JD VANCE,REP,20
52-08,JILL STEIN & RUDOLPH WARE,GRN,3
52-08,KAMALA D HARRIS & TIM WALZ,DEM,342
52-08,WRITE-IN,,0
52-09,CHASE OLIVER & MIKE TER MAAT,LIB,1
52-09,DONALD J TRUMP & JD VANCE,REP,38
52-09,JILL STEIN & RUDOLPH WARE,GRN,8
52-09,KAMALA D HARRIS & TIM WALZ,DEM,459
52-09,WRITE-IN,,1
52-10,CHASE OLIVER & MIKE TER MAAT,LIB,1
52-10,DONALD J TRUMP & JD VANCE,REP,31
52-10,JILL STEIN & RUDOLPH WARE,GRN,7
52-10,KAMALA D HARRIS & TIM WALZ,DEM,365
52-10,WRITE-IN,,1
52-11,CHASE OLIVER & MIKE TER MAAT,LIB,1
52-11,DONALD J TRUMP & JD VANCE,REP,44
52-11,JILL STEIN & RUDOLPH WARE,GRN,11
52-11,KAMALA D HARRIS & TIM WALZ,DEM,470
52-11,WRITE-IN,,3
52-12,CHASE OLIVER & MIKE TER MAAT,LIB,4
52-12,DONALD J TRUMP & JD VANCE,REP,46
52-12,JILL STEIN & RUDOLPH WARE,GRN,7
52-12,KAMALA D HARRIS & TIM WALZ,DEM,529
52-12,WRITE-IN,,2
52-13,CHASE OLIVER & MIKE TER MAAT,LIB,2
52-13,DONALD J TRUMP & JD VANCE,REP,21
52-13,JILL STEIN & RUDOLPH WARE,GRN,5
52-13,KAMALA D HARRIS & TIM WALZ,DEM,479
52-13,WRITE-IN,,4
52-14,CHASE OLIVER & MIKE TER MAAT,LIB,0
52-14,DONALD J TRUMP & JD VANCE,REP,50
52-14,JILL STEIN & RUDOLPH WARE,GRN,2
52-14,KAMALA D HARRIS & TIM WALZ,DEM,412
52-14,WRITE-IN,,2
52-15,CHASE OLIVER & MIKE TER MAAT,LIB,2
52-15,DONALD J TRUMP & JD VANCE,REP,32
52-15,JILL STEIN & RUDOLPH WARE,GRN,5
52-15,KAMALA D HARRIS & TIM WALZ,DEM,442
52-15,WRITE-IN,,2
52-16,CHASE OLIVER & MIKE TER MAAT,LIB,1
52-16,DONALD J TRUMP & JD VANCE,REP,45
52-16,JILL STEIN & RUDOLPH WARE,GRN,6
52-16,KAMALA D HARRIS & TIM WALZ,DEM,509
52-16,WRITE-IN,,1
52-17,CHASE OLIVER & MIKE TER MAAT,LIB,1
52-17,DONALD J TRUMP & JD VANCE,REP,28
52-17,JILL STEIN & RUDOLPH WARE,GRN,5
52-17,KAMALA D HARRIS & TIM WALZ,DEM,477
52-17,WRITE-IN,,1
52-18,CHASE OLIVER & MIKE TER MAAT,LIB,0
52-18,DONALD J TRUMP & JD VANCE,REP,35
52-18,JILL STEIN & RUDOLPH WARE,GRN,6
52-18,KAMALA D HARRIS & TIM WALZ,DEM,428
52-18,WRITE-IN,,0
52-19,CHASE OLIVER & MIKE TER MAAT,LIB,0
52-19,DONALD J TRUMP & JD VANCE,REP,22
52-19,JILL STEIN & RUDOLPH WARE,GRN,7
52-19,KAMALA D HARRIS & TIM WALZ,DEM,431
52-19,WRITE-IN,,2
52-20,CHASE OLIVER & MIKE TER MAAT,LIB,3
52-20,DONALD J TRUMP & JD VANCE,REP,39
52-20,JILL STEIN & RUDOLPH WARE,GRN,4
52-20,KAMALA D HARRIS & TIM WALZ,DEM,382
52-20,WRITE-IN,,3
52-21,CHASE OLIVER & MIKE TER MAAT,LIB,1
52-21,DONALD J TRUMP & JD VANCE,REP,16
52-21,JILL STEIN & RUDOLPH WARE,GRN,4
52-21,KAMALA D HARRIS & TIM WALZ,DEM,356
52-21,WRITE-IN,,1
52-22,CHASE OLIVER & MIKE TER MAAT,LIB,1
52-22,DONALD J TRUMP & JD VANCE,REP,24
52-22,JILL STEIN & RUDOLPH WARE,GRN,3
52-22,KAMALA D HARRIS & TIM WALZ,DEM,406
52-22,WRITE-IN,,0
52-23,CHASE OLIVER & MIKE TER MAAT,LIB,0
52-23,DONALD J TRUMP & JD VANCE,REP,20
52-23,JILL STEIN & RUDOLPH WARE,GRN,1
52-23,KAMALA D HARRIS & TIM WALZ,DEM,404
52-23,WRITE-IN,,1
52-24,CHASE OLIVER & MIKE TER MAAT,LIB,0
52-24,DONALD J TRUMP & JD VANCE,REP,14
52-24,JILL STEIN & RUDOLPH WARE,GRN,2
52-24,KAMALA D HARRIS & TIM WALZ,DEM,436
52-24,WRITE-IN,,1
52-25,CHASE OLIVER & MIKE TER MAAT,LIB,5
52-25,DONALD J TRUMP & JD VANCE,REP,28
52-25,JILL STEIN & RUDOLPH WARE,GRN,2
52-25,KAMALA D HARRIS & TIM WALZ,DEM,523
52-25,WRITE-IN,,1
52-26,CHASE OLIVER & MIKE TER MAAT,LIB,0
52-26,DONALD J TRUMP & JD VANCE,REP,10
52-26,JILL STEIN & RUDOLPH WARE,GRN,3
52-26,KAMALA D HARRIS & TIM WALZ,DEM,487
52-26,WRITE-IN,,2
52-27,CHASE OLIVER & MIKE TER MAAT,LIB,1
52-27,DONALD J TRUMP & JD VANCE,REP,24
52-27,JILL STEIN & RUDOLPH WARE,GRN,2
52-27,KAMALA D HARRIS & TIM WALZ,DEM,508
52-27,WRITE-IN,,1
52-28,CHASE OLIVER & MIKE TER MAAT,LIB,1
52-28,DONALD J TRUMP & JD VANCE,REP,40
52-28,JILL STEIN & RUDOLPH WARE,GRN,2
52-28,KAMALA D HARRIS & TIM WALZ,DEM,251
52-28,WRITE-IN,,0
53-01,CHASE OLIVER & MIKE TER MAAT,LIB,0
53-01,DONALD J TRUMP & JD VANCE,REP,81
53-01,JILL STEIN & RUDOLPH WARE,GRN,3
53-01,KAMALA D HARRIS & TIM WALZ,DEM,362
53-01,WRITE-IN,,1
53-02,CHASE OLIVER & MIKE TER MAAT,LIB,1
53-02,DONALD J TRUMP & JD VANCE,REP,86
53-02,JILL STEIN & RUDOLPH WARE,GRN,1
53-02,KAMALA D HARRIS & TIM WALZ,DEM,324
53-02,WRITE-IN,,0
53-03,CHASE OLIVER & MIKE TER MAAT,LIB,2
53-03,DONALD J TRUMP & JD VANCE,REP,76
53-03,JILL STEIN & RUDOLPH WARE,GRN,3
53-03,KAMALA D HARRIS & TIM WALZ,DEM,318
53-03,WRITE-IN,,0
53-04,CHASE OLIVER & MIKE TER MAAT,LIB,1
53-04,DONALD J TRUMP & JD VANCE,REP,85
53-04,JILL STEIN & RUDOLPH WARE,GRN,4
53-04,KAMALA D HARRIS & TIM WALZ,DEM,313
53-04,WRITE-IN,,2
53-05,CHASE OLIVER & MIKE TER MAAT,LIB,1
53-05,DONALD J TRUMP & JD VANCE,REP,90
53-05,JILL STEIN & RUDOLPH WARE,GRN,6
53-05,KAMALA D HARRIS & TIM WALZ,DEM,385
53-05,WRITE-IN,,1
53-06,CHASE OLIVER & MIKE TER MAAT,LIB,2
53-06,DONALD J TRUMP & JD VANCE,REP,82
53-06,JILL STEIN & RUDOLPH WARE,GRN,3
53-06,KAMALA D HARRIS & TIM WALZ,DEM,230
53-06,WRITE-IN,,1
53-07,CHASE OLIVER & MIKE TER MAAT,LIB,1
53-07,DONALD J TRUMP & JD VANCE,REP,99
53-07,JILL STEIN & RUDOLPH WARE,GRN,2
53-07,KAMALA D HARRIS & TIM WALZ,DEM,324
53-07,WRITE-IN,,0
53-08,CHASE OLIVER & MIKE TER MAAT,LIB,1
53-08,DONALD J TRUMP & JD VANCE,REP,55
53-08,JILL STEIN & RUDOLPH WARE,GRN,3
53-08,KAMALA D HARRIS & TIM WALZ,DEM,210
53-08,WRITE-IN,,0
53-09,CHASE OLIVER & MIKE TER MAAT,LIB,0
53-09,DONALD J TRUMP & JD VANCE,REP,64
53-09,JILL STEIN & RUDOLPH WARE,GRN,6
53-09,KAMALA D HARRIS & TIM WALZ,DEM,212
53-09,WRITE-IN,,1
53-10,CHASE OLIVER & MIKE TER MAAT,LIB,0
53-10,DONALD J TRUMP & JD VANCE,REP,74
53-10,JILL STEIN & RUDOLPH WARE,GRN,3
53-10,KAMALA D HARRIS & TIM WALZ,DEM,175
53-10,WRITE-IN,,0
53-11,CHASE OLIVER & MIKE TER MAAT,LIB,2
53-11,DONALD J TRUMP & JD VANCE,REP,112
53-11,JILL STEIN & RUDOLPH WARE,GRN,8
53-11,KAMALA D HARRIS & TIM WALZ,DEM,244
53-11,WRITE-IN,,0
53-12,CHASE OLIVER & MIKE TER MAAT,LIB,2
53-12,DONALD J TRUMP & JD VANCE,REP,123
53-12,JILL STEIN & RUDOLPH WARE,GRN,15
53-12,KAMALA D HARRIS & TIM WALZ,DEM,305
53-12,WRITE-IN,,1
53-13,CHASE OLIVER & MIKE TER MAAT,LIB,2
53-13,DONALD J TRUMP & JD VANCE,REP,98
53-13,JILL STEIN & RUDOLPH WARE,GRN,4
53-13,KAMALA D HARRIS & TIM WALZ,DEM,280
53-13,WRITE-IN,,4
53-14,CHASE OLIVER & MIKE TER MAAT,LIB,0
53-14,DONALD J TRUMP & JD VANCE,REP,119
53-14,JILL STEIN & RUDOLPH WARE,GRN,12
53-14,KAMALA D HARRIS & TIM WALZ,DEM,226
53-14,WRITE-IN,,0
53-15,CHASE OLIVER & MIKE TER MAAT,LIB,0
53-15,DONALD J TRUMP & JD VANCE,REP,115
53-15,JILL STEIN & RUDOLPH WARE,GRN,4
53-15,KAMALA D HARRIS & TIM WALZ,DEM,277
53-15,WRITE-IN,,3
53-16,CHASE OLIVER & MIKE TER MAAT,LIB,0
53-16,DONALD J TRUMP & JD VANCE,REP,145
53-16,JILL STEIN & RUDOLPH WARE,GRN,9
53-16,KAMALA D HARRIS & TIM WALZ,DEM,202
53-16,WRITE-IN,,0
53-17,CHASE OLIVER & MIKE TER MAAT,LIB,1
53-17,DONALD J TRUMP & JD VANCE,REP,109
53-17,JILL STEIN & RUDOLPH WARE,GRN,12
53-17,KAMALA D HARRIS & TIM WALZ,DEM,245
53-17,WRITE-IN,,0
53-18,CHASE OLIVER & MIKE TER MAAT,LIB,2
53-18,DONALD J TRUMP & JD VANCE,REP,159
53-18,JILL STEIN & RUDOLPH WARE,GRN,7
53-18,KAMALA D HARRIS & TIM WALZ,DEM,232
53-18,WRITE-IN,,1
53-19,CHASE OLIVER & MIKE TER MAAT,LIB,0
53-19,DONALD J TRUMP & JD VANCE,REP,137
53-19,JILL STEIN & RUDOLPH WARE,GRN,4
53-19,KAMALA D HARRIS & TIM WALZ,DEM,271
53-19,WRITE-IN,,0
53-20,CHASE OLIVER & MIKE TER MAAT,LIB,4
53-20,DONALD J TRUMP & JD VANCE,REP,209
53-20,JILL STEIN & RUDOLPH WARE,GRN,5
53-20,KAMALA D HARRIS & TIM WALZ,DEM,288
53-20,WRITE-IN,,1
53-21,CHASE OLIVER & MIKE TER MAAT,LIB,2
53-21,DONALD J TRUMP & JD VANCE,REP,206
53-21,JILL STEIN & RUDOLPH WARE,GRN,9
53-21,KAMALA D HARRIS & TIM WALZ,DEM,285
53-21,WRITE-IN,,1
53-22,CHASE OLIVER & MIKE TER MAAT,LIB,2
53-22,DONALD J TRUMP & JD VANCE,REP,111
53-22,JILL STEIN & RUDOLPH WARE,GRN,10
53-22,KAMALA D HARRIS & TIM WALZ,DEM,258
53-22,WRITE-IN,,1
53-23,CHASE OLIVER & MIKE TER MAAT,LIB,0
53-23,DONALD J TRUMP & JD VANCE,REP,71
53-23,JILL STEIN & RUDOLPH WARE,GRN,2
53-23,KAMALA D HARRIS & TIM WALZ,DEM,215
53-23,WRITE-IN,,1
54-01,CHASE OLIVER & MIKE TER MAAT,LIB,1
54-01,DONALD J TRUMP & JD VANCE,REP,43
54-01,JILL STEIN & RUDOLPH WARE,GRN,6
54-01,KAMALA D HARRIS & TIM WALZ,DEM,254
54-01,WRITE-IN,,0
54-02,CHASE OLIVER & MIKE TER MAAT,LIB,1
54-02,DONALD J TRUMP & JD VANCE,REP,79
54-02,JILL STEIN & RUDOLPH WARE,GRN,3
54-02,KAMALA D HARRIS & TIM WALZ,DEM,298
54-02,WRITE-IN,,0
54-03,CHASE OLIVER & MIKE TER MAAT,LIB,1
54-03,DONALD J TRUMP & JD VANCE,REP,61
54-03,JILL STEIN & RUDOLPH WARE,GRN,3
54-03,KAMALA D HARRIS & TIM WALZ,DEM,216
54-03,WRITE-IN,,0
54-04,CHASE OLIVER & MIKE TER MAAT,LIB,0
54-04,DONALD J TRUMP & JD VANCE,REP,75
54-04,JILL STEIN & RUDOLPH WARE,GRN,3
54-04,KAMALA D HARRIS & TIM WALZ,DEM,249
54-04,WRITE-IN,,0
54-05,CHASE OLIVER & MIKE TER MAAT,LIB,3
54-05,DONALD J TRUMP & JD VANCE,REP,62
54-05,JILL STEIN & RUDOLPH WARE,GRN,4
54-05,KAMALA D HARRIS & TIM WALZ,DEM,225
54-05,WRITE-IN,,0
54-06,CHASE OLIVER & MIKE TER MAAT,LIB,2
54-06,DONALD J TRUMP & JD VANCE,REP,75
54-06,JILL STEIN & RUDOLPH WARE,GRN,3
54-06,KAMALA D HARRIS & TIM WALZ,DEM,217
54-06,WRITE-IN,,0
54-07,CHASE OLIVER & MIKE TER MAAT,LIB,1
54-07,DONALD J TRUMP & JD VANCE,REP,75
54-07,JILL STEIN & RUDOLPH WARE,GRN,1
54-07,KAMALA D HARRIS & TIM WALZ,DEM,181
54-07,WRITE-IN,,2
54-08,CHASE OLIVER & MIKE TER MAAT,LIB,1
54-08,DONALD J TRUMP & JD VANCE,REP,72
54-08,JILL STEIN & RUDOLPH WARE,GRN,7
54-08,KAMALA D HARRIS & TIM WALZ,DEM,160
54-08,WRITE-IN,,1
54-09,CHASE OLIVER & MIKE TER MAAT,LIB,0
54-09,DONALD J TRUMP & JD VANCE,REP,91
54-09,JILL STEIN & RUDOLPH WARE,GRN,1
54-09,KAMALA D HARRIS & TIM WALZ,DEM,239
54-09,WRITE-IN,,0
54-10,CHASE OLIVER & MIKE TER MAAT,LIB,2
54-10,DONALD J TRUMP & JD VANCE,REP,101
54-10,JILL STEIN & RUDOLPH WARE,GRN,4
54-10,KAMALA D HARRIS & TIM WALZ,DEM,155
54-10,WRITE-IN,,0
54-11,CHASE OLIVER & MIKE TER MAAT,LIB,1
54-11,DONALD J TRUMP & JD VANCE,REP,53
54-11,JILL STEIN & RUDOLPH WARE,GRN,4
54-11,KAMALA D HARRIS & TIM WALZ,DEM,161
54-11,WRITE-IN,,1
54-12,CHASE OLIVER & MIKE TER MAAT,LIB,0
54-12,DONALD J TRUMP & JD VANCE,REP,67
54-12,JILL STEIN & RUDOLPH WARE,GRN,9
54-12,KAMALA D HARRIS & TIM WALZ,DEM,226
54-12,WRITE-IN,,1
54-13,CHASE OLIVER & MIKE TER MAAT,LIB,0
54-13,DONALD J TRUMP & JD VANCE,REP,89
54-13,JILL STEIN & RUDOLPH WARE,GRN,4
54-13,KAMALA D HARRIS & TIM WALZ,DEM,189
54-13,WRITE-IN,,1
54-14,CHASE OLIVER & MIKE TER MAAT,LIB,1
54-14,DONALD J TRUMP & JD VANCE,REP,54
54-14,JILL STEIN & RUDOLPH WARE,GRN,0
54-14,KAMALA D HARRIS & TIM WALZ,DEM,116
54-14,WRITE-IN,,0
54-15,CHASE OLIVER & MIKE TER MAAT,LIB,1
54-15,DONALD J TRUMP & JD VANCE,REP,70
54-15,JILL STEIN & RUDOLPH WARE,GRN,8
54-15,KAMALA D HARRIS & TIM WALZ,DEM,120
54-15,WRITE-IN,,1
54-16,CHASE OLIVER & MIKE TER MAAT,LIB,0
54-16,DONALD J TRUMP & JD VANCE,REP,70
54-16,JILL STEIN & RUDOLPH WARE,GRN,7
54-16,KAMALA D HARRIS & TIM WALZ,DEM,108
54-16,WRITE-IN,,0
54-17,CHASE OLIVER & MIKE TER MAAT,LIB,1
54-17,DONALD J TRUMP & JD VANCE,REP,48
54-17,JILL STEIN & RUDOLPH WARE,GRN,7
54-17,KAMALA D HARRIS & TIM WALZ,DEM,162
54-17,WRITE-IN,,0
54-18,CHASE OLIVER & MIKE TER MAAT,LIB,1
54-18,DONALD J TRUMP & JD VANCE,REP,74
54-18,JILL STEIN & RUDOLPH WARE,GRN,2
54-18,KAMALA D HARRIS & TIM WALZ,DEM,191
54-18,WRITE-IN,,0
54-19,CHASE OLIVER & MIKE TER MAAT,LIB,0
54-19,DONALD J TRUMP & JD VANCE,REP,66
54-19,JILL STEIN & RUDOLPH WARE,GRN,2
54-19,KAMALA D HARRIS & TIM WALZ,DEM,127
54-19,WRITE-IN,,0
54-20,CHASE OLIVER & MIKE TER MAAT,LIB,3
54-20,DONALD J TRUMP & JD VANCE,REP,83
54-20,JILL STEIN & RUDOLPH WARE,GRN,6
54-20,KAMALA D HARRIS & TIM WALZ,DEM,139
54-20,WRITE-IN,,2
54-21,CHASE OLIVER & MIKE TER MAAT,LIB,0
54-21,DONALD J TRUMP & JD VANCE,REP,100
54-21,JILL STEIN & RUDOLPH WARE,GRN,4
54-21,KAMALA D HARRIS & TIM WALZ,DEM,134
54-21,WRITE-IN,,1
54-22,CHASE OLIVER & MIKE TER MAAT,LIB,0
54-22,DONALD J TRUMP & JD VANCE,REP,55
54-22,JILL STEIN & RUDOLPH WARE,GRN,5
54-22,KAMALA D HARRIS & TIM WALZ,DEM,127
54-22,WRITE-IN,,3
55-01,CHASE OLIVER & MIKE TER MAAT,LIB,3
55-01,DONALD J TRUMP & JD VANCE,REP,103
55-01,JILL STEIN & RUDOLPH WARE,GRN,2
55-01,KAMALA D HARRIS & TIM WALZ,DEM,223
55-01,WRITE-IN,,0
55-02,CHASE OLIVER & MIKE TER MAAT,LIB,6
55-02,DONALD J TRUMP & JD VANCE,REP,164
55-02,JILL STEIN & RUDOLPH WARE,GRN,4
55-02,KAMALA D HARRIS & TIM WALZ,DEM,272
55-02,WRITE-IN,,1
55-03,CHASE OLIVER & MIKE TER MAAT,LIB,0
55-03,DONALD J TRUMP & JD VANCE,REP,118
55-03,JILL STEIN & RUDOLPH WARE,GRN,4
55-03,KAMALA D HARRIS & TIM WALZ,DEM,220
55-03,WRITE-IN,,1
55-04,CHASE OLIVER & MIKE TER MAAT,LIB,2
55-04,DONALD J TRUMP & JD VANCE,REP,170
55-04,JILL STEIN & RUDOLPH WARE,GRN,3
55-04,KAMALA D HARRIS & TIM WALZ,DEM,212
55-04,WRITE-IN,,2
55-05,CHASE OLIVER & MIKE TER MAAT,LIB,2
55-05,DONALD J TRUMP & JD VANCE,REP,128
55-05,JILL STEIN & RUDOLPH WARE,GRN,1
55-05,KAMALA D HARRIS & TIM WALZ,DEM,267
55-05,WRITE-IN,,0
55-06,CHASE OLIVER & MIKE TER MAAT,LIB,3
55-06,DONALD J TRUMP & JD VANCE,REP,111
55-06,JILL STEIN & RUDOLPH WARE,GRN,3
55-06,KAMALA D HARRIS & TIM WALZ,DEM,194
55-06,WRITE-IN,,0
55-07,CHASE OLIVER & MIKE TER MAAT,LIB,4
55-07,DONALD J TRUMP & JD VANCE,REP,152
55-07,JILL STEIN & RUDOLPH WARE,GRN,4
55-07,KAMALA D HARRIS & TIM WALZ,DEM,283
55-07,WRITE-IN,,1
55-08,CHASE OLIVER & MIKE TER MAAT,LIB,0
55-08,DONALD J TRUMP & JD VANCE,REP,100
55-08,JILL STEIN & RUDOLPH WARE,GRN,4
55-08,KAMALA D HARRIS & TIM WALZ,DEM,128
55-08,WRITE-IN,,0
55-09,CHASE OLIVER & MIKE TER MAAT,LIB,0
55-09,DONALD J TRUMP & JD VANCE,REP,86
55-09,JILL STEIN & RUDOLPH WARE,GRN,2
55-09,KAMALA D HARRIS & TIM WALZ,DEM,136
55-09,WRITE-IN,,0
55-10,CHASE OLIVER & MIKE TER MAAT,LIB,2
55-10,DONALD J TRUMP & JD VANCE,REP,82
55-10,JILL STEIN & RUDOLPH WARE,GRN,3
55-10,KAMALA D HARRIS & TIM WALZ,DEM,173
55-10,WRITE-IN,,0
55-11,CHASE OLIVER & MIKE TER MAAT,LIB,1
55-11,DONALD J TRUMP & JD VANCE,REP,109
55-11,JILL STEIN & RUDOLPH WARE,GRN,3
55-11,KAMALA D HARRIS & TIM WALZ,DEM,118
55-11,WRITE-IN,,0
55-12,CHASE OLIVER & MIKE TER MAAT,LIB,0
55-12,DONALD J TRUMP & JD VANCE,REP,117
55-12,JILL STEIN & RUDOLPH WARE,GRN,5
55-12,KAMALA D HARRIS & TIM WALZ,DEM,132
55-12,WRITE-IN,,1
55-13,CHASE OLIVER & MIKE TER MAAT,LIB,1
55-13,DONALD J TRUMP & JD VANCE,REP,106
55-13,JILL STEIN & RUDOLPH WARE,GRN,2
55-13,KAMALA D HARRIS & TIM WALZ,DEM,122
55-13,WRITE-IN,,1
55-14,CHASE OLIVER & MIKE TER MAAT,LIB,0
55-14,DONALD J TRUMP & JD VANCE,REP,132
55-14,JILL STEIN & RUDOLPH WARE,GRN,1
55-14,KAMALA D HARRIS & TIM WALZ,DEM,148
55-14,WRITE-IN,,0
55-15,CHASE OLIVER & MIKE TER MAAT,LIB,1
55-15,DONALD J TRUMP & JD VANCE,REP,109
55-15,JILL STEIN & RUDOLPH WARE,GRN,0
55-15,KAMALA D HARRIS & TIM WALZ,DEM,114
55-15,WRITE-IN,,2
55-16,CHASE OLIVER & MIKE TER MAAT,LIB,2
55-16,DONALD J TRUMP & JD VANCE,REP,107
55-16,JILL STEIN & RUDOLPH WARE,GRN,4
55-16,KAMALA D HARRIS & TIM WALZ,DEM,134
55-16,WRITE-IN,,0
55-17,CHASE OLIVER & MIKE TER MAAT,LIB,0
55-17,DONALD J TRUMP & JD VANCE,REP,122
55-17,JILL STEIN & RUDOLPH WARE,GRN,1
55-17,KAMALA D HARRIS & TIM WALZ,DEM,133
55-17,WRITE-IN,,1
55-18,CHASE OLIVER & MIKE TER MAAT,LIB,0
55-18,DONALD J TRUMP & JD VANCE,REP,119
55-18,JILL STEIN & RUDOLPH WARE,GRN,1
55-18,KAMALA D HARRIS & TIM WALZ,DEM,106
55-18,WRITE-IN,,1
55-19,CHASE OLIVER & MIKE TER MAAT,LIB,1
55-19,DONALD J TRUMP & JD VANCE,REP,117
55-19,JILL STEIN & RUDOLPH WARE,GRN,1
55-19,KAMALA D HARRIS & TIM WALZ,DEM,79
55-19,WRITE-IN,,0
55-20,CHASE OLIVER & MIKE TER MAAT,LIB,0
55-20,DONALD J TRUMP & JD VANCE,REP,72
55-20,JILL STEIN & RUDOLPH WARE,GRN,4
55-20,KAMALA D HARRIS & TIM WALZ,DEM,84
55-20,WRITE-IN,,0
55-21,CHASE OLIVER & MIKE TER MAAT,LIB,0
55-21,DONALD J TRUMP & JD VANCE,REP,98
55-21,JILL STEIN & RUDOLPH WARE,GRN,1
55-21,KAMALA D HARRIS & TIM WALZ,DEM,120
55-21,WRITE-IN,,0
55-22,CHASE OLIVER & MIKE TER MAAT,LIB,1
55-22,DONALD J TRUMP & JD VANCE,REP,72
55-22,JILL STEIN & RUDOLPH WARE,GRN,0
55-22,KAMALA D HARRIS & TIM WALZ,DEM,118
55-22,WRITE-IN,,0
55-23,CHASE OLIVER & MIKE TER MAAT,LIB,0
55-23,DONALD J TRUMP & JD VANCE,REP,87
55-23,JILL STEIN & RUDOLPH WARE,GRN,0
55-23,KAMALA D HARRIS & TIM WALZ,DEM,114
55-23,WRITE-IN,,0
55-24,CHASE OLIVER & MIKE TER MAAT,LIB,2
55-24,DONALD J TRUMP & JD VANCE,REP,133
55-24,JILL STEIN & RUDOLPH WARE,GRN,2
55-24,KAMALA D HARRIS & TIM WALZ,DEM,130
55-24,WRITE-IN,,3
55-25,CHASE OLIVER & MIKE TER MAAT,LIB,1
55-25,DONALD J TRUMP & JD VANCE,REP,129
55-25,JILL STEIN & RUDOLPH WARE,GRN,1
55-25,KAMALA D HARRIS & TIM WALZ,DEM,198
55-25,WRITE-IN,,1
55-26,CHASE OLIVER & MIKE TER MAAT,LIB,1
55-26,DONALD J TRUMP & JD VANCE,REP,132
55-26,JILL STEIN & RUDOLPH WARE,GRN,2
55-26,KAMALA D HARRIS & TIM WALZ,DEM,237
55-26,WRITE-IN,,0
55-27,CHASE OLIVER & MIKE TER MAAT,LIB,0
55-27,DONALD J TRUMP & JD VANCE,REP,121
55-27,JILL STEIN & RUDOLPH WARE,GRN,2
55-27,KAMALA D HARRIS & TIM WALZ,DEM,182
55-27,WRITE-IN,,1
55-28,CHASE OLIVER & MIKE TER MAAT,LIB,1
55-28,DONALD J TRUMP & JD VANCE,REP,157
55-28,JILL STEIN & RUDOLPH WARE,GRN,4
55-28,KAMALA D HARRIS & TIM WALZ,DEM,174
55-28,WRITE-IN,,1
55-29,CHASE OLIVER & MIKE TER MAAT,LIB,2
55-29,DONALD J TRUMP & JD VANCE,REP,152
55-29,JILL STEIN & RUDOLPH WARE,GRN,5
55-29,KAMALA D HARRIS & TIM WALZ,DEM,228
55-29,WRITE-IN,,0
56-01,CHASE OLIVER & MIKE TER MAAT,LIB,2
56-01,DONALD J TRUMP & JD VANCE,REP,159
56-01,JILL STEIN & RUDOLPH WARE,GRN,6
56-01,KAMALA D HARRIS & TIM WALZ,DEM,262
56-01,WRITE-IN,,2
56-02,CHASE OLIVER & MIKE TER MAAT,LIB,1
56-02,DONALD J TRUMP & JD VANCE,REP,128
56-02,JILL STEIN & RUDOLPH WARE,GRN,5
56-02,KAMALA D HARRIS & TIM WALZ,DEM,174
56-02,WRITE-IN,,0
56-03,CHASE OLIVER & MIKE TER MAAT,LIB,0
56-03,DONALD J TRUMP & JD VANCE,REP,103
56-03,JILL STEIN & RUDOLPH WARE,GRN,9
56-03,KAMALA D HARRIS & TIM WALZ,DEM,176
56-03,WRITE-IN,,0
56-04,CHASE OLIVER & MIKE TER MAAT,LIB,2
56-04,DONALD J TRUMP & JD VANCE,REP,142
56-04,JILL STEIN & RUDOLPH WARE,GRN,6
56-04,KAMALA D HARRIS & TIM WALZ,DEM,176
56-04,WRITE-IN,,1
56-05,CHASE OLIVER & MIKE TER MAAT,LIB,0
56-05,DONALD J TRUMP & JD VANCE,REP,184
56-05,JILL STEIN & RUDOLPH WARE,GRN,8
56-05,KAMALA D HARRIS & TIM WALZ,DEM,183
56-05,WRITE-IN,,0
56-06,CHASE OLIVER & MIKE TER MAAT,LIB,0
56-06,DONALD J TRUMP & JD VANCE,REP,201
56-06,JILL STEIN & RUDOLPH WARE,GRN,5
56-06,KAMALA D HARRIS & TIM WALZ,DEM,312
56-06,WRITE-IN,,2
56-07,CHASE OLIVER & MIKE TER MAAT,LIB,0
56-07,DONALD J TRUMP & JD VANCE,REP,195
56-07,JILL STEIN & RUDOLPH WARE,GRN,5
56-07,KAMALA D HARRIS & TIM WALZ,DEM,270
56-07,WRITE-IN,,2
56-08,CHASE OLIVER & MIKE TER MAAT,LIB,3
56-08,DONALD J TRUMP & JD VANCE,REP,280
56-08,JILL STEIN & RUDOLPH WARE,GRN,4
56-08,KAMALA D HARRIS & TIM WALZ,DEM,286
56-08,WRITE-IN,,1
56-09,CHASE OLIVER & MIKE TER MAAT,LIB,4
56-09,DONALD J TRUMP & JD VANCE,REP,159
56-09,JILL STEIN & RUDOLPH WARE,GRN,8
56-09,KAMALA D HARRIS & TIM WALZ,DEM,218
56-09,WRITE-IN,,1
56-10,CHASE OLIVER & MIKE TER MAAT,LIB,2
56-10,DONALD J TRUMP & JD VANCE,REP,156
56-10,JILL STEIN & RUDOLPH WARE,GRN,6
56-10,KAMALA D HARRIS & TIM WALZ,DEM,174
56-10,WRITE-IN,,1
56-11,CHASE OLIVER & MIKE TER MAAT,LIB,4
56-11,DONALD J TRUMP & JD VANCE,REP,147
56-11,JILL STEIN & RUDOLPH WARE,GRN,0
56-11,KAMALA D HARRIS & TIM WALZ,DEM,127
56-11,WRITE-IN,,0
56-12,CHASE OLIVER & MIKE TER MAAT,LIB,1
56-12,DONALD J TRUMP & JD VANCE,REP,153
56-12,JILL STEIN & RUDOLPH WARE,GRN,5
56-12,KAMALA D HARRIS & TIM WALZ,DEM,177
56-12,WRITE-IN,,1
56-13,CHASE OLIVER & MIKE TER MAAT,LIB,1
56-13,DONALD J TRUMP & JD VANCE,REP,124
56-13,JILL STEIN & RUDOLPH WARE,GRN,8
56-13,KAMALA D HARRIS & TIM WALZ,DEM,215
56-13,WRITE-IN,,0
56-14,CHASE OLIVER & MIKE TER MAAT,LIB,0
56-14,DONALD J TRUMP & JD VANCE,REP,113
56-14,JILL STEIN & RUDOLPH WARE,GRN,2
56-14,KAMALA D HARRIS & TIM WALZ,DEM,138
56-14,WRITE-IN,,1
56-15,CHASE OLIVER & MIKE TER MAAT,LIB,1
56-15,DONALD J TRUMP & JD VANCE,REP,143
56-15,JILL STEIN & RUDOLPH WARE,GRN,20
56-15,KAMALA D HARRIS & TIM WALZ,DEM,121
56-15,WRITE-IN,,1
56-16,CHASE OLIVER & MIKE TER MAAT,LIB,1
56-16,DONALD J TRUMP & JD VANCE,REP,137
56-16,JILL STEIN & RUDOLPH WARE,GRN,8
56-16,KAMALA D HARRIS & TIM WALZ,DEM,154
56-16,WRITE-IN,,0
56-17,CHASE OLIVER & MIKE TER MAAT,LIB,0
56-17,DONALD J TRUMP & JD VANCE,REP,146
56-17,JILL STEIN & RUDOLPH WARE,GRN,5
56-17,KAMALA D HARRIS & TIM WALZ,DEM,157
56-17,WRITE-IN,,2
56-18,CHASE OLIVER & MIKE TER MAAT,LIB,2
56-18,DONALD J TRUMP & JD VANCE,REP,138
56-18,JILL STEIN & RUDOLPH WARE,GRN,4
56-18,KAMALA D HARRIS & TIM WALZ,DEM,155
56-18,WRITE-IN,,1
56-19,CHASE OLIVER & MIKE TER MAAT,LIB,4
56-19,DONALD J TRUMP & JD VANCE,REP,368
56-19,JILL STEIN & RUDOLPH WARE,GRN,6
56-19,KAMALA D HARRIS & TIM WALZ,DEM,289
56-19,WRITE-IN,,2
56-20,CHASE OLIVER & MIKE TER MAAT,LIB,2
56-20,DONALD J TRUMP & JD VANCE,REP,120
56-20,JILL STEIN & RUDOLPH WARE,GRN,2
56-20,KAMALA D HARRIS & TIM WALZ,DEM,125
56-20,WRITE-IN,,0
56-21,CHASE OLIVER & MIKE TER MAAT,LIB,3
56-21,DONALD J TRUMP & JD VANCE,REP,138
56-21,JILL STEIN & RUDOLPH WARE,GRN,5
56-21,KAMALA D HARRIS & TIM WALZ,DEM,151
56-21,WRITE-IN,,2
56-22,CHASE OLIVER & MIKE TER MAAT,LIB,0
56-22,DONALD J TRUMP & JD VANCE,REP,147
56-22,JILL STEIN & RUDOLPH WARE,GRN,2
56-22,KAMALA D HARRIS & TIM WALZ,DEM,126
56-22,WRITE-IN,,0
56-23,CHASE OLIVER & MIKE TER MAAT,LIB,1
56-23,DONALD J TRUMP & JD VANCE,REP,191
56-23,JILL STEIN & RUDOLPH WARE,GRN,8
56-23,KAMALA D HARRIS & TIM WALZ,DEM,184
56-23,WRITE-IN,,1
56-24,CHASE OLIVER & MIKE TER MAAT,LIB,1
56-24,DONALD J TRUMP & JD VANCE,REP,157
56-24,JILL STEIN & RUDOLPH WARE,GRN,0
56-24,KAMALA D HARRIS & TIM WALZ,DEM,166
56-24,WRITE-IN,,0
56-25,CHASE OLIVER & MIKE TER MAAT,LIB,0
56-25,DONALD J TRUMP & JD VANCE,REP,157
56-25,JILL STEIN & RUDOLPH WARE,GRN,11
56-25,KAMALA D HARRIS & TIM WALZ,DEM,244
56-25,WRITE-IN,,1
56-26,CHASE OLIVER & MIKE TER MAAT,LIB,0
56-26,DONALD J TRUMP & JD VANCE,REP,205
56-26,JILL STEIN & RUDOLPH WARE,GRN,4
56-26,KAMALA D HARRIS & TIM WALZ,DEM,193
56-26,WRITE-IN,,1
56-27,CHASE OLIVER & MIKE TER MAAT,LIB,1
56-27,DONALD J TRUMP & JD VANCE,REP,135
56-27,JILL STEIN & RUDOLPH WARE,GRN,2
56-27,KAMALA D HARRIS & TIM WALZ,DEM,154
56-27,WRITE-IN,,0
56-28,CHASE OLIVER & MIKE TER MAAT,LIB,1
56-28,DONALD J TRUMP & JD VANCE,REP,146
56-28,JILL STEIN & RUDOLPH WARE,GRN,6
56-28,KAMALA D HARRIS & TIM WALZ,DEM,189
56-28,WRITE-IN,,1
56-29,CHASE OLIVER & MIKE TER MAAT,LIB,1
56-29,DONALD J TRUMP & JD VANCE,REP,149
56-29,JILL STEIN & RUDOLPH WARE,GRN,6
56-29,KAMALA D HARRIS & TIM WALZ,DEM,197
56-29,WRITE-IN,,1
56-30,CHASE OLIVER & MIKE TER MAAT,LIB,5
56-30,DONALD J TRUMP & JD VANCE,REP,342
56-30,JILL STEIN & RUDOLPH WARE,GRN,9
56-30,KAMALA D HARRIS & TIM WALZ,DEM,297
56-30,WRITE-IN,,3
56-31,CHASE OLIVER & MIKE TER MAAT,LIB,2
56-31,DONALD J TRUMP & JD VANCE,REP,228
56-31,JILL STEIN & RUDOLPH WARE,GRN,8
56-31,KAMALA D HARRIS & TIM WALZ,DEM,215
56-31,WRITE-IN,,0
56-32,CHASE OLIVER & MIKE TER MAAT,LIB,2
56-32,DONALD J TRUMP & JD VANCE,REP,122
56-32,JILL STEIN & RUDOLPH WARE,GRN,5
56-32,KAMALA D HARRIS & TIM WALZ,DEM,132
56-32,WRITE-IN,,0
56-33,CHASE OLIVER & MIKE TER MAAT,LIB,0
56-33,DONALD J TRUMP & JD VANCE,REP,118
56-33,JILL STEIN & RUDOLPH WARE,GRN,2
56-33,KAMALA D HARRIS & TIM WALZ,DEM,185
56-33,WRITE-IN,,0
56-34,CHASE OLIVER & MIKE TER MAAT,LIB,0
56-34,DONALD J TRUMP & JD VANCE,REP,45
56-34,JILL STEIN & RUDOLPH WARE,GRN,1
56-34,KAMALA D HARRIS & TIM WALZ,DEM,115
56-34,WRITE-IN,,0
56-35,CHASE OLIVER & MIKE TER MAAT,LIB,0
56-35,DONALD J TRUMP & JD VANCE,REP,116
56-35,JILL STEIN & RUDOLPH WARE,GRN,0
56-35,KAMALA D HARRIS & TIM WALZ,DEM,155
56-35,WRITE-IN,,0
56-36,CHASE OLIVER & MIKE TER MAAT,LIB,0
56-36,DONALD J TRUMP & JD VANCE,REP,84
56-36,JILL STEIN & RUDOLPH WARE,GRN,6
56-36,KAMALA D HARRIS & TIM WALZ,DEM,142
56-36,WRITE-IN,,1
56-37,CHASE OLIVER & MIKE TER MAAT,LIB,1
56-37,DONALD J TRUMP & JD VANCE,REP,133
56-37,JILL STEIN & RUDOLPH WARE,GRN,9
56-37,KAMALA D HARRIS & TIM WALZ,DEM,153
56-37,WRITE-IN,,0
56-38,CHASE OLIVER & MIKE TER MAAT,LIB,0
56-38,DONALD J TRUMP & JD VANCE,REP,140
56-38,JILL STEIN & RUDOLPH WARE,GRN,7
56-38,KAMALA D HARRIS & TIM WALZ,DEM,261
56-38,WRITE-IN,,2
56-39,CHASE OLIVER & MIKE TER MAAT,LIB,2
56-39,DONALD J TRUMP & JD VANCE,REP,216
56-39,JILL STEIN & RUDOLPH WARE,GRN,7
56-39,KAMALA D HARRIS & TIM WALZ,DEM,270
56-39,WRITE-IN,,1
56-40,CHASE OLIVER & MIKE TER MAAT,LIB,0
56-40,DONALD J TRUMP & JD VANCE,REP,100
56-40,JILL STEIN & RUDOLPH WARE,GRN,12
56-40,KAMALA D HARRIS & TIM WALZ,DEM,138
56-40,WRITE-IN,,1
56-41,CHASE OLIVER & MIKE TER MAAT,LIB,1
56-41,DONALD J TRUMP & JD VANCE,REP,198
56-41,JILL STEIN & RUDOLPH WARE,GRN,10
56-41,KAMALA D HARRIS & TIM WALZ,DEM,404
56-41,WRITE-IN,,1
57-01,CHASE OLIVER & MIKE TER MAAT,LIB,2
57-01,DONALD J TRUMP & JD VANCE,REP,272
57-01,JILL STEIN & RUDOLPH WARE,GRN,2
57-01,KAMALA D HARRIS & TIM WALZ,DEM,183
57-01,WRITE-IN,,1
57-02,CHASE OLIVER & MIKE TER MAAT,LIB,3
57-02,DONALD J TRUMP & JD VANCE,REP,281
57-02,JILL STEIN & RUDOLPH WARE,GRN,5
57-02,KAMALA D HARRIS & TIM WALZ,DEM,324
57-02,WRITE-IN,,0
57-03,CHASE OLIVER & MIKE TER MAAT,LIB,0
57-03,DONALD J TRUMP & JD VANCE,REP,218
57-03,JILL STEIN & RUDOLPH WARE,GRN,2
57-03,KAMALA D HARRIS & TIM WALZ,DEM,234
57-03,WRITE-IN,,0
57-04,CHASE OLIVER & MIKE TER MAAT,LIB,0
57-04,DONALD J TRUMP & JD VANCE,REP,167
57-04,JILL STEIN & RUDOLPH WARE,GRN,4
57-04,KAMALA D HARRIS & TIM WALZ,DEM,205
57-04,WRITE-IN,,1
57-05,CHASE OLIVER & MIKE TER MAAT,LIB,1
57-05,DONALD J TRUMP & JD VANCE,REP,166
57-05,JILL STEIN & RUDOLPH WARE,GRN,9
57-05,KAMALA D HARRIS & TIM WALZ,DEM,171
57-05,WRITE-IN,,1
57-06,CHASE OLIVER & MIKE TER MAAT,LIB,1
57-06,DONALD J TRUMP & JD VANCE,REP,209
57-06,JILL STEIN & RUDOLPH WARE,GRN,5
57-06,KAMALA D HARRIS & TIM WALZ,DEM,399
57-06,WRITE-IN,,2
57-07,CHASE OLIVER & MIKE TER MAAT,LIB,2
57-07,DONALD J TRUMP & JD VANCE,REP,85
57-07,JILL STEIN & RUDOLPH WARE,GRN,3
57-07,KAMALA D HARRIS & TIM WALZ,DEM,283
57-07,WRITE-IN,,1
57-08,CHASE OLIVER & MIKE TER MAAT,LIB,2
57-08,DONALD J TRUMP & JD VANCE,REP,245
57-08,JILL STEIN & RUDOLPH WARE,GRN,5
57-08,KAMALA D HARRIS & TIM WALZ,DEM,288
57-08,WRITE-IN,,2
57-09,CHASE OLIVER & MIKE TER MAAT,LIB,2
57-09,DONALD J TRUMP & JD VANCE,REP,127
57-09,JILL STEIN & RUDOLPH WARE,GRN,2
57-09,KAMALA D HARRIS & TIM WALZ,DEM,164
57-09,WRITE-IN,,0
57-10,CHASE OLIVER & MIKE TER MAAT,LIB,3
57-10,DONALD J TRUMP & JD VANCE,REP,263
57-10,JILL STEIN & RUDOLPH WARE,GRN,6
57-10,KAMALA D HARRIS & TIM WALZ,DEM,324
57-10,WRITE-IN,,1
57-11,CHASE OLIVER & MIKE TER MAAT,LIB,3
57-11,DONALD J TRUMP & JD VANCE,REP,242
57-11,JILL STEIN & RUDOLPH WARE,GRN,2
57-11,KAMALA D HARRIS & TIM WALZ,DEM,245
57-11,WRITE-IN,,4
57-12,CHASE OLIVER & MIKE TER MAAT,LIB,4
57-12,DONALD J TRUMP & JD VANCE,REP,254
57-12,JILL STEIN & RUDOLPH WARE,GRN,6
57-12,KAMALA D HARRIS & TIM WALZ,DEM,241
57-12,WRITE-IN,,0
57-13,CHASE OLIVER & MIKE TER MAAT,LIB,5
57-13,DONALD J TRUMP & JD VANCE,REP,444
57-13,JILL STEIN & RUDOLPH WARE,GRN,3
57-13,KAMALA D HARRIS & TIM WALZ,DEM,195
57-13,WRITE-IN,,0
57-14,CHASE OLIVER & MIKE TER MAAT,LIB,0
57-14,DONALD J TRUMP & JD VANCE,REP,310
57-14,JILL STEIN & RUDOLPH WARE,GRN,6
57-14,KAMALA D HARRIS & TIM WALZ,DEM,178
57-14,WRITE-IN,,2
57-15,CHASE OLIVER & MIKE TER MAAT,LIB,3
57-15,DONALD J TRUMP & JD VANCE,REP,206
57-15,JILL STEIN & RUDOLPH WARE,GRN,3
57-15,KAMALA D HARRIS & TIM WALZ,DEM,252
57-15,WRITE-IN,,1
57-16,CHASE OLIVER & MIKE TER MAAT,LIB,1
57-16,DONALD J TRUMP & JD VANCE,REP,223
57-16,JILL STEIN & RUDOLPH WARE,GRN,3
57-16,KAMALA D HARRIS & TIM WALZ,DEM,158
57-16,WRITE-IN,,1
57-17,CHASE OLIVER & MIKE TER MAAT,LIB,1
57-17,DONALD J TRUMP & JD VANCE,REP,288
57-17,JILL STEIN & RUDOLPH WARE,GRN,1
57-17,KAMALA D HARRIS & TIM WALZ,DEM,182
57-17,WRITE-IN,,1
57-18,CHASE OLIVER & MIKE TER MAAT,LIB,1
57-18,DONALD J TRUMP & JD VANCE,REP,299
57-18,JILL STEIN & RUDOLPH WARE,GRN,5
57-18,KAMALA D HARRIS & TIM WALZ,DEM,231
57-18,WRITE-IN,,0
57-19,CHASE OLIVER & MIKE TER MAAT,LIB,1
57-19,DONALD J TRUMP & JD VANCE,REP,206
57-19,JILL STEIN & RUDOLPH WARE,GRN,1
57-19,KAMALA D HARRIS & TIM WALZ,DEM,174
57-19,WRITE-IN,,1
57-20,CHASE OLIVER & MIKE TER MAAT,LIB,2
57-20,DONALD J TRUMP & JD VANCE,REP,145
57-20,JILL STEIN & RUDOLPH WARE,GRN,2
57-20,KAMALA D HARRIS & TIM WALZ,DEM,214
57-20,WRITE-IN,,2
57-21,CHASE OLIVER & MIKE TER MAAT,LIB,0
57-21,DONALD J TRUMP & JD VANCE,REP,165
57-21,JILL STEIN & RUDOLPH WARE,GRN,2
57-21,KAMALA D HARRIS & TIM WALZ,DEM,192
57-21,WRITE-IN,,0
57-22,CHASE OLIVER & MIKE TER MAAT,LIB,2
57-22,DONALD J TRUMP & JD VANCE,REP,243
57-22,JILL STEIN & RUDOLPH WARE,GRN,1
57-22,KAMALA D HARRIS & TIM WALZ,DEM,161
57-22,WRITE-IN,,1
57-23,CHASE OLIVER & MIKE TER MAAT,LIB,2
57-23,DONALD J TRUMP & JD VANCE,REP,203
57-23,JILL STEIN & RUDOLPH WARE,GRN,2
57-23,KAMALA D HARRIS & TIM WALZ,DEM,242
57-23,WRITE-IN,,1
57-24,CHASE OLIVER & MIKE TER MAAT,LIB,2
57-24,DONALD J TRUMP & JD VANCE,REP,172
57-24,JILL STEIN & RUDOLPH WARE,GRN,2
57-24,KAMALA D HARRIS & TIM WALZ,DEM,167
57-24,WRITE-IN,,1
57-25,CHASE OLIVER & MIKE TER MAAT,LIB,2
57-25,DONALD J TRUMP & JD VANCE,REP,186
57-25,JILL STEIN & RUDOLPH WARE,GRN,2
57-25,KAMALA D HARRIS & TIM WALZ,DEM,224
57-25,WRITE-IN,,1
57-26,CHASE OLIVER & MIKE TER MAAT,LIB,3
57-26,DONALD J TRUMP & JD VANCE,REP,158
57-26,JILL STEIN & RUDOLPH WARE,GRN,7
57-26,KAMALA D HARRIS & TIM WALZ,DEM,233
57-26,WRITE-IN,,0
57-27,CHASE OLIVER & MIKE TER MAAT,LIB,2
57-27,DONALD J TRUMP & JD VANCE,REP,152
57-27,JILL STEIN & RUDOLPH WARE,GRN,3
57-27,KAMALA D HARRIS & TIM WALZ,DEM,415
57-27,WRITE-IN,,0
57-28,CHASE OLIVER & MIKE TER MAAT,LIB,1
57-28,DONALD J TRUMP & JD VANCE,REP,246
57-28,JILL STEIN & RUDOLPH WARE,GRN,1
57-28,KAMALA D HARRIS & TIM WALZ,DEM,159
57-28,WRITE-IN,,0
58-01,CHASE OLIVER & MIKE TER MAAT,LIB,0
58-01,DONALD J TRUMP & JD VANCE,REP,167
58-01,JILL STEIN & RUDOLPH WARE,GRN,6
58-01,KAMALA D HARRIS & TIM WALZ,DEM,145
58-01,WRITE-IN,,1
58-02,CHASE OLIVER & MIKE TER MAAT,LIB,0
58-02,DONALD J TRUMP & JD VANCE,REP,123
58-02,JILL STEIN & RUDOLPH WARE,GRN,0
58-02,KAMALA D HARRIS & TIM WALZ,DEM,88
58-02,WRITE-IN,,0
58-03,CHASE OLIVER & MIKE TER MAAT,LIB,2
58-03,DONALD J TRUMP & JD VANCE,REP,354
58-03,JILL STEIN & RUDOLPH WARE,GRN,14
58-03,KAMALA D HARRIS & TIM WALZ,DEM,335
58-03,WRITE-IN,,2
58-04,CHASE OLIVER & MIKE TER MAAT,LIB,3
58-04,DONALD J TRUMP & JD VANCE,REP,427
58-04,JILL STEIN & RUDOLPH WARE,GRN,2
58-04,KAMALA D HARRIS & TIM WALZ,DEM,177
58-04,WRITE-IN,,1
58-05,CHASE OLIVER & MIKE TER MAAT,LIB,4
58-05,DONALD J TRUMP & JD VANCE,REP,464
58-05,JILL STEIN & RUDOLPH WARE,GRN,7
58-05,KAMALA D HARRIS & TIM WALZ,DEM,349
58-05,WRITE-IN,,0
58-06,CHASE OLIVER & MIKE TER MAAT,LIB,1
58-06,DONALD J TRUMP & JD VANCE,REP,260
58-06,JILL STEIN & RUDOLPH WARE,GRN,4
58-06,KAMALA D HARRIS & TIM WALZ,DEM,203
58-06,WRITE-IN,,0
58-07,CHASE OLIVER & MIKE TER MAAT,LIB,3
58-07,DONALD J TRUMP & JD VANCE,REP,252
58-07,JILL STEIN & RUDOLPH WARE,GRN,7
58-07,KAMALA D HARRIS & TIM WALZ,DEM,153
58-07,WRITE-IN,,2
58-08,CHASE OLIVER & MIKE TER MAAT,LIB,1
58-08,DONALD J TRUMP & JD VANCE,REP,348
58-08,JILL STEIN & RUDOLPH WARE,GRN,4
58-08,KAMALA D HARRIS & TIM WALZ,DEM,274
58-08,WRITE-IN,,2
58-09,CHASE OLIVER & MIKE TER MAAT,LIB,3
58-09,DONALD J TRUMP & JD VANCE,REP,315
58-09,JILL STEIN & RUDOLPH WARE,GRN,4
58-09,KAMALA D HARRIS & TIM WALZ,DEM,227
58-09,WRITE-IN,,2
58-10,CHASE OLIVER & MIKE TER MAAT,LIB,4
58-10,DONALD J TRUMP & JD VANCE,REP,241
58-10,JILL STEIN & RUDOLPH WARE,GRN,1
58-10,KAMALA D HARRIS & TIM WALZ,DEM,212
58-10,WRITE-IN,,0
58-11,CHASE OLIVER & MIKE TER MAAT,LIB,2
58-11,DONALD J TRUMP & JD VANCE,REP,229
58-11,JILL STEIN & RUDOLPH WARE,GRN,6
58-11,KAMALA D HARRIS & TIM WALZ,DEM,218
58-11,WRITE-IN,,2
58-12,CHASE OLIVER & MIKE TER MAAT,LIB,2
58-12,DONALD J TRUMP & JD VANCE,REP,284
58-12,JILL STEIN & RUDOLPH WARE,GRN,3
58-12,KAMALA D HARRIS & TIM WALZ,DEM,144
58-12,WRITE-IN,,2
58-13,CHASE OLIVER & MIKE TER MAAT,LIB,3
58-13,DONALD J TRUMP & JD VANCE,REP,274
58-13,JILL STEIN & RUDOLPH WARE,GRN,0
58-13,KAMALA D HARRIS & TIM WALZ,DEM,224
58-13,WRITE-IN,,1
58-14,CHASE OLIVER & MIKE TER MAAT,LIB,0
58-14,DONALD J TRUMP & JD VANCE,REP,214
58-14,JILL STEIN & RUDOLPH WARE,GRN,7
58-14,KAMALA D HARRIS & TIM WALZ,DEM,161
58-14,WRITE-IN,,1
58-15,CHASE OLIVER & MIKE TER MAAT,LIB,0
58-15,DONALD J TRUMP & JD VANCE,REP,147
58-15,JILL STEIN & RUDOLPH WARE,GRN,2
58-15,KAMALA D HARRIS & TIM WALZ,DEM,135
58-15,WRITE-IN,,1
58-16,CHASE OLIVER & MIKE TER MAAT,LIB,0
58-16,DONALD J TRUMP & JD VANCE,REP,290
58-16,JILL STEIN & RUDOLPH WARE,GRN,9
58-16,KAMALA D HARRIS & TIM WALZ,DEM,186
58-16,WRITE-IN,,1
58-17,CHASE OLIVER & MIKE TER MAAT,LIB,2
58-17,DONALD J TRUMP & JD VANCE,REP,356
58-17,JILL STEIN & RUDOLPH WARE,GRN,6
58-17,KAMALA D HARRIS & TIM WALZ,DEM,273
58-17,WRITE-IN,,1
58-18,CHASE OLIVER & MIKE TER MAAT,LIB,2
58-18,DONALD J TRUMP & JD VANCE,REP,184
58-18,JILL STEIN & RUDOLPH WARE,GRN,2
58-18,KAMALA D HARRIS & TIM WALZ,DEM,216
58-18,WRITE-IN,,0
58-19,CHASE OLIVER & MIKE TER MAAT,LIB,3
58-19,DONALD J TRUMP & JD VANCE,REP,503
58-19,JILL STEIN & RUDOLPH WARE,GRN,16
58-19,KAMALA D HARRIS & TIM WALZ,DEM,448
58-19,WRITE-IN,,3
58-20,CHASE OLIVER & MIKE TER MAAT,LIB,1
58-20,DONALD J TRUMP & JD VANCE,REP,202
58-20,JILL STEIN & RUDOLPH WARE,GRN,2
58-20,KAMALA D HARRIS & TIM WALZ,DEM,215
58-20,WRITE-IN,,0
58-21,CHASE OLIVER & MIKE TER MAAT,LIB,1
58-21,DONALD J TRUMP & JD VANCE,REP,339
58-21,JILL STEIN & RUDOLPH WARE,GRN,4
58-21,KAMALA D HARRIS & TIM WALZ,DEM,208
58-21,WRITE-IN,,1
58-22,CHASE OLIVER & MIKE TER MAAT,LIB,0
58-22,DONALD J TRUMP & JD VANCE,REP,290
58-22,JILL STEIN & RUDOLPH WARE,GRN,6
58-22,KAMALA D HARRIS & TIM WALZ,DEM,137
58-22,WRITE-IN,,2
58-23,CHASE OLIVER & MIKE TER MAAT,LIB,2
58-23,DONALD J TRUMP & JD VANCE,REP,358
58-23,JILL STEIN & RUDOLPH WARE,GRN,7
58-23,KAMALA D HARRIS & TIM WALZ,DEM,264
58-23,WRITE-IN,,1
58-24,CHASE OLIVER & MIKE TER MAAT,LIB,2
58-24,DONALD J TRUMP & JD VANCE,REP,415
58-24,JILL STEIN & RUDOLPH WARE,GRN,4
58-24,KAMALA D HARRIS & TIM WALZ,DEM,426
58-24,WRITE-IN,,0
58-25,CHASE OLIVER & MIKE TER MAAT,LIB,0
58-25,DONALD J TRUMP & JD VANCE,REP,228
58-25,JILL STEIN & RUDOLPH WARE,GRN,11
58-25,KAMALA D HARRIS & TIM WALZ,DEM,228
58-25,WRITE-IN,,2
58-26,CHASE OLIVER & MIKE TER MAAT,LIB,1
58-26,DONALD J TRUMP & JD VANCE,REP,317
58-26,JILL STEIN & RUDOLPH WARE,GRN,2
58-26,KAMALA D HARRIS & TIM WALZ,DEM,213
58-26,WRITE-IN,,0
58-27,CHASE OLIVER & MIKE TER MAAT,LIB,0
58-27,DONALD J TRUMP & JD VANCE,REP,208
58-27,JILL STEIN & RUDOLPH WARE,GRN,7
58-27,KAMALA D HARRIS & TIM WALZ,DEM,166
58-27,WRITE-IN,,0
58-28,CHASE OLIVER & MIKE TER MAAT,LIB,1
58-28,DONALD J TRUMP & JD VANCE,REP,234
58-28,JILL STEIN & RUDOLPH WARE,GRN,6
58-28,KAMALA D HARRIS & TIM WALZ,DEM,171
58-28,WRITE-IN,,1
58-29,CHASE OLIVER & MIKE TER MAAT,LIB,2
58-29,DONALD J TRUMP & JD VANCE,REP,415
58-29,JILL STEIN & RUDOLPH WARE,GRN,1
58-29,KAMALA D HARRIS & TIM WALZ,DEM,278
58-29,WRITE-IN,,1
58-30,CHASE OLIVER & MIKE TER MAAT,LIB,2
58-30,DONALD J TRUMP & JD VANCE,REP,245
58-30,JILL STEIN & RUDOLPH WARE,GRN,8
58-30,KAMALA D HARRIS & TIM WALZ,DEM,203
58-30,WRITE-IN,,0
58-31,CHASE OLIVER & MIKE TER MAAT,LIB,4
58-31,DONALD J TRUMP & JD VANCE,REP,325
58-31,JILL STEIN & RUDOLPH WARE,GRN,4
58-31,KAMALA D HARRIS & TIM WALZ,DEM,257
58-31,WRITE-IN,,0
58-32,CHASE OLIVER & MIKE TER MAAT,LIB,0
58-32,DONALD J TRUMP & JD VANCE,REP,139
58-32,JILL STEIN & RUDOLPH WARE,GRN,1
58-32,KAMALA D HARRIS & TIM WALZ,DEM,109
58-32,WRITE-IN,,1
58-33,CHASE OLIVER & MIKE TER MAAT,LIB,1
58-33,DONALD J TRUMP & JD VANCE,REP,241
58-33,JILL STEIN & RUDOLPH WARE,GRN,4
58-33,KAMALA D HARRIS & TIM WALZ,DEM,105
58-33,WRITE-IN,,0
58-34,CHASE OLIVER & MIKE TER MAAT,LIB,1
58-34,DONALD J TRUMP & JD VANCE,REP,282
58-34,JILL STEIN & RUDOLPH WARE,GRN,4
58-34,KAMALA D HARRIS & TIM WALZ,DEM,174
58-34,WRITE-IN,,0
58-35,CHASE OLIVER & MIKE TER MAAT,LIB,3
58-35,DONALD J TRUMP & JD VANCE,REP,419
58-35,JILL STEIN & RUDOLPH WARE,GRN,2
58-35,KAMALA D HARRIS & TIM WALZ,DEM,221
58-35,WRITE-IN,,0
58-36,CHASE OLIVER & MIKE TER MAAT,LIB,0
58-36,DONALD J TRUMP & JD VANCE,REP,151
58-36,JILL STEIN & RUDOLPH WARE,GRN,4
58-36,KAMALA D HARRIS & TIM WALZ,DEM,84
58-36,WRITE-IN,,0
58-37,CHASE OLIVER & MIKE TER MAAT,LIB,1
58-37,DONALD J TRUMP & JD VANCE,REP,307
58-37,JILL STEIN & RUDOLPH WARE,GRN,4
58-37,KAMALA D HARRIS & TIM WALZ,DEM,207
58-37,WRITE-IN,,0
58-38,CHASE OLIVER & MIKE TER MAAT,LIB,0
58-38,DONALD J TRUMP & JD VANCE,REP,199
58-38,JILL STEIN & RUDOLPH WARE,GRN,2
58-38,KAMALA D HARRIS & TIM WALZ,DEM,117
58-38,WRITE-IN,,1
58-39,CHASE OLIVER & MIKE TER MAAT,LIB,2
58-39,DONALD J TRUMP & JD VANCE,REP,332
58-39,JILL STEIN & RUDOLPH WARE,GRN,13
58-39,KAMALA D HARRIS & TIM WALZ,DEM,171
58-39,WRITE-IN,,0
58-40,CHASE OLIVER & MIKE TER MAAT,LIB,1
58-40,DONALD J TRUMP & JD VANCE,REP,201
58-40,JILL STEIN & RUDOLPH WARE,GRN,6
58-40,KAMALA D HARRIS & TIM WALZ,DEM,128
58-40,WRITE-IN,,0
58-41,CHASE OLIVER & MIKE TER MAAT,LIB,4
58-41,DONALD J TRUMP & JD VANCE,REP,454
58-41,JILL STEIN & RUDOLPH WARE,GRN,7
58-41,KAMALA D HARRIS & TIM WALZ,DEM,256
58-41,WRITE-IN,,1
58-42,CHASE OLIVER & MIKE TER MAAT,LIB,0
58-42,DONALD J TRUMP & JD VANCE,REP,203
58-42,JILL STEIN & RUDOLPH WARE,GRN,6
58-42,KAMALA D HARRIS & TIM WALZ,DEM,175
58-42,WRITE-IN,,0
58-43,CHASE OLIVER & MIKE TER MAAT,LIB,4
58-43,DONALD J TRUMP & JD VANCE,REP,180
58-43,JILL STEIN & RUDOLPH WARE,GRN,4
58-43,KAMALA D HARRIS & TIM WALZ,DEM,164
58-43,WRITE-IN,,0
58-44,CHASE OLIVER & MIKE TER MAAT,LIB,1
58-44,DONALD J TRUMP & JD VANCE,REP,181
58-44,JILL STEIN & RUDOLPH WARE,GRN,3
58-44,KAMALA D HARRIS & TIM WALZ,DEM,105
58-44,WRITE-IN,,0
59-01,CHASE OLIVER & MIKE TER MAAT,LIB,2
59-01,DONALD J TRUMP & JD VANCE,REP,15
59-01,JILL STEIN & RUDOLPH WARE,GRN,2
59-01,KAMALA D HARRIS & TIM WALZ,DEM,313
59-01,WRITE-IN,,0
59-02,CHASE OLIVER & MIKE TER MAAT,LIB,1
59-02,DONALD J TRUMP & JD VANCE,REP,16
59-02,JILL STEIN & RUDOLPH WARE,GRN,1
59-02,KAMALA D HARRIS & TIM WALZ,DEM,392
59-02,WRITE-IN,,0
59-03,CHASE OLIVER & MIKE TER MAAT,LIB,0
59-03,DONALD J TRUMP & JD VANCE,REP,20
59-03,JILL STEIN & RUDOLPH WARE,GRN,1
59-03,KAMALA D HARRIS & TIM WALZ,DEM,360
59-03,WRITE-IN,,2
59-04,CHASE OLIVER & MIKE TER MAAT,LIB,0
59-04,DONALD J TRUMP & JD VANCE,REP,19
59-04,JILL STEIN & RUDOLPH WARE,GRN,3
59-04,KAMALA D HARRIS & TIM WALZ,DEM,538
59-04,WRITE-IN,,2
59-05,CHASE OLIVER & MIKE TER MAAT,LIB,0
59-05,DONALD J TRUMP & JD VANCE,REP,25
59-05,JILL STEIN & RUDOLPH WARE,GRN,0
59-05,KAMALA D HARRIS & TIM WALZ,DEM,436
59-05,WRITE-IN,,1
59-06,CHASE OLIVER & MIKE TER MAAT,LIB,3
59-06,DONALD J TRUMP & JD VANCE,REP,13
59-06,JILL STEIN & RUDOLPH WARE,GRN,3
59-06,KAMALA D HARRIS & TIM WALZ,DEM,244
59-06,WRITE-IN,,0
59-07,CHASE OLIVER & MIKE TER MAAT,LIB,3
59-07,DONALD J TRUMP & JD VANCE,REP,24
59-07,JILL STEIN & RUDOLPH WARE,GRN,3
59-07,KAMALA D HARRIS & TIM WALZ,DEM,294
59-07,WRITE-IN,,1
59-08,CHASE OLIVER & MIKE TER MAAT,LIB,5
59-08,DONALD J TRUMP & JD VANCE,REP,18
59-08,JILL STEIN & RUDOLPH WARE,GRN,5
59-08,KAMALA D HARRIS & TIM WALZ,DEM,361
59-08,WRITE-IN,,0
59-09,CHASE OLIVER & MIKE TER MAAT,LIB,1
59-09,DONALD J TRUMP & JD VANCE,REP,8
59-09,JILL STEIN & RUDOLPH WARE,GRN,2
59-09,KAMALA D HARRIS & TIM WALZ,DEM,272
59-09,WRITE-IN,,0
59-10,CHASE OLIVER & MIKE TER MAAT,LIB,1
59-10,DONALD J TRUMP & JD VANCE,REP,38
59-10,JILL STEIN & RUDOLPH WARE,GRN,4
59-10,KAMALA D HARRIS & TIM WALZ,DEM,537
59-10,WRITE-IN,,2
59-11,CHASE OLIVER & MIKE TER MAAT,LIB,3
59-11,DONALD J TRUMP & JD VANCE,REP,12
59-11,JILL STEIN & RUDOLPH WARE,GRN,5
59-11,KAMALA D HARRIS & TIM WALZ,DEM,338
59-11,WRITE-IN,,1
59-12,CHASE OLIVER & MIKE TER MAAT,LIB,2
59-12,DONALD J TRUMP & JD VANCE,REP,20
59-12,JILL STEIN & RUDOLPH WARE,GRN,4
59-12,KAMALA D HARRIS & TIM WALZ,DEM,376
59-12,WRITE-IN,,2
59-13,CHASE OLIVER & MIKE TER MAAT,LIB,0
59-13,DONALD J TRUMP & JD VANCE,REP,24
59-13,JILL STEIN & RUDOLPH WARE,GRN,0
59-13,KAMALA D HARRIS & TIM WALZ,DEM,382
59-13,WRITE-IN,,2
59-14,CHASE OLIVER & MIKE TER MAAT,LIB,2
59-14,DONALD J TRUMP & JD VANCE,REP,19
59-14,JILL STEIN & RUDOLPH WARE,GRN,4
59-14,KAMALA D HARRIS & TIM WALZ,DEM,279
59-14,WRITE-IN,,0
59-15,CHASE OLIVER & MIKE TER MAAT,LIB,3
59-15,DONALD J TRUMP & JD VANCE,REP,21
59-15,JILL STEIN & RUDOLPH WARE,GRN,3
59-15,KAMALA D HARRIS & TIM WALZ,DEM,258
59-15,WRITE-IN,,4
59-16,CHASE OLIVER & MIKE TER MAAT,LIB,1
59-16,DONALD J TRUMP & JD VANCE,REP,25
59-16,JILL STEIN & RUDOLPH WARE,GRN,6
59-16,KAMALA D HARRIS & TIM WALZ,DEM,357
59-16,WRITE-IN,,0
59-17,CHASE OLIVER & MIKE TER MAAT,LIB,2
59-17,DONALD J TRUMP & JD VANCE,REP,37
59-17,JILL STEIN & RUDOLPH WARE,GRN,6
59-17,KAMALA D HARRIS & TIM WALZ,DEM,660
59-17,WRITE-IN,,6
59-18,CHASE OLIVER & MIKE TER MAAT,LIB,1
59-18,DONALD J TRUMP & JD VANCE,REP,21
59-18,JILL STEIN & RUDOLPH WARE,GRN,1
59-18,KAMALA D HARRIS & TIM WALZ,DEM,361
59-18,WRITE-IN,,1
59-19,CHASE OLIVER & MIKE TER MAAT,LIB,1
59-19,DONALD J TRUMP & JD VANCE,REP,31
59-19,JILL STEIN & RUDOLPH WARE,GRN,8
59-19,KAMALA D HARRIS & TIM WALZ,DEM,522
59-19,WRITE-IN,,4
59-20,CHASE OLIVER & MIKE TER MAAT,LIB,0
59-20,DONALD J TRUMP & JD VANCE,REP,26
59-20,JILL STEIN & RUDOLPH WARE,GRN,4
59-20,KAMALA D HARRIS & TIM WALZ,DEM,247
59-20,WRITE-IN,,0
59-21,CHASE OLIVER & MIKE TER MAAT,LIB,2
59-21,DONALD J TRUMP & JD VANCE,REP,31
59-21,JILL STEIN & RUDOLPH WARE,GRN,6
59-21,KAMALA D HARRIS & TIM WALZ,DEM,427
59-21,WRITE-IN,,4
59-22,CHASE OLIVER & MIKE TER MAAT,LIB,1
59-22,DONALD J TRUMP & JD VANCE,REP,30
59-22,JILL STEIN & RUDOLPH WARE,GRN,6
59-22,KAMALA D HARRIS & TIM WALZ,DEM,438
59-22,WRITE-IN,,4
59-23,CHASE OLIVER & MIKE TER MAAT,LIB,0
59-23,DONALD J TRUMP & JD VANCE,REP,15
59-23,JILL STEIN & RUDOLPH WARE,GRN,3
59-23,KAMALA D HARRIS & TIM WALZ,DEM,360
59-23,WRITE-IN,,0
59-24,CHASE OLIVER & MIKE TER MAAT,LIB,2
59-24,DONALD J TRUMP & JD VANCE,REP,13
59-24,JILL STEIN & RUDOLPH WARE,GRN,4
59-24,KAMALA D HARRIS & TIM WALZ,DEM,385
59-24,WRITE-IN,,0
59-25,CHASE OLIVER & MIKE TER MAAT,LIB,0
59-25,DONALD J TRUMP & JD VANCE,REP,17
59-25,JILL STEIN & RUDOLPH WARE,GRN,1
59-25,KAMALA D HARRIS & TIM WALZ,DEM,466
59-25,WRITE-IN,,0
5th Congressional,CHASE OLIVER & MIKE TER MAAT,LIB,0
5th Congressional,DONALD J TRUMP & JD VANCE,REP,0
5th Congressional,JILL STEIN & RUDOLPH WARE,GRN,0
5th Congressional,KAMALA D HARRIS & TIM WALZ,DEM,15
5th Congressional,WRITE-IN,,1
60-01,CHASE OLIVER & MIKE TER MAAT,LIB,2
60-01,DONALD J TRUMP & JD VANCE,REP,19
60-01,JILL STEIN & RUDOLPH WARE,GRN,13
60-01,KAMALA D HARRIS & TIM WALZ,DEM,335
60-01,WRITE-IN,,2
60-02,CHASE OLIVER & MIKE TER MAAT,LIB,2
60-02,DONALD J TRUMP & JD VANCE,REP,27
60-02,JILL STEIN & RUDOLPH WARE,GRN,6
60-02,KAMALA D HARRIS & TIM WALZ,DEM,386
60-02,WRITE-IN,,2
60-03,CHASE OLIVER & MIKE TER MAAT,LIB,2
60-03,DONALD J TRUMP & JD VANCE,REP,17
60-03,JILL STEIN & RUDOLPH WARE,GRN,3
60-03,KAMALA D HARRIS & TIM WALZ,DEM,300
60-03,WRITE-IN,,0
60-04,CHASE OLIVER & MIKE TER MAAT,LIB,1
60-04,DONALD J TRUMP & JD VANCE,REP,21
60-04,JILL STEIN & RUDOLPH WARE,GRN,3
60-04,KAMALA D HARRIS & TIM WALZ,DEM,295
60-04,WRITE-IN,,0
60-05,CHASE OLIVER & MIKE TER MAAT,LIB,0
60-05,DONALD J TRUMP & JD VANCE,REP,13
60-05,JILL STEIN & RUDOLPH WARE,GRN,2
60-05,KAMALA D HARRIS & TIM WALZ,DEM,384
60-05,WRITE-IN,,1
60-06,CHASE OLIVER & MIKE TER MAAT,LIB,1
60-06,DONALD J TRUMP & JD VANCE,REP,30
60-06,JILL STEIN & RUDOLPH WARE,GRN,4
60-06,KAMALA D HARRIS & TIM WALZ,DEM,331
60-06,WRITE-IN,,1
60-07,CHASE OLIVER & MIKE TER MAAT,LIB,1
60-07,DONALD J TRUMP & JD VANCE,REP,22
60-07,JILL STEIN & RUDOLPH WARE,GRN,5
60-07,KAMALA D HARRIS & TIM WALZ,DEM,338
60-07,WRITE-IN,,3
60-08,CHASE OLIVER & MIKE TER MAAT,LIB,0
60-08,DONALD J TRUMP & JD VANCE,REP,17
60-08,JILL STEIN & RUDOLPH WARE,GRN,3
60-08,KAMALA D HARRIS & TIM WALZ,DEM,321
60-08,WRITE-IN,,2
60-09,CHASE OLIVER & MIKE TER MAAT,LIB,3
60-09,DONALD J TRUMP & JD VANCE,REP,22
60-09,JILL STEIN & RUDOLPH WARE,GRN,10
60-09,KAMALA D HARRIS & TIM WALZ,DEM,576
60-09,WRITE-IN,,5
60-10,CHASE OLIVER & MIKE TER MAAT,LIB,1
60-10,DONALD J TRUMP & JD VANCE,REP,14
60-10,JILL STEIN & RUDOLPH WARE,GRN,7
60-10,KAMALA D HARRIS & TIM WALZ,DEM,285
60-10,WRITE-IN,,4
60-11,CHASE OLIVER & MIKE TER MAAT,LIB,0
60-11,DONALD J TRUMP & JD VANCE,REP,21
60-11,JILL STEIN & RUDOLPH WARE,GRN,2
60-11,KAMALA D HARRIS & TIM WALZ,DEM,363
60-11,WRITE-IN,,2
60-12,CHASE OLIVER & MIKE TER MAAT,LIB,1
60-12,DONALD J TRUMP & JD VANCE,REP,13
60-12,JILL STEIN & RUDOLPH WARE,GRN,7
60-12,KAMALA D HARRIS & TIM WALZ,DEM,347
60-12,WRITE-IN,,1
60-13,CHASE OLIVER & MIKE TER MAAT,LIB,0
60-13,DONALD J TRUMP & JD VANCE,REP,17
60-13,JILL STEIN & RUDOLPH WARE,GRN,2
60-13,KAMALA D HARRIS & TIM WALZ,DEM,282
60-13,WRITE-IN,,4
60-14,CHASE OLIVER & MIKE TER MAAT,LIB,3
60-14,DONALD J TRUMP & JD VANCE,REP,21
60-14,JILL STEIN & RUDOLPH WARE,GRN,6
60-14,KAMALA D HARRIS & TIM WALZ,DEM,371
60-14,WRITE-IN,,1
60-15,CHASE OLIVER & MIKE TER MAAT,LIB,2
60-15,DONALD J TRUMP & JD VANCE,REP,30
60-15,JILL STEIN & RUDOLPH WARE,GRN,9
60-15,KAMALA D HARRIS & TIM WALZ,DEM,358
60-15,WRITE-IN,,1
60-16,CHASE OLIVER & MIKE TER MAAT,LIB,1
60-16,DONALD J TRUMP & JD VANCE,REP,22
60-16,JILL STEIN & RUDOLPH WARE,GRN,7
60-16,KAMALA D HARRIS & TIM WALZ,DEM,392
60-16,WRITE-IN,,3
60-17,CHASE OLIVER & MIKE TER MAAT,LIB,1
60-17,DONALD J TRUMP & JD VANCE,REP,18
60-17,JILL STEIN & RUDOLPH WARE,GRN,6
60-17,KAMALA D HARRIS & TIM WALZ,DEM,427
60-17,WRITE-IN,,1
60-18,CHASE OLIVER & MIKE TER MAAT,LIB,2
60-18,DONALD J TRUMP & JD VANCE,REP,14
60-18,JILL STEIN & RUDOLPH WARE,GRN,3
60-18,KAMALA D HARRIS & TIM WALZ,DEM,326
60-18,WRITE-IN,,1
60-19,CHASE OLIVER & MIKE TER MAAT,LIB,4
60-19,DONALD J TRUMP & JD VANCE,REP,22
60-19,JILL STEIN & RUDOLPH WARE,GRN,4
60-19,KAMALA D HARRIS & TIM WALZ,DEM,305
60-19,WRITE-IN,,1
60-20,CHASE OLIVER & MIKE TER MAAT,LIB,1
60-20,DONALD J TRUMP & JD VANCE,REP,20
60-20,JILL STEIN & RUDOLPH WARE,GRN,1
60-20,KAMALA D HARRIS & TIM WALZ,DEM,330
60-20,WRITE-IN,,0
60-21,CHASE OLIVER & MIKE TER MAAT,LIB,0
60-21,DONALD J TRUMP & JD VANCE,REP,9
60-21,JILL STEIN & RUDOLPH WARE,GRN,2
60-21,KAMALA D HARRIS & TIM WALZ,DEM,276
60-21,WRITE-IN,,2
60-22,CHASE OLIVER & MIKE TER MAAT,LIB,0
60-22,DONALD J TRUMP & JD VANCE,REP,19
60-22,JILL STEIN & RUDOLPH WARE,GRN,3
60-22,KAMALA D HARRIS & TIM WALZ,DEM,263
60-22,WRITE-IN,,1
60-23,CHASE OLIVER & MIKE TER MAAT,LIB,1
60-23,DONALD J TRUMP & JD VANCE,REP,37
60-23,JILL STEIN & RUDOLPH WARE,GRN,10
60-23,KAMALA D HARRIS & TIM WALZ,DEM,376
60-23,WRITE-IN,,4
61-01,CHASE OLIVER & MIKE TER MAAT,LIB,1
61-01,DONALD J TRUMP & JD VANCE,REP,42
61-01,JILL STEIN & RUDOLPH WARE,GRN,1
61-01,KAMALA D HARRIS & TIM WALZ,DEM,300
61-01,WRITE-IN,,0
61-02,CHASE OLIVER & MIKE TER MAAT,LIB,0
61-02,DONALD J TRUMP & JD VANCE,REP,44
61-02,JILL STEIN & RUDOLPH WARE,GRN,1
61-02,KAMALA D HARRIS & TIM WALZ,DEM,350
61-02,WRITE-IN,,3
61-03,CHASE OLIVER & MIKE TER MAAT,LIB,2
61-03,DONALD J TRUMP & JD VANCE,REP,71
61-03,JILL STEIN & RUDOLPH WARE,GRN,2
61-03,KAMALA D HARRIS & TIM WALZ,DEM,334
61-03,WRITE-IN,,1
61-04,CHASE OLIVER & MIKE TER MAAT,LIB,0
61-04,DONALD J TRUMP & JD VANCE,REP,53
61-04,JILL STEIN & RUDOLPH WARE,GRN,1
61-04,KAMALA D HARRIS & TIM WALZ,DEM,299
61-04,WRITE-IN,,2
61-05,CHASE OLIVER & MIKE TER MAAT,LIB,3
61-05,DONALD J TRUMP & JD VANCE,REP,72
61-05,JILL STEIN & RUDOLPH WARE,GRN,2
61-05,KAMALA D HARRIS & TIM WALZ,DEM,313
61-05,WRITE-IN,,1
61-06,CHASE OLIVER & MIKE TER MAAT,LIB,0
61-06,DONALD J TRUMP & JD VANCE,REP,48
61-06,JILL STEIN & RUDOLPH WARE,GRN,0
61-06,KAMALA D HARRIS & TIM WALZ,DEM,602
61-06,WRITE-IN,,3
61-07,CHASE OLIVER & MIKE TER MAAT,LIB,0
61-07,DONALD J TRUMP & JD VANCE,REP,59
61-07,JILL STEIN & RUDOLPH WARE,GRN,3
61-07,KAMALA D HARRIS & TIM WALZ,DEM,436
61-07,WRITE-IN,,0
61-08,CHASE OLIVER & MIKE TER MAAT,LIB,3
61-08,DONALD J TRUMP & JD VANCE,REP,81
61-08,JILL STEIN & RUDOLPH WARE,GRN,2
61-08,KAMALA D HARRIS & TIM WALZ,DEM,367
61-08,WRITE-IN,,2
61-09,CHASE OLIVER & MIKE TER MAAT,LIB,3
61-09,DONALD J TRUMP & JD VANCE,REP,36
61-09,JILL STEIN & RUDOLPH WARE,GRN,5
61-09,KAMALA D HARRIS & TIM WALZ,DEM,379
61-09,WRITE-IN,,0
61-10,CHASE OLIVER & MIKE TER MAAT,LIB,4
61-10,DONALD J TRUMP & JD VANCE,REP,66
61-10,JILL STEIN & RUDOLPH WARE,GRN,1
61-10,KAMALA D HARRIS & TIM WALZ,DEM,383
61-10,WRITE-IN,,1
61-11,CHASE OLIVER & MIKE TER MAAT,LIB,1
61-11,DONALD J TRUMP & JD VANCE,REP,44
61-11,JILL STEIN & RUDOLPH WARE,GRN,2
61-11,KAMALA D HARRIS & TIM WALZ,DEM,346
61-11,WRITE-IN,,1
61-12,CHASE OLIVER & MIKE TER MAAT,LIB,2
61-12,DONALD J TRUMP & JD VANCE,REP,37
61-12,JILL STEIN & RUDOLPH WARE,GRN,0
61-12,KAMALA D HARRIS & TIM WALZ,DEM,308
61-12,WRITE-IN,,1
61-13,CHASE OLIVER & MIKE TER MAAT,LIB,4
61-13,DONALD J TRUMP & JD VANCE,REP,54
61-13,JILL STEIN & RUDOLPH WARE,GRN,2
61-13,KAMALA D HARRIS & TIM WALZ,DEM,395
61-13,WRITE-IN,,1
61-14,CHASE OLIVER & MIKE TER MAAT,LIB,1
61-14,DONALD J TRUMP & JD VANCE,REP,37
61-14,JILL STEIN & RUDOLPH WARE,GRN,1
61-14,KAMALA D HARRIS & TIM WALZ,DEM,378
61-14,WRITE-IN,,0
61-15,CHASE OLIVER & MIKE TER MAAT,LIB,0
61-15,DONALD J TRUMP & JD VANCE,REP,50
61-15,JILL STEIN & RUDOLPH WARE,GRN,2
61-15,KAMALA D HARRIS & TIM WALZ,DEM,337
61-15,WRITE-IN,,1
61-16,CHASE OLIVER & MIKE TER MAAT,LIB,4
61-16,DONALD J TRUMP & JD VANCE,REP,79
61-16,JILL STEIN & RUDOLPH WARE,GRN,2
61-16,KAMALA D HARRIS & TIM WALZ,DEM,366
61-16,WRITE-IN,,1
61-17,CHASE OLIVER & MIKE TER MAAT,LIB,1
61-17,DONALD J TRUMP & JD VANCE,REP,44
61-17,JILL STEIN & RUDOLPH WARE,GRN,4
61-17,KAMALA D HARRIS & TIM WALZ,DEM,353
61-17,WRITE-IN,,3
61-18,CHASE OLIVER & MIKE TER MAAT,LIB,3
61-18,DONALD J TRUMP & JD VANCE,REP,88
61-18,JILL STEIN & RUDOLPH WARE,GRN,4
61-18,KAMALA D HARRIS & TIM WALZ,DEM,412
61-18,WRITE-IN,,0
61-19,CHASE OLIVER & MIKE TER MAAT,LIB,3
61-19,DONALD J TRUMP & JD VANCE,REP,80
61-19,JILL STEIN & RUDOLPH WARE,GRN,2
61-19,KAMALA D HARRIS & TIM WALZ,DEM,333
61-19,WRITE-IN,,2
61-20,CHASE OLIVER & MIKE TER MAAT,LIB,1
61-20,DONALD J TRUMP & JD VANCE,REP,21
61-20,JILL STEIN & RUDOLPH WARE,GRN,4
61-20,KAMALA D HARRIS & TIM WALZ,DEM,329
61-20,WRITE-IN,,1
61-21,CHASE OLIVER & MIKE TER MAAT,LIB,2
61-21,DONALD J TRUMP & JD VANCE,REP,32
61-21,JILL STEIN & RUDOLPH WARE,GRN,8
61-21,KAMALA D HARRIS & TIM WALZ,DEM,498
61-21,WRITE-IN,,2
61-22,CHASE OLIVER & MIKE TER MAAT,LIB,0
61-22,DONALD J TRUMP & JD VANCE,REP,29
61-22,JILL STEIN & RUDOLPH WARE,GRN,4
61-22,KAMALA D HARRIS & TIM WALZ,DEM,311
61-22,WRITE-IN,,0
61-23,CHASE OLIVER & MIKE TER MAAT,LIB,4
61-23,DONALD J TRUMP & JD VANCE,REP,40
61-23,JILL STEIN & RUDOLPH WARE,GRN,5
61-23,KAMALA D HARRIS & TIM WALZ,DEM,394
61-23,WRITE-IN,,2
61-24,CHASE OLIVER & MIKE TER MAAT,LIB,3
61-24,DONALD J TRUMP & JD VANCE,REP,35
61-24,JILL STEIN & RUDOLPH WARE,GRN,6
61-24,KAMALA D HARRIS & TIM WALZ,DEM,247
61-24,WRITE-IN,,1
61-25,CHASE OLIVER & MIKE TER MAAT,LIB,0
61-25,DONALD J TRUMP & JD VANCE,REP,41
61-25,JILL STEIN & RUDOLPH WARE,GRN,2
61-25,KAMALA D HARRIS & TIM WALZ,DEM,350
61-25,WRITE-IN,,3
61-26,CHASE OLIVER & MIKE TER MAAT,LIB,0
61-26,DONALD J TRUMP & JD VANCE,REP,34
61-26,JILL STEIN & RUDOLPH WARE,GRN,2
61-26,KAMALA D HARRIS & TIM WALZ,DEM,380
61-26,WRITE-IN,,0
61-27,CHASE OLIVER & MIKE TER MAAT,LIB,2
61-27,DONALD J TRUMP & JD VANCE,REP,34
61-27,JILL STEIN & RUDOLPH WARE,GRN,3
61-27,KAMALA D HARRIS & TIM WALZ,DEM,432
61-27,WRITE-IN,,0
61-28,CHASE OLIVER & MIKE TER MAAT,LIB,1
61-28,DONALD J TRUMP & JD VANCE,REP,13
61-28,JILL STEIN & RUDOLPH WARE,GRN,2
61-28,KAMALA D HARRIS & TIM WALZ,DEM,399
61-28,WRITE-IN,,0
62-01,CHASE OLIVER & MIKE TER MAAT,LIB,0
62-01,DONALD J TRUMP & JD VANCE,REP,82
62-01,JILL STEIN & RUDOLPH WARE,GRN,2
62-01,KAMALA D HARRIS & TIM WALZ,DEM,361
62-01,WRITE-IN,,0
62-02,CHASE OLIVER & MIKE TER MAAT,LIB,1
62-02,DONALD J TRUMP & JD VANCE,REP,67
62-02,JILL STEIN & RUDOLPH WARE,GRN,3
62-02,KAMALA D HARRIS & TIM WALZ,DEM,265
62-02,WRITE-IN,,0
62-03,CHASE OLIVER & MIKE TER MAAT,LIB,1
62-03,DONALD J TRUMP & JD VANCE,REP,89
62-03,JILL STEIN & RUDOLPH WARE,GRN,4
62-03,KAMALA D HARRIS & TIM WALZ,DEM,270
62-03,WRITE-IN,,1
62-04,CHASE OLIVER & MIKE TER MAAT,LIB,5
62-04,DONALD J TRUMP & JD VANCE,REP,75
62-04,JILL STEIN & RUDOLPH WARE,GRN,4
62-04,KAMALA D HARRIS & TIM WALZ,DEM,361
62-04,WRITE-IN,,2
62-05,CHASE OLIVER & MIKE TER MAAT,LIB,1
62-05,DONALD J TRUMP & JD VANCE,REP,79
62-05,JILL STEIN & RUDOLPH WARE,GRN,4
62-05,KAMALA D HARRIS & TIM WALZ,DEM,249
62-05,WRITE-IN,,0
62-06,CHASE OLIVER & MIKE TER MAAT,LIB,3
62-06,DONALD J TRUMP & JD VANCE,REP,84
62-06,JILL STEIN & RUDOLPH WARE,GRN,7
62-06,KAMALA D HARRIS & TIM WALZ,DEM,324
62-06,WRITE-IN,,2
62-07,CHASE OLIVER & MIKE TER MAAT,LIB,5
62-07,DONALD J TRUMP & JD VANCE,REP,72
62-07,JILL STEIN & RUDOLPH WARE,GRN,5
62-07,KAMALA D HARRIS & TIM WALZ,DEM,335
62-07,WRITE-IN,,1
62-08,CHASE OLIVER & MIKE TER MAAT,LIB,1
62-08,DONALD J TRUMP & JD VANCE,REP,64
62-08,JILL STEIN & RUDOLPH WARE,GRN,1
62-08,KAMALA D HARRIS & TIM WALZ,DEM,341
62-08,WRITE-IN,,0
62-09,CHASE OLIVER & MIKE TER MAAT,LIB,1
62-09,DONALD J TRUMP & JD VANCE,REP,44
62-09,JILL STEIN & RUDOLPH WARE,GRN,0
62-09,KAMALA D HARRIS & TIM WALZ,DEM,244
62-09,WRITE-IN,,3
62-10,CHASE OLIVER & MIKE TER MAAT,LIB,0
62-10,DONALD J TRUMP & JD VANCE,REP,79
62-10,JILL STEIN & RUDOLPH WARE,GRN,3
62-10,KAMALA D HARRIS & TIM WALZ,DEM,242
62-10,WRITE-IN,,0
62-11,CHASE OLIVER & MIKE TER MAAT,LIB,2
62-11,DONALD J TRUMP & JD VANCE,REP,96
62-11,JILL STEIN & RUDOLPH WARE,GRN,2
62-11,KAMALA D HARRIS & TIM WALZ,DEM,435
62-11,WRITE-IN,,2
62-12,CHASE OLIVER & MIKE TER MAAT,LIB,0
62-12,DONALD J TRUMP & JD VANCE,REP,92
62-12,JILL STEIN & RUDOLPH WARE,GRN,2
62-12,KAMALA D HARRIS & TIM WALZ,DEM,298
62-12,WRITE-IN,,0
62-13,CHASE OLIVER & MIKE TER MAAT,LIB,2
62-13,DONALD J TRUMP & JD VANCE,REP,86
62-13,JILL STEIN & RUDOLPH WARE,GRN,2
62-13,KAMALA D HARRIS & TIM WALZ,DEM,326
62-13,WRITE-IN,,0
62-14,CHASE OLIVER & MIKE TER MAAT,LIB,2
62-14,DONALD J TRUMP & JD VANCE,REP,85
62-14,JILL STEIN & RUDOLPH WARE,GRN,0
62-14,KAMALA D HARRIS & TIM WALZ,DEM,377
62-14,WRITE-IN,,2
62-15,CHASE OLIVER & MIKE TER MAAT,LIB,3
62-15,DONALD J TRUMP & JD VANCE,REP,102
62-15,JILL STEIN & RUDOLPH WARE,GRN,2
62-15,KAMALA D HARRIS & TIM WALZ,DEM,316
62-15,WRITE-IN,,0
62-16,CHASE OLIVER & MIKE TER MAAT,LIB,0
62-16,DONALD J TRUMP & JD VANCE,REP,69
62-16,JILL STEIN & RUDOLPH WARE,GRN,1
62-16,KAMALA D HARRIS & TIM WALZ,DEM,297
62-16,WRITE-IN,,1
62-17,CHASE OLIVER & MIKE TER MAAT,LIB,0
62-17,DONALD J TRUMP & JD VANCE,REP,103
62-17,JILL STEIN & RUDOLPH WARE,GRN,4
62-17,KAMALA D HARRIS & TIM WALZ,DEM,242
62-17,WRITE-IN,,2
62-18,CHASE OLIVER & MIKE TER MAAT,LIB,1
62-18,DONALD J TRUMP & JD VANCE,REP,107
62-18,JILL STEIN & RUDOLPH WARE,GRN,2
62-18,KAMALA D HARRIS & TIM WALZ,DEM,246
62-18,WRITE-IN,,0
62-19,CHASE OLIVER & MIKE TER MAAT,LIB,2
62-19,DONALD J TRUMP & JD VANCE,REP,159
62-19,JILL STEIN & RUDOLPH WARE,GRN,3
62-19,KAMALA D HARRIS & TIM WALZ,DEM,201
62-19,WRITE-IN,,0
62-20,CHASE OLIVER & MIKE TER MAAT,LIB,0
62-20,DONALD J TRUMP & JD VANCE,REP,101
62-20,JILL STEIN & RUDOLPH WARE,GRN,1
62-20,KAMALA D HARRIS & TIM WALZ,DEM,292
62-20,WRITE-IN,,0
62-21,CHASE OLIVER & MIKE TER MAAT,LIB,2
62-21,DONALD J TRUMP & JD VANCE,REP,76
62-21,JILL STEIN & RUDOLPH WARE,GRN,0
62-21,KAMALA D HARRIS & TIM WALZ,DEM,182
62-21,WRITE-IN,,0
62-22,CHASE OLIVER & MIKE TER MAAT,LIB,1
62-22,DONALD J TRUMP & JD VANCE,REP,85
62-22,JILL STEIN & RUDOLPH WARE,GRN,1
62-22,KAMALA D HARRIS & TIM WALZ,DEM,251
62-22,WRITE-IN,,0
62-23,CHASE OLIVER & MIKE TER MAAT,LIB,1
62-23,DONALD J TRUMP & JD VANCE,REP,102
62-23,JILL STEIN & RUDOLPH WARE,GRN,1
62-23,KAMALA D HARRIS & TIM WALZ,DEM,155
62-23,WRITE-IN,,0
62-24,CHASE OLIVER & MIKE TER MAAT,LIB,3
62-24,DONALD J TRUMP & JD VANCE,REP,110
62-24,JILL STEIN & RUDOLPH WARE,GRN,2
62-24,KAMALA D HARRIS & TIM WALZ,DEM,183
62-24,WRITE-IN,,1
62-25,CHASE OLIVER & MIKE TER MAAT,LIB,1
62-25,DONALD J TRUMP & JD VANCE,REP,89
62-25,JILL STEIN & RUDOLPH WARE,GRN,1
62-25,KAMALA D HARRIS & TIM WALZ,DEM,170
62-25,WRITE-IN,,1
62-26,CHASE OLIVER & MIKE TER MAAT,LIB,1
62-26,DONALD J TRUMP & JD VANCE,REP,122
62-26,JILL STEIN & RUDOLPH WARE,GRN,1
62-26,KAMALA D HARRIS & TIM WALZ,DEM,203
62-26,WRITE-IN,,0
63-01,CHASE OLIVER & MIKE TER MAAT,LIB,2
63-01,DONALD J TRUMP & JD VANCE,REP,250
63-01,JILL STEIN & RUDOLPH WARE,GRN,1
63-01,KAMALA D HARRIS & TIM WALZ,DEM,270
63-01,WRITE-IN,,0
63-02,CHASE OLIVER & MIKE TER MAAT,LIB,3
63-02,DONALD J TRUMP & JD VANCE,REP,280
63-02,JILL STEIN & RUDOLPH WARE,GRN,2
63-02,KAMALA D HARRIS & TIM WALZ,DEM,222
63-02,WRITE-IN,,0
63-03,CHASE OLIVER & MIKE TER MAAT,LIB,4
63-03,DONALD J TRUMP & JD VANCE,REP,389
63-03,JILL STEIN & RUDOLPH WARE,GRN,3
63-03,KAMALA D HARRIS & TIM WALZ,DEM,297
63-03,WRITE-IN,,2
63-04,CHASE OLIVER & MIKE TER MAAT,LIB,2
63-04,DONALD J TRUMP & JD VANCE,REP,302
63-04,JILL STEIN & RUDOLPH WARE,GRN,5
63-04,KAMALA D HARRIS & TIM WALZ,DEM,282
63-04,WRITE-IN,,1
63-05,CHASE OLIVER & MIKE TER MAAT,LIB,2
63-05,DONALD J TRUMP & JD VANCE,REP,198
63-05,JILL STEIN & RUDOLPH WARE,GRN,5
63-05,KAMALA D HARRIS & TIM WALZ,DEM,232
63-05,WRITE-IN,,2
63-06,CHASE OLIVER & MIKE TER MAAT,LIB,1
63-06,DONALD J TRUMP & JD VANCE,REP,181
63-06,JILL STEIN & RUDOLPH WARE,GRN,3
63-06,KAMALA D HARRIS & TIM WALZ,DEM,293
63-06,WRITE-IN,,2
63-07,CHASE OLIVER & MIKE TER MAAT,LIB,1
63-07,DONALD J TRUMP & JD VANCE,REP,53
63-07,JILL STEIN & RUDOLPH WARE,GRN,0
63-07,KAMALA D HARRIS & TIM WALZ,DEM,116
63-07,WRITE-IN,,0
63-08,CHASE OLIVER & MIKE TER MAAT,LIB,2
63-08,DONALD J TRUMP & JD VANCE,REP,229
63-08,JILL STEIN & RUDOLPH WARE,GRN,3
63-08,KAMALA D HARRIS & TIM WALZ,DEM,254
63-08,WRITE-IN,,2
63-09,CHASE OLIVER & MIKE TER MAAT,LIB,4
63-09,DONALD J TRUMP & JD VANCE,REP,277
63-09,JILL STEIN & RUDOLPH WARE,GRN,5
63-09,KAMALA D HARRIS & TIM WALZ,DEM,291
63-09,WRITE-IN,,1
63-10,CHASE OLIVER & MIKE TER MAAT,LIB,4
63-10,DONALD J TRUMP & JD VANCE,REP,281
63-10,JILL STEIN & RUDOLPH WARE,GRN,7
63-10,KAMALA D HARRIS & TIM WALZ,DEM,235
63-10,WRITE-IN,,1
63-11,CHASE OLIVER & MIKE TER MAAT,LIB,3
63-11,DONALD J TRUMP & JD VANCE,REP,283
63-11,JILL STEIN & RUDOLPH WARE,GRN,1
63-11,KAMALA D HARRIS & TIM WALZ,DEM,410
63-11,WRITE-IN,,1
63-12,CHASE OLIVER & MIKE TER MAAT,LIB,7
63-12,DONALD J TRUMP & JD VANCE,REP,210
63-12,JILL STEIN & RUDOLPH WARE,GRN,7
63-12,KAMALA D HARRIS & TIM WALZ,DEM,238
63-12,WRITE-IN,,1
63-13,CHASE OLIVER & MIKE TER MAAT,LIB,1
63-13,DONALD J TRUMP & JD VANCE,REP,263
63-13,JILL STEIN & RUDOLPH WARE,GRN,10
63-13,KAMALA D HARRIS & TIM WALZ,DEM,313
63-13,WRITE-IN,,1
63-14,CHASE OLIVER & MIKE TER MAAT,LIB,4
63-14,DONALD J TRUMP & JD VANCE,REP,244
63-14,JILL STEIN & RUDOLPH WARE,GRN,5
63-14,KAMALA D HARRIS & TIM WALZ,DEM,245
63-14,WRITE-IN,,0
63-15,CHASE OLIVER & MIKE TER MAAT,LIB,4
63-15,DONALD J TRUMP & JD VANCE,REP,276
63-15,JILL STEIN & RUDOLPH WARE,GRN,11
63-15,KAMALA D HARRIS & TIM WALZ,DEM,231
63-15,WRITE-IN,,3
63-16,CHASE OLIVER & MIKE TER MAAT,LIB,0
63-16,DONALD J TRUMP & JD VANCE,REP,220
63-16,JILL STEIN & RUDOLPH WARE,GRN,9
63-16,KAMALA D HARRIS & TIM WALZ,DEM,161
63-16,WRITE-IN,,5
63-17,CHASE OLIVER & MIKE TER MAAT,LIB,2
63-17,DONALD J TRUMP & JD VANCE,REP,292
63-17,JILL STEIN & RUDOLPH WARE,GRN,1
63-17,KAMALA D HARRIS & TIM WALZ,DEM,113
63-17,WRITE-IN,,1
63-18,CHASE OLIVER & MIKE TER MAAT,LIB,1
63-18,DONALD J TRUMP & JD VANCE,REP,324
63-18,JILL STEIN & RUDOLPH WARE,GRN,6
63-18,KAMALA D HARRIS & TIM WALZ,DEM,210
63-18,WRITE-IN,,0
63-19,CHASE OLIVER & MIKE TER MAAT,LIB,0
63-19,DONALD J TRUMP & JD VANCE,REP,259
63-19,JILL STEIN & RUDOLPH WARE,GRN,1
63-19,KAMALA D HARRIS & TIM WALZ,DEM,179
63-19,WRITE-IN,,0
63-20,CHASE OLIVER & MIKE TER MAAT,LIB,1
63-20,DONALD J TRUMP & JD VANCE,REP,262
63-20,JILL STEIN & RUDOLPH WARE,GRN,5
63-20,KAMALA D HARRIS & TIM WALZ,DEM,178
63-20,WRITE-IN,,0
63-21,CHASE OLIVER & MIKE TER MAAT,LIB,1
63-21,DONALD J TRUMP & JD VANCE,REP,234
63-21,JILL STEIN & RUDOLPH WARE,GRN,1
63-21,KAMALA D HARRIS & TIM WALZ,DEM,229
63-21,WRITE-IN,,1
63-22,CHASE OLIVER & MIKE TER MAAT,LIB,2
63-22,DONALD J TRUMP & JD VANCE,REP,204
63-22,JILL STEIN & RUDOLPH WARE,GRN,3
63-22,KAMALA D HARRIS & TIM WALZ,DEM,228
63-22,WRITE-IN,,0
63-23,CHASE OLIVER & MIKE TER MAAT,LIB,3
63-23,DONALD J TRUMP & JD VANCE,REP,312
63-23,JILL STEIN & RUDOLPH WARE,GRN,6
63-23,KAMALA D HARRIS & TIM WALZ,DEM,422
63-23,WRITE-IN,,0
63-24,CHASE OLIVER & MIKE TER MAAT,LIB,0
63-24,DONALD J TRUMP & JD VANCE,REP,217
63-24,JILL STEIN & RUDOLPH WARE,GRN,6
63-24,KAMALA D HARRIS & TIM WALZ,DEM,199
63-24,WRITE-IN,,0
63-25,CHASE OLIVER & MIKE TER MAAT,LIB,0
63-25,DONALD J TRUMP & JD VANCE,REP,188
63-25,JILL STEIN & RUDOLPH WARE,GRN,7
63-25,KAMALA D HARRIS & TIM WALZ,DEM,157
63-25,WRITE-IN,,1
64-01,CHASE OLIVER & MIKE TER MAAT,LIB,3
64-01,DONALD J TRUMP & JD VANCE,REP,159
64-01,JILL STEIN & RUDOLPH WARE,GRN,6
64-01,KAMALA D HARRIS & TIM WALZ,DEM,245
64-01,WRITE-IN,,0
64-02,CHASE OLIVER & MIKE TER MAAT,LIB,4
64-02,DONALD J TRUMP & JD VANCE,REP,257
64-02,JILL STEIN & RUDOLPH WARE,GRN,2
64-02,KAMALA D HARRIS & TIM WALZ,DEM,263
64-02,WRITE-IN,,0
64-03,CHASE OLIVER & MIKE TER MAAT,LIB,1
64-03,DONALD J TRUMP & JD VANCE,REP,171
64-03,JILL STEIN & RUDOLPH WARE,GRN,3
64-03,KAMALA D HARRIS & TIM WALZ,DEM,208
64-03,WRITE-IN,,0
64-04,CHASE OLIVER & MIKE TER MAAT,LIB,3
64-04,DONALD J TRUMP & JD VANCE,REP,180
64-04,JILL STEIN & RUDOLPH WARE,GRN,1
64-04,KAMALA D HARRIS & TIM WALZ,DEM,144
64-04,WRITE-IN,,1
64-05,CHASE OLIVER & MIKE TER MAAT,LIB,0
64-05,DONALD J TRUMP & JD VANCE,REP,228
64-05,JILL STEIN & RUDOLPH WARE,GRN,1
64-05,KAMALA D HARRIS & TIM WALZ,DEM,207
64-05,WRITE-IN,,0
64-06,CHASE OLIVER & MIKE TER MAAT,LIB,1
64-06,DONALD J TRUMP & JD VANCE,REP,155
64-06,JILL STEIN & RUDOLPH WARE,GRN,2
64-06,KAMALA D HARRIS & TIM WALZ,DEM,149
64-06,WRITE-IN,,2
64-07,CHASE OLIVER & MIKE TER MAAT,LIB,2
64-07,DONALD J TRUMP & JD VANCE,REP,136
64-07,JILL STEIN & RUDOLPH WARE,GRN,4
64-07,KAMALA D HARRIS & TIM WALZ,DEM,193
64-07,WRITE-IN,,0
64-08,CHASE OLIVER & MIKE TER MAAT,LIB,2
64-08,DONALD J TRUMP & JD VANCE,REP,164
64-08,JILL STEIN & RUDOLPH WARE,GRN,1
64-08,KAMALA D HARRIS & TIM WALZ,DEM,125
64-08,WRITE-IN,,3
64-09,CHASE OLIVER & MIKE TER MAAT,LIB,0
64-09,DONALD J TRUMP & JD VANCE,REP,101
64-09,JILL STEIN & RUDOLPH WARE,GRN,1
64-09,KAMALA D HARRIS & TIM WALZ,DEM,125
64-09,WRITE-IN,,0
64-10,CHASE OLIVER & MIKE TER MAAT,LIB,0
64-10,DONALD J TRUMP & JD VANCE,REP,126
64-10,JILL STEIN & RUDOLPH WARE,GRN,3
64-10,KAMALA D HARRIS & TIM WALZ,DEM,163
64-10,WRITE-IN,,2
64-11,CHASE OLIVER & MIKE TER MAAT,LIB,0
64-11,DONALD J TRUMP & JD VANCE,REP,117
64-11,JILL STEIN & RUDOLPH WARE,GRN,2
64-11,KAMALA D HARRIS & TIM WALZ,DEM,104
64-11,WRITE-IN,,4
64-12,CHASE OLIVER & MIKE TER MAAT,LIB,1
64-12,DONALD J TRUMP & JD VANCE,REP,92
64-12,JILL STEIN & RUDOLPH WARE,GRN,2
64-12,KAMALA D HARRIS & TIM WALZ,DEM,105
64-12,WRITE-IN,,0
64-13,CHASE OLIVER & MIKE TER MAAT,LIB,0
64-13,DONALD J TRUMP & JD VANCE,REP,100
64-13,JILL STEIN & RUDOLPH WARE,GRN,0
64-13,KAMALA D HARRIS & TIM WALZ,DEM,103
64-13,WRITE-IN,,0
64-14,CHASE OLIVER & MIKE TER MAAT,LIB,0
64-14,DONALD J TRUMP & JD VANCE,REP,118
64-14,JILL STEIN & RUDOLPH WARE,GRN,5
64-14,KAMALA D HARRIS & TIM WALZ,DEM,96
64-14,WRITE-IN,,1
64-15,CHASE OLIVER & MIKE TER MAAT,LIB,3
64-15,DONALD J TRUMP & JD VANCE,REP,150
64-15,JILL STEIN & RUDOLPH WARE,GRN,5
64-15,KAMALA D HARRIS & TIM WALZ,DEM,224
64-15,WRITE-IN,,1
64-16,CHASE OLIVER & MIKE TER MAAT,LIB,0
64-16,DONALD J TRUMP & JD VANCE,REP,219
64-16,JILL STEIN & RUDOLPH WARE,GRN,3
64-16,KAMALA D HARRIS & TIM WALZ,DEM,188
64-16,WRITE-IN,,1
64-17,CHASE OLIVER & MIKE TER MAAT,LIB,0
64-17,DONALD J TRUMP & JD VANCE,REP,120
64-17,JILL STEIN & RUDOLPH WARE,GRN,1
64-17,KAMALA D HARRIS & TIM WALZ,DEM,103
64-17,WRITE-IN,,0
64-18,CHASE OLIVER & MIKE TER MAAT,LIB,4
64-18,DONALD J TRUMP & JD VANCE,REP,270
64-18,JILL STEIN & RUDOLPH WARE,GRN,4
64-18,KAMALA D HARRIS & TIM WALZ,DEM,269
64-18,WRITE-IN,,2
65-01,CHASE OLIVER & MIKE TER MAAT,LIB,4
65-01,DONALD J TRUMP & JD VANCE,REP,420
65-01,JILL STEIN & RUDOLPH WARE,GRN,5
65-01,KAMALA D HARRIS & TIM WALZ,DEM,233
65-01,WRITE-IN,,1
65-02,CHASE OLIVER & MIKE TER MAAT,LIB,1
65-02,DONALD J TRUMP & JD VANCE,REP,367
65-02,JILL STEIN & RUDOLPH WARE,GRN,2
65-02,KAMALA D HARRIS & TIM WALZ,DEM,226
65-02,WRITE-IN,,2
65-03,CHASE OLIVER & MIKE TER MAAT,LIB,2
65-03,DONALD J TRUMP & JD VANCE,REP,126
65-03,JILL STEIN & RUDOLPH WARE,GRN,1
65-03,KAMALA D HARRIS & TIM WALZ,DEM,218
65-03,WRITE-IN,,3
65-04,CHASE OLIVER & MIKE TER MAAT,LIB,1
65-04,DONALD J TRUMP & JD VANCE,REP,263
65-04,JILL STEIN & RUDOLPH WARE,GRN,0
65-04,KAMALA D HARRIS & TIM WALZ,DEM,393
65-04,WRITE-IN,,2
65-05,CHASE OLIVER & MIKE TER MAAT,LIB,1
65-05,DONALD J TRUMP & JD VANCE,REP,124
65-05,JILL STEIN & RUDOLPH WARE,GRN,5
65-05,KAMALA D HARRIS & TIM WALZ,DEM,157
65-05,WRITE-IN,,1
65-06,CHASE OLIVER & MIKE TER MAAT,LIB,3
65-06,DONALD J TRUMP & JD VANCE,REP,60
65-06,JILL STEIN & RUDOLPH WARE,GRN,1
65-06,KAMALA D HARRIS & TIM WALZ,DEM,120
65-06,WRITE-IN,,0
65-07,CHASE OLIVER & MIKE TER MAAT,LIB,2
65-07,DONALD J TRUMP & JD VANCE,REP,513
65-07,JILL STEIN & RUDOLPH WARE,GRN,8
65-07,KAMALA D HARRIS & TIM WALZ,DEM,298
65-07,WRITE-IN,,3
65-08,CHASE OLIVER & MIKE TER MAAT,LIB,2
65-08,DONALD J TRUMP & JD VANCE,REP,155
65-08,JILL STEIN & RUDOLPH WARE,GRN,4
65-08,KAMALA D HARRIS & TIM WALZ,DEM,221
65-08,WRITE-IN,,2
65-09,CHASE OLIVER & MIKE TER MAAT,LIB,1
65-09,DONALD J TRUMP & JD VANCE,REP,231
65-09,JILL STEIN & RUDOLPH WARE,GRN,2
65-09,KAMALA D HARRIS & TIM WALZ,DEM,267
65-09,WRITE-IN,,4
65-10,CHASE OLIVER & MIKE TER MAAT,LIB,2
65-10,DONALD J TRUMP & JD VANCE,REP,400
65-10,JILL STEIN & RUDOLPH WARE,GRN,4
65-10,KAMALA D HARRIS & TIM WALZ,DEM,326
65-10,WRITE-IN,,3
65-11,CHASE OLIVER & MIKE TER MAAT,LIB,2
65-11,DONALD J TRUMP & JD VANCE,REP,136
65-11,JILL STEIN & RUDOLPH WARE,GRN,6
65-11,KAMALA D HARRIS & TIM WALZ,DEM,272
65-11,WRITE-IN,,1
65-12,CHASE OLIVER & MIKE TER MAAT,LIB,0
65-12,DONALD J TRUMP & JD VANCE,REP,32
65-12,JILL STEIN & RUDOLPH WARE,GRN,1
65-12,KAMALA D HARRIS & TIM WALZ,DEM,142
65-12,WRITE-IN,,0
65-13,CHASE OLIVER & MIKE TER MAAT,LIB,0
65-13,DONALD J TRUMP & JD VANCE,REP,124
65-13,JILL STEIN & RUDOLPH WARE,GRN,1
65-13,KAMALA D HARRIS & TIM WALZ,DEM,169
65-13,WRITE-IN,,0
65-14,CHASE OLIVER & MIKE TER MAAT,LIB,0
65-14,DONALD J TRUMP & JD VANCE,REP,76
65-14,JILL STEIN & RUDOLPH WARE,GRN,0
65-14,KAMALA D HARRIS & TIM WALZ,DEM,146
65-14,WRITE-IN,,0
65-15,CHASE OLIVER & MIKE TER MAAT,LIB,2
65-15,DONALD J TRUMP & JD VANCE,REP,79
65-15,JILL STEIN & RUDOLPH WARE,GRN,3
65-15,KAMALA D HARRIS & TIM WALZ,DEM,208
65-15,WRITE-IN,,1
65-16,CHASE OLIVER & MIKE TER MAAT,LIB,3
65-16,DONALD J TRUMP & JD VANCE,REP,122
65-16,JILL STEIN & RUDOLPH WARE,GRN,4
65-16,KAMALA D HARRIS & TIM WALZ,DEM,202
65-16,WRITE-IN,,1
65-17,CHASE OLIVER & MIKE TER MAAT,LIB,4
65-17,DONALD J TRUMP & JD VANCE,REP,171
65-17,JILL STEIN & RUDOLPH WARE,GRN,3
65-17,KAMALA D HARRIS & TIM WALZ,DEM,279
65-17,WRITE-IN,,1
65-18,CHASE OLIVER & MIKE TER MAAT,LIB,0
65-18,DONALD J TRUMP & JD VANCE,REP,97
65-18,JILL STEIN & RUDOLPH WARE,GRN,1
65-18,KAMALA D HARRIS & TIM WALZ,DEM,295
65-18,WRITE-IN,,0
65-19,CHASE OLIVER & MIKE TER MAAT,LIB,0
65-19,DONALD J TRUMP & JD VANCE,REP,116
65-19,JILL STEIN & RUDOLPH WARE,GRN,1
65-19,KAMALA D HARRIS & TIM WALZ,DEM,166
65-19,WRITE-IN,,0
65-20,CHASE OLIVER & MIKE TER MAAT,LIB,3
65-20,DONALD J TRUMP & JD VANCE,REP,424
65-20,JILL STEIN & RUDOLPH WARE,GRN,2
65-20,KAMALA D HARRIS & TIM WALZ,DEM,485
65-20,WRITE-IN,,0
65-21,CHASE OLIVER & MIKE TER MAAT,LIB,1
65-21,DONALD J TRUMP & JD VANCE,REP,113
65-21,JILL STEIN & RUDOLPH WARE,GRN,9
65-21,KAMALA D HARRIS & TIM WALZ,DEM,173
65-21,WRITE-IN,,1
65-22,CHASE OLIVER & MIKE TER MAAT,LIB,0
65-22,DONALD J TRUMP & JD VANCE,REP,104
65-22,JILL STEIN & RUDOLPH WARE,GRN,5
65-22,KAMALA D HARRIS & TIM WALZ,DEM,206
65-22,WRITE-IN,,1
65-23,CHASE OLIVER & MIKE TER MAAT,LIB,1
65-23,DONALD J TRUMP & JD VANCE,REP,297
65-23,JILL STEIN & RUDOLPH WARE,GRN,0
65-23,KAMALA D HARRIS & TIM WALZ,DEM,198
65-23,WRITE-IN,,0
66-01,CHASE OLIVER & MIKE TER MAAT,LIB,1
66-01,DONALD J TRUMP & JD VANCE,REP,206
66-01,JILL STEIN & RUDOLPH WARE,GRN,4
66-01,KAMALA D HARRIS & TIM WALZ,DEM,240
66-01,WRITE-IN,,0
66-02,CHASE OLIVER & MIKE TER MAAT,LIB,0
66-02,DONALD J TRUMP & JD VANCE,REP,188
66-02,JILL STEIN & RUDOLPH WARE,GRN,2
66-02,KAMALA D HARRIS & TIM WALZ,DEM,148
66-02,WRITE-IN,,0
66-03,CHASE OLIVER & MIKE TER MAAT,LIB,0
66-03,DONALD J TRUMP & JD VANCE,REP,236
66-03,JILL STEIN & RUDOLPH WARE,GRN,3
66-03,KAMALA D HARRIS & TIM WALZ,DEM,146
66-03,WRITE-IN,,0
66-04,CHASE OLIVER & MIKE TER MAAT,LIB,2
66-04,DONALD J TRUMP & JD VANCE,REP,193
66-04,JILL STEIN & RUDOLPH WARE,GRN,2
66-04,KAMALA D HARRIS & TIM WALZ,DEM,134
66-04,WRITE-IN,,2
66-05,CHASE OLIVER & MIKE TER MAAT,LIB,5
66-05,DONALD J TRUMP & JD VANCE,REP,240
66-05,JILL STEIN & RUDOLPH WARE,GRN,0
66-05,KAMALA D HARRIS & TIM WALZ,DEM,228
66-05,WRITE-IN,,1
66-06,CHASE OLIVER & MIKE TER MAAT,LIB,4
66-06,DONALD J TRUMP & JD VANCE,REP,266
66-06,JILL STEIN & RUDOLPH WARE,GRN,2
66-06,KAMALA D HARRIS & TIM WALZ,DEM,142
66-06,WRITE-IN,,1
66-07,CHASE OLIVER & MIKE TER MAAT,LIB,1
66-07,DONALD J TRUMP & JD VANCE,REP,242
66-07,JILL STEIN & RUDOLPH WARE,GRN,7
66-07,KAMALA D HARRIS & TIM WALZ,DEM,171
66-07,WRITE-IN,,1
66-08,CHASE OLIVER & MIKE TER MAAT,LIB,2
66-08,DONALD J TRUMP & JD VANCE,REP,351
66-08,JILL STEIN & RUDOLPH WARE,GRN,8
66-08,KAMALA D HARRIS & TIM WALZ,DEM,382
66-08,WRITE-IN,,1
66-09,CHASE OLIVER & MIKE TER MAAT,LIB,1
66-09,DONALD J TRUMP & JD VANCE,REP,295
66-09,JILL STEIN & RUDOLPH WARE,GRN,3
66-09,KAMALA D HARRIS & TIM WALZ,DEM,162
66-09,WRITE-IN,,0
66-10,CHASE OLIVER & MIKE TER MAAT,LIB,1
66-10,DONALD J TRUMP & JD VANCE,REP,265
66-10,JILL STEIN & RUDOLPH WARE,GRN,2
66-10,KAMALA D HARRIS & TIM WALZ,DEM,207
66-10,WRITE-IN,,0
66-11,CHASE OLIVER & MIKE TER MAAT,LIB,1
66-11,DONALD J TRUMP & JD VANCE,REP,240
66-11,JILL STEIN & RUDOLPH WARE,GRN,2
66-11,KAMALA D HARRIS & TIM WALZ,DEM,180
66-11,WRITE-IN,,0
66-12,CHASE OLIVER & MIKE TER MAAT,LIB,4
66-12,DONALD J TRUMP & JD VANCE,REP,208
66-12,JILL STEIN & RUDOLPH WARE,GRN,0
66-12,KAMALA D HARRIS & TIM WALZ,DEM,251
66-12,WRITE-IN,,1
66-13,CHASE OLIVER & MIKE TER MAAT,LIB,0
66-13,DONALD J TRUMP & JD VANCE,REP,196
66-13,JILL STEIN & RUDOLPH WARE,GRN,3
66-13,KAMALA D HARRIS & TIM WALZ,DEM,144
66-13,WRITE-IN,,1
66-14,CHASE OLIVER & MIKE TER MAAT,LIB,2
66-14,DONALD J TRUMP & JD VANCE,REP,349
66-14,JILL STEIN & RUDOLPH WARE,GRN,4
66-14,KAMALA D HARRIS & TIM WALZ,DEM,166
66-14,WRITE-IN,,0
66-15,CHASE OLIVER & MIKE TER MAAT,LIB,1
66-15,DONALD J TRUMP & JD VANCE,REP,240
66-15,JILL STEIN & RUDOLPH WARE,GRN,4
66-15,KAMALA D HARRIS & TIM WALZ,DEM,281
66-15,WRITE-IN,,3
66-16,CHASE OLIVER & MIKE TER MAAT,LIB,1
66-16,DONALD J TRUMP & JD VANCE,REP,197
66-16,JILL STEIN & RUDOLPH WARE,GRN,2
66-16,KAMALA D HARRIS & TIM WALZ,DEM,128
66-16,WRITE-IN,,0
66-17,CHASE OLIVER & MIKE TER MAAT,LIB,0
66-17,DONALD J TRUMP & JD VANCE,REP,222
66-17,JILL STEIN & RUDOLPH WARE,GRN,3
66-17,KAMALA D HARRIS & TIM WALZ,DEM,187
66-17,WRITE-IN,,1
66-18,CHASE OLIVER & MIKE TER MAAT,LIB,0
66-18,DONALD J TRUMP & JD VANCE,REP,243
66-18,JILL STEIN & RUDOLPH WARE,GRN,2
66-18,KAMALA D HARRIS & TIM WALZ,DEM,216
66-18,WRITE-IN,,0
66-19,CHASE OLIVER & MIKE TER MAAT,LIB,4
66-19,DONALD J TRUMP & JD VANCE,REP,217
66-19,JILL STEIN & RUDOLPH WARE,GRN,2
66-19,KAMALA D HARRIS & TIM WALZ,DEM,234
66-19,WRITE-IN,,0
66-20,CHASE OLIVER & MIKE TER MAAT,LIB,1
66-20,DONALD J TRUMP & JD VANCE,REP,237
66-20,JILL STEIN & RUDOLPH WARE,GRN,2
66-20,KAMALA D HARRIS & TIM WALZ,DEM,247
66-20,WRITE-IN,,1
66-21,CHASE OLIVER & MIKE TER MAAT,LIB,0
66-21,DONALD J TRUMP & JD VANCE,REP,417
66-21,JILL STEIN & RUDOLPH WARE,GRN,4
66-21,KAMALA D HARRIS & TIM WALZ,DEM,346
66-21,WRITE-IN,,1
66-22,CHASE OLIVER & MIKE TER MAAT,LIB,0
66-22,DONALD J TRUMP & JD VANCE,REP,426
66-22,JILL STEIN & RUDOLPH WARE,GRN,9
66-22,KAMALA D HARRIS & TIM WALZ,DEM,336
66-22,WRITE-IN,,1
66-23,CHASE OLIVER & MIKE TER MAAT,LIB,1
66-23,DONALD J TRUMP & JD VANCE,REP,287
66-23,JILL STEIN & RUDOLPH WARE,GRN,3
66-23,KAMALA D HARRIS & TIM WALZ,DEM,242
66-23,WRITE-IN,,0
66-24,CHASE OLIVER & MIKE TER MAAT,LIB,3
66-24,DONALD J TRUMP & JD VANCE,REP,208
66-24,JILL STEIN & RUDOLPH WARE,GRN,4
66-24,KAMALA D HARRIS & TIM WALZ,DEM,203
66-24,WRITE-IN,,1
66-25,CHASE OLIVER & MIKE TER MAAT,LIB,4
66-25,DONALD J TRUMP & JD VANCE,REP,243
66-25,JILL STEIN & RUDOLPH WARE,GRN,2
66-25,KAMALA D HARRIS & TIM WALZ,DEM,142
66-25,WRITE-IN,,0
66-26,CHASE OLIVER & MIKE TER MAAT,LIB,1
66-26,DONALD J TRUMP & JD VANCE,REP,335
66-26,JILL STEIN & RUDOLPH WARE,GRN,2
66-26,KAMALA D HARRIS & TIM WALZ,DEM,228
66-26,WRITE-IN,,2
66-27,CHASE OLIVER & MIKE TER MAAT,LIB,0
66-27,DONALD J TRUMP & JD VANCE,REP,207
66-27,JILL STEIN & RUDOLPH WARE,GRN,0
66-27,KAMALA D HARRIS & TIM WALZ,DEM,175
66-27,WRITE-IN,,0
66-28,CHASE OLIVER & MIKE TER MAAT,LIB,1
66-28,DONALD J TRUMP & JD VANCE,REP,249
66-28,JILL STEIN & RUDOLPH WARE,GRN,0
66-28,KAMALA D HARRIS & TIM WALZ,DEM,217
66-28,WRITE-IN,,1
66-29,CHASE OLIVER & MIKE TER MAAT,LIB,1
66-29,DONALD J TRUMP & JD VANCE,REP,392
66-29,JILL STEIN & RUDOLPH WARE,GRN,1
66-29,KAMALA D HARRIS & TIM WALZ,DEM,245
66-29,WRITE-IN,,3
66-30,CHASE OLIVER & MIKE TER MAAT,LIB,0
66-30,DONALD J TRUMP & JD VANCE,REP,271
66-30,JILL STEIN & RUDOLPH WARE,GRN,1
66-30,KAMALA D HARRIS & TIM WALZ,DEM,198
66-30,WRITE-IN,,1
66-31,CHASE OLIVER & MIKE TER MAAT,LIB,3
66-31,DONALD J TRUMP & JD VANCE,REP,235
66-31,JILL STEIN & RUDOLPH WARE,GRN,3
66-31,KAMALA D HARRIS & TIM WALZ,DEM,207
66-31,WRITE-IN,,0
66-32,CHASE OLIVER & MIKE TER MAAT,LIB,0
66-32,DONALD J TRUMP & JD VANCE,REP,212
66-32,JILL STEIN & RUDOLPH WARE,GRN,3
66-32,KAMALA D HARRIS & TIM WALZ,DEM,222
66-32,WRITE-IN,,0
66-33,CHASE OLIVER & MIKE TER MAAT,LIB,0
66-33,DONALD J TRUMP & JD VANCE,REP,325
66-33,JILL STEIN & RUDOLPH WARE,GRN,4
66-33,KAMALA D HARRIS & TIM WALZ,DEM,250
66-33,WRITE-IN,,1
66-34,CHASE OLIVER & MIKE TER MAAT,LIB,1
66-34,DONALD J TRUMP & JD VANCE,REP,301
66-34,JILL STEIN & RUDOLPH WARE,GRN,3
66-34,KAMALA D HARRIS & TIM WALZ,DEM,140
66-34,WRITE-IN,,2
66-35,CHASE OLIVER & MIKE TER MAAT,LIB,0
66-35,DONALD J TRUMP & JD VANCE,REP,322
66-35,JILL STEIN & RUDOLPH WARE,GRN,4
66-35,KAMALA D HARRIS & TIM WALZ,DEM,210
66-35,WRITE-IN,,1
66-36,CHASE OLIVER & MIKE TER MAAT,LIB,1
66-36,DONALD J TRUMP & JD VANCE,REP,388
66-36,JILL STEIN & RUDOLPH WARE,GRN,2
66-36,KAMALA D HARRIS & TIM WALZ,DEM,247
66-36,WRITE-IN,,0
66-37,CHASE OLIVER & MIKE TER MAAT,LIB,1
66-37,DONALD J TRUMP & JD VANCE,REP,166
66-37,JILL STEIN & RUDOLPH WARE,GRN,1
66-37,KAMALA D HARRIS & TIM WALZ,DEM,235
66-37,WRITE-IN,,0
66-38,CHASE OLIVER & MIKE TER MAAT,LIB,2
66-38,DONALD J TRUMP & JD VANCE,REP,253
66-38,JILL STEIN & RUDOLPH WARE,GRN,2
66-38,KAMALA D HARRIS & TIM WALZ,DEM,223
66-38,WRITE-IN,,0
66-39,CHASE OLIVER & MIKE TER MAAT,LIB,2
66-39,DONALD J TRUMP & JD VANCE,REP,244
66-39,JILL STEIN & RUDOLPH WARE,GRN,6
66-39,KAMALA D HARRIS & TIM WALZ,DEM,221
66-39,WRITE-IN,,0
66-40,CHASE OLIVER & MIKE TER MAAT,LIB,0
66-40,DONALD J TRUMP & JD VANCE,REP,209
66-40,JILL STEIN & RUDOLPH WARE,GRN,0
66-40,KAMALA D HARRIS & TIM WALZ,DEM,143
66-40,WRITE-IN,,1
66-41,CHASE OLIVER & MIKE TER MAAT,LIB,2
66-41,DONALD J TRUMP & JD VANCE,REP,213
66-41,JILL STEIN & RUDOLPH WARE,GRN,6
66-41,KAMALA D HARRIS & TIM WALZ,DEM,333
66-41,WRITE-IN,,2
66-42,CHASE OLIVER & MIKE TER MAAT,LIB,2
66-42,DONALD J TRUMP & JD VANCE,REP,257
66-42,JILL STEIN & RUDOLPH WARE,GRN,2
66-42,KAMALA D HARRIS & TIM WALZ,DEM,185
66-42,WRITE-IN,,2
66-43,CHASE OLIVER & MIKE TER MAAT,LIB,2
66-43,DONALD J TRUMP & JD VANCE,REP,387
66-43,JILL STEIN & RUDOLPH WARE,GRN,5
66-43,KAMALA D HARRIS & TIM WALZ,DEM,251
66-43,WRITE-IN,,0
66-44,CHASE OLIVER & MIKE TER MAAT,LIB,1
66-44,DONALD J TRUMP & JD VANCE,REP,271
66-44,JILL STEIN & RUDOLPH WARE,GRN,6
66-44,KAMALA D HARRIS & TIM WALZ,DEM,186
66-44,WRITE-IN,,2
66-45,CHASE OLIVER & MIKE TER MAAT,LIB,0
66-45,DONALD J TRUMP & JD VANCE,REP,238
66-45,JILL STEIN & RUDOLPH WARE,GRN,2
66-45,KAMALA D HARRIS & TIM WALZ,DEM,128
66-45,WRITE-IN,,0
66-46,CHASE OLIVER & MIKE TER MAAT,LIB,1
66-46,DONALD J TRUMP & JD VANCE,REP,265
66-46,JILL STEIN & RUDOLPH WARE,GRN,3
66-46,KAMALA D HARRIS & TIM WALZ,DEM,172
66-46,WRITE-IN,,2
